cdr3,source_file
ATTIAIRPYYFDY,background_IGH_cdr3.csv
ARILGFGVVISTYGMDV,background_IGH_cdr3.csv
ARDPREILEWLFPQIAQYGMDV,background_IGH_cdr3.csv
ARTKTVEMATIPLAY,background_IGH_cdr3.csv
ARLRVEDVEWELLGGYYYGMPFDV,background_IGH_cdr3.csv
ARSKAGDFGVVILLFDY,background_IGH_cdr3.csv
VRDEYGVGGDP,background_IGH_cdr3.csv
ARGRELYYYGMDV,background_IGH_cdr3.csv
ARDFGSSTSCYYGVCYYGMDV,background_IGH_cdr3.csv
VGGEPADY,background_IGH_cdr3.csv
ATSGGNGGDFDY,background_IGH_cdr3.csv
ARGFWGATYVDYAFDY,background_IGH_cdr3.csv
ARDRLLDDSSGGDAFDI,background_IGH_cdr3.csv
ARLSITIFGVVVYYYGMDV,background_IGH_cdr3.csv
GRMYAEGDYGDYWDWHFDL,background_IGH_cdr3.csv
ARDPSSWQGWLL,background_IGH_cdr3.csv
ARLSIFEDTAMVMSDY,background_IGH_cdr3.csv
APTIFGVVYHRNAAFDI,background_IGH_cdr3.csv
ARCRDYGSSGSSYPFDY,background_IGH_cdr3.csv
GRGNSWYPL,background_IGH_cdr3.csv
ARMYAEGDYGDYWDWHFDL,background_IGH_cdr3.csv
ASSLPNLFGIAARYYYYYGMDV,background_IGH_cdr3.csv
ARGYDYYGSGRGDAFDI,background_IGH_cdr3.csv
ARSIRNGGFWSGYSLFDY,background_IGH_cdr3.csv
ARGSSSFDY,background_IGH_cdr3.csv
ARGRMGFHYYYYGMDV,background_IGH_cdr3.csv
ARDFGSSTSCYYGVCYYGMDV,background_IGH_cdr3.csv
GRGNSWYPL,background_IGH_cdr3.csv
GGGEPADY,background_IGH_cdr3.csv
ARGRELYYYGMDV,background_IGH_cdr3.csv
AGVHECSSSLDAFDV,background_IGH_cdr3.csv
AREAETVATSNFDY,background_IGH_cdr3.csv
ITQMATIN,background_IGH_cdr3.csv
AKEPIRTVTSTFDY,background_IGH_cdr3.csv
ARDGGNSVLYYFD,background_IGH_cdr3.csv
ARGYDYSSGYGRIRDAFDF,background_IGH_cdr3.csv
ARGRELYYYGMDV,background_IGH_cdr3.csv
ATTIAIRPYYFDY,background_IGH_cdr3.csv
ARDPREILEWLFPQIAQYGMDV,background_IGH_cdr3.csv
ARGGGVVVVPAATYFDY,background_IGH_cdr3.csv
ARGYDYYGSGRGDAFDI,background_IGH_cdr3.csv
ARRNGYSSGWYSIRGAFDI,background_IGH_cdr3.csv
ARDPPNGRHDFWSGSVFDI,background_IGH_cdr3.csv
AGGITIFGVASGYFDY,background_IGH_cdr3.csv
ARLQQLDWPFDY,background_IGH_cdr3.csv
ARSGVSPSSVKGAFDI,background_IGH_cdr3.csv
ARKQLVIY,background_IGH_cdr3.csv
ARDRGGYYLDY,background_IGH_cdr3.csv
ARGRELYYYGMDV,background_IGH_cdr3.csv
ASSGGLSGAYSGSTWPDWYFDL,background_IGH_cdr3.csv
ARFRCGGSCRPPNFYYYYGMDV,background_IGH_cdr3.csv
ARGTSGGNGGDFDY,background_IGH_cdr3.csv
ARGYCTNGVCYGGDY,background_IGH_cdr3.csv
ATTIAIRPYYFDY,background_IGH_cdr3.csv
ARSKAGDFGVVILLFDY,background_IGH_cdr3.csv
ARDYCSGGSYYSVFDY,background_IGH_cdr3.csv
ARGRMGFHYYYYGMDV,background_IGH_cdr3.csv
ARDLYKGPRWLVAY,background_IGH_cdr3.csv
ARMYAEGDYGDYWDWHFDL,background_IGH_cdr3.csv
ARGRELYYYGMDV,background_IGH_cdr3.csv
ARDSEVRGAYYYYGMDV,background_IGH_cdr3.csv
ARGQLPRE,background_IGH_cdr3.csv
ARRNGYSSGWYSIRGAFDI,background_IGH_cdr3.csv
ARDRGGYYFDY,background_IGH_cdr3.csv
EMLWFGELRQLVRP,background_IGH_cdr3.csv
ARELVPAAPGFYYGMDV,background_IGH_cdr3.csv
ARGQLPRE,background_IGH_cdr3.csv
ARGYCTNGVCYGGDY,background_IGH_cdr3.csv
ARGITIFGVASDYFDY,background_IGH_cdr3.csv
ARLGTVGYPSWYDH,background_IGH_cdr3.csv
ANSDGRYFDL,background_IGH_cdr3.csv
ARDFLEWSDAFDI,background_IGH_cdr3.csv
ARSTAGDFGVVILLFDY,background_IGH_cdr3.csv
ARGRELYYYGMDV,background_IGH_cdr3.csv
ARDFGSSTSCYYGVCYYGMDV,background_IGH_cdr3.csv
ARFRCGGSCRPPNFYYYYGMDV,background_IGH_cdr3.csv
GRGNSWYPL,background_IGH_cdr3.csv
VGGEPADY,background_IGH_cdr3.csv
ARRNGYSSGWYSIRGAFDI,background_IGH_cdr3.csv
ARMYAEGDYGDYWDWHFDL,background_IGH_cdr3.csv
ARLSIFEDTAMVMSDY,background_IGH_cdr3.csv
ARDVGGNSVLYYFDY,background_IGH_cdr3.csv
ARTKTVEMATIPLAY,background_IGH_cdr3.csv
ARTKTVEMATIPLAY,background_IGH_cdr3.csv
ARDPPNGRHDFWSGSVFDI,background_IGH_cdr3.csv
ARGRLVLYYYGMDV,background_IGH_cdr3.csv
ARFRCGGSCRPPNFYYYYGMDV,background_IGH_cdr3.csv
ARDPSSWQGWLL,background_IGH_cdr3.csv
ARPLITIFGVVVYYYGMDV,background_IGH_cdr3.csv
ARDPREILEWLFPQIAQYGMDV,background_IGH_cdr3.csv
ARDLYKGPRWLVAY,background_IGH_cdr3.csv
ARDYTGCSSDDYDFDY,background_IGH_cdr3.csv
ATTIAIRPYYFDY,background_IGH_cdr3.csv
VRDEYGVGGDP,background_IGH_cdr3.csv
GRGNSWYPL,background_IGH_cdr3.csv
ARLSITIFGVVVYYYGMDV,background_IGH_cdr3.csv
VGGEPADY,background_IGH_cdr3.csv
ARLSIFGDTAMVVSDY,background_IGH_cdr3.csv
ARTKTVEMATIPLAY,background_IGH_cdr3.csv
ARDFGSSTSCYYGVCYYGMDV,background_IGH_cdr3.csv
ARGYDYYGSGRGDAFDI,background_IGH_cdr3.csv
ARFRCGGSCRPPNFYYYYGMDV,background_IGH_cdr3.csv
ARADYYDSSGYHNWFDP,background_IGH_cdr3.csv
ARDTRYSSSSNFDY,background_IGH_cdr3.csv
ARGRELYYYGMDV,background_IGH_cdr3.csv
ARDLYKGPRWLVAY,background_IGH_cdr3.csv
AGGITIFGVASGYFDY,background_IGH_cdr3.csv
ARSKAGDFGVVILLFDY,background_IGH_cdr3.csv
ARMYAEGDYGDYWDWHFDL,background_IGH_cdr3.csv
ASGYYYDSSGYWMYGQSLDY,background_IGH_cdr3.csv
ARVPIRTVTSTFDY,background_IGH_cdr3.csv
ARGYCTNGVCYGGDY,background_IGH_cdr3.csv
ASSGGLSGAYSGSTWPDWYFDL,background_IGH_cdr3.csv
ARGRMGFHYYYYGMDV,background_IGH_cdr3.csv
VGGEPADY,background_IGH_cdr3.csv
ASSGGLSGAYSGSTWPDWYFDL,background_IGH_cdr3.csv
ARRNGYSSGWYSIRGAFDI,background_IGH_cdr3.csv
ASGYYYDSSGYWMYGQSLDY,background_IGH_cdr3.csv
ARADYYDSSGYHNWFDP,background_IGH_cdr3.csv
ATTIAIRPYYFDY,background_IGH_cdr3.csv
ATTIAIRPYYFDY,background_IGH_cdr3.csv
VRDEYGVGGDP,background_IGH_cdr3.csv
ARETLIFGVIKARGPDY,background_IGH_cdr3.csv
ARDRLLDDSSGGDAFDI,background_IGH_cdr3.csv
ARDPPNGRHDFWSGSVFDI,background_IGH_cdr3.csv
ARDPSKGRGGYYCVFDY,background_IGH_cdr3.csv
ARDLEYCSGGSCYKPLNYYYYGMDV,background_IGH_cdr3.csv
ARFRCGGSCRPPNFYYGVCYYGMDV,background_IGH_cdr3.csv
ASSGGLSGAYSGSTWPDWYFDL,background_IGH_cdr3.csv
ARGYDYYGSGRGDAFDI,background_IGH_cdr3.csv
AGGITIFGVASGYFDY,background_IGH_cdr3.csv
ARDFGSSTSCYYGVCYYGMDV,background_IGH_cdr3.csv
ATTIAIRPYYFDY,background_IGH_cdr3.csv
ARDVGGNSVLYYFDY,background_IGH_cdr3.csv
ARLSITIFGVVVYYYGMDV,background_IGH_cdr3.csv
AKDGGGATRLPSHY,background_IGH_cdr3.csv
ATTIAIRPYYFDY,background_IGH_cdr3.csv
VRDEYGVGGDP,background_IGH_cdr3.csv
ARSKAGDFGVVILLFDY,background_IGH_cdr3.csv
PWFSGSGTYVPFDN,background_IGH_cdr3.csv
ARCYGSGSYGNWFDP,background_IGH_cdr3.csv
ARDYTDSIQLWLRKGEYYFDY,background_IGH_cdr3.csv
ARDPSRILARLAPQIAQYGMDV,background_IGH_cdr3.csv
ARDPPNGRHDFWSGSVFDI,background_IGH_cdr3.csv
ARDPSSWQGWLL,background_IGH_cdr3.csv
ARGQLPRE,background_IGH_cdr3.csv
APTIFGVVYHRHAAFDI,background_IGH_cdr3.csv
ARDGFLGYCSSTSCYRRPPDDDWFDH,background_IGH_cdr3.csv
ARTRSGWATRPDAFDI,background_IGH_cdr3.csv
ARDYCSGGSCYSVFDY,background_IGH_cdr3.csv
ARTRSGWATRPDAFDI,background_IGH_cdr3.csv
ARDAGDSSGFYYFDY,background_IGH_cdr3.csv
GRGNSWYPL,background_IGH_cdr3.csv
AKVPIRTVTSTFDY,background_IGH_cdr3.csv
APTIFGVVYHRHAAFDI,background_IGH_cdr3.csv
ATTIAIRPYYFDY,background_IGH_cdr3.csv
GRGNSWYPL,background_IGH_cdr3.csv
GRGNSWYPL,background_IGH_cdr3.csv
VTKSGYPDLPFDY,background_IGH_cdr3.csv
VRDEYGVGGDP,background_IGH_cdr3.csv
GRGNSWYPL,background_IGH_cdr3.csv
ATTIAIRPYYFDY,background_IGH_cdr3.csv
ARLSIFEDTAMVMSDY,background_IGH_cdr3.csv
ARATEWNDAFDI,background_IGH_cdr3.csv
ARGGAAAADDNDAFDI,background_IGH_cdr3.csv
ARDRNYYDSSGYPDY,background_IGH_cdr3.csv
ARDGFVGDCSSTSCYRRPPDDNWFDY,background_IGH_cdr3.csv
ARDPPNGRHDFWSGSVFDI,background_IGH_cdr3.csv
GRGNSWYPL,background_IGH_cdr3.csv
ARMYAEGDYGDYWDWHFDL,background_IGH_cdr3.csv
ARFRCGGSCRPPNFYYYYGMDV,background_IGH_cdr3.csv
ARRNGYSSGWYSIRGAFDI,background_IGH_cdr3.csv
ARSKAGDFGVVILLFDY,background_IGH_cdr3.csv
ARSKAGDFGVVILLFDY,background_IGH_cdr3.csv
ARDFGSSTSCYYGVCYYGMDV,background_IGH_cdr3.csv
ARDCLLDDSSGRDAFDI,background_IGH_cdr3.csv
ARDLGGEPAGYYFDY,background_IGH_cdr3.csv
ARDPSSWQGWLL,background_IGH_cdr3.csv
APTIFGVVYHRHAAFDI,background_IGH_cdr3.csv
GRGNSWYPL,background_IGH_cdr3.csv
ARDRGGYYFDY,background_IGH_cdr3.csv
AGGITIFGVASGYFDY,background_IGH_cdr3.csv
ARDPPNGRHDFWSGSVFDI,background_IGH_cdr3.csv
ARMYAEGDYGDYWDWHFDL,background_IGH_cdr3.csv
ARDFGSSTSCYYGVCYYGMDV,background_IGH_cdr3.csv
ARDFGSSTSCYYGVCYYGMDV,background_IGH_cdr3.csv
ASSGGLSGAYSGSTWPDWYFDL,background_IGH_cdr3.csv
ARDTLKGEMAAITLDY,background_IGH_cdr3.csv
ARDYCSGGSCYSVFDY,background_IGH_cdr3.csv
AGELP,background_IGH_cdr3.csv
ARDSEVRGAYYYYGMDV,background_IGH_cdr3.csv
ARGDGYSLGDFDY,background_IGH_cdr3.csv
ARSKAGDFGVVILLFDY,background_IGH_cdr3.csv
ARGGGVVVVPAATYFDY,background_IGH_cdr3.csv
ARVIVVVPAANYYYGMDV,background_IGH_cdr3.csv
ARGYDYSYGSGRVRDAFDI,background_IGH_cdr3.csv
ARDPPNGRHDFWSGSVFDI,background_IGH_cdr3.csv
GRGNSWYPL,background_IGH_cdr3.csv
ARHSLAPGEGWDYGMDV,background_IGH_cdr3.csv
ARDVGSSTSCYYGVCYYGMDV,background_IGH_cdr3.csv
ARGRFLEWLPPDY,background_IGH_cdr3.csv
ARDFGSSTSCYYGVCYYGMDV,background_IGH_cdr3.csv
VRIPDSGSYVEDF,background_IGH_cdr3.csv
ARSKAGDFGVVILLFDY,background_IGH_cdr3.csv
ARGRELYYYGMDV,background_IGH_cdr3.csv
ATTIAIRPYYFDY,background_IGH_cdr3.csv
ARKQLVIY,background_IGH_cdr3.csv
ARTRSGWATRPDAFDI,background_IGH_cdr3.csv
ARMYAEGDYGDYWDWHFDL,background_IGH_cdr3.csv
ARGRELYYYGMDV,background_IGH_cdr3.csv
ARKQLVIY,background_IGH_cdr3.csv
ARLGPKWIQQRPFDY,background_IGH_cdr3.csv
ARDFGSSTSCYYGVCYYGMDV,background_IGH_cdr3.csv
ATSGGNGGDFDY,background_IGH_cdr3.csv
ARGGGVVVVPAATYVNY,background_IGH_cdr3.csv
ARGYCTNGVCYGGDY,background_IGH_cdr3.csv
ASEVGGNSVLYYLDY,background_IGH_cdr3.csv
ARADYYDSSGYHNWFDP,background_IGH_cdr3.csv
ARGGAAAADDNDAFDI,background_IGH_cdr3.csv
ARATNWNYAFDI,background_IGH_cdr3.csv
ANSDGRYFDL,background_IGH_cdr3.csv
VKVSSTEYHSYSMDV,background_IGH_cdr3.csv
VGGEPADY,background_IGH_cdr3.csv
AGRNGYSSGWYSIRGAFDI,background_IGH_cdr3.csv
ATFGGSYYSLWGFDY,background_IGH_cdr3.csv
VTKSGYPDLPFDY,background_IGH_cdr3.csv
VRDEYGVSGDP,background_IGH_cdr3.csv
ARADYYDSSGYHNWFDP,background_IGH_cdr3.csv
AGGITIFGVASGYFDY,background_IGH_cdr3.csv
ARDVGGNVLYYFDY,background_IGH_cdr3.csv
ARDLYKGPRWLVAY,background_IGH_cdr3.csv
ARKQLVIY,background_IGH_cdr3.csv
ARLSITIFGVVVYYYGMDV,background_IGH_cdr3.csv
ARDFGSSTSCYYGVCYYGMDV,background_IGH_cdr3.csv
APTIFGVVYHRHAAFDI,background_IGH_cdr3.csv
ASSGGLSGAYSGSTWPDWYFDL,background_IGH_cdr3.csv
ASSGGLSGAYSGSTWPDWYFDL,background_IGH_cdr3.csv
ARDLEYCSGGSCYKPLNYYYYGMDV,background_IGH_cdr3.csv
ARDRLLDDSSGGDAFDI,background_IGH_cdr3.csv
ARSKAGDFGVVILLFDY,background_IGH_cdr3.csv
ARGRFLEWLPPDY,background_IGH_cdr3.csv
ARSKAGDFGVVILLFDY,background_IGH_cdr3.csv
ARDSEGRGASYYYGVCYYGMDV,background_IGH_cdr3.csv
ATSGGNGGDFDY,background_IGH_cdr3.csv
AGDRLLDDRSGGDAFDI,background_IGH_cdr3.csv
ARFRCGGSCRPPNFYDYYGMDV,background_IGH_cdr3.csv
VTKSGYPDLPFDY,background_IGH_cdr3.csv
ARDPSSWQGWLL,background_IGH_cdr3.csv
ATTIAIRPYYFDY,background_IGH_cdr3.csv
APTIFGVVYHRHAAFDI,background_IGH_cdr3.csv
ARLLQLWPFDY,background_IGH_cdr3.csv
AGGITIFGVASGYFDY,background_IGH_cdr3.csv
AKDGGGATRLPSHY,background_IGH_cdr3.csv
ARLFAPPYDDRLTPGGMDV,background_IGH_cdr3.csv
ARGRLVVPAAIFY,background_IGH_cdr3.csv
ASGYYYDSSGYWMYGQSLDY,background_IGH_cdr3.csv
ASSGGLSGAYSGSTWPDWYFDL,background_IGH_cdr3.csv
ARDFGSSTSCYYGVCYYGMDV,background_IGH_cdr3.csv
ARDVGGNSVLYYFDY,background_IGH_cdr3.csv
ARDPPNGRHDFWSGRVFDI,background_IGH_cdr3.csv
ARSKAGDFGVVILLFDY,background_IGH_cdr3.csv
APTIFGVVYHRHAAFDI,background_IGH_cdr3.csv
ARDPPNGRHDFWSGSVFDI,background_IGH_cdr3.csv
AREARGVLAGSDQAAFDI,background_IGH_cdr3.csv
ARADYYDSSGYHNWFDP,background_IGH_cdr3.csv
VRDEYGVGGDP,background_IGH_cdr3.csv
ARTRSGWATRPDAFDI,background_IGH_cdr3.csv
ARDFLEWSDAFDI,background_IGH_cdr3.csv
ASSLPSLFGIAARSDYYYYYGMDV,background_IGH_cdr3.csv
ARDPSRILEWLVPQIAQYGMDV,background_IGH_cdr3.csv
VGGEPADY,background_IGH_cdr3.csv
ANSDGRYFDL,background_IGH_cdr3.csv
ARDFGSSTSCDYGVCYYGMDV,background_IGH_cdr3.csv
APTIFGVVYHRHAAFDI,background_IGH_cdr3.csv
ARDFGSSTSCYYGVCYYGMDV,background_IGH_cdr3.csv
ARDFGSSTSCYYGVCYYGMDV,background_IGH_cdr3.csv
VRDEYGVGGDP,background_IGH_cdr3.csv
ATTIAIRPYYFDY,background_IGH_cdr3.csv
ARDPSSWQGWLL,background_IGH_cdr3.csv
ARGRELYYYGMDV,background_IGH_cdr3.csv
VKVSSTEYHSYSMDV,background_IGH_cdr3.csv
ARGRELYYYGMDV,background_IGH_cdr3.csv
ARGQDSRFLEWLSFDY,background_IGH_cdr3.csv
ARLSITIFGVVVYYYGMDV,background_IGH_cdr3.csv
ASSGGLSGAYSGSTWPDWYFDL,background_IGH_cdr3.csv
ARKQLVIY,background_IGH_cdr3.csv
ARGRELYYYGMDV,background_IGH_cdr3.csv
ARDRLLDDSSGGDAFDI,background_IGH_cdr3.csv
ARSKAGDFGVVILLFDY,background_IGH_cdr3.csv
ASSLPNLFGIAARDYYYYYGMDV,background_IGH_cdr3.csv
ARDYTDSIQLWLRKGEYYFDY,background_IGH_cdr3.csv
ARDLYSGGYYFDY,background_IGH_cdr3.csv
ARDPREILEWLFPQIAQYGMDV,background_IGH_cdr3.csv
ARDYCSGGSCYSVFDY,background_IGH_cdr3.csv
ARDRLLDDSSGGDAFDI,background_IGH_cdr3.csv
ARGRFLEWLPPDY,background_IGH_cdr3.csv
ATTIAIRPYYFDY,background_IGH_cdr3.csv
VRDEYGVGGDP,background_IGH_cdr3.csv
ARSKAGDFGVVILLFDY,background_IGH_cdr3.csv
GRGNSWYPL,background_IGH_cdr3.csv
ARGRMGFHYYYYGMDV,background_IGH_cdr3.csv
ARFRCGGSCRPPNFYYYYGMDV,background_IGH_cdr3.csv
ARRNGYSSGWYSIRGAFDI,background_IGH_cdr3.csv
ARLSIFEDTAMVMSDY,background_IGH_cdr3.csv
ASSIVVVPAATNYYYGMAV,background_IGH_cdr3.csv
ARLGPKWIQQRPFDY,background_IGH_cdr3.csv
ARDPPNGRHDFWSGSVFDI,background_IGH_cdr3.csv
ARMYAEGDYGDYWDWHFDL,background_IGH_cdr3.csv
ARTRSGWATRPDAFDI,background_IGH_cdr3.csv
APTIFGVVYHRHAAFDI,background_IGH_cdr3.csv
GRGNSWYPL,background_IGH_cdr3.csv
ARDPPNGRHDFWSGSVFDI,background_IGH_cdr3.csv
ARATNWNYAFDI,background_IGH_cdr3.csv
VGGEPADY,background_IGH_cdr3.csv
ANLGRIFKDFWSGYYTAYDAFDI,background_IGH_cdr3.csv
ASSLPNLFGIAARDYYYYYGMDV,background_IGH_cdr3.csv
ARGYCTNGVCYGGDY,background_IGH_cdr3.csv
ANSDGRYFDL,background_IGH_cdr3.csv
AKVPIRTVTSTFDY,background_IGH_cdr3.csv
VGGEPADY,background_IGH_cdr3.csv
ASGYYYDSSGYWMYGQSLDY,background_IGH_cdr3.csv
ARGRMGFHYYYYGMDV,background_IGH_cdr3.csv
REKLAVAGTGWLGTS,background_IGH_cdr3.csv
ARDPREILEWLFPQIAQYGMDV,background_IGH_cdr3.csv
ARDPPNGRHDFWSGSVFDI,background_IGH_cdr3.csv
ARLLQLWPFDY,background_IGH_cdr3.csv
ARRNGYSSGWYSIRGAFDI,background_IGH_cdr3.csv
AREARGVLAGSDQAAFDI,background_IGH_cdr3.csv
ARDRLLDDSSGGDAFDI,background_IGH_cdr3.csv
ARGYDYSYGSGRVRGAFDI,background_IGH_cdr3.csv
AKDGGGATRLPSHY,background_IGH_cdr3.csv
ARGQLPRE,background_IGH_cdr3.csv
ARELGSGYYFFDY,background_IGH_cdr3.csv
ARDPPNGRHDFWSGSVFDI,background_IGH_cdr3.csv
GRGNSWYPL,background_IGH_cdr3.csv
ARDLYKGPRWLVAY,background_IGH_cdr3.csv
ATTIAIRPYYFDY,background_IGH_cdr3.csv
ARGRFLEWLPPDY,background_IGH_cdr3.csv
ASSGGLSGAYSGSTWPDWYFDL,background_IGH_cdr3.csv
ATTIAIRPYYFDY,background_IGH_cdr3.csv
ATFGGSYYSLWGFDY,background_IGH_cdr3.csv
ATTIAIRPYDCDY,background_IGH_cdr3.csv
VRDEYGGGGDP,background_IGH_cdr3.csv
ARGDGYSLGDFDY,background_IGH_cdr3.csv
ARSKAGDFGVVILLFDY,background_IGH_cdr3.csv
ARDPSGILEWLVPQIAQYGMDV,background_IGH_cdr3.csv
ARHVNHNWFDP,background_IGH_cdr3.csv
ITQMATIN,background_IGH_cdr3.csv
ARGYDYYGSGRGDAFDI,background_IGH_cdr3.csv
ARDFLEWSDAFDI,background_IGH_cdr3.csv
ARRLLDGGDF,background_IGH_cdr3.csv
ARDRLLDDSSGGDAFDI,background_IGH_cdr3.csv
ARDRLLDDSSGGDAFDI,background_IGH_cdr3.csv
ARGGAAAADDNDAFDI,background_IGH_cdr3.csv
ARMYAEGDYGDYWDWHFDL,background_IGH_cdr3.csv
ARHQRYSSTWYLGVQLSFDF,background_IGH_cdr3.csv
ARDPREILEWLFPQLARLGMDL,background_IGH_cdr3.csv
ARVRTFKTKEYYYYYGMDV,background_IGH_cdr3.csv
ARGYDYYGSGRGDAFDI,background_IGH_cdr3.csv
VKERIAAAAMGWFDP,background_IGH_cdr3.csv
VRDEYGVGGDP,background_IGH_cdr3.csv
AKDGGGATRLPSHY,background_IGH_cdr3.csv
ARDFGSSTSCYNGVCYYGMDV,background_IGH_cdr3.csv
ASSIVVVPAANYYYGMDV,background_IGH_cdr3.csv
ARGRELYYYGMDV,background_IGH_cdr3.csv
ASSGGLSGAYSGSTWPDWYFDL,background_IGH_cdr3.csv
GRGNSWYPL,background_IGH_cdr3.csv
ARDTRYSSSSNFDY,background_IGH_cdr3.csv
ATSGGNGGDFDY,background_IGH_cdr3.csv
ATTIAIRPYYFDY,background_IGH_cdr3.csv
ATTIAIRPYYFDY,background_IGH_cdr3.csv
GRGNSWYPL,background_IGH_cdr3.csv
ARDLVGGSPAEYGY,background_IGH_cdr3.csv
ARTRSGWATRPDAFDI,background_IGH_cdr3.csv
ARDRGGYYFDY,background_IGH_cdr3.csv
ARGRELYYYGMDV,background_IGH_cdr3.csv
ADGGFDY,background_IGH_cdr3.csv
ARDLVGGSPAEYGY,background_IGH_cdr3.csv
AKVGKQLVIY,background_IGH_cdr3.csv
ATTIAIRPYYFDY,background_IGH_cdr3.csv
ARRVSGWHYGMDV,background_IGH_cdr3.csv
ARDLYKGPRWLVAY,background_IGH_cdr3.csv
ATTIAIRPYYFDY,background_IGH_cdr3.csv
ASSLPNLYGVAARDYYYYYGMDV,background_IGH_cdr3.csv
ARTKTVEMATIPLAY,background_IGH_cdr3.csv
ARGITFYESWSASYVFDY,background_IGH_cdr3.csv
AREYSSGWFSGDYYYGMDV,background_IGH_cdr3.csv
VKVSSTEYHSYSMDV,background_IGH_cdr3.csv
ARGRFLEWLPPDY,background_IGH_cdr3.csv
ARTRSGWATRPDAFDI,background_IGH_cdr3.csv
ARTKTVEMATIPLAY,background_IGH_cdr3.csv
AHLLAAAGHYFDY,background_IGH_cdr3.csv
ARDLYKGPRWLVAY,background_IGH_cdr3.csv
VKEGIAAAAMGWFDP,background_IGH_cdr3.csv
ARGRELYYYGMDV,background_IGH_cdr3.csv
ARHVNHNWFDP,background_IGH_cdr3.csv
AREARGVLAGSDQAAFDI,background_IGH_cdr3.csv
ARLSITIFGVVVYYYGMDV,background_IGH_cdr3.csv
ARGRFLEWLPPDY,background_IGH_cdr3.csv
ATTIAIRPYYFDY,background_IGH_cdr3.csv
AREAGSGWYGLGRDV,background_IGH_cdr3.csv
AGGITIFGVASVYFDY,background_IGH_cdr3.csv
ASGYYYDSSGYWMYGQSLDY,background_IGH_cdr3.csv
ARDRLLDDSSGGDAFDI,background_IGH_cdr3.csv
ARGGYSGLGSRCSFDY,background_IGH_cdr3.csv
ARGRFLEWLPPDY,background_IGH_cdr3.csv
ASGYYYDSSGYWMYGQSLDY,background_IGH_cdr3.csv
ATTIAIRPYYFDY,background_IGH_cdr3.csv
ARGYCTNGVCYGGDY,background_IGH_cdr3.csv
ARLSITIFGVVVYYYGMDV,background_IGH_cdr3.csv
VRDEYGVGGDP,background_IGH_cdr3.csv
ARMYAEGDYGDYWDWHFDL,background_IGH_cdr3.csv
ATTIAIRPYYFDY,background_IGH_cdr3.csv
ATFGGSYYSLWGFDY,background_IGH_cdr3.csv
ARDRLLDDSSGGDAFDI,background_IGH_cdr3.csv
ATTIAIRPYYFDY,background_IGH_cdr3.csv
ARTKTVEMATIPLAY,background_IGH_cdr3.csv
ARLSIFEDTAMVMSDY,background_IGH_cdr3.csv
ARDNGSGGYGCSYFDY,background_IGH_cdr3.csv
ATSIAIRPYYFDY,background_IGH_cdr3.csv
AGGITIFGVASGYFDY,background_IGH_cdr3.csv
ARTKTVEMATIPLAY,background_IGH_cdr3.csv
ARSGGYYFDY,background_IGH_cdr3.csv
VTKSGYPDLPFDY,background_IGH_cdr3.csv
ARGRELYYYGMDV,background_IGH_cdr3.csv
ARTRSGWATRPDAFDI,background_IGH_cdr3.csv
AKDGGGATRPPSHY,background_IGH_cdr3.csv
ASSGGLSGAYSGSTWPDWYFDL,background_IGH_cdr3.csv
VTLMYEDVDLSHFYMDV,background_IGH_cdr3.csv
ARDFLEWSDAFDI,background_IGH_cdr3.csv
ARDLYKGPRWLVAY,background_IGH_cdr3.csv
ARDPREILEWLFPQIAQYGMDV,background_IGH_cdr3.csv
ARRNGYSSGWYSIRGAFDI,background_IGH_cdr3.csv
ARPRIVATIYDAFDI,background_IGH_cdr3.csv
ATTIAIRPYYFDY,background_IGH_cdr3.csv
GRGNSWYPL,background_IGH_cdr3.csv
ATTIAIRPYYFDY,background_IGH_cdr3.csv
ARDRGGNYYFDY,background_IGH_cdr3.csv
ARDFGSSTSCYYGVCYYGMDV,background_IGH_cdr3.csv
ARSKAGDFGVVILLFDY,background_IGH_cdr3.csv
ARTKTVEMATIPLAY,background_IGH_cdr3.csv
APTIFGVVYHRHAAFDI,background_IGH_cdr3.csv
ARGRELYYYGMDV,background_IGH_cdr3.csv
ARDLEYCSGGSCYKPLNYYYYGMDV,background_IGH_cdr3.csv
ARDLEYCSGGSCYKPLNYYYYGMDV,background_IGH_cdr3.csv
ARDSAVGSAGAYYYYGMDV,background_IGH_cdr3.csv
ARAEYYDSSGYHNWFDP,background_IGH_cdr3.csv
AKVPIRTVTSTFDY,background_IGH_cdr3.csv
ARDPSSWQGWLL,background_IGH_cdr3.csv
APTIFGVVYHRHAAFDI,background_IGH_cdr3.csv
GRGNSWYPL,background_IGH_cdr3.csv
VRDEYGVGGDP,background_IGH_cdr3.csv
ARLGIVVVPAAIPDY,background_IGH_cdr3.csv
AGGITIFGVASGYFDY,background_IGH_cdr3.csv
ATTIAIRPYYFDY,background_IGH_cdr3.csv
ALTRLYYYYYYGMDV,background_IGH_cdr3.csv
ARDPPNGRHDFWSGSVFDI,background_IGH_cdr3.csv
ARDFLEWSDAFDI,background_IGH_cdr3.csv
ARDLEYCSGGSCYKPLNYYYYGMDV,background_IGH_cdr3.csv
ARDPPNGRHDFWSGSVFDI,background_IGH_cdr3.csv
AKDGGGATRLPSHY,background_IGH_cdr3.csv
VKVSSTEYHSYSMDV,background_IGH_cdr3.csv
AKDGGGATRLPSHY,background_IGH_cdr3.csv
ARDFLEWSDAFDI,background_IGH_cdr3.csv
ARGRFLEWLPPDY,background_IGH_cdr3.csv
ARHVNHNWFDP,background_IGH_cdr3.csv
ARLSIFEETAMVMSDY,background_IGH_cdr3.csv
ARMYAEGDYGDYWDWHFDL,background_IGH_cdr3.csv
ARMYAEGDYGDYWDWHFDL,background_IGH_cdr3.csv
ARMYAEGDYGDYWDWHFDL,background_IGH_cdr3.csv
AKVPIRTVTSTFDY,background_IGH_cdr3.csv
ARGNGFDY,background_IGH_cdr3.csv
ARSKAGDFGVVILLFDY,background_IGH_cdr3.csv
ARGYDYYGSGRGDAFDI,background_IGH_cdr3.csv
ARHVNHNWFDP,background_IGH_cdr3.csv
ARGQLPRE,background_IGH_cdr3.csv
ARGRELYDYGMDV,background_IGH_cdr3.csv
AKVPIRTVTSTFDY,background_IGH_cdr3.csv
ARGRELYYYGMDV,background_IGH_cdr3.csv
ARRNGYSSGWYSIRGAFDI,background_IGH_cdr3.csv
ARRNGYSSGWYSIRGAFDI,background_IGH_cdr3.csv
VKEGIAAAAMGWFDP,background_IGH_cdr3.csv
ARGYDYYGSGRGDAFDI,background_IGH_cdr3.csv
ARGQLPRE,background_IGH_cdr3.csv
ARSKAGDFGVVILLFDY,background_IGH_cdr3.csv
ARDLYKGPRWLVAY,background_IGH_cdr3.csv
APTIFGVVYHRHAAFDI,background_IGH_cdr3.csv
ARCYGSGSYGNWFDP,background_IGH_cdr3.csv
ARDPREILEWLFPQIAQYGMDV,background_IGH_cdr3.csv
ARDRLLDDSSGGDAFDI,background_IGH_cdr3.csv
ARDPPNGRHDFWSGSVFDI,background_IGH_cdr3.csv
AREARGVLAGSDQAAFDI,background_IGH_cdr3.csv
ARDPSSWQGWLL,background_IGH_cdr3.csv
AREVMAISDY,background_IGH_cdr3.csv
ARGGNYGSWSGYPFDY,background_IGH_cdr3.csv
VRDEYGVGGDP,background_IGH_cdr3.csv
ASSIVVVPAANYYYGMDV,background_IGH_cdr3.csv
ARDPPNGRHDFWSGSVFDI,background_IGH_cdr3.csv
ARDYTDSIQLWLRKGEYYFDY,background_IGH_cdr3.csv
ARCYGSGSYGNWFDP,background_IGH_cdr3.csv
ARVRTFKTKEYYYYYGMDV,background_IGH_cdr3.csv
ARLLQLWPFDY,background_IGH_cdr3.csv
ARDFGSSTSCYYGVCYYGMDV,background_IGH_cdr3.csv
ARDPPNGRHDFWSGSVFDI,background_IGH_cdr3.csv
ARRNGYSSGWYSIRGAFDI,background_IGH_cdr3.csv
AKVPIRTVTSTFDY,background_IGH_cdr3.csv
ARDPSSWQGWLL,background_IGH_cdr3.csv
ARDPREILEWLFPQIAQYGMDV,background_IGH_cdr3.csv
ARDIGGNSSCYYFDY,background_IGH_cdr3.csv
ASSGGLSGAYSGSTWPDWYFDL,background_IGH_cdr3.csv
ARGYDYYGSGRGDAFDI,background_IGH_cdr3.csv
ARGQLPRE,background_IGH_cdr3.csv
ARADYYDSSGYHNWFDP,background_IGH_cdr3.csv
ARGRFLEWLPPDY,background_IGH_cdr3.csv
ARMYAEGDYGDYWDWHFDL,background_IGH_cdr3.csv
ADTRESYGYYFDY,background_IGH_cdr3.csv
ARDFLEWSDAFDI,background_IGH_cdr3.csv
ARDFGSSTSCYYGVCYYGMDV,background_IGH_cdr3.csv
ARGQLPRE,background_IGH_cdr3.csv
ATFGGSYYSLWGFDY,background_IGH_cdr3.csv
ARSLPNLFGVAARDYYYYYGMDV,background_IGH_cdr3.csv
ARDPSSWQGWLL,background_IGH_cdr3.csv
APTIFGVVYHRHAAFDI,background_IGH_cdr3.csv
AREARGVLAGSDQAAFDI,background_IGH_cdr3.csv
ARGRELYYYGMDV,background_IGH_cdr3.csv
ARRNGYSSGWYSIRGAFDI,background_IGH_cdr3.csv
ARTRSGWATRPDAFDI,background_IGH_cdr3.csv
ARDPPNGRHDFWSGSVFDI,background_IGH_cdr3.csv
ARHVNHNWFDP,background_IGH_cdr3.csv
ARSLVHGVPLIFGMDV,background_IGH_cdr3.csv
ARSKAGDFGVVILLFDY,background_IGH_cdr3.csv
ASSLPNLFGIAARDYYYYYGMDV,background_IGH_cdr3.csv
ARMYAEGDYGDYWDWHFDL,background_IGH_cdr3.csv
ARDLYKGPRWLVAY,background_IGH_cdr3.csv
AGGGGVVVVPAATYFDY,background_IGH_cdr3.csv
ATTIAIRPYYFDY,background_IGH_cdr3.csv
ARDSSPLRSDAFDI,background_IGH_cdr3.csv
VTKSGYPDLPFDY,background_IGH_cdr3.csv
ARGRMGFHYYYYGMDV,background_IGH_cdr3.csv
ATTIAIRPYYFDY,background_IGH_cdr3.csv
ARDFGSSTSCYNGVCYYGMDV,background_IGH_cdr3.csv
ARGDGYSLGDFDY,background_IGH_cdr3.csv
AKEVQASYYDILTGHNHYFDY,background_IGH_cdr3.csv
GRGNSWYPL,background_IGH_cdr3.csv
ATTIAIRPYYFDY,background_IGH_cdr3.csv
ARDLYKGPRWLVAY,background_IGH_cdr3.csv
ARTRSGWATRPDAFDI,background_IGH_cdr3.csv
ARMYAEGDYGDYWDWHFDL,background_IGH_cdr3.csv
ARDVGGNSVLYYFDY,background_IGH_cdr3.csv
ARVRTFKTKEYYYYYGMDV,background_IGH_cdr3.csv
ARGRELYYYGMDV,background_IGH_cdr3.csv
ARDSSPLRSDAFDI,background_IGH_cdr3.csv
APTIFGVVYHRHAAFDI,background_IGH_cdr3.csv
ARDVGGNSVLYYFDY,background_IGH_cdr3.csv
ARDLLLDESSGGDAFDI,background_IGH_cdr3.csv
GRMYAEGDYGNSWYPHFDL,background_IGH_cdr3.csv
ASSLPNLFGIAARDYYYYYGMDV,background_IGH_cdr3.csv
ARVRCGGSCRPPNFYYYYGMDV,background_IGH_cdr3.csv
ARDGFLGYCSSTSCYRRPPDDNWFDP,background_IGH_cdr3.csv
ARDFLEWSDAFDI,background_IGH_cdr3.csv
ARDYTDSIQLWLRKGEYYFDY,background_IGH_cdr3.csv
ARDADYGRGCYYYGMDV,background_IGH_cdr3.csv
ARDPPNGRHDFWSGSVFDI,background_IGH_cdr3.csv
ARDPSSWQGWLL,background_IGH_cdr3.csv
VRDEYGVGGDP,background_IGH_cdr3.csv
ARGRELYYYGMDV,background_IGH_cdr3.csv
ARDPREILEWLFPQIAQYGMDV,background_IGH_cdr3.csv
ARGRELYYYGMDV,background_IGH_cdr3.csv
ARGRELYYYGMDV,background_IGH_cdr3.csv
ARLLQLWPFDY,background_IGH_cdr3.csv
ARGRMGFHYYYYGMDV,background_IGH_cdr3.csv
ARDPSSWQGWLL,background_IGH_cdr3.csv
ARDPSSWQGWLL,background_IGH_cdr3.csv
ATTIAIRPYYFDY,background_IGH_cdr3.csv
AGGITIFGVASGYFDY,background_IGH_cdr3.csv
ARGGGVVVVPAATYFDY,background_IGH_cdr3.csv
ARLLQLWPFDY,background_IGH_cdr3.csv
ARDLYKGPRWLVAY,background_IGH_cdr3.csv
ATTIAIRPYYFDY,background_IGH_cdr3.csv
ARDTRYSSSSNFDY,background_IGH_cdr3.csv
AKDGGGATRLPSHY,background_IGH_cdr3.csv
ARDVGGSCGSYYFDY,background_IGH_cdr3.csv
ARGYDYYGSGRGDAFDI,background_IGH_cdr3.csv
ARGRELYYYGMDV,background_IGH_cdr3.csv
ARDPSSWQGWLL,background_IGH_cdr3.csv
ARLSAVVYRNWFDP,background_IGH_cdr3.csv
APTIFGVVYHRHAAFDI,background_IGH_cdr3.csv
ARTRSGWATRPDAFDI,background_IGH_cdr3.csv
ARGRFLEWLPPDY,background_IGH_cdr3.csv
ARLGPKWIQQRPFDY,background_IGH_cdr3.csv
ATTIAIRPYYFDY,background_IGH_cdr3.csv
ARVHEYSSSLDAFDV,background_IGH_cdr3.csv
ARVFFGVMVIYAFDY,background_IGH_cdr3.csv
ARDPREILEWLFPQIAQYGMDV,background_IGH_cdr3.csv
VTKSGYPDLPFDY,background_IGH_cdr3.csv
ARRNGYSSGWYSIRGAFDI,background_IGH_cdr3.csv
ARKQLVIY,background_IGH_cdr3.csv
ARLLQLWPFDY,background_IGH_cdr3.csv
AREEGLTIFGHYGMDV,background_IGH_cdr3.csv
VRDEYGVGGYYFDP,background_IGH_cdr3.csv
ATTIAIRPYYFDY,background_IGH_cdr3.csv
ARDPSSWQGWLL,background_IGH_cdr3.csv
ATTIAIRPYYFDY,background_IGH_cdr3.csv
ASSGGLSGAYSGSTWPDWYFDL,background_IGH_cdr3.csv
GRGNSWYPL,background_IGH_cdr3.csv
ARMYAEGDYGDYWDWHFDL,background_IGH_cdr3.csv
ARLSITIFGVVVYYYGMDV,background_IGH_cdr3.csv
AKDGGGATRLPSHY,background_IGH_cdr3.csv
ATSGGNGGDFDY,background_IGH_cdr3.csv
ARDPSSWQGWLL,background_IGH_cdr3.csv
ARGRELYYYGMDV,background_IGH_cdr3.csv
ARGQLPRE,background_IGH_cdr3.csv
ARLATMGNHNWYFDY,background_IGH_cdr3.csv
ARDRLLDDSSGGDAFDI,background_IGH_cdr3.csv
ARLLQLWPFDY,background_IGH_cdr3.csv
ARTKTVEMATIPLAY,background_IGH_cdr3.csv
ARRCDYFDY,background_IGH_cdr3.csv
AKDGGGATRLPSHY,background_IGH_cdr3.csv
ARGGGVVVVPAATYFDY,background_IGH_cdr3.csv
AKVPIRTVTSTFDY,background_IGH_cdr3.csv
ARGRFLEWLPPDY,background_IGH_cdr3.csv
VRDEYGVGGDP,background_IGH_cdr3.csv
ATTIAIRPYYFDY,background_IGH_cdr3.csv
AKENWVYDY,background_IGH_cdr3.csv
ARDPPNGRHDFWSGSVFDI,background_IGH_cdr3.csv
ARGRLTTVPDFWSGYTPSNYYYYGMDV,background_IGH_cdr3.csv
ARGYCTNGVCYGGDY,background_IGH_cdr3.csv
ARSKAGDFGVVILLFDY,background_IGH_cdr3.csv
ARGYDYYGSGRGDAFDI,background_IGH_cdr3.csv
AREEGLTIFGHYGMDV,background_IGH_cdr3.csv
ARDYCTSGSCCSVFDY,background_IGH_cdr3.csv
VRDEYGVGGDP,background_IGH_cdr3.csv
ATTIAIRPYYFDY,background_IGH_cdr3.csv
ARELGSGYYFFDY,background_IGH_cdr3.csv
ASSGGLSGAYSGSTWPDWYFDL,background_IGH_cdr3.csv
ATTIAIRPYYFDY,background_IGH_cdr3.csv
ARLVTAVGYPYWFDY,background_IGH_cdr3.csv
ARSWNSYDSSDYYRVFDL,background_IGH_cdr3.csv
ARELGSGYYFFDY,background_IGH_cdr3.csv
ARSKAGDFGVVILLFDY,background_IGH_cdr3.csv
ARSKAGDFGVVILLFDY,background_IGH_cdr3.csv
ARGYDYYGSGRGDAFDI,background_IGH_cdr3.csv
ATKWEQLGS,background_IGH_cdr3.csv
AKDGGGATGLPSHY,background_IGH_cdr3.csv
ARLASCGGREDDGLDF,background_IGH_cdr3.csv
ARDRLLDDSSGGDAFDI,background_IGH_cdr3.csv
ARELGSGYYFFDY,background_IGH_cdr3.csv
ARGRELYYYGMDV,background_IGH_cdr3.csv
VGGEPADY,background_IGH_cdr3.csv
ARDSILLWLGGGGTSVLYYFDY,background_IGH_cdr3.csv
ARDPREILEWLFPQLARLAMDV,background_IGH_cdr3.csv
VGDRGSYSADY,background_IGH_cdr3.csv
ARETLIFGVIKARGPDY,background_IGH_cdr3.csv
ARRNGYSSGWYSIRGAFDI,background_IGH_cdr3.csv
ARGYDYYGSGRGDAFDI,background_IGH_cdr3.csv
AKVPIRTVTSTFDY,background_IGH_cdr3.csv
ARVARTEYYYYGMDV,background_IGH_cdr3.csv
ARDFGSSTSCYYGVCYYGMDV,background_IGH_cdr3.csv
ARGYGYSNGSGRIRDAFDI,background_IGH_cdr3.csv
ATTIAIRPYYFDY,background_IGH_cdr3.csv
ARDPPNGRHDFWSGSVFDI,background_IGH_cdr3.csv
ARDPSSWQGWLL,background_IGH_cdr3.csv
ADAFD,background_IGH_cdr3.csv
ARGRFLEWLPPDY,background_IGH_cdr3.csv
APTIFGVVYHRHAAFDI,background_IGH_cdr3.csv
ARGTAM,background_IGH_cdr3.csv
ASSGGLSGAYSGSTWPDWYFDL,background_IGH_cdr3.csv
ARDPPNGRHDFWSGSVFDI,background_IGH_cdr3.csv
ARGTGDFGVATTLFDY,background_IGH_cdr3.csv
ARDRLLDDSSGRDAFDI,background_IGH_cdr3.csv
ARDYCSGGSCYSVFDY,background_IGH_cdr3.csv
ARLSIFEDTAMVMSDY,background_IGH_cdr3.csv
ATTIAIRPYYFDY,background_IGH_cdr3.csv
AREKSGGVFDY,background_IGH_cdr3.csv
TLQEEASFAFDI,background_IGH_cdr3.csv
ARDPPNGRHDFWSGSVFDI,background_IGH_cdr3.csv
ASSLPNLFGIAARDYYYYYGMDV,background_IGH_cdr3.csv
ATTIAIRPYYFDY,background_IGH_cdr3.csv
ARMYAEGDYGDYWDWHFDL,background_IGH_cdr3.csv
ARRSGRCGDRCWFDP,background_IGH_cdr3.csv
GRGNSWYPL,background_IGH_cdr3.csv
ARDPPNGRHDFWSGSVFDI,background_IGH_cdr3.csv
ARGRELYYYGMDV,background_IGH_cdr3.csv
ARDPPNGRHDFWSGSVFDI,background_IGH_cdr3.csv
ARLGIVVVPAAIPDY,background_IGH_cdr3.csv
ARVSSLTIFGVVVYYYGMDV,background_IGH_cdr3.csv
ARDPREILEWLFPQIAQYGMDV,background_IGH_cdr3.csv
ARLSITIFGVVVYYYGMDV,background_IGH_cdr3.csv
ARRNGYSSGWYSIRGAFDI,background_IGH_cdr3.csv
ARDVGGNSVLYYFDY,background_IGH_cdr3.csv
ARGRELYYYGMDV,background_IGH_cdr3.csv
APTIFGVVYHRHAAFDI,background_IGH_cdr3.csv
ARGDGYSLGDFDY,background_IGH_cdr3.csv
ATTIAIRPYYFDY,background_IGH_cdr3.csv
ARFRCGGSCRPPNFYYYYGMDV,background_IGH_cdr3.csv
ASGYYYDSSGYWMYGQSLDY,background_IGH_cdr3.csv
AKVPIRTVTSTFDY,background_IGH_cdr3.csv
ARSWNSYDSSDYYRVFDL,background_IGH_cdr3.csv
PRDYTDSTQLWLRKGEYYFDY,background_IGH_cdr3.csv
ARLLQLWPFDY,background_IGH_cdr3.csv
ARMYAEGDYGDYWDWHFL,background_IGH_cdr3.csv
AVEDVEWELLGGYYYGMDV,background_IGH_cdr3.csv
ASSLPNLFGIAARDYYYYYGMDV,background_IGH_cdr3.csv
ARGRFWSGYYYGMDV,background_IGH_cdr3.csv
VTKSGYPDLPFDY,background_IGH_cdr3.csv
ARDYTDSIQLWLRKGEYYFDY,background_IGH_cdr3.csv
ARMYAGDYGDYWDWHFDL,background_IGH_cdr3.csv
ARLRVEDVEWELLGGYYYGMDV,background_IGH_cdr3.csv
ARLRVEDVEWELLGGYYYGMDV,background_IGH_cdr3.csv
ARLRVEDVEWELLGGYYYGMDV,background_IGH_cdr3.csv
ARVAVTAATRNFDY,background_IGH_cdr3.csv
ITQMATIN,background_IGH_cdr3.csv
ARLLQLWPFDY,background_IGH_cdr3.csv
ARQCGGGSCYSGDAFEI,background_IGH_cdr3.csv
YYCGGLSGAYSGSTWPDWYFDL,background_IGH_cdr3.csv
ARGRELYYYGMDV,background_IGH_cdr3.csv
ARGGCRPNFYYYGD,background_IGH_cdr3.csv
LDAVYCY,background_IGH_cdr3.csv
AGLTIFGHYGMDV,background_IGH_cdr3.csv
ARDYCSGGSCYSVFDY,background_IGH_cdr3.csv
AGGLTIFGVASGYFDY,background_IGH_cdr3.csv
ARTTEMATPLA,background_IGH_cdr3.csv
ARDPREILEWLFPQIAQYGMDV,background_IGH_cdr3.csv
ASSLPNLFGIAARDYYYYYGMDV,background_IGH_cdr3.csv
ARDYTDSIQLWLRKGEYYFDY,background_IGH_cdr3.csv
GEATACIPS,background_IGH_cdr3.csv
ARGGVVVVPAATYDY,background_IGH_cdr3.csv
HYFDY,background_IGH_cdr3.csv
ESPDLDERILLLLRYGR,background_IGH_cdr3.csv
ARVEMATILY,background_IGH_cdr3.csv
ARLRVEDVEWELLGGYYYGMDV,background_IGH_cdr3.csv
ARDYTDSIQLWLRKGEYYFDY,background_IGH_cdr3.csv
ASSLPNLFGIAARDYYYYYGMDV,background_IGH_cdr3.csv
AKVAKQLVIY,background_IGH_cdr3.csv
REILGRFWFHRLTVWTS,background_IGH_cdr3.csv
ARDYTDSIQLWLRKGEYYFDY,background_IGH_cdr3.csv
ARDYCSGGSCYSVFDY,background_IGH_cdr3.csv
ARDYCSGGSCYSVFDY,background_IGH_cdr3.csv
ARKQLVIY,background_IGH_cdr3.csv
ARELGSGYYFFDY,background_IGH_cdr3.csv
ACNNAFI,background_IGH_cdr3.csv
VTRSGYPDLPFDY,background_IGH_cdr3.csv
LSAMVMSDY,background_IGH_cdr3.csv
ARMYAEGDYGDYDWHFDL,background_IGH_cdr3.csv
AGGITIFGVASGYFDY,background_IGH_cdr3.csv
ARGRGRLVAGTVAPQLGYDFDY,background_IGH_cdr3.csv
ARGRLVVPAAIFY,background_IGH_cdr3.csv
ARGRLVVPAAIFY,background_IGH_cdr3.csv
LRSTAVYFARETLIFGVIKARGPDY,background_IGH_cdr3.csv
ARKQLVIY,background_IGH_cdr3.csv
ARGGGVVVVPAATSFDY,background_IGH_cdr3.csv
AREAETTVTSNFDY,background_IGH_cdr3.csv
ERRIWRGWRP,background_IGH_cdr3.csv
ARDPPNGRHDWSGSVFDI,background_IGH_cdr3.csv
ARLRVEDVEWELLGGYYYGMDV,background_IGH_cdr3.csv
ERQDGISLLLLRYGR,background_IGH_cdr3.csv
ARGRFEDDSSGPGGYYYYGMDV,background_IGH_cdr3.csv
AREARGVLAGSDQAAFI,background_IGH_cdr3.csv
ARKQLVIY,background_IGH_cdr3.csv
ARDLEYCSSGSCYKPLNYYYYGMDV,background_IGH_cdr3.csv
AKDNTDCSGGSCYSGGDY,background_IGH_cdr3.csv
TLQEEASFAFDI,background_IGH_cdr3.csv
ARDFLEWSDAFDI,background_IGH_cdr3.csv
ARKQLVIY,background_IGH_cdr3.csv
ARGRLVVPAAIFY,background_IGH_cdr3.csv
ARLLQLWPFDY,background_IGH_cdr3.csv
HYFDY,background_IGH_cdr3.csv
ERRIWRGWRP,background_IGH_cdr3.csv
GRGNSWYPL,background_IGH_cdr3.csv
ERRIWRGWRP,background_IGH_cdr3.csv
ARMYAEGDYGDYWDWHFDL,background_IGH_cdr3.csv
AREARGVLAGSDQAAFDI,background_IGH_cdr3.csv
GRMYAEGDYGDSWYWHFDL,background_IGH_cdr3.csv
TATAVYYAIGDYFL,background_IGH_cdr3.csv
ARLSITIFGVVVYYYGMDV,background_IGH_cdr3.csv
ARGYCTGVCYGGDY,background_IGH_cdr3.csv
MDV,background_IGH_cdr3.csv
ARDGFLGYCSSTSCYRRPPDDNWFDP,background_IGH_cdr3.csv
ARGRLVVPAAIFY,background_IGH_cdr3.csv
ARATNWNYAFEI,background_IGH_cdr3.csv
ARVKSGRGVKVYYFDY,background_IGH_cdr3.csv
DSHVQPVLLDSEFCDRRGGLLCTGASGFDY,background_IGH_cdr3.csv
ERRIWRGWRP,background_IGH_cdr3.csv
ARLRVEDVEWELLGGYYYGMDV,background_IGH_cdr3.csv
EASGGCGVGATGGVLLRYGR,background_IGH_cdr3.csv
ARVEDVEWELGGYYYGMDV,background_IGH_cdr3.csv
CARVRTFKTEYYYGMDV,background_IGH_cdr3.csv
ARLRVEDVWLGGYD,background_IGH_cdr3.csv
RMYGDYGWHDL,background_IGH_cdr3.csv
ADLEYCSGGSCYKPLNYYYAGGSCYYYGMD,background_IGH_cdr3.csv
ARGPILIVVAAASTFDY,background_IGH_cdr3.csv
ARKQLVIY,background_IGH_cdr3.csv
AGLSITICGVVVYYYGMDV,background_IGH_cdr3.csv
RESKTTTVWTS,background_IGH_cdr3.csv
ERRIWRGWRP,background_IGH_cdr3.csv
ARKQLVIY,background_IGH_cdr3.csv
RPRTGITLLS,background_IGH_cdr3.csv
KLSVAADTAVYYCANSDGRYFDL,background_IGH_cdr3.csv
ARSEISLLGTGGMDV,background_IGH_cdr3.csv
ASKAGDFGVVILLFDY,background_IGH_cdr3.csv
GNVRRGRLRGLLGLALRS,background_IGH_cdr3.csv
ADFGSSTSCYYGVCYYGMDV,background_IGH_cdr3.csv
ASSGGLSGAYSGSTWPDWYFDL,background_IGH_cdr3.csv
AKVPIRTVTSTFDY,background_IGH_cdr3.csv
ARLREDVEWELLGGYYYGMDV,background_IGH_cdr3.csv
ERRIWRGWRP,background_IGH_cdr3.csv
ARGRELYYYGMDV,background_IGH_cdr3.csv
VKVSSTEYHSYSMDV,background_IGH_cdr3.csv
ARKQLVIY,background_IGH_cdr3.csv
VTKSGYPDLPFDY,background_IGH_cdr3.csv
ARDPREILEWLFPQIAQYGMDV,background_IGH_cdr3.csv
GFLGYCSSTSCYRRPPDDNWFDP,background_IGH_cdr3.csv
ERGGPYDFWPLRYGR,background_IGH_cdr3.csv
ARGRFEDDSSGPGGYYYYGMDV,background_IGH_cdr3.csv
AKDGGGATRLHGTGRY,background_IGH_cdr3.csv
ARLRVEDVEWELLGGYYYGMDV,background_IGH_cdr3.csv
VRDEYGVGGDP,background_IGH_cdr3.csv
AGGITIFGVASGYFDY,background_IGH_cdr3.csv
YPFDY,background_IGH_cdr3.csv
ARMYAEGDYGDYWDWHFAL,background_IGH_cdr3.csv
ERRIWRGWRP,background_IGH_cdr3.csv
SSLKADMYGRGNSWYP,background_IGH_cdr3.csv
ARGFDDSSGPGGYYYYGMDV,background_IGH_cdr3.csv
ARLRVEDVEWELLGGYYYGMDV,background_IGH_cdr3.csv
AVETIYGMDV,background_IGH_cdr3.csv
AGGITIFGVASGYFDY,background_IGH_cdr3.csv
GRGNSWYPL,background_IGH_cdr3.csv
SAGSPPTT,background_IGH_cdr3.csv
ARDDNVNSGWGVKIYYFDY,background_IGH_cdr3.csv
ARGRFEDDSSGPGGYYYYGMDV,background_IGH_cdr3.csv
AVAGGGVVVVPAATYDY,background_IGH_cdr3.csv
DAAREEGLTIFGGMDV,background_IGH_cdr3.csv
P,background_IGH_cdr3.csv
ERQDGISRLLLLRYGR,background_IGH_cdr3.csv
ARQCGGGSCYSGDAFDI,background_IGH_cdr3.csv
ASSGGLSGAYSGSTWPDWYFDL,background_IGH_cdr3.csv
AETGYSSH,background_IGH_cdr3.csv
ADETSTAYMELSSLRSEDTAVYATTIAIRPYYFDY,background_IGH_cdr3.csv
ASGGLSGAYSGSTWPDWYFDL,background_IGH_cdr3.csv
AKGGS,background_IGH_cdr3.csv
ASSLPNLFGIAARDYYYYYGMDV,background_IGH_cdr3.csv
ARDLYKGPRWLVAY,background_IGH_cdr3.csv
ARDPREILEWLFPQIAQYGMDV,background_IGH_cdr3.csv
ARGVVVPTD,background_IGH_cdr3.csv
VRGRGGGVIVVVKHLYYFDY,background_IGH_cdr3.csv
AKVSSAEYHSYSMDV,background_IGH_cdr3.csv
ATTIAIRPYYFDY,background_IGH_cdr3.csv
RVDTTAYLSSEDTAVYYCARDRLLDDSSGGDAFDI,background_IGH_cdr3.csv
ARGRTRYYYGMDV,background_IGH_cdr3.csv
V,background_IGH_cdr3.csv
ARKQLVIY,background_IGH_cdr3.csv
ERRIWRGWRP,background_IGH_cdr3.csv
ARDPPNGRHDFWSGSVFDI,background_IGH_cdr3.csv
EGGPYFWPLRYGR,background_IGH_cdr3.csv
ARHVNHNWFDP,background_IGH_cdr3.csv
AADTAIYYALGPKWIQRPFDY,background_IGH_cdr3.csv
ASGGLGAYGWPDWY,background_IGH_cdr3.csv
REIGRWGYHLSTVWTS,background_IGH_cdr3.csv
LPSHY,background_IGH_cdr3.csv
ERRIWRGWRP,background_IGH_cdr3.csv
GAPNVSRGWYRPPPPRLLRYGR,background_IGH_cdr3.csv
AKDNTDCSGGSCYSGGDY,background_IGH_cdr3.csv
VRDEYGVGGDP,background_IGH_cdr3.csv
YYCAEEGLTIFGHYGMDV,background_IGH_cdr3.csv
TGEPADY,background_IGH_cdr3.csv
RTYMLSETAVYYCAREEGLTIFGHYGMDV,background_IGH_cdr3.csv
ERRIWRGWRP,background_IGH_cdr3.csv
APTIFGVVYHRHAAFDI,background_IGH_cdr3.csv
ARGDGYPLVY,background_IGH_cdr3.csv
ASSLPNLFGIVATD,background_IGH_cdr3.csv
ERPIFGVVTAL,background_IGH_cdr3.csv
ARVKKDGCGGVRHFDY,background_IGH_cdr3.csv
ARDFLEWSDAFDI,background_IGH_cdr3.csv
ARNYAFDI,background_IGH_cdr3.csv
AGGYGTGSYGSSFDY,background_IGH_cdr3.csv
ARATWEGEVAGTRYYYYGMDV,background_IGH_cdr3.csv
MDV,background_IGH_cdr3.csv
ARGRELYYYGMDV,background_IGH_cdr3.csv
VKVSSTEYHSYSMDV,background_IGH_cdr3.csv
ATTIAIRPYYFDY,background_IGH_cdr3.csv
ARMYAEGDYGDYWDWHFDL,background_IGH_cdr3.csv
VRDEYGVGGDP,background_IGH_cdr3.csv
YEDTDY,background_IGH_cdr3.csv
HYFDY,background_IGH_cdr3.csv
ARGRKLAVAGTGCSVYYYYVMDV,background_IGH_cdr3.csv
AREAGSGWYGLVRDV,background_IGH_cdr3.csv
SLKASDTAREGGWHL,background_IGH_cdr3.csv
AREKSGGVVDY,background_IGH_cdr3.csv
ARGVGSSWPRVFYY,background_IGH_cdr3.csv
ATTRYSWAIRPYYFDY,background_IGH_cdr3.csv
ARLGPKWIQQRPFDY,background_IGH_cdr3.csv
APGGGD,background_IGH_cdr3.csv
PCITVREIGY,background_IGH_cdr3.csv
AGIFGVYGD,background_IGH_cdr3.csv
AAGGAANAF,background_IGH_cdr3.csv
HYFDY,background_IGH_cdr3.csv
ARVHEYSSSLDAFDV,background_IGH_cdr3.csv
TPLYYYGMDV,background_IGH_cdr3.csv
ARKQLVIY,background_IGH_cdr3.csv
AYYCACSSFDY,background_IGH_cdr3.csv
ARKQLVIY,background_IGH_cdr3.csv
ASSLPNLFGIAARDYYYYYGMDV,background_IGH_cdr3.csv
VRHGVANQLVIVRAFDL,background_IGH_cdr3.csv
QWD,background_IGH_cdr3.csv
VYSCAATNWNYAFD,background_IGH_cdr3.csv
ASSLPNLFGIAARDYYYYYGMDV,background_IGH_cdr3.csv
ARTFDY,background_IGH_cdr3.csv
ARLRVEDVEWELLGGYYYGMDV,background_IGH_cdr3.csv
GRGNSWYPL,background_IGH_cdr3.csv
AAVYCAAYSGD,background_IGH_cdr3.csv
AYSYA,background_IGH_cdr3.csv
ADYCSGGSSLWFDY,background_IGH_cdr3.csv
ARQCGGGSCYSGDAFDI,background_IGH_cdr3.csv
ARMYAEGDYGDYWDWHFDL,background_IGH_cdr3.csv
ARGAVVTAPAEYFHH,background_IGH_cdr3.csv
ARGVTGERRDIVVVVAATRFDY,background_IGH_cdr3.csv
ARDLLDYYSSTSCYISSLLAYYYYGMDV,background_IGH_cdr3.csv
ARSRRGGFDY,background_IGH_cdr3.csv
ARDPREGEMATIT,background_IGH_cdr3.csv
AYVVGSSAPYDYGMDV,background_IGH_cdr3.csv
ARDPEGDGYGDY,background_IGH_cdr3.csv
ARIKVDAGSTMVRGVIIKGAYYFDY,background_IGH_cdr3.csv
ARHTDYGDYVEYYFDY,background_IGH_cdr3.csv
ARDSQWSGYPY,background_IGH_cdr3.csv
ARGADCSSSCYGDAFDY,background_IGH_cdr3.csv
ARDPGKWEPKSAAFDI,background_IGH_cdr3.csv
ARDPTGSLDV,background_IGH_cdr3.csv
ARVGDFWSGHAWFDP,background_IGH_cdr3.csv
NTPDV,background_IGH_cdr3.csv
ARDGFRAVAGTDYYYYGMDV,background_IGH_cdr3.csv
AHALWFGDPLGWFDP,background_IGH_cdr3.csv
ARDGVAADYFDY,background_IGH_cdr3.csv
ARDLAYYHGSGRSPSQR,background_IGH_cdr3.csv
ARRVNDAFDI,background_IGH_cdr3.csv
ARYLGSSCRHQWFDP,background_IGH_cdr3.csv
ASKGPDGSGTICSLC,background_IGH_cdr3.csv
ARWTQRVRGVHNKRGWFDP,background_IGH_cdr3.csv
ARARYYYYGMDV,background_IGH_cdr3.csv
ALRDSSGCGDY,background_IGH_cdr3.csv
ARERSLPGSYYEYAFDF,background_IGH_cdr3.csv
ARRSDGDCGYYYGIDY,background_IGH_cdr3.csv
ARDGDLELSDTFYYYYGMDV,background_IGH_cdr3.csv
ARLEGLHDAFDI,background_IGH_cdr3.csv
ARVRDSWQQLVRGEGFDP,background_IGH_cdr3.csv
ARALYCSGGSCHPRHYYYGMDV,background_IGH_cdr3.csv
ARAWDSGSYYWYFDL,background_IGH_cdr3.csv
ARARPNDDYRSGCPYGFDY,background_IGH_cdr3.csv
ARQGPVVVAATWNWFDP,background_IGH_cdr3.csv
ARDLSLAGPLDV,background_IGH_cdr3.csv
ARPEWLQEWLANHYYYGMDV,background_IGH_cdr3.csv
AHSMSGTTDLWFDP,background_IGH_cdr3.csv
AHRQVAREFDP,background_IGH_cdr3.csv
ARGRDHYGGSGYYFDH,background_IGH_cdr3.csv
ARDWVIVVATGYYCGMDY,background_IGH_cdr3.csv
ASVRRGAFDI,background_IGH_cdr3.csv
ARDIAAAGSWCGYYYYGMDY,background_IGH_cdr3.csv
AKGAITIKAFNWFDP,background_IGH_cdr3.csv
ARDLGDIVVVVDNYYYYGIDV,background_IGH_cdr3.csv
ARGRTYSSGWHAFDY,background_IGH_cdr3.csv
AHIAVWFGELSRDFDY,background_IGH_cdr3.csv
ARGVAYYYGSSSANGFDY,background_IGH_cdr3.csv
ARDRPDVLGGFDI,background_IGH_cdr3.csv
ARLRVTMVATGFDY,background_IGH_cdr3.csv
VRGPGRTAPEVNY,background_IGH_cdr3.csv
AREYSSSLDY,background_IGH_cdr3.csv
VLACLITGYHPTSVTVTWY,background_IGH_cdr3.csv
ADYDNSGGWYSDGLDD,background_IGH_cdr3.csv
ARVLGSSYSYNVFDI,background_IGH_cdr3.csv
ARDGDSSSWYVAFDI,background_IGH_cdr3.csv
ARRYNWNYILFDY,background_IGH_cdr3.csv
ARAHGSGSGDYYGGTFDY,background_IGH_cdr3.csv
ARIITAGRPFDH,background_IGH_cdr3.csv
ARVVPTEVVVAAAIPDRGTNFDY,background_IGH_cdr3.csv
AGVDTFLWNPYLRF,background_IGH_cdr3.csv
ARDSRDYGDNVEFFQH,background_IGH_cdr3.csv
VRPSRYGSGWSPDY,background_IGH_cdr3.csv
ARYPGGLRFLEWAAT,background_IGH_cdr3.csv
ARVPGTVASDAFDY,background_IGH_cdr3.csv
SSGMGYNWSSFDY,background_IGH_cdr3.csv
AKPDYNVGDVDY,background_IGH_cdr3.csv
ARHYSALDH,background_IGH_cdr3.csv
ARVRMVPTGRFDY,background_IGH_cdr3.csv
AHRPHTIFGAAGCQDNWFDP,background_IGH_cdr3.csv
ARDLSPRSLPYYFDY,background_IGH_cdr3.csv
ARDRGGAIDY,background_IGH_cdr3.csv
ARGEWELRHGFDP,background_IGH_cdr3.csv
ARHGGITTPFDP,background_IGH_cdr3.csv
AGHSFPYGVDL,background_IGH_cdr3.csv
ARRVIVATMGDFDY,background_IGH_cdr3.csv
TQKPDAARGAPNWFDP,background_IGH_cdr3.csv
VRVSKRAGSAVITAHYGY,background_IGH_cdr3.csv
AKDFSCSSTSCLVSNWFDP,background_IGH_cdr3.csv
ARDDDWEWLVGATCWFDS,background_IGH_cdr3.csv
ARAADLSGSDFGN,background_IGH_cdr3.csv
ARDECGGLLRYVDY,background_IGH_cdr3.csv
ARESRGPTLIMRDDY,background_IGH_cdr3.csv
ARDGPGVSSSGWYYYGMDV,background_IGH_cdr3.csv
VHGRRFVSAQAELDFDY,background_IGH_cdr3.csv
ARVRAVVGYYYYGMDV,background_IGH_cdr3.csv
ARDSAAPGY,background_IGH_cdr3.csv
ARDRRDSSGYYLYFDY,background_IGH_cdr3.csv
AREGRYSYGSSSGSYWGWFDY,background_IGH_cdr3.csv
ARGGDCSSSRCYDPDYFYGMDV,background_IGH_cdr3.csv
ARGGGYCSSTSCYGGIDY,background_IGH_cdr3.csv
ARSKYGDHADY,background_IGH_cdr3.csv
ARIVVGSSWYDDY,background_IGH_cdr3.csv
ARGRLGGDVGLEGSFDY,background_IGH_cdr3.csv
ARHAASIAVAGTSSWFDP,background_IGH_cdr3.csv
ARSIAVAEEYYFDY,background_IGH_cdr3.csv
GGGTMIGVAKGGMDV,background_IGH_cdr3.csv
ARGGGITLVAAGTRGLDD,background_IGH_cdr3.csv
ARDGDSSGYYYFDY,background_IGH_cdr3.csv
ARGYGSYYGLNPFDY,background_IGH_cdr3.csv
ARIEKAMD,background_IGH_cdr3.csv
ARANWEWLRAYFDY,background_IGH_cdr3.csv
ASTHRGGRRSDHVGRVNNFDY,background_IGH_cdr3.csv
ESTTPRRTKTSGEEGAYLLLLRYGR,background_IGH_cdr3.csv
ARYISSSASGLDV,background_IGH_cdr3.csv
AKFGESKYCSGDRCYDWYFDL,background_IGH_cdr3.csv
ARGGGGIVGSSGCYEYGFDY,background_IGH_cdr3.csv
ARDRFGVATTSPPSDAFDY,background_IGH_cdr3.csv
ARDGEGVGFGELLVDAFDI,background_IGH_cdr3.csv
ARVGGSFLGRRFDY,background_IGH_cdr3.csv
ARECTRMGYFDY,background_IGH_cdr3.csv
ARPEVTGFFEYYYYGVDV,background_IGH_cdr3.csv
ANMGDSSGWRVGY,background_IGH_cdr3.csv
ARHLISTLYMIAVVHGPNDAFDI,background_IGH_cdr3.csv
ARYCCGSSGYYGFDY,background_IGH_cdr3.csv
ARQDAMVRGVKGDNWFDY,background_IGH_cdr3.csv
AAGNFDFWTWWY,background_IGH_cdr3.csv
ARGSAYYYCGMDV,background_IGH_cdr3.csv
AINGPYYPHAY,background_IGH_cdr3.csv
ARLYGSSGSHDY,background_IGH_cdr3.csv
ALSLYSSSSGPWWFDP,background_IGH_cdr3.csv
TIGGY,background_IGH_cdr3.csv
ASLFGSYDSRVPSRMDV,background_IGH_cdr3.csv
ARHGASMVVQLGTTFDY,background_IGH_cdr3.csv
AREWRGGGGSCLDY,background_IGH_cdr3.csv
ARDGYWPSDYGRFDP,background_IGH_cdr3.csv
ARHGLDFFPLNDAFDI,background_IGH_cdr3.csv
ARDGGSASGARYFDF,background_IGH_cdr3.csv
AREYDSHYSGIDY,background_IGH_cdr3.csv
ASRLRQLEFHYAIDF,background_IGH_cdr3.csv
ARGSISSGYNWFDP,background_IGH_cdr3.csv
ARGRAQLVAFNDY,background_IGH_cdr3.csv
ARASGEKIVVVPAAILFDY,background_IGH_cdr3.csv
ARWLQLN,background_IGH_cdr3.csv
ARGDYGSSSCCYGMENWFDY,background_IGH_cdr3.csv
ARDPMDYYYGMDF,background_IGH_cdr3.csv
ARGCAAARPERGARYNWYDP,background_IGH_cdr3.csv
SASAPTLFPLVSCENSPSDTSSVAVGCLAQDF,background_IGH_cdr3.csv
ARTARDNWNDGNRFDP,background_IGH_cdr3.csv
ARERAYDIWSGYWYYYCSGLDY,background_IGH_cdr3.csv
ARDPRGEVAGTYFDY,background_IGH_cdr3.csv
ARDEVARGYYGFDY,background_IGH_cdr3.csv
AREGVAVAGINWFDP,background_IGH_cdr3.csv
ARDLVRWDSVVVPAGYVDY,background_IGH_cdr3.csv
ARGSEVPAAS,background_IGH_cdr3.csv
ASRSSSWPNAFDI,background_IGH_cdr3.csv
ARAQNYFESSGYYENLSFDS,background_IGH_cdr3.csv
AHNRSLLEPHSWYFDL,background_IGH_cdr3.csv
ARDLHYSSGSSGAFDI,background_IGH_cdr3.csv
ARDRHDCDSSSYYYYGIDY,background_IGH_cdr3.csv
ATDGVVPAATFFDY,background_IGH_cdr3.csv
ARDRILTGYSAGGYYFGIDY,background_IGH_cdr3.csv
ARGLAVAGTGCFD,background_IGH_cdr3.csv
ARDTTNGMDV,background_IGH_cdr3.csv
GRRPPKRSSTRD,background_IGH_cdr3.csv
ARDQMVAEWFDP,background_IGH_cdr3.csv
ARDTGFGDYGFDY,background_IGH_cdr3.csv
ARHILRSGPFDY,background_IGH_cdr3.csv
AKGDSATHEGIHFQN,background_IGH_cdr3.csv
ARHVGWYPPHFDY,background_IGH_cdr3.csv
ARGDIFSRGCYYGMDV,background_IGH_cdr3.csv
TTDTAMGINYYDSSDYHPGRAFDI,background_IGH_cdr3.csv
ARVQYSSDAFDI,background_IGH_cdr3.csv
ARDGAPRSGYYYGEYLDD,background_IGH_cdr3.csv
ARDGLWYYDSSDQRRSRYFDL,background_IGH_cdr3.csv
ARDQQDYGGWLGASFDY,background_IGH_cdr3.csv
ARQGKIVVVPAYGMDV,background_IGH_cdr3.csv
ARGENGGSSSCVRYFDY,background_IGH_cdr3.csv
ARVSAGGCRGDFDY,background_IGH_cdr3.csv
ARERRSVAVAAPPPGDNGIEDYFFYFMDV,background_IGH_cdr3.csv
ARHRAERLPRLDFYYGMDV,background_IGH_cdr3.csv
AKHRGEYSLFGGFDY,background_IGH_cdr3.csv
ARVVMYGDPGEDHFDY,background_IGH_cdr3.csv
ARGLDNYCYGSFDY,background_IGH_cdr3.csv
ARALPSTVGSGYGSWFWFDY,background_IGH_cdr3.csv
ARHYSALDH,background_IGH_cdr3.csv
ARSDDWRLYGMDV,background_IGH_cdr3.csv
ARGLGSSWSYGIDY,background_IGH_cdr3.csv
ARAMYCDRGRSLLGSYGMDV,background_IGH_cdr3.csv
ARIPDY,background_IGH_cdr3.csv
AKRGGY,background_IGH_cdr3.csv
ARQQYDWYFDL,background_IGH_cdr3.csv
ARAGWEPLRTDY,background_IGH_cdr3.csv
ARSSRAFDI,background_IGH_cdr3.csv
ARGGYGARGGYYFDY,background_IGH_cdr3.csv
ARVPPAAIFGWFDP,background_IGH_cdr3.csv
AYVVGSSAPYYYGMDV,background_IGH_cdr3.csv
ARDDGIQLWPSGAFDP,background_IGH_cdr3.csv
ARARGSRYDAFDI,background_IGH_cdr3.csv
ARGLVVMMVVNYDFDY,background_IGH_cdr3.csv
ARDRGGAIDY,background_IGH_cdr3.csv
AKKAGGMDA,background_IGH_cdr3.csv
ARVCTSAQWGWFDP,background_IGH_cdr3.csv
ARDRANYYGGGSYLDY,background_IGH_cdr3.csv
ARYGPMVRGVPKTYYYYGMDV,background_IGH_cdr3.csv
ARSGYGKGTTDAFDF,background_IGH_cdr3.csv
ASDY,background_IGH_cdr3.csv
ARSSGAAATYYYYGFDV,background_IGH_cdr3.csv
ARGGGGSGSCLVATADCFDY,background_IGH_cdr3.csv
ARGFSYDFWSGYSLYYFDY,background_IGH_cdr3.csv
ARLAVARVYFDY,background_IGH_cdr3.csv
ARETLIFGVIKARGPDY,background_IGH_cdr3.csv
AAGELHGVFDY,background_IGH_cdr3.csv
ARSGGYSYGTHDY,background_IGH_cdr3.csv
ARGSIAATGTFDFDP,background_IGH_cdr3.csv
ARQRKIAVADQPFDY,background_IGH_cdr3.csv
AKGGWIWGAGDH,background_IGH_cdr3.csv
ARVSTVRGVMGHFDI,background_IGH_cdr3.csv
ARDNQQWMPHDV,background_IGH_cdr3.csv
ARVVVAGIGLFDY,background_IGH_cdr3.csv
ARDEGGEDDPYCSSTSCVNWFDP,background_IGH_cdr3.csv
VRRWG,background_IGH_cdr3.csv
ARETRGPGEYYYYGMDV,background_IGH_cdr3.csv
ARAPTKAPDVFPIISGCRHPKDNSPVVLACLITGYHPTSVTVTWY,background_IGH_cdr3.csv
ASALRWSLRAFDI,background_IGH_cdr3.csv
ARRWGTMIVVVNGFDL,background_IGH_cdr3.csv
ARGNTVVVGTTPQTATIDF,background_IGH_cdr3.csv
ARGENGVAVADPHFDY,background_IGH_cdr3.csv
ARHAYDFWSGYYYYYGMDV,background_IGH_cdr3.csv
AKANGALRPKPYYFDY,background_IGH_cdr3.csv
ARASAATPAYYGMDV,background_IGH_cdr3.csv
AREAYYGFWSGYHARYGMDV,background_IGH_cdr3.csv
ARGTPTPMDIVVAPDDSYYFDY,background_IGH_cdr3.csv
ARSPNWGTLFFDY,background_IGH_cdr3.csv
AKDLRTLAGFGHDV,background_IGH_cdr3.csv
ARDKGRRVGWIAYCGSGCYFDY,background_IGH_cdr3.csv
ARVTVTVVTADDAFDI,background_IGH_cdr3.csv
ARDEVTMIGSFQH,background_IGH_cdr3.csv
ARQYCGGGACYSAAFDI,background_IGH_cdr3.csv
AKDMGSSSAGGYYYYGMDV,background_IGH_cdr3.csv
AHPPQSHANFDY,background_IGH_cdr3.csv
ARVGSSSCGCYYYGGFDY,background_IGH_cdr3.csv
ARSVIVIRPVYFDY,background_IGH_cdr3.csv
ARDGSGWGWFDP,background_IGH_cdr3.csv
ASTGGWLVPGYSFDY,background_IGH_cdr3.csv
ARGSLYSSGGVDY,background_IGH_cdr3.csv
ARDTTGTTDY,background_IGH_cdr3.csv
ARDNPWARAFDI,background_IGH_cdr3.csv
ARGRLVTYYNWFDY,background_IGH_cdr3.csv
ARGTFHERFGWYFDY,background_IGH_cdr3.csv
TGQIITVMWTEDVFDV,background_IGH_cdr3.csv
AREPSGEWLRFDY,background_IGH_cdr3.csv
ARNAGFDWFDP,background_IGH_cdr3.csv
ARDQKSGNYYYYGMDV,background_IGH_cdr3.csv
ARGREAAYYYYFDY,background_IGH_cdr3.csv
ARAQSLQLALPSSYGMDY,background_IGH_cdr3.csv
ARSGLGYFHGMGV,background_IGH_cdr3.csv
ARDQARWDSGYYGYGFDY,background_IGH_cdr3.csv
ARYSGSYLAYFQH,background_IGH_cdr3.csv
ARFRHNYYGSGLPPAPLGLDY,background_IGH_cdr3.csv
ARLRRGYSSGYYGIDY,background_IGH_cdr3.csv
AKGGGRVGATTLDY,background_IGH_cdr3.csv
ARHPDSANYRGDGFDY,background_IGH_cdr3.csv
ARDEGYKGVVITMGNY,background_IGH_cdr3.csv
ARGTPTPTDIVVAPDDSYYFDY,background_IGH_cdr3.csv
ARGQSDYYYGMDV,background_IGH_cdr3.csv
AIWTYDFWSGFSGVY,background_IGH_cdr3.csv
ARDGDFLESRGKFDY,background_IGH_cdr3.csv
VLACLITGYHPTSVTVTWY,background_IGH_cdr3.csv
AHEEEERGAFDY,background_IGH_cdr3.csv
ARDHDLEGSGYGEGFDY,background_IGH_cdr3.csv
ARPKTTMTTVYSFDY,background_IGH_cdr3.csv
ARVRAPAGMATGWFDP,background_IGH_cdr3.csv
ARVGGLDV,background_IGH_cdr3.csv
ANSDSGVHRY,background_IGH_cdr3.csv
ARDPYDFWSGYTVRGGMDV,background_IGH_cdr3.csv
ARGSGGRRITIFGVFIDY,background_IGH_cdr3.csv
ARHVDGSGSYFGNFDY,background_IGH_cdr3.csv
AAQNYDYVQDAFDI,background_IGH_cdr3.csv
ARGGSYSSCCYAGFDY,background_IGH_cdr3.csv
ARPKRGTYYDFWS,background_IGH_cdr3.csv
ARGRLVAPAAIVY,background_IGH_cdr3.csv
ARVRRNFDSPAFDI,background_IGH_cdr3.csv
ARGAASGYDNYGMD,background_IGH_cdr3.csv
ARKRGYYGMDV,background_IGH_cdr3.csv
ARRYFWSSGWYYLDY,background_IGH_cdr3.csv
AHALWFGDPLGWFDP,background_IGH_cdr3.csv
ARGEGGYCSSTSCLSAFDP,background_IGH_cdr3.csv
ARDRVGIAVCNYVDF,background_IGH_cdr3.csv
ARGGNPHWYFDL,background_IGH_cdr3.csv
ARERVVPHI,background_IGH_cdr3.csv
ARDLSEAFDI,background_IGH_cdr3.csv
ARSIKSPKYYYDSSGYWPKYYFDY,background_IGH_cdr3.csv
ATSGTPFQH,background_IGH_cdr3.csv
AARPRWYFDL,background_IGH_cdr3.csv
ASLYISGGDFDY,background_IGH_cdr3.csv
ARIPGLGYCTNGVCYVMDV,background_IGH_cdr3.csv
ARYSQQLVRKDAFDI,background_IGH_cdr3.csv
ARAPTKASDVFPIISGCRHPKDNSPVVLACLITGYHPTSVTVTWY,background_IGH_cdr3.csv
ARDWGVGAVYFDY,background_IGH_cdr3.csv
ARDWGDYCSSSSCYRSFDY,background_IGH_cdr3.csv
ARDCGPHEWLLYSPFYYYGMDV,background_IGH_cdr3.csv
ARVIAVGWYFDY,background_IGH_cdr3.csv
ARDTYPDDYGYT,background_IGH_cdr3.csv
ARGVMPLYGSNYGMDV,background_IGH_cdr3.csv
ARDSSFLYYYYGMDV,background_IGH_cdr3.csv
ARDRVVVPAARIYYYYGMDV,background_IGH_cdr3.csv
ARDVLYDSSGYYGY,background_IGH_cdr3.csv
ARGRARTDAVTLVAY,background_IGH_cdr3.csv
ARAYDYSSSCYYCDY,background_IGH_cdr3.csv
VKAASLRFLEWLSLRARGYFDY,background_IGH_cdr3.csv
ARARALYSSSWSFDY,background_IGH_cdr3.csv
ARGAGTSGYWSGYRPTLCYFDY,background_IGH_cdr3.csv
ARSGVVLVPAAQRKREYYYYGMDV,background_IGH_cdr3.csv
ARDGAGVFDY,background_IGH_cdr3.csv
ARHGQQQLVNWFDP,background_IGH_cdr3.csv
ARLYGHDSSSSGGWYFDL,background_IGH_cdr3.csv
ARVGATRDY,background_IGH_cdr3.csv
ARRVDTVVVTRYYYYGNAMDV,background_IGH_cdr3.csv
ARGPFTRGAFDI,background_IGH_cdr3.csv
ARDYHYYDSSGYYGYYYGMDV,background_IGH_cdr3.csv
ARASSWSHDAFDI,background_IGH_cdr3.csv
ARGGDSSYGAPAPFDY,background_IGH_cdr3.csv
ARLGYYGGSSWPNYYFDY,background_IGH_cdr3.csv
AKSRAVGIDLDAFDI,background_IGH_cdr3.csv
ATSGTPFQH,background_IGH_cdr3.csv
ARGRGSSSCYYGDY,background_IGH_cdr3.csv
ARFSNWNLDY,background_IGH_cdr3.csv
ARDHAH,background_IGH_cdr3.csv
ARDLGYCSGGCCWYYYYGIDF,background_IGH_cdr3.csv
ARELYGVGATTVDAFDI,background_IGH_cdr3.csv
ARANCDGDCRGRCYYGMDV,background_IGH_cdr3.csv
ARQGGQH,background_IGH_cdr3.csv
ARPTSQYYDFWSGYSFDY,background_IGH_cdr3.csv
ARTPPDFWSSYRSSNWFDY,background_IGH_cdr3.csv
ARPSHSGYIQGAFDY,background_IGH_cdr3.csv
ARDGSRGSPPLFDY,background_IGH_cdr3.csv
AGSYGPGDAVDI,background_IGH_cdr3.csv
ARDLMRGTLDAFDI,background_IGH_cdr3.csv
ATGYNWDLLPFDI,background_IGH_cdr3.csv
ARVTGPMSFWSGYGDAYGMDV,background_IGH_cdr3.csv
ARGGPILWFGASSNWFDP,background_IGH_cdr3.csv
ARDRGRWQLADPWDY,background_IGH_cdr3.csv
AHGSGSYLYYALFDY,background_IGH_cdr3.csv
ARGVVVGITSCHFDF,background_IGH_cdr3.csv
ARGLWWELTGFDY,background_IGH_cdr3.csv
ARAKTKSGPTPDS,background_IGH_cdr3.csv
ARDFRRVIRSHMDNY,background_IGH_cdr3.csv
ARGVGITIVGVVTRSWDF,background_IGH_cdr3.csv
ARGTTDRATPD,background_IGH_cdr3.csv
ASTAGSQWLVGH,background_IGH_cdr3.csv
ARQQLLDL,background_IGH_cdr3.csv
TYMTRRPRCSGGRCYSLDY,background_IGH_cdr3.csv
ANPLNGSYYYYGMDV,background_IGH_cdr3.csv
ASFLEWLYSYYFDY,background_IGH_cdr3.csv
AKSPQDLVVITTALDY,background_IGH_cdr3.csv
ARTTSFYYYYGMDV,background_IGH_cdr3.csv
ARGIAAAGTGFDWFDP,background_IGH_cdr3.csv
GRGRHAAADGSGRRWFDP,background_IGH_cdr3.csv
AKGNSMFYYDS,background_IGH_cdr3.csv
AREGSWSADQNYYGMDV,background_IGH_cdr3.csv
ARESIYGIQLSNYFDY,background_IGH_cdr3.csv
ARDQSVPVAKNWFDP,background_IGH_cdr3.csv
ARGNAA,background_IGH_cdr3.csv
ARLGYSSGWDDAFDI,background_IGH_cdr3.csv
ARASDYYGSGSYYDY,background_IGH_cdr3.csv
ARGGCSSTSCYLFFDY,background_IGH_cdr3.csv
AREQATMVMVVRYSSFDY,background_IGH_cdr3.csv
TRERVEIYDFWSHGWFDP,background_IGH_cdr3.csv
ARDGSMTTVTSNDFDY,background_IGH_cdr3.csv
ARSVSYLSYDS,background_IGH_cdr3.csv
ARVDTFLWNPYLRF,background_IGH_cdr3.csv
ARRGVTCSNFDF,background_IGH_cdr3.csv
ARESGSAYWFDP,background_IGH_cdr3.csv
ARDKRSTGYCGSTGCFDY,background_IGH_cdr3.csv
APQGADSSGYYFHRDWYFDL,background_IGH_cdr3.csv
ARPKYQLLLREGFDY,background_IGH_cdr3.csv
ARRSIAVAGRGYFDH,background_IGH_cdr3.csv
ARGSGGRRITIFGVFIDY,background_IGH_cdr3.csv
TLHYHDYGDYSPEGAVDI,background_IGH_cdr3.csv
ARDLDEETLLWFGEFLRPTGGQFDY,background_IGH_cdr3.csv
ARDSANCGVYYYGMDV,background_IGH_cdr3.csv
ARYSGSYLAYFQH,background_IGH_cdr3.csv
ARSPNWGTLFFDY,background_IGH_cdr3.csv
ARESQYGDAWYGDH,background_IGH_cdr3.csv
ASPTISRLFGMDV,background_IGH_cdr3.csv
AKLISSSFVFDY,background_IGH_cdr3.csv
ARDDIVAGLLQRGYFDY,background_IGH_cdr3.csv
ARNLVGYSSGYPFYYYYGMDV,background_IGH_cdr3.csv
ARRPPGGGGSPYFDY,background_IGH_cdr3.csv
ARGNLVFAAGVTAPAALNY,background_IGH_cdr3.csv
ATWAVADRLIIDS,background_IGH_cdr3.csv
ARSPNWGTLFFDY,background_IGH_cdr3.csv
RGSSSHTLDY,background_IGH_cdr3.csv
ARDGDIAAAGHLDF,background_IGH_cdr3.csv
ARGSWFDDSCYGFDV,background_IGH_cdr3.csv
AREGSGGSNDYYYGMDV,background_IGH_cdr3.csv
AREEEHGSGFDH,background_IGH_cdr3.csv
VRGYTRFDY,background_IGH_cdr3.csv
ARAGFRLRFLEPSPIFDY,background_IGH_cdr3.csv
ARGSYPRLVRRGAFDI,background_IGH_cdr3.csv
ARRGENWNYDY,background_IGH_cdr3.csv
ARHYSALDH,background_IGH_cdr3.csv
ARHAYSSGWEDWFDH,background_IGH_cdr3.csv
ARVGVGSVLANCFDY,background_IGH_cdr3.csv
VLACLITGYHPTSVTVTWY,background_IGH_cdr3.csv
V,background_IGH_cdr3.csv
ARVDQREMATIMSTDNFDY,background_IGH_cdr3.csv
ARVPLKYGSSGY,background_IGH_cdr3.csv
ARYGADCSSSGCYMRGAFDY,background_IGH_cdr3.csv
ARHEAAAGTHNWFDP,background_IGH_cdr3.csv
TRDTNYIAFDI,background_IGH_cdr3.csv
ARGVLQSLEWLLANCYFGMDV,background_IGH_cdr3.csv
ARGPNDDAFDI,background_IGH_cdr3.csv
ARDEALRGGIVSFDAFDL,background_IGH_cdr3.csv
ARDASYYSSSDAFDF,background_IGH_cdr3.csv
ARKIQLWYYDY,background_IGH_cdr3.csv
AHTYFREGSSSSELYFDY,background_IGH_cdr3.csv
ARESAHSSPADP,background_IGH_cdr3.csv
ARRGSGADDPYGLDV,background_IGH_cdr3.csv
ARADPNLKWELLPVY,background_IGH_cdr3.csv
ARRPARYPLDY,background_IGH_cdr3.csv
ARVLGLAAAGRSWFDP,background_IGH_cdr3.csv
ARDWLSQYYFDY,background_IGH_cdr3.csv
ARAPASGYYGMFDV,background_IGH_cdr3.csv
ARGIAAAGRGAFFDS,background_IGH_cdr3.csv
ARRAPTAAGFD,background_IGH_cdr3.csv
ARGSITVTTAYFDY,background_IGH_cdr3.csv
ARGSVSCGGGSCYDY,background_IGH_cdr3.csv
ARGNGESGRGYCFDY,background_IGH_cdr3.csv
ARNRYSNFI,background_IGH_cdr3.csv
ATVRLDYDSSGYSN,background_IGH_cdr3.csv
ARDLSYYYGMDV,background_IGH_cdr3.csv
ARVGIAAAGTEFNY,background_IGH_cdr3.csv
ARSLSSIAARPYFQH,background_IGH_cdr3.csv
ATKLPTPY,background_IGH_cdr3.csv
ATGPQQWELSPPIVH,background_IGH_cdr3.csv
ARDDSGLDY,background_IGH_cdr3.csv
ATYSSQSSWFDP,background_IGH_cdr3.csv
ARVRAPAGMATGWFDP,background_IGH_cdr3.csv
ARVKGLGYSNGWPSAFDY,background_IGH_cdr3.csv
ARDPRIIVATIDDYFDD,background_IGH_cdr3.csv
ATSGTPFEY,background_IGH_cdr3.csv
ARDPSINERELYAFDM,background_IGH_cdr3.csv
ARQTLYTAMVDY,background_IGH_cdr3.csv
VREGNWNLDL,background_IGH_cdr3.csv
AKDNGGQGAFDI,background_IGH_cdr3.csv
ARDRYGDYAAGY,background_IGH_cdr3.csv
ARCPDGWR,background_IGH_cdr3.csv
ARGYCTGRSCHVTPYYFDS,background_IGH_cdr3.csv
ARGRTVTNY,background_IGH_cdr3.csv
ARDVAATVVELSSDNWFDY,background_IGH_cdr3.csv
ARRNYYDSSGYGRTYFDY,background_IGH_cdr3.csv
AHRPTYQLQKEGNWFDP,background_IGH_cdr3.csv
AAPYSGYVNRLDV,background_IGH_cdr3.csv
ARLLLGGVFDI,background_IGH_cdr3.csv
AREYDSGSDAFDI,background_IGH_cdr3.csv
ARHPISWYDFWSGNYGMDV,background_IGH_cdr3.csv
ARVDCDGCYPDGFDY,background_IGH_cdr3.csv
ARGEMGIFGDYYGMDV,background_IGH_cdr3.csv
ARRGLTGGFSHSYNWFDP,background_IGH_cdr3.csv
ARGLGARCGGYFLAGFDY,background_IGH_cdr3.csv
TYRRSGGSYWAS,background_IGH_cdr3.csv
ARVDCSSTSCGQKYYYGTDV,background_IGH_cdr3.csv
ARRARGYCSGASCYGIDY,background_IGH_cdr3.csv
ARTSGYDSGPGPGGSGRRFFDY,background_IGH_cdr3.csv
ARVVFGGVIVPTYYYGMDY,background_IGH_cdr3.csv
ARPGYYDFWSGYYDFDY,background_IGH_cdr3.csv
ARWGHY,background_IGH_cdr3.csv
TRQIITVSWTTDVFDL,background_IGH_cdr3.csv
ASRQQQLPYFDY,background_IGH_cdr3.csv
ARGLAAAGTYDY,background_IGH_cdr3.csv
ARGLNDVAALDY,background_IGH_cdr3.csv
ARGLGIAAPWGGY,background_IGH_cdr3.csv
ARPPNPGYSYVGAFDI,background_IGH_cdr3.csv
ARDWVFGVVSRVFDY,background_IGH_cdr3.csv
ARVAFYYDRGFAFDI,background_IGH_cdr3.csv
ARERAGSSGDFDAFYI,background_IGH_cdr3.csv
ARRVL,background_IGH_cdr3.csv
VKVDLMVGGPIGAMDV,background_IGH_cdr3.csv
AREDSGGYYYVDWFDP,background_IGH_cdr3.csv
ARQVAARPRRPVDY,background_IGH_cdr3.csv
AREHLRCGGDCSLKTWFDH,background_IGH_cdr3.csv
VGRGKFSNGWHYFDY,background_IGH_cdr3.csv
AQGSTSYYYGMDV,background_IGH_cdr3.csv
ARGGSSRSSSRFDY,background_IGH_cdr3.csv
ASGQSITMIVVVIGHGAFDI,background_IGH_cdr3.csv
AREESSSWFNWFDP,background_IGH_cdr3.csv
ARGSIAARPRRRFYWFDP,background_IGH_cdr3.csv
ARGMYYDWTGPETLGWFDY,background_IGH_cdr3.csv
ARLSSSVRIVPATVIDY,background_IGH_cdr3.csv
ARGEPYYYGMDV,background_IGH_cdr3.csv
ARDCHGIFGVVRPYYYYGMDV,background_IGH_cdr3.csv
ARGGGGYFIDY,background_IGH_cdr3.csv
ENSPSDTSSVAVGCLAQDF,background_IGH_cdr3.csv
ARAADLSGSDFGN,background_IGH_cdr3.csv
ARHYSALDH,background_IGH_cdr3.csv
ARISRAHYDSSGYFYFDY,background_IGH_cdr3.csv
AKAKYSSSSFDY,background_IGH_cdr3.csv
ATIDGIPEY,background_IGH_cdr3.csv
AKVAGSY,background_IGH_cdr3.csv
ARDRDGYNRD,background_IGH_cdr3.csv
ARGRELYYYGMDV,background_IGH_cdr3.csv
ATSGTPFQH,background_IGH_cdr3.csv
ARGVGDGVTGTTYYYGMDF,background_IGH_cdr3.csv
ARRSSWYYFDY,background_IGH_cdr3.csv
ARVSGTMGLEGTTLSICFDY,background_IGH_cdr3.csv
ARIPTSIAAAGGGGYYYGMDV,background_IGH_cdr3.csv
ARADRIGSSWYGIDY,background_IGH_cdr3.csv
ARVSDIVATWGADY,background_IGH_cdr3.csv
AKDIGGSYPYYYYGMDG,background_IGH_cdr3.csv
ASRGGNSGDFDY,background_IGH_cdr3.csv
ARVTYQGPRKRENGVGIDY,background_IGH_cdr3.csv
ARVGLYYDFWNARNSYLDS,background_IGH_cdr3.csv
ARCSSGYSD,background_IGH_cdr3.csv
ARGAGELPLGYYFDY,background_IGH_cdr3.csv
ARRPAARPPDY,background_IGH_cdr3.csv
ARLKVGGYGYFDY,background_IGH_cdr3.csv
TRHVRSAGRAQYFDQ,background_IGH_cdr3.csv
ARSGRGTASWFDP,background_IGH_cdr3.csv
ARRIIGYGVD,background_IGH_cdr3.csv
ARGTIYDY,background_IGH_cdr3.csv
ASIAAAGTLPYYYGMDV,background_IGH_cdr3.csv
ARQFYHDTSRSSSYWYFDL,background_IGH_cdr3.csv
ARGTGGYDSSGCYFYGMDV,background_IGH_cdr3.csv
ARGIMTWFGVIYGGFDY,background_IGH_cdr3.csv
ASYGWY,background_IGH_cdr3.csv
ARLETYYDFWSGYRDFDY,background_IGH_cdr3.csv
ARETVTYNWFDP,background_IGH_cdr3.csv
ARRVTIFGVAFDP,background_IGH_cdr3.csv
ARLGELDFWSSSLDD,background_IGH_cdr3.csv
AKVILEAYCGGDCRDAFDI,background_IGH_cdr3.csv
ARDRGGELPSDY,background_IGH_cdr3.csv
ARASYKLYSYGPNYYYYGMDV,background_IGH_cdr3.csv
ARPYDSSGYSAFDI,background_IGH_cdr3.csv
ARVKGIGPPAEH,background_IGH_cdr3.csv
ASGHSSSVDVDY,background_IGH_cdr3.csv
SRRIISVADYFDY,background_IGH_cdr3.csv
AGRGYPHYYYGMDV,background_IGH_cdr3.csv
AQSLRPDGILGY,background_IGH_cdr3.csv
ARASSWSHDAFDI,background_IGH_cdr3.csv
AKGPDYFDSSGYVY,background_IGH_cdr3.csv
ARLAPHYCSSTSCYDGWD,background_IGH_cdr3.csv
ARDIGSVIVLWDAFDI,background_IGH_cdr3.csv
ARGEDYFDY,background_IGH_cdr3.csv
ARHPRYGAFDY,background_IGH_cdr3.csv
ARVRRWDTAMTRGDY,background_IGH_cdr3.csv
ARGGGSSDSSGCYRGQDYFDY,background_IGH_cdr3.csv
AREQQDFWKDYFDY,background_IGH_cdr3.csv
ARARHLDSGLSEDAFDY,background_IGH_cdr3.csv
GRLTGRAAAGS,background_IGH_cdr3.csv
ARDREVDTEWYFDL,background_IGH_cdr3.csv
ARGGQPPRGYCFDY,background_IGH_cdr3.csv
AREGQSYCGSASCYWIDY,background_IGH_cdr3.csv
ARIGSFGAADGYFDY,background_IGH_cdr3.csv
ARKQGTYLRTGAFD,background_IGH_cdr3.csv
AGDPRGYVLYFFDY,background_IGH_cdr3.csv
ARRLCGTSGSRYRYYGLDD,background_IGH_cdr3.csv
ARGSFGYSFGH,background_IGH_cdr3.csv
ARGHCGGDCYALDY,background_IGH_cdr3.csv
ARGPHSTAWYFGYFDL,background_IGH_cdr3.csv
ARGAVVTAPAEYFHH,background_IGH_cdr3.csv
ARHQINYDSSGWDRGGIDL,background_IGH_cdr3.csv
VRDAGRDGHNYHFDH,background_IGH_cdr3.csv
ARGEYSSSTIFDY,background_IGH_cdr3.csv
AREDSGGYCYYYGLDL,background_IGH_cdr3.csv
AREGRGGFYQLFDY,background_IGH_cdr3.csv
ARIIAVAGRGNWFDH,background_IGH_cdr3.csv
AREGYDFWSGWGYYYGLDH,background_IGH_cdr3.csv
ARVGLYYDFWNARNSYLDS,background_IGH_cdr3.csv
ARDLVPTYFDY,background_IGH_cdr3.csv
ARGGSYDYLWGSFDY,background_IGH_cdr3.csv
ARDADYGGWLGSWFDS,background_IGH_cdr3.csv
AKGPSYCSGGSCHTVAWGSSFDY,background_IGH_cdr3.csv
AREESVVAAATSGGYFDFDN,background_IGH_cdr3.csv
VLACLITGYHPTSVTVTWY,background_IGH_cdr3.csv
ARDLDYGDYPDFDY,background_IGH_cdr3.csv
ARGHAHDY,background_IGH_cdr3.csv
AREVAAAATAGDFDY,background_IGH_cdr3.csv
AHRRISVPPAIGYNWFDP,background_IGH_cdr3.csv
ARGSSYLEWLLSSSDY,background_IGH_cdr3.csv
AHRRSTFGVVILFDY,background_IGH_cdr3.csv
AVPGILGIYFDY,background_IGH_cdr3.csv
ARQERYNSGYDYYLDY,background_IGH_cdr3.csv
AHMGGFDTTMARRRDAFDI,background_IGH_cdr3.csv
AKVRTVHQYGMDV,background_IGH_cdr3.csv
AKYGTRRFDDAFDI,background_IGH_cdr3.csv
ARAAELSGSDFGN,background_IGH_cdr3.csv
ARDQMVAEWFDP,background_IGH_cdr3.csv
ARDRRCLEATALYYDGFDY,background_IGH_cdr3.csv
ARLGTGASHYDY,background_IGH_cdr3.csv
ARDVGIDSYGYNFDY,background_IGH_cdr3.csv
ARAGCECSGWYGFDY,background_IGH_cdr3.csv
ARGPKYSSSCYYWCIDY,background_IGH_cdr3.csv
ARIISITGTTGYYYGMDV,background_IGH_cdr3.csv
ARGGTDIVVVAGDYDV,background_IGH_cdr3.csv
ARIDVASYYFDY,background_IGH_cdr3.csv
ARVHYVGRGYRYAFDY,background_IGH_cdr3.csv
ARIGRGYYYYYGMDV,background_IGH_cdr3.csv
ARAPVATIDFDY,background_IGH_cdr3.csv
TTTYADAFDI,background_IGH_cdr3.csv
AREPGELVGMAVTGVIDV,background_IGH_cdr3.csv
ARGWRWLQF,background_IGH_cdr3.csv
ARGREYIVVVVAATGNWFDP,background_IGH_cdr3.csv
ARGGSYYFTGYSDL,background_IGH_cdr3.csv
ARPARQQTIFGVVPNYYYGMDV,background_IGH_cdr3.csv
ARRIGGGDY,background_IGH_cdr3.csv
ARGFGTSVQRAVDV,background_IGH_cdr3.csv
ARGEGFPGWFDP,background_IGH_cdr3.csv
ARHFVTFDY,background_IGH_cdr3.csv
ARGAVVTAPAEYFHH,background_IGH_cdr3.csv
AHSTGVNNLYFDF,background_IGH_cdr3.csv
ARLAGKDYGDSV,background_IGH_cdr3.csv
AAGDGSFDV,background_IGH_cdr3.csv
ARRGRPLEWLDYYGLDL,background_IGH_cdr3.csv
ATEFGDSSGYWGY,background_IGH_cdr3.csv
ARLSYGEGAFDI,background_IGH_cdr3.csv
AREGRRGFDY,background_IGH_cdr3.csv
ARLSDIYLASGFDI,background_IGH_cdr3.csv
ASRGYAASWYDATFDA,background_IGH_cdr3.csv
SASAPTLFPLVSCENSPSDTSSVAVGCLAQDFQ,background_IGH_cdr3.csv
ARGRGGTFSGSYYYYGMDV,background_IGH_cdr3.csv
ARSTSGYYSH,background_IGH_cdr3.csv
ARGGTAFDP,background_IGH_cdr3.csv
ARDQMVAEWFDP,background_IGH_cdr3.csv
ARLTAFDNYNWFDP,background_IGH_cdr3.csv
ARGTGADDYFDY,background_IGH_cdr3.csv
ARHYSALDH,background_IGH_cdr3.csv
AHRRFIAAALPFDY,background_IGH_cdr3.csv
ARNPTGPGGFDV,background_IGH_cdr3.csv
ARGNGIVGANYCFDD,background_IGH_cdr3.csv
ARVVMYFD,background_IGH_cdr3.csv
ARDGRDYGGLPGGMDV,background_IGH_cdr3.csv
ATDAIVPAASFMC,background_IGH_cdr3.csv
ARGSVSSWYYFDY,background_IGH_cdr3.csv
ATSYGDYGGMGYYYYYYGMDV,background_IGH_cdr3.csv
ARDKREYYDSGGCYPS,background_IGH_cdr3.csv
ARDFYPSPGGVGAFD,background_IGH_cdr3.csv
AKEITIFGVENV,background_IGH_cdr3.csv
ARDLPATETGWFDP,background_IGH_cdr3.csv
AHERPLRSDSGGYPDY,background_IGH_cdr3.csv
TTDPSLMVRGVNQNY,background_IGH_cdr3.csv
ARDYFGTAKTNWFDP,background_IGH_cdr3.csv
AKGTCSSTSCYNVY,background_IGH_cdr3.csv
ARGLGVAIVTPFVLLIDY,background_IGH_cdr3.csv
ARGGGDGGNFD,background_IGH_cdr3.csv
ARELPPLVPLDY,background_IGH_cdr3.csv
ARGVGDLDLYDSSGHYYGY,background_IGH_cdr3.csv
AREESSSGGYYYGFDY,background_IGH_cdr3.csv
ARSVAATGEGYYYGMDV,background_IGH_cdr3.csv
ARSGMWELLSKRGYFDY,background_IGH_cdr3.csv
ATQYQLRGRAYYYYGMDV,background_IGH_cdr3.csv
AREARYDSSGYYRRTTHDAFDI,background_IGH_cdr3.csv
VHRRGGDFDY,background_IGH_cdr3.csv
ARGGYSHSRLGRSYGMDV,background_IGH_cdr3.csv
ARGGSATPYCYYYGIDY,background_IGH_cdr3.csv
ARRERYNYFDY,background_IGH_cdr3.csv
ARLGVSSAYDTFDV,background_IGH_cdr3.csv
ARGGVFRGGCCYYYGFDY,background_IGH_cdr3.csv
MRQKGDY,background_IGH_cdr3.csv
ARDTHRTRIPADF,background_IGH_cdr3.csv
ARIREGVVQWELFDY,background_IGH_cdr3.csv
ARPGLERLPDAFDI,background_IGH_cdr3.csv
ATNSGRYFNFDY,background_IGH_cdr3.csv
ANLGYCSSTSCRDYYYGMDV,background_IGH_cdr3.csv
ARGTPTPTDIVVAPDDSYYFDY,background_IGH_cdr3.csv
AHRGAAARGGSFDY,background_IGH_cdr3.csv
DTAMVLDY,background_IGH_cdr3.csv
ARGGTLCYFD,background_IGH_cdr3.csv
ARDEACCSGGYYYDGFDF,background_IGH_cdr3.csv
ARRSVLDHYYYGMDV,background_IGH_cdr3.csv
ARDRGNTAMVVDGNWFDY,background_IGH_cdr3.csv
AGDAQTGNYFHPRDF,background_IGH_cdr3.csv
ARLVKDDRSRASLHAFDI,background_IGH_cdr3.csv
ARATTYRGRGVLDY,background_IGH_cdr3.csv
ARGGSYSDH,background_IGH_cdr3.csv
ARMAAAGFDY,background_IGH_cdr3.csv
ASAGDLFDY,background_IGH_cdr3.csv
ATGAVGTSCLYLPFDY,background_IGH_cdr3.csv
AREGSTDFDY,background_IGH_cdr3.csv
ASLPYDSTGPTS,background_IGH_cdr3.csv
AKGRRGSGFSHYLDS,background_IGH_cdr3.csv
ARVFDLGGKVPAAISP,background_IGH_cdr3.csv
ARQYPLGRGSGGYGYFDY,background_IGH_cdr3.csv
AKGVDTAMVKSFDY,background_IGH_cdr3.csv
AKLQWLVQHAFDI,background_IGH_cdr3.csv
ARSGVKAAVNDY,background_IGH_cdr3.csv
ARDLGAAAGTDY,background_IGH_cdr3.csv
ARDRSQSGWYWGYFDY,background_IGH_cdr3.csv
ARGLVDPVVIAGSTYGMDV,background_IGH_cdr3.csv
ARDYYDRSGSPFFDI,background_IGH_cdr3.csv
ARLTIMGVY,background_IGH_cdr3.csv
ARDSITMVGVVTGAFDY,background_IGH_cdr3.csv
ATDSVTFQGRMDV,background_IGH_cdr3.csv
ARGRRGNTYGFTKLDS,background_IGH_cdr3.csv
ARVGDYVRSDY,background_IGH_cdr3.csv
AHWGYSYGSDAFDI,background_IGH_cdr3.csv
AREESGYYYDSSGYYQYFDH,background_IGH_cdr3.csv
ARGRRTGGRCYSLAFDY,background_IGH_cdr3.csv
ISGCRHPKDNSPVVLACLITGYHPTSVTVTWY,background_IGH_cdr3.csv
ARGRKVAATLFDY,background_IGH_cdr3.csv
ARIIVGDGIDAFDI,background_IGH_cdr3.csv
ARGGIAAAGTGDY,background_IGH_cdr3.csv
ARALRGRDYYYGMDV,background_IGH_cdr3.csv
ARVAPGYSSGWCGFDY,background_IGH_cdr3.csv
ARGNIQLRLTGFDY,background_IGH_cdr3.csv
ARDPMKDCSVTSCSGY,background_IGH_cdr3.csv
ARDYRLGVSGPLGF,background_IGH_cdr3.csv
ARTPYTTGFHYHFDL,background_IGH_cdr3.csv
ARGGSAAGPRWFDP,background_IGH_cdr3.csv
ARGTPTPTDIVVAPDDSYYFDY,background_IGH_cdr3.csv
ARHFYGSSCYGYFDY,background_IGH_cdr3.csv
AREHWDSWRDYFDY,background_IGH_cdr3.csv
ARELCFD,background_IGH_cdr3.csv
ARVGVVAVGGIDY,background_IGH_cdr3.csv
ARSTIFGVVTD,background_IGH_cdr3.csv
ARVARTKAYFEY,background_IGH_cdr3.csv
ARGRGATAY,background_IGH_cdr3.csv
ARAGADSGGYCYCFDY,background_IGH_cdr3.csv
VKDPSEDYYYYYGMDV,background_IGH_cdr3.csv
ARVGLDGAGIYYYYGLDV,background_IGH_cdr3.csv
ARAPPYSSSWYAV,background_IGH_cdr3.csv
ARCGSGSCTDYYGFDF,background_IGH_cdr3.csv
ARESPWVGHAGFD,background_IGH_cdr3.csv
ARQRVVVTAIHHEPFDY,background_IGH_cdr3.csv
ARVVQGGSCFAWFDY,background_IGH_cdr3.csv
AHSKYSSGWYPFS,background_IGH_cdr3.csv
ARDLIAAAGDYYFDY,background_IGH_cdr3.csv
ENSPSDTSSVAVGCLAQDFQ,background_IGH_cdr3.csv
ARQGYYGSGSYIGY,background_IGH_cdr3.csv
ARVRGDWYFDL,background_IGH_cdr3.csv
ARAPYAGGGWFDP,background_IGH_cdr3.csv
ARGRGLRFNRKYRLPTYYYYGMDV,background_IGH_cdr3.csv
ARGIDYSSGWYEGAFD,background_IGH_cdr3.csv
ARDPGGSYNPMGGY,background_IGH_cdr3.csv
AREGDYGCGRYDSHALDF,background_IGH_cdr3.csv
ARGTPTPTDIVVAPDDSYYFDY,background_IGH_cdr3.csv
ARGLSATGGWLFHDY,background_IGH_cdr3.csv
ATLAAAGGTGGY,background_IGH_cdr3.csv
ARVLELARNWFDP,background_IGH_cdr3.csv
ARDTDYVVVTPGYVDF,background_IGH_cdr3.csv
ARDRTGGPWGALDI,background_IGH_cdr3.csv
ARYSGSYLAYFQH,background_IGH_cdr3.csv
ARPKRIAVAGTNWFDY,background_IGH_cdr3.csv
ATLSGRRGWFDP,background_IGH_cdr3.csv
ARVASGYSSNQWTYYYYYGMDV,background_IGH_cdr3.csv
ARPVVAFDY,background_IGH_cdr3.csv
ARGRGYYDY,background_IGH_cdr3.csv
ARGGGGYGSSSYYGFDY,background_IGH_cdr3.csv
ARDADGYGSEDYFDY,background_IGH_cdr3.csv
ARMGIVGVVSSDY,background_IGH_cdr3.csv
ARQGYDSSGYYHPFSEHFDY,background_IGH_cdr3.csv
ARSYDFWSGYHTGSDY,background_IGH_cdr3.csv
AREQWGDTAIDDAFDI,background_IGH_cdr3.csv
ARDGGSCGYCYDDFDY,background_IGH_cdr3.csv
ATIAAASPGDDY,background_IGH_cdr3.csv
ARRRPSANWYDATFDN,background_IGH_cdr3.csv
ARRIVEKLVVATTQYGFDY,background_IGH_cdr3.csv
ARRVDWEDAFDI,background_IGH_cdr3.csv
ARDRGAGADY,background_IGH_cdr3.csv
AKDMQQWRNLRGAFDI,background_IGH_cdr3.csv
AAARQ,background_IGH_cdr3.csv
AGGVSITEQRNAFDI,background_IGH_cdr3.csv
SHRLKGQGAVHY,background_IGH_cdr3.csv
ARSMIVVVLRPVYFDY,background_IGH_cdr3.csv
ARGGRKIQLSRYNS,background_IGH_cdr3.csv
ARVSPPTLGVAAEVDY,background_IGH_cdr3.csv
AKSKLDSDGYFYMDVFEV,background_IGH_cdr3.csv
HTMVRGVIITIDY,background_IGH_cdr3.csv
GRLPPKRSSTRD,background_IGH_cdr3.csv
AKALGYYPHYGMDV,background_IGH_cdr3.csv
ARELPPLVPFDY,background_IGH_cdr3.csv
ARDGRSSSCYYYSFDY,background_IGH_cdr3.csv
ARDPGYSYGKGPFDY,background_IGH_cdr3.csv
ARGGIVVAANWFDY,background_IGH_cdr3.csv
ERIRLEDLEMDY,background_IGH_cdr3.csv
AKGSYYYGSRTYYLLN,background_IGH_cdr3.csv
ARDAAFDI,background_IGH_cdr3.csv
AKDKMYCSGDCHSVGAGMDV,background_IGH_cdr3.csv
ARGYPLLGVRCWFDP,background_IGH_cdr3.csv
ARRTGWYYLPRDYYGMDV,background_IGH_cdr3.csv
TTDERGSYYVGQVDI,background_IGH_cdr3.csv
ARGTGVVVAGGYGFDY,background_IGH_cdr3.csv
AKGLPSRYFDS,background_IGH_cdr3.csv
ARDRGGILGWYDHGGFDY,background_IGH_cdr3.csv
ARGELAMAANGYFDY,background_IGH_cdr3.csv
AHTRDDYGSDFDY,background_IGH_cdr3.csv
ARVVVIRPYDALDV,background_IGH_cdr3.csv
ARGRGGYCSGGYCGSFDY,background_IGH_cdr3.csv
ATTMVRGHNAFDI,background_IGH_cdr3.csv
AKDLASSIAARPFDY,background_IGH_cdr3.csv
ATGPQQWELSPPIVH,background_IGH_cdr3.csv
ARHYGTAAGTSSYWFDS,background_IGH_cdr3.csv
AKGDSGVTFYYYYGMDV,background_IGH_cdr3.csv
ARYYSYYGMDV,background_IGH_cdr3.csv
ARHHYGSGGDAFDI,background_IGH_cdr3.csv
ARGRRVVARAGYYYYGMDV,background_IGH_cdr3.csv
AHRRVVMTDILFDS,background_IGH_cdr3.csv
ASGVAVIDY,background_IGH_cdr3.csv
AKEDYYDSSGYPFDY,background_IGH_cdr3.csv
ARDTDLRASRCYCDGFDI,background_IGH_cdr3.csv
ARSAVATPVGFDH,background_IGH_cdr3.csv
ARAPFVVATHNYYYGMDV,background_IGH_cdr3.csv
ARLERGYYDFSIDY,background_IGH_cdr3.csv
ARDQVPSRGSASAPTLFPLVSCENSPSDTSSVAVGCLAQDF,background_IGH_cdr3.csv
ARDRVEDIVILPAGIQYYYYGMDV,background_IGH_cdr3.csv
ARVVASYRSYDFDY,background_IGH_cdr3.csv
ARQEYSSSSGSS,background_IGH_cdr3.csv
ARDGYNSSCYAFDY,background_IGH_cdr3.csv
ARDSLGSNPGN,background_IGH_cdr3.csv
TRGTSYDY,background_IGH_cdr3.csv
AKTQEMVRGLLMS,background_IGH_cdr3.csv
ARGFSGRKGKGGGFDL,background_IGH_cdr3.csv
AHRPWGEYFDY,background_IGH_cdr3.csv
ARELGGSSGYSCYAFDY,background_IGH_cdr3.csv
ARAWCGGDCYGGFRNWFDP,background_IGH_cdr3.csv
ARHYSALDH,background_IGH_cdr3.csv
ARGRELYYYGMDV,background_IGH_cdr3.csv
ARYCGSSNYYIDY,background_IGH_cdr3.csv
AKCIGGSKNGMDV,background_IGH_cdr3.csv
AKSPQDLVVITTALDY,background_IGH_cdr3.csv
ARDGRAVASYGIDY,background_IGH_cdr3.csv
ARHQIPYVVVPAARLNYGMDV,background_IGH_cdr3.csv
ARRDGGCFDP,background_IGH_cdr3.csv
ARHLRAGDWFDP,background_IGH_cdr3.csv
AKGHYDFWSGSHYGMDV,background_IGH_cdr3.csv
ARDTVPDY,background_IGH_cdr3.csv
ARVKGIGPPAEH,background_IGH_cdr3.csv
ARRNEGVLDALDI,background_IGH_cdr3.csv
ARDVVYSWNYGQYNWFDP,background_IGH_cdr3.csv
ARRTTVAGLDY,background_IGH_cdr3.csv
TFKVGAIDY,background_IGH_cdr3.csv
ARIDGTGWYEIDY,background_IGH_cdr3.csv
ARERLVVATDAFDI,background_IGH_cdr3.csv
AIGLDY,background_IGH_cdr3.csv
ETCPDRYCSSTSCSYQRDSLLVLRS,background_IGH_cdr3.csv
ARGVVVAAAVYGFDY,background_IGH_cdr3.csv
ARAAGEWLVPYYYFDY,background_IGH_cdr3.csv
AHMRKFEVGYCSSTSCLTATDV,background_IGH_cdr3.csv
AKPLEPSAG,background_IGH_cdr3.csv
ASRYSSGSDY,background_IGH_cdr3.csv
ARGRELYYYGMDV,background_IGH_cdr3.csv
AGVLGSGSPSLSGMDV,background_IGH_cdr3.csv
AHIAVWFGELSRDFDY,background_IGH_cdr3.csv
AIGPHSDAFDI,background_IGH_cdr3.csv
ARHVVATYYGMDV,background_IGH_cdr3.csv
ARDHWSGSLAWFDY,background_IGH_cdr3.csv
ARIPTSIAAAGGGGYYYGMDV,background_IGH_cdr3.csv
ARQSMSGGLN,background_IGH_cdr3.csv
ARVGQQLVLDY,background_IGH_cdr3.csv
ARIYVLGSGYVWGSLQLRD,background_IGH_cdr3.csv
ARGRGAVAGLHWFDP,background_IGH_cdr3.csv
ARTTEVVALDF,background_IGH_cdr3.csv
ARGTAAE,background_IGH_cdr3.csv
ATFVVVAAAITKGAFDI,background_IGH_cdr3.csv
ARERLGQANWFDP,background_IGH_cdr3.csv
ARISRGAYDFDI,background_IGH_cdr3.csv
ARGRELYYYGMDV,background_IGH_cdr3.csv
ARILRYSNIDY,background_IGH_cdr3.csv
ARAGSTAVVGYHYGMDV,background_IGH_cdr3.csv
AHTDPLQNDYGDYGDAFDI,background_IGH_cdr3.csv
ASVKSSGRYEDY,background_IGH_cdr3.csv
ARHRGDGSSGGYPHGHCFDY,background_IGH_cdr3.csv
ARGLVLGPGGATTYNWFDP,background_IGH_cdr3.csv
ARTLATRFDF,background_IGH_cdr3.csv
ARGRWDCSGGGHQFEALDY,background_IGH_cdr3.csv
ARGDQLQPNWFDP,background_IGH_cdr3.csv
AREPGIAVASSHIDY,background_IGH_cdr3.csv
ARHYSALDH,background_IGH_cdr3.csv
ARGSFASYYDSSGYYTHWYFDL,background_IGH_cdr3.csv
ARHTPPTPDYGDYFDY,background_IGH_cdr3.csv
AREEVGAVAGTFDY,background_IGH_cdr3.csv
ARGTRDDCGFDY,background_IGH_cdr3.csv
ARLGVSSAYDTFDV,background_IGH_cdr3.csv
ARLRTVVYYYYGMDV,background_IGH_cdr3.csv
ATSGTPFQH,background_IGH_cdr3.csv
ARGPWIAVAGTGDY,background_IGH_cdr3.csv
ARVFDSSGCIAIDY,background_IGH_cdr3.csv
ARWNIAARGGFDY,background_IGH_cdr3.csv
ARAGEGDIGPGGFDD,background_IGH_cdr3.csv
ASGVVPAAIRLPEY,background_IGH_cdr3.csv
ARELTYYHDNSGHARDY,background_IGH_cdr3.csv
ARDHIGSSGTSYGLFDY,background_IGH_cdr3.csv
ARGPRYYYAFDY,background_IGH_cdr3.csv
AHRRSGSSWYPYCYGMDV,background_IGH_cdr3.csv
ARSYDWRLYGMDV,background_IGH_cdr3.csv
ARGPAAGYDY,background_IGH_cdr3.csv
ARLVGGAYTVRGPDAFDF,background_IGH_cdr3.csv
ERAGTNCSRSQL,background_IGH_cdr3.csv
ARLLRVLTLRLEWFPADDDWFDP,background_IGH_cdr3.csv
ARHPRTSWSFDY,background_IGH_cdr3.csv
ARHRSHTIFGVAGLLTGYYYYGMDV,background_IGH_cdr3.csv
ARVGGASYYDSSGPFDY,background_IGH_cdr3.csv
AREFHYDSSASLGGDI,background_IGH_cdr3.csv
ARGTIYDY,background_IGH_cdr3.csv
ARARVPITAASTVPLDV,background_IGH_cdr3.csv
AKEFSTGRVLAATVYFDY,background_IGH_cdr3.csv
ATDTRELLRLRDYYYGMDV,background_IGH_cdr3.csv
AGGSPGWGFKDY,background_IGH_cdr3.csv
ARGAVPSYYSGSSCCYCFDY,background_IGH_cdr3.csv
ARDQVPSRGSASAPTLFPLVSCENSPSDTSSVAVGCLAQDFD,background_IGH_cdr3.csv
AHTNCREDSSSSEVYFDY,background_IGH_cdr3.csv
ARDVVAPCDYTYYYYGMDV,background_IGH_cdr3.csv
ARHPLDIVGVSGYFDL,background_IGH_cdr3.csv
ARELPPLVPFDY,background_IGH_cdr3.csv
AAALETPHAGT,background_IGH_cdr3.csv
ARLENEYSSGWTGYYGMDY,background_IGH_cdr3.csv
ARHYSALDH,background_IGH_cdr3.csv
ARDKVGATYY,background_IGH_cdr3.csv
ARDRAITIFGVVAGNYFDY,background_IGH_cdr3.csv
ARVIDSSSSCYHFDY,background_IGH_cdr3.csv
ARVYCSGGSCPSGD,background_IGH_cdr3.csv
ARGWDRETAGAGYYGIDY,background_IGH_cdr3.csv
ARDEGSSWARFDY,background_IGH_cdr3.csv
ARAIGGMVAATTGGIDY,background_IGH_cdr3.csv
ARRGRSWSGYCGFDF,background_IGH_cdr3.csv
ARGTDYCGSTSCYTYNWFDH,background_IGH_cdr3.csv
ARYEWLSLLNRPKWFDP,background_IGH_cdr3.csv
ARDFGPTG,background_IGH_cdr3.csv
ARDPYYYGCAGNYYYCMDV,background_IGH_cdr3.csv
ARGWGSWFDY,background_IGH_cdr3.csv
ARDDCSSSFDY,background_IGH_cdr3.csv
TPGAAADWFDP,background_IGH_cdr3.csv
AHAKIYCGTGGCYDRRFDS,background_IGH_cdr3.csv
ASGGEVTTGSSFDY,background_IGH_cdr3.csv
ARDVSGVPASN,background_IGH_cdr3.csv
ARVRRSWETRRQFYSDY,background_IGH_cdr3.csv
ARHSEYCSSTSCLDY,background_IGH_cdr3.csv
AGPGSYLTI,background_IGH_cdr3.csv
ARHSHYYDSSGYYVPMALDV,background_IGH_cdr3.csv
AREAVRYSGCWAFDY,background_IGH_cdr3.csv
ARSSYGMDV,background_IGH_cdr3.csv
ARDRDLFYYFGMDV,background_IGH_cdr3.csv
ARGLDRRSCYWYYFDY,background_IGH_cdr3.csv
ERAGTNCSRSQL,background_IGH_cdr3.csv
ARQLGITIFGVVNY,background_IGH_cdr3.csv
ARDRRSGYDYWSGYYGFDY,background_IGH_cdr3.csv
ARGGREQQLAFDY,background_IGH_cdr3.csv
ARVFGGSSPSPDY,background_IGH_cdr3.csv
ARGPDFADSYFDDSP,background_IGH_cdr3.csv
ARVPYYDCWSASLQPDF,background_IGH_cdr3.csv
AGDSRWLFDD,background_IGH_cdr3.csv
ARRVVVPAAVSFDY,background_IGH_cdr3.csv
ARGYGLSSGRYSELNWFDY,background_IGH_cdr3.csv
ARIGSYGNGCWYY,background_IGH_cdr3.csv
ARCYGDYGWFDP,background_IGH_cdr3.csv
ARGKWYYDGSPLLDY,background_IGH_cdr3.csv
ARPGGSGTGFGY,background_IGH_cdr3.csv
ARTYGGYYYSSGSYYLDY,background_IGH_cdr3.csv
ARHGVLRFLEWSDYYYYGMDV,background_IGH_cdr3.csv
ATYGYGYYYYYGMDV,background_IGH_cdr3.csv
AGAEYSYGLLVDY,background_IGH_cdr3.csv
ARGLYGDYGY,background_IGH_cdr3.csv
ARGRCSSGYDFDY,background_IGH_cdr3.csv
ARIRFRGQQFYYGIDY,background_IGH_cdr3.csv
ATRGQVATACGFDI,background_IGH_cdr3.csv
AHRPGPESYYYDNYYDSSGDEFDY,background_IGH_cdr3.csv
AHRDESYYGQGAFDI,background_IGH_cdr3.csv
ARGTAAAGYDAFDI,background_IGH_cdr3.csv
ARGTAAAGYDAFDI,background_IGH_cdr3.csv
ARALRGYPLDY,background_IGH_cdr3.csv
AREIVVVPAAIGAVLDY,background_IGH_cdr3.csv
ARLTYSSGWRGYWYFDL,background_IGH_cdr3.csv
RVVVGARDY,background_IGH_cdr3.csv
ARDEYGSGGYYQGFDY,background_IGH_cdr3.csv
ARVRNDGYNSGVGDY,background_IGH_cdr3.csv
ARQKGYSYNFDY,background_IGH_cdr3.csv
ARGAVVTAPAEYFHH,background_IGH_cdr3.csv
ATNDYGGNSVVY,background_IGH_cdr3.csv
ARERDTAMVPNRGKFDY,background_IGH_cdr3.csv
ATRPTIFGVVIDY,background_IGH_cdr3.csv
ARLPDFRGGMDV,background_IGH_cdr3.csv
ARLITPGYSSGGEYFDY,background_IGH_cdr3.csv
ARLHTTGDDY,background_IGH_cdr3.csv
ARVRGDSDYFDY,background_IGH_cdr3.csv
ARVRYNDSGTTDPYYFDY,background_IGH_cdr3.csv
ARGTPTPTDIVVAPDDSYYFDY,background_IGH_cdr3.csv
AREVKYGYYYGMDV,background_IGH_cdr3.csv
ARHYSALDH,background_IGH_cdr3.csv
SASAPTLVPLVSCENSPSDTGSVAVGCLAQDF,background_IGH_cdr3.csv
ARDNQQWMSHDV,background_IGH_cdr3.csv
ARRNPAGNYSYGLDV,background_IGH_cdr3.csv
ARDVRRDRIAVAGAFDY,background_IGH_cdr3.csv
ARDIGYGVAYYYGIDY,background_IGH_cdr3.csv
AREKAGVAGGDAFDI,background_IGH_cdr3.csv
ARDIDCSSTSCYWWSLILDY,background_IGH_cdr3.csv
ARAEYRYCSGGSCLRPAYYYGIDV,background_IGH_cdr3.csv
ALDDYGTYSH,background_IGH_cdr3.csv
ARGVPAASHDFQH,background_IGH_cdr3.csv
ARLGSSLP,background_IGH_cdr3.csv
ARVTVGFWSGYSTDY,background_IGH_cdr3.csv
ARDFGYSSTSHFDF,background_IGH_cdr3.csv
ARIHRYYYGMDV,background_IGH_cdr3.csv
ARGVSTGGDY,background_IGH_cdr3.csv
ARGPDGSGYQEYFQH,background_IGH_cdr3.csv
ARMGPEGMGLGFDY,background_IGH_cdr3.csv
ARQEVATNLVEYFQH,background_IGH_cdr3.csv
ARGSASAPTLFPLVSCENSPSDTSSVAVGCLAQDFQ,background_IGH_cdr3.csv
ARSSSGYFDY,background_IGH_cdr3.csv
ATPRVSNGWYEDY,background_IGH_cdr3.csv
ARIIAVAGRGNWFDP,background_IGH_cdr3.csv
ARAASQQLVPGYFDL,background_IGH_cdr3.csv
AHRRSDEGSGYDSAALR,background_IGH_cdr3.csv
ARGSDYSRGYCAWFDY,background_IGH_cdr3.csv
ARDFTG,background_IGH_cdr3.csv
ARVRRSWETRRQFYSDY,background_IGH_cdr3.csv
ARNRWLWPAQAYGMDV,background_IGH_cdr3.csv
AMRYCSSTSCRRGVYFDY,background_IGH_cdr3.csv
ARDLNSILEWLIRGYYGMDV,background_IGH_cdr3.csv
ATLGLPVFNDYEDY,background_IGH_cdr3.csv
VKDRGPLNRVNIRYFDL,background_IGH_cdr3.csv
AREGQYTAMADYFDY,background_IGH_cdr3.csv
ARGEFSGRSGSCWYCFDY,background_IGH_cdr3.csv
ARPSHSARTEYYFDY,background_IGH_cdr3.csv
ARQFYHDTSRSSSYWYFDL,background_IGH_cdr3.csv
ARLSSHYFDKSGSDRYYFDY,background_IGH_cdr3.csv
AREPRLRFCSSTSCEPAGWDYYYYGMDV,background_IGH_cdr3.csv
ARDLEDSSGYSDY,background_IGH_cdr3.csv
ARDVFRYNWNYVPYYFDY,background_IGH_cdr3.csv
ARDTIGVLRFRYFDL,background_IGH_cdr3.csv
ARGTTTPTDIVVVSGASYYFGY,background_IGH_cdr3.csv
ARPKVTNRQVGYFDL,background_IGH_cdr3.csv
ARSWGGCSSVSCYWAEYFPH,background_IGH_cdr3.csv
ARVFGGYHDY,background_IGH_cdr3.csv
ARGGNCDSINCYNWFDY,background_IGH_cdr3.csv
VRPSRYGSGWSPDY,background_IGH_cdr3.csv
ARHLIAVAGTIDGMDV,background_IGH_cdr3.csv
ARGRRGNTYGFTKLDS,background_IGH_cdr3.csv
ARGGLSSAPGFDY,background_IGH_cdr3.csv
ARDLLLYRGGAGYFDL,background_IGH_cdr3.csv
ARDNQQWMSHDV,background_IGH_cdr3.csv
ARWPPQRHSSSLDR,background_IGH_cdr3.csv
ARNQHDSGSCTGGLDY,background_IGH_cdr3.csv
ARAVRVGSSRAPDY,background_IGH_cdr3.csv
ARGLRRSSVFDY,background_IGH_cdr3.csv
EP,background_IGH_cdr3.csv
ARHLRIAAADG,background_IGH_cdr3.csv
ARLSGRLYYGMDV,background_IGH_cdr3.csv
ARQVYLGDRLDP,background_IGH_cdr3.csv
ASGDY,background_IGH_cdr3.csv
ARGRRSYGSSCRIDY,background_IGH_cdr3.csv
ARREYSCFD,background_IGH_cdr3.csv
AHSRLTYCSSTSCSNWFDP,background_IGH_cdr3.csv
ARGDRGRVKLGADDAFDF,background_IGH_cdr3.csv
AREGGSSPGYYYYGMDY,background_IGH_cdr3.csv
AREDGGSDYSDAFAI,background_IGH_cdr3.csv
TSNLDY,background_IGH_cdr3.csv
ARDRHQQVMAGTGFDY,background_IGH_cdr3.csv
ARGRVRSLIVVIQGGPDYFDY,background_IGH_cdr3.csv
ARSYAAGLVGPY,background_IGH_cdr3.csv
ARDPSINERELYAFDM,background_IGH_cdr3.csv
ARHSKVMGAFDI,background_IGH_cdr3.csv
ARGVVQGPIYYYGMDY,background_IGH_cdr3.csv
ARAVRVAGAGHDYFDY,background_IGH_cdr3.csv
ARRPGGSSTYCGGCSWYYGFDL,background_IGH_cdr3.csv
ARLPKYYFDESAFDI,background_IGH_cdr3.csv
ARDYYDSSGYFSY,background_IGH_cdr3.csv
ARDIHPLQLDEEDAFDI,background_IGH_cdr3.csv
ARGGRGDWFDP,background_IGH_cdr3.csv
AKTRRETRRTYSSGRGPFDY,background_IGH_cdr3.csv
ARDNPWARAFDI,background_IGH_cdr3.csv
AHRRHSISSGYYYDY,background_IGH_cdr3.csv
ARDYYDSSGYFQGMDN,background_IGH_cdr3.csv
AHSDVGPNAFDI,background_IGH_cdr3.csv
ARDIRYSSGSFDY,background_IGH_cdr3.csv
AREGDTCYSSGSSGMDV,background_IGH_cdr3.csv
ARHYSALDH,background_IGH_cdr3.csv
TRRNYYDHWYFDL,background_IGH_cdr3.csv
ARGRPELLISGYYFDY,background_IGH_cdr3.csv
ARDLSGSYYDGMDV,background_IGH_cdr3.csv
ARPDRFAFYVEL,background_IGH_cdr3.csv
ARRVTPHGGNWFDP,background_IGH_cdr3.csv
ARGVV,background_IGH_cdr3.csv
TTDPSSPYSSSSDVDY,background_IGH_cdr3.csv
ARREYSSSYFDY,background_IGH_cdr3.csv
ARDLPSPQQLVFGDAFDI,background_IGH_cdr3.csv
ARDAFDI,background_IGH_cdr3.csv
ARGDSSSTTPFDP,background_IGH_cdr3.csv
ARGYCRSSGWYLRFDY,background_IGH_cdr3.csv
AKDRGRGGQQLYGRDV,background_IGH_cdr3.csv
AGVFGGSSPSPDY,background_IGH_cdr3.csv
AAGDGSFDV,background_IGH_cdr3.csv
ALLPQDY,background_IGH_cdr3.csv
ARVSIYYYYGMDV,background_IGH_cdr3.csv
ARGPIWSNSYYGRWYWFDY,background_IGH_cdr3.csv
ARHRDYCDSSGPNWFDP,background_IGH_cdr3.csv
ARPSFLRGSGWYYFDY,background_IGH_cdr3.csv
ARGAYSGSYYYFDY,background_IGH_cdr3.csv
ARGRARTDAVTLVAY,background_IGH_cdr3.csv
ARVLTIIFGAVGYLDY,background_IGH_cdr3.csv
ARGNFEKNIAAAGIDY,background_IGH_cdr3.csv
AREFGGYCSSTSCYLADY,background_IGH_cdr3.csv
ARGCSSISCYGCFDY,background_IGH_cdr3.csv
ARQNWNDVVLGMDV,background_IGH_cdr3.csv
ARDRWGGSGYYFDY,background_IGH_cdr3.csv
ARIQGEGGSQAFDY,background_IGH_cdr3.csv
ARDIRGYSSSGNFDF,background_IGH_cdr3.csv
VRVPAADWYFER,background_IGH_cdr3.csv
ARQGPYYDSSGYYYVDY,background_IGH_cdr3.csv
ARDEGGISGAGWGTRYWFDF,background_IGH_cdr3.csv
ASRSSSSNY,background_IGH_cdr3.csv
ARVDYDSSGYRHTKANFDY,background_IGH_cdr3.csv
ARTIVVVTAPLDY,background_IGH_cdr3.csv
ARYFKQRNWFDP,background_IGH_cdr3.csv
ARSSTDYSDYHNYGMDV,background_IGH_cdr3.csv
ARGRREVVPAARRFDP,background_IGH_cdr3.csv
ARHGGGNWRSTNWYFFHS,background_IGH_cdr3.csv
TTNRTGYGMDV,background_IGH_cdr3.csv
ARLPDYYDSSGYRRDWYFDL,background_IGH_cdr3.csv
ATVRRNYYWGTWYFDY,background_IGH_cdr3.csv
ARTPPFDY,background_IGH_cdr3.csv
ARDSSSTSCYLDLDY,background_IGH_cdr3.csv
ARYSSGLTTLDY,background_IGH_cdr3.csv
ARVGGWRLIVGAGYFDL,background_IGH_cdr3.csv
APKLGRTSARYYYDYGMDV,background_IGH_cdr3.csv
ARHIVVLSGFDP,background_IGH_cdr3.csv
ATLEMATITNWFDP,background_IGH_cdr3.csv
ARRYSSIRGWYGIDP,background_IGH_cdr3.csv
AHSDWTLLKY,background_IGH_cdr3.csv
ARGKAAAQCSLGYYYGFDY,background_IGH_cdr3.csv
AAARQ,background_IGH_cdr3.csv
ARMTAVTKVGGGNWFDP,background_IGH_cdr3.csv
VRDHEGSGWYGDF,background_IGH_cdr3.csv
ARESGWCDPGCRIDY,background_IGH_cdr3.csv
ARGDVAAAGGYNCLDY,background_IGH_cdr3.csv
ARYNGSGCSDFDY,background_IGH_cdr3.csv
ARHVIVVPAGLLTLYYFDY,background_IGH_cdr3.csv
ARGASGSGQWFDP,background_IGH_cdr3.csv
AREMVRYFDWLLMEKDGMDV,background_IGH_cdr3.csv
ARDGDYSGSYAVDAFDY,background_IGH_cdr3.csv
ARPTSCDGGFCRLDY,background_IGH_cdr3.csv
AREVGETTRQYAFDY,background_IGH_cdr3.csv
ARHSGSRWYYFDY,background_IGH_cdr3.csv
ARGGLSSAPGFDY,background_IGH_cdr3.csv
ARGTSGSY,background_IGH_cdr3.csv
ARGGYQLPRKYFQH,background_IGH_cdr3.csv
ARDRNMYANPTGYSGMDV,background_IGH_cdr3.csv
ARDDLGYSGYGSCFDY,background_IGH_cdr3.csv
ARYGWSGDTYYFDY,background_IGH_cdr3.csv
WRQAPTKAPDVFPIISGCRHPKDNSPVVLACLITGYHPTSVTVTWY,background_IGH_cdr3.csv
ARGGGCSWSCCFDY,background_IGH_cdr3.csv
ARGRGAVAGLHWFDP,background_IGH_cdr3.csv
ARGSRSSWYDV,background_IGH_cdr3.csv
ARDMVAVRRVDY,background_IGH_cdr3.csv
ARGVRRPFDP,background_IGH_cdr3.csv
ARMDYDVWGHWHTVWFDV,background_IGH_cdr3.csv
ARAKWLLGDAYYFDY,background_IGH_cdr3.csv
ARVGWGYDYPDY,background_IGH_cdr3.csv
AAAVDTGYCSSTSCRYGMDV,background_IGH_cdr3.csv
ARETERGSSYGGVGSCDY,background_IGH_cdr3.csv
ARGKRTAYYCYGWADAFDF,background_IGH_cdr3.csv
ARHLNYATGAFDV,background_IGH_cdr3.csv
AREEYSSGFDY,background_IGH_cdr3.csv
ARVPLYGSGSTVDY,background_IGH_cdr3.csv
ARGDSSGSRRYRFDY,background_IGH_cdr3.csv
AHKGVGMASNFWSYFDY,background_IGH_cdr3.csv
AKDLDCSSTSCYAFDI,background_IGH_cdr3.csv
AREGWCVQDYYGMDF,background_IGH_cdr3.csv
ARAGPRDADSI,background_IGH_cdr3.csv
ARAPTKAPDVFPIISGCRHPKDNSPVVLACLITGYHPTSVTVTWY,background_IGH_cdr3.csv
AHRQEEDSNLHNWFDP,background_IGH_cdr3.csv
ARAPIVVATAASDYYFDY,background_IGH_cdr3.csv
ARGIKGGYDPVGYFDY,background_IGH_cdr3.csv
ARVGGIVVVVAAIDY,background_IGH_cdr3.csv
ARSTIFGVVTD,background_IGH_cdr3.csv
ARRRRTYCSSTSCYPYCFDY,background_IGH_cdr3.csv
ARAIIVVVISRDGFDV,background_IGH_cdr3.csv
ARVSPYSGSDY,background_IGH_cdr3.csv
ARDPFAYWSSGRWLFDF,background_IGH_cdr3.csv
STFTLGQSW,background_IGH_cdr3.csv
ARGVTQLVGAN,background_IGH_cdr3.csv
ARVRSERDPYFDL,background_IGH_cdr3.csv
ARISWYCSSTSCPPPHMDWFDP,background_IGH_cdr3.csv
ARTALGAYVIDF,background_IGH_cdr3.csv
AGPGSYLTI,background_IGH_cdr3.csv
ARDYDFWSGYYRNFDY,background_IGH_cdr3.csv
ARVPKDSGSYSFDY,background_IGH_cdr3.csv
ARHCNCSGTYCFDV,background_IGH_cdr3.csv
ARGGDEFRSSSCLANCFDY,background_IGH_cdr3.csv
ARDFEGGWLFEY,background_IGH_cdr3.csv
ARDRSGAAAVPVVVETSFDN,background_IGH_cdr3.csv
ARYRYYYDSSGYYGDY,background_IGH_cdr3.csv
VKEGGDV,background_IGH_cdr3.csv
TSNLDY,background_IGH_cdr3.csv
ARDPSGDDDIWSGYYCGFDV,background_IGH_cdr3.csv
ARRDSRGYDAFDI,background_IGH_cdr3.csv
AKWSYHNYAFDF,background_IGH_cdr3.csv
TAGTNQRVGGGY,background_IGH_cdr3.csv
ARHDRLVYSHPIDH,background_IGH_cdr3.csv
ARGGAAGADFDY,background_IGH_cdr3.csv
ATLAEWREDAGGGY,background_IGH_cdr3.csv
ARGWGTAVVGKYYYGMDY,background_IGH_cdr3.csv
ARRDNYSGSWSEGFDY,background_IGH_cdr3.csv
AHRRSGYNAGWDQGDFDY,background_IGH_cdr3.csv
ARDLVDSGYGFNWFDP,background_IGH_cdr3.csv
ARGGLRRPRDGCSGSYCFDY,background_IGH_cdr3.csv
ARDGSKPGPSTFDY,background_IGH_cdr3.csv
ASGHSSSVDVDY,background_IGH_cdr3.csv
AHTLIVVVPAAPNWFDP,background_IGH_cdr3.csv
VCLYNGGFDP,background_IGH_cdr3.csv
ARGKDCSSTRCPKGYYYYGMDV,background_IGH_cdr3.csv
ARGRTRRVWGVSGGYYGFDY,background_IGH_cdr3.csv
ARDGSYSNYYYGMDV,background_IGH_cdr3.csv
ARHLYRYCSGTTCYNVRVDP,background_IGH_cdr3.csv
ARQVPLNGGPAATYFDI,background_IGH_cdr3.csv
AREDGTRRGAYNVLDY,background_IGH_cdr3.csv
ARDRGRYYASSGYGNALDF,background_IGH_cdr3.csv
ARIMWDYGMDV,background_IGH_cdr3.csv
ARVENGVAAADPYFDY,background_IGH_cdr3.csv
ARGGAAAAYYYDGFDV,background_IGH_cdr3.csv
TTDVGY,background_IGH_cdr3.csv
RGILTGRSGNYFDY,background_IGH_cdr3.csv
ARGAAAGGAIDY,background_IGH_cdr3.csv
ARGARSYYDGSPSKNDAFDI,background_IGH_cdr3.csv
ARGRGIVANAFDI,background_IGH_cdr3.csv
ARGPDFWSGSSYDYGMDV,background_IGH_cdr3.csv
ARETLIFGVIKARGPDY,background_IGH_cdr3.csv
ARHYSALDH,background_IGH_cdr3.csv
ARGRLTTVPDFWSGYTPSVYYYYGMDV,background_IGH_cdr3.csv
ARSAPCSTTSCYQDGMDA,background_IGH_cdr3.csv
ARGREFDRLVAASLDY,background_IGH_cdr3.csv
ATMWDIVVVPAALSY,background_IGH_cdr3.csv
ARHSTKWELPGAYYYGMSTS,background_IGH_cdr3.csv
ARVLAQQLVGAGY,background_IGH_cdr3.csv
ARDLGGAFDI,background_IGH_cdr3.csv
GRLPPKRSSTRD,background_IGH_cdr3.csv
ARLRPTSQYDLSGYAGVDY,background_IGH_cdr3.csv
ARGYARGSGGKGNYHFDY,background_IGH_cdr3.csv
ARNGGYSTYNYYGMDV,background_IGH_cdr3.csv
ANTLITSLGEY,background_IGH_cdr3.csv
ASDRERLKWNDGNAFEV,background_IGH_cdr3.csv
ASHPMLRGVPENWFDP,background_IGH_cdr3.csv
ARDIVATIPSSYGMDV,background_IGH_cdr3.csv
AKGRFGH,background_IGH_cdr3.csv
ARVGPDTAMVTYYFDY,background_IGH_cdr3.csv
ARGDDLELVAFDI,background_IGH_cdr3.csv
ARLAVAGIGDY,background_IGH_cdr3.csv
AKDKAAAGYYYYGMDV,background_IGH_cdr3.csv
ARGRSMDY,background_IGH_cdr3.csv
ARLSRGSFGVY,background_IGH_cdr3.csv
ARDWMLNWFDL,background_IGH_cdr3.csv
ARAPTKAPDVFPIISGCRHPKDNSPVVLACLITGYHPTSVTVTWY,background_IGH_cdr3.csv
ARRFETCIDY,background_IGH_cdr3.csv
AKDMMQLWLDGEYYYGMDV,background_IGH_cdr3.csv
ASRGSPRIGFWFDF,background_IGH_cdr3.csv
AYTYYDFWSGYGGYYYGMDV,background_IGH_cdr3.csv
ARDKDQKSTHPYGSGPGFDI,background_IGH_cdr3.csv
ATENYGSGVYGMDV,background_IGH_cdr3.csv
ARSGGVIVPAVDY,background_IGH_cdr3.csv
ARATLTTYAFDI,background_IGH_cdr3.csv
ARSVAATGEGYYYGMDV,background_IGH_cdr3.csv
ATGPQQWELSPPIVH,background_IGH_cdr3.csv
ARVRRLLWLQGYYYYYGMDV,background_IGH_cdr3.csv
ARAWGLGYYDSSEAYYYGMDV,background_IGH_cdr3.csv
ARDVSRLWGLADCYGMDV,background_IGH_cdr3.csv
ARHPGSWSYYEWFDY,background_IGH_cdr3.csv
AREAVGAATYYGIDV,background_IGH_cdr3.csv
ARGQYDSWSGYPGFDY,background_IGH_cdr3.csv
ARDIFVMVGVATQLYYGFDY,background_IGH_cdr3.csv
ASPRIYYYDSSGYTFDY,background_IGH_cdr3.csv
AKDRGGGYYYTVDY,background_IGH_cdr3.csv
ARDRPRIAVAGATYYEGMDF,background_IGH_cdr3.csv
ARGASLATVADY,background_IGH_cdr3.csv
ARSAPHIGFWGYSGYDSPPLDY,background_IGH_cdr3.csv
ARAGGDYYFDY,background_IGH_cdr3.csv
ARGVREVATVPVC,background_IGH_cdr3.csv
ARRGYSSSWNWYFDL,background_IGH_cdr3.csv
AKDGRVDCDGNCDY,background_IGH_cdr3.csv
ASPTISRLFGMDV,background_IGH_cdr3.csv
AHTVVVPAGTGDAFDI,background_IGH_cdr3.csv
ARGGGTVRADY,background_IGH_cdr3.csv
ARCRGGSSCYWWHGLAD,background_IGH_cdr3.csv
ARVSPSLDSCEHSSGAFDY,background_IGH_cdr3.csv
YWFEP,background_IGH_cdr3.csv
ARVDDYGGY,background_IGH_cdr3.csv
ARGYSSSPHHY,background_IGH_cdr3.csv
ARAHGSGRLNCFDP,background_IGH_cdr3.csv
AREVSRYPYSSSQENWFDP,background_IGH_cdr3.csv
ATGVYYYYGMDV,background_IGH_cdr3.csv
ARDEVTLAATNNFDY,background_IGH_cdr3.csv
ARGSGAAVGYCSGGSCYAFDY,background_IGH_cdr3.csv
ARVRRSWETRRQFYSDY,background_IGH_cdr3.csv
AREATIAAAGRDDCFDY,background_IGH_cdr3.csv
ARTYDGYAFDI,background_IGH_cdr3.csv
AHRATIFGNNAFDI,background_IGH_cdr3.csv
ARDSNSMVRGVIGIDY,background_IGH_cdr3.csv
AKLPRGPVGSDY,background_IGH_cdr3.csv
ARHWRSGDYGYYLHGIDY,background_IGH_cdr3.csv
ARGGRGTYYYGSGSYSYSGDY,background_IGH_cdr3.csv
ARVAAASGYFDY,background_IGH_cdr3.csv
ARKGGVISYYFDY,background_IGH_cdr3.csv
ARAGGVDSAMAGSFDY,background_IGH_cdr3.csv
ARVIVVVPAAPLGASTYYYYGMDV,background_IGH_cdr3.csv
ARGEDYSSSYDGFDY,background_IGH_cdr3.csv
AREWYDYGDRIENFFDY,background_IGH_cdr3.csv
ASGYTRSGSIDY,background_IGH_cdr3.csv
AKDPTIVVGGAGLLG,background_IGH_cdr3.csv
ARGGGDSSSWTGY,background_IGH_cdr3.csv
AGGSSWFHY,background_IGH_cdr3.csv
ARRGKVLEV,background_IGH_cdr3.csv
ARGAKKWVLWERFDY,background_IGH_cdr3.csv
ARGLDAFDI,background_IGH_cdr3.csv
AREDILQWPLPSNY,background_IGH_cdr3.csv
GRLPPKRSSTRD,background_IGH_cdr3.csv
ARGGDIVVVVYASSDFDY,background_IGH_cdr3.csv
ARREVVRQRYGLDV,background_IGH_cdr3.csv
ARGPLGKFDY,background_IGH_cdr3.csv
AKSPQDVVVITTALDY,background_IGH_cdr3.csv
ARGSRSCRYYGFDF,background_IGH_cdr3.csv
ARDIVNSGSGSYSLAY,background_IGH_cdr3.csv
ARDGHFDY,background_IGH_cdr3.csv
ARRGFDLGYGMDV,background_IGH_cdr3.csv
RVVVGARDY,background_IGH_cdr3.csv
ARPSNSSYDWYGFDF,background_IGH_cdr3.csv
AREGLGLVVVPAATGMDV,background_IGH_cdr3.csv
AACDSSGYYYVDRGCCFDY,background_IGH_cdr3.csv
ARDTGYYYGSGGYYGP,background_IGH_cdr3.csv
AHMETDYDFWSGSVGGYFDY,background_IGH_cdr3.csv
ARLTLIAVAGTVDY,background_IGH_cdr3.csv
ARRSGSFDAFDI,background_IGH_cdr3.csv
ARQIVVPRGAFDI,background_IGH_cdr3.csv
ARGDYYGWGCFDY,background_IGH_cdr3.csv
ARAYDFWGDV,background_IGH_cdr3.csv
AKGEGGNLPLPEY,background_IGH_cdr3.csv
ARGVWLLPYYFDY,background_IGH_cdr3.csv
ARYDNFDY,background_IGH_cdr3.csv
ARPTAGSGVDAFDI,background_IGH_cdr3.csv
ARARKQWLGSFFDY,background_IGH_cdr3.csv
ARHNSSFRDDYYYGMDV,background_IGH_cdr3.csv
ARGTGYCSSSSWYPWWGLDY,background_IGH_cdr3.csv
AKAGSGWETDY,background_IGH_cdr3.csv
ARVLGGGIKAPLDY,background_IGH_cdr3.csv
ARYPQEYDSLTGYYTHFDY,background_IGH_cdr3.csv
ARPPVLHSGGYETDVFHT,background_IGH_cdr3.csv
ARAGGSSSCYGYYFDY,background_IGH_cdr3.csv
ARLLRGPPDYSNILFDY,background_IGH_cdr3.csv
ARGAWMITCGGVVWARNWFDP,background_IGH_cdr3.csv
ASPRTIAARPRWFDP,background_IGH_cdr3.csv
ARDVVVGAMGFDY,background_IGH_cdr3.csv
AKDQSPLYDSSGYT,background_IGH_cdr3.csv
ARDRRSGPRALDC,background_IGH_cdr3.csv
AGGRELYYYGMDV,background_IGH_cdr3.csv
ARVGGVGDWGSTSYFDF,background_IGH_cdr3.csv
ARDYDGSSSYGYFGF,background_IGH_cdr3.csv
ARHYGQTGPYYYGMDV,background_IGH_cdr3.csv
ARAGGAVNNYLDGFDP,background_IGH_cdr3.csv
AKDSAYSSG,background_IGH_cdr3.csv
ARQGGTILDY,background_IGH_cdr3.csv
AHRRRSSTSWTQAFDI,background_IGH_cdr3.csv
ASVLRKVLENVH,background_IGH_cdr3.csv
VRGEVAILVVPGATGGDF,background_IGH_cdr3.csv
ARVNPTEPQWLQAYFDY,background_IGH_cdr3.csv
ASQLGGSGWYGYYYYGMDV,background_IGH_cdr3.csv
ARAFCPTTGCYFTFDI,background_IGH_cdr3.csv
ARRGGYGDY,background_IGH_cdr3.csv
ARRRRGGGSCDYYWFDY,background_IGH_cdr3.csv
ARAPFLDCSAGSCYFDF,background_IGH_cdr3.csv
ARHYSALDH,background_IGH_cdr3.csv
ATGPQQWELSPPIVH,background_IGH_cdr3.csv
ARGRGGSSGPYYYLDY,background_IGH_cdr3.csv
AREVSLGRGYYGVDY,background_IGH_cdr3.csv
ARRSASGYGSGRFWGDP,background_IGH_cdr3.csv
ASHPTWELLGGEAY,background_IGH_cdr3.csv
VLACLITGYHPTSVTVTWY,background_IGH_cdr3.csv
ARLNQQLGDYYYYGMDV,background_IGH_cdr3.csv
ARAGGTTMIVVPGGYYFDF,background_IGH_cdr3.csv
ARIGRGYYYYYGMDV,background_IGH_cdr3.csv
ARGRITGATWFDY,background_IGH_cdr3.csv
ARDGRSVVAEVWNCYGFDY,background_IGH_cdr3.csv
ARAPFITGTGGRLYTWFDP,background_IGH_cdr3.csv
AGYGSGSFFDY,background_IGH_cdr3.csv
ARVTGDYVWGSYRLGDYYYYYGMDV,background_IGH_cdr3.csv
ARVTTDHYFDY,background_IGH_cdr3.csv
ARHYSALDH,background_IGH_cdr3.csv
ASEYTAMAQGSDY,background_IGH_cdr3.csv
ARDLGFIPDPQY,background_IGH_cdr3.csv
ARDVSRWVAVAGT,background_IGH_cdr3.csv
ARDARQWLVRESFDV,background_IGH_cdr3.csv
AIQATRGPDYGGKPTFDY,background_IGH_cdr3.csv
ARDVVVAVTSLLGFDY,background_IGH_cdr3.csv
ARHNRDIVVVIN,background_IGH_cdr3.csv
ARVLKGSWDYDNWFDP,background_IGH_cdr3.csv
ARCQARLAPSIDY,background_IGH_cdr3.csv
ITGTY,background_IGH_cdr3.csv
ARGGYDTYYYGMDV,background_IGH_cdr3.csv
ARYESGFDI,background_IGH_cdr3.csv
TTDSPAQYYYDSSGYITRRDAFDI,background_IGH_cdr3.csv
ARGSQYQLGAFDY,background_IGH_cdr3.csv
AKVPMVDYYDV,background_IGH_cdr3.csv
ASFSEWSPFDY,background_IGH_cdr3.csv
ARDCPRGRANGGGFDL,background_IGH_cdr3.csv
AKDRDRSIGTSESWAFDY,background_IGH_cdr3.csv
ARELLEGTGYCDSSYGFDY,background_IGH_cdr3.csv
ARGGWSYAFDF,background_IGH_cdr3.csv
ARGGGCAVGGPPDCFDY,background_IGH_cdr3.csv
AREEDTGDCYDI,background_IGH_cdr3.csv
AREQGLYGDYYFDY,background_IGH_cdr3.csv
ARDNWSYGDAFDI,background_IGH_cdr3.csv
ARDEDRGNRRGQVAFDY,background_IGH_cdr3.csv
ARGAIVVVPAAPDY,background_IGH_cdr3.csv
ARGGLVRGYDYWVNCFDY,background_IGH_cdr3.csv
ARGGGLSRGYGIDV,background_IGH_cdr3.csv
ARIPTSIAAAGGGGYYYGMDV,background_IGH_cdr3.csv
ARVPVVTYLIDY,background_IGH_cdr3.csv
ARDTMEVAGTCWFDY,background_IGH_cdr3.csv
ARVEEWLREYGMDV,background_IGH_cdr3.csv
AHPYSSSWGEGAFDI,background_IGH_cdr3.csv
ARHYSALDH,background_IGH_cdr3.csv
ARGAQITMVTGLKFGNNWFDP,background_IGH_cdr3.csv
VGDDLALRGLSDR,background_IGH_cdr3.csv
ARVAPAGSVRRRSKDWYFDL,background_IGH_cdr3.csv
ARGRLVAFHY,background_IGH_cdr3.csv
ATDARGGENPDY,background_IGH_cdr3.csv
ARDDDYYSSPTAFDY,background_IGH_cdr3.csv
ARVRWLHDGGPSFDY,background_IGH_cdr3.csv
AREIYCSSSSWYGGDFDY,background_IGH_cdr3.csv
ASSSSTSEENWFDP,background_IGH_cdr3.csv
ARVGVIAAYGMDV,background_IGH_cdr3.csv
ARGSGRYDSGGWFDP,background_IGH_cdr3.csv
GRLPPKRSSTRD,background_IGH_cdr3.csv
ARAWGPVILGATKQGDGSGAFDI,background_IGH_cdr3.csv
ARETSYGTYYDSSGYYAFDD,background_IGH_cdr3.csv
ARHRRYRSGTSCYYGMDV,background_IGH_cdr3.csv
ARDGVGYDSSVRAFDI,background_IGH_cdr3.csv
ARVDGTTPFDP,background_IGH_cdr3.csv
ARDRGSGAFDI,background_IGH_cdr3.csv
LPDRGGESY,background_IGH_cdr3.csv
ARDYYGSGSYYKGYYGMDV,background_IGH_cdr3.csv
ATEALTNAGAGDGYATDAFDI,background_IGH_cdr3.csv
ARGGSMAAASDYHGFDY,background_IGH_cdr3.csv
AKDIDAVVD,background_IGH_cdr3.csv
ARGGGRGEVLTYYGFDY,background_IGH_cdr3.csv
AKDFHLASTGLPGH,background_IGH_cdr3.csv
ARDEGYSYEKFDD,background_IGH_cdr3.csv
ARKTVVAVEATAYYFDY,background_IGH_cdr3.csv
ARGQGGWGRYYGFD,background_IGH_cdr3.csv
ARDSGTAGGPYDYYGMDV,background_IGH_cdr3.csv
ATSYWHYFDY,background_IGH_cdr3.csv
AKADYDFWSGYRISLSFDY,background_IGH_cdr3.csv
ARVGGNVVAAFDI,background_IGH_cdr3.csv
ARHYSALDH,background_IGH_cdr3.csv
ARDRGSGYSCFDY,background_IGH_cdr3.csv
ARAWCGGDCYGGFRNWFDP,background_IGH_cdr3.csv
AHRHTSSCFDY,background_IGH_cdr3.csv
ARDPGSSWDAFDY,background_IGH_cdr3.csv
ARTRAMGEFYYYYGIDV,background_IGH_cdr3.csv
AGYGSGSFFDY,background_IGH_cdr3.csv
ATVGATYYFDY,background_IGH_cdr3.csv
ARAIAVGPLTSPFDY,background_IGH_cdr3.csv
ARERIHRSTSHYCYYYYGMDV,background_IGH_cdr3.csv
ARVCSGCYFDYF,background_IGH_cdr3.csv
ASEWSGAFDI,background_IGH_cdr3.csv
ARDSGRMVLGVAVLTHGMDV,background_IGH_cdr3.csv
ARGGYSSSCYY,background_IGH_cdr3.csv
ARGAYCSSTSCFDY,background_IGH_cdr3.csv
ARDTRGLNFDY,background_IGH_cdr3.csv
ARHVWELPFDY,background_IGH_cdr3.csv
ARAQAWEVDY,background_IGH_cdr3.csv
AHSRGYCSSTSCYRAAFDI,background_IGH_cdr3.csv
GRLPPKRSSTRD,background_IGH_cdr3.csv
AKDTPVAY,background_IGH_cdr3.csv
ALTLSPRWYFDL,background_IGH_cdr3.csv
ARGLGGGARLLHY,background_IGH_cdr3.csv
GIAARGSYWYFDL,background_IGH_cdr3.csv
ARDSGGFDY,background_IGH_cdr3.csv
ARDRVAARFNYYFDY,background_IGH_cdr3.csv
ARDERFGYGIDELDY,background_IGH_cdr3.csv
ARGFDGGGWGVTLSFDY,background_IGH_cdr3.csv
ARDSDDYGDPGYFDL,background_IGH_cdr3.csv
VCLYNGGFDP,background_IGH_cdr3.csv
ARHGPCYYDSSGWRGFDY,background_IGH_cdr3.csv
ARAAPWIQWLVRGFYIDY,background_IGH_cdr3.csv
ARDLAPLVGASDY,background_IGH_cdr3.csv
ARQWGYSGSYSRVFDY,background_IGH_cdr3.csv
ARRSKRSGVRFLEWSHSPYYYGMDV,background_IGH_cdr3.csv
ARGMVVVIRGLDDFDF,background_IGH_cdr3.csv
ARSPPAANWFDY,background_IGH_cdr3.csv
AREGDIKSGWGYYCAFDY,background_IGH_cdr3.csv
ARGLPYCSGGSCYVGSWFDP,background_IGH_cdr3.csv
ARGSGWYYFDF,background_IGH_cdr3.csv
ARGGGGWYIDH,background_IGH_cdr3.csv
ARAKVTGRRTYSSGWYGRDAFDI,background_IGH_cdr3.csv
ARHKDVLTGHGAFDI,background_IGH_cdr3.csv
ARGAFRAWLLRSWSRTFDY,background_IGH_cdr3.csv
ARPLGTNAIWYFDL,background_IGH_cdr3.csv
ARFGDIVLMVYDY,background_IGH_cdr3.csv
ATDRTP,background_IGH_cdr3.csv
ATIDGIPEY,background_IGH_cdr3.csv
ARDDCGSGYSYGMDV,background_IGH_cdr3.csv
ARSGGCSGWCGD,background_IGH_cdr3.csv
ATSGTPFQH,background_IGH_cdr3.csv
ATLSGRRGWFDP,background_IGH_cdr3.csv
ARLRGGSYYGMDV,background_IGH_cdr3.csv
ARYRRLDSDGFYSSSDY,background_IGH_cdr3.csv
ARDTMQQLALDS,background_IGH_cdr3.csv
ARVPGIAAADPDY,background_IGH_cdr3.csv
AKSDVDIVATITSFTFDY,background_IGH_cdr3.csv
ARESSIGARYFDY,background_IGH_cdr3.csv
ARAARTAMSYWLDY,background_IGH_cdr3.csv
ATGIQLWSMDVS,background_IGH_cdr3.csv
ARTWYYDFWIVRRWFDP,background_IGH_cdr3.csv
ARGTPTPTDIVVAPDDSYYFDY,background_IGH_cdr3.csv
ALIRGMYGDYDPYYHFMMDV,background_IGH_cdr3.csv
ARPGGSCYYGMDV,background_IGH_cdr3.csv
ARPEGVRDHQPPGGHYFDY,background_IGH_cdr3.csv
ARQYYYGSSCSVDFDY,background_IGH_cdr3.csv
TTKGYGSGRYAFDI,background_IGH_cdr3.csv
AKDDWDYYDTSGPFDY,background_IGH_cdr3.csv
AREAVGVGSTGCYFDY,background_IGH_cdr3.csv
ARFAWGGGLDY,background_IGH_cdr3.csv
ARRHLNLRSNWFDP,background_IGH_cdr3.csv
ARANYDIPPRGFDY,background_IGH_cdr3.csv
ARGVYDSLYYFDY,background_IGH_cdr3.csv
AKDKREHCSSVRCYLQDH,background_IGH_cdr3.csv
ARGPMRELRPSSC,background_IGH_cdr3.csv
ARDRGGAIDY,background_IGH_cdr3.csv
ARAWCGGDCYGGFRNWFDP,background_IGH_cdr3.csv
ARGQMLRRSDSYGNWFDP,background_IGH_cdr3.csv
ARGTPTPTDIVVAPDESYYFDY,background_IGH_cdr3.csv
AKARMATRQLD,background_IGH_cdr3.csv
ARGPFEYSSSASGGFDY,background_IGH_cdr3.csv
ARGVASDYYYLGWDV,background_IGH_cdr3.csv
ARRGLEDLWLNDY,background_IGH_cdr3.csv
AREYTPAESGYYYCYGMDV,background_IGH_cdr3.csv
AHSLGIEGFDDAFDI,background_IGH_cdr3.csv
ARDYCSSTSCPKGPYYYYGMDV,background_IGH_cdr3.csv
ARGGTIATTGIDY,background_IGH_cdr3.csv
ARHYSALDH,background_IGH_cdr3.csv
ARGYWRGSCCLGLDVYFDY,background_IGH_cdr3.csv
AKDRGNVEHPPWFDP,background_IGH_cdr3.csv
ATPGACGIYCWYFDL,background_IGH_cdr3.csv
AHALDYCSGGSCYIFDY,background_IGH_cdr3.csv
ARGYWVYYSWSCGRHCFDY,background_IGH_cdr3.csv
ARMGDHLGAAFDY,background_IGH_cdr3.csv
ARWDGYDGALDY,background_IGH_cdr3.csv
ARDRNGY,background_IGH_cdr3.csv
ARGVPPDHVLHMGGDAFDI,background_IGH_cdr3.csv
ARSRVARGPIDY,background_IGH_cdr3.csv
ARGHCSLTSCYPMDV,background_IGH_cdr3.csv
ARHYSALDH,background_IGH_cdr3.csv
ARRGGVRYFDWLPSRYFDL,background_IGH_cdr3.csv
ARGRGVTIHSGGVAHTARGCFDL,background_IGH_cdr3.csv
ARGTRDYVWGSYRLRFGY,background_IGH_cdr3.csv
ARDERAPYNGFDY,background_IGH_cdr3.csv
ARSGDSSGYLTY,background_IGH_cdr3.csv
FDH,background_IGH_cdr3.csv
ARGGPGIAAAGACYFDY,background_IGH_cdr3.csv
ATGDYDSSGVDY,background_IGH_cdr3.csv
ARGAVCLYYFDY,background_IGH_cdr3.csv
ARTRNDSWGGPTQNYFDY,background_IGH_cdr3.csv
AVPSHSGYIQGAFDY,background_IGH_cdr3.csv
AHLYHYYDSSGYYWEVFDY,background_IGH_cdr3.csv
TTAPYDAFDI,background_IGH_cdr3.csv
ARGFERDGYIEYFRADV,background_IGH_cdr3.csv
TTAEGKRIYDFWSQPNWFDP,background_IGH_cdr3.csv
ARMATIFGVVTPDY,background_IGH_cdr3.csv
ARHYSALDH,background_IGH_cdr3.csv
ARNYQLLYSHTGMDY,background_IGH_cdr3.csv
ARELEYWYFDL,background_IGH_cdr3.csv
ARLGVVVVPAAKPVPDAFDI,background_IGH_cdr3.csv
ARESHCSSTSCSYYYYGMDV,background_IGH_cdr3.csv
ARDRNYISFDT,background_IGH_cdr3.csv
ARAFGMDV,background_IGH_cdr3.csv
ARHPQGQLVRDAFDI,background_IGH_cdr3.csv
ARAGPHSGGCDGNFDY,background_IGH_cdr3.csv
ARDRALNWSYSPCYFDY,background_IGH_cdr3.csv
ARVAY,background_IGH_cdr3.csv
AKDIGEGLYYYGMDV,background_IGH_cdr3.csv
ARFRRSFDY,background_IGH_cdr3.csv
ARGRLIMVVVVTATDFDY,background_IGH_cdr3.csv
ARDSSCSSSICYGAFDI,background_IGH_cdr3.csv
AREGY,background_IGH_cdr3.csv
ARATHTSGYGSGPFDA,background_IGH_cdr3.csv
ARRGESAFTT,background_IGH_cdr3.csv
ARVEGVVGATHGYCCFDP,background_IGH_cdr3.csv
ARDASSNEPVSMKYYFDY,background_IGH_cdr3.csv
VRGKYGVDV,background_IGH_cdr3.csv
ARIDYYDILTGSYYFDY,background_IGH_cdr3.csv
ARDIGDYGNSFDF,background_IGH_cdr3.csv
ARDSRYSYGPTPQPY,background_IGH_cdr3.csv
ARGKL,background_IGH_cdr3.csv
ARDSGVTTFDY,background_IGH_cdr3.csv
ARDRRHYYVWSGYQDKHRFDY,background_IGH_cdr3.csv
ARHLLAVAGEAYYFDY,background_IGH_cdr3.csv
ARETLIFGVIKARGPDY,background_IGH_cdr3.csv
ARDGDLELSDTFYYYYGMDV,background_IGH_cdr3.csv
ARVIGWAEAFDI,background_IGH_cdr3.csv
ARDGADSSGSSLAFDI,background_IGH_cdr3.csv
AGQPYSRNWFDP,background_IGH_cdr3.csv
ARSSSATFDY,background_IGH_cdr3.csv
ARDGGATYDAFDL,background_IGH_cdr3.csv
ARHEGGTNYFYGMDV,background_IGH_cdr3.csv
AHRRIAAVGIAYFDY,background_IGH_cdr3.csv
ARETVTYNWFDP,background_IGH_cdr3.csv
ARVGRKSRSYTY,background_IGH_cdr3.csv
ARDYSLRGLIG,background_IGH_cdr3.csv
AREYYDFWSGKNGPNWFDP,background_IGH_cdr3.csv
ARHGGLGSSRSGNWFDP,background_IGH_cdr3.csv
TRLGVVGATNYYYGMDV,background_IGH_cdr3.csv
ARGYCTNDVCYSFDD,background_IGH_cdr3.csv
ARHEPREGVTIFGVVNFFDY,background_IGH_cdr3.csv
AHILFDQLPTPAFDI,background_IGH_cdr3.csv
ARGTAAGPLNY,background_IGH_cdr3.csv
AREPGTICGVATTTTFDY,background_IGH_cdr3.csv
ARRSTAAAPFDY,background_IGH_cdr3.csv
ARLGIAGTRGSYYGLDV,background_IGH_cdr3.csv
ARVRRSGGGSPSDFLDY,background_IGH_cdr3.csv
ARGHYDGY,background_IGH_cdr3.csv
ARDMSSLLRDLDC,background_IGH_cdr3.csv
ARGDPINYYDSSGYYGYFDY,background_IGH_cdr3.csv
ARLFTSPYYWDF,background_IGH_cdr3.csv
ARGGCIIVVVVGAYYAFDY,background_IGH_cdr3.csv
ARFGGPGLVRELVYYYYYGMDV,background_IGH_cdr3.csv
ASKKRVGMDV,background_IGH_cdr3.csv
ARLPKYYFDESAFDI,background_IGH_cdr3.csv
ARGHSRDGVGTTAVIDD,background_IGH_cdr3.csv
ARTRDDYLSHKEYYFDY,background_IGH_cdr3.csv
ARDSVNMVVAGGYYFDY,background_IGH_cdr3.csv
AILEGG,background_IGH_cdr3.csv
ARIRDAAASSDYYYGMDV,background_IGH_cdr3.csv
ASGVTSDYYYYGMDV,background_IGH_cdr3.csv
ARALETDV,background_IGH_cdr3.csv
AREEEHGSGFDH,background_IGH_cdr3.csv
AHGSGSYYYFDY,background_IGH_cdr3.csv
ASLNDYGSASAPTLFPLVSCENSPSDTSSVAVGCLAQDFD,background_IGH_cdr3.csv
ARDPIAAAGTSYYYGMDV,background_IGH_cdr3.csv
AKGAWIGDGMD,background_IGH_cdr3.csv
ARIRVDGPFDY,background_IGH_cdr3.csv
ARGFLEGQLGLARFDY,background_IGH_cdr3.csv
ARGGPRRDGYNF,background_IGH_cdr3.csv
APMIAVFDY,background_IGH_cdr3.csv
AREDAFDI,background_IGH_cdr3.csv
VWRPPYYDFWSGREY,background_IGH_cdr3.csv
ARGRYDGNHGGSFDY,background_IGH_cdr3.csv
AATAILISGHSEDELYYFDY,background_IGH_cdr3.csv
ATDKQSGMSYYYYGMDD,background_IGH_cdr3.csv
ARVRSGNWWSGYYYYGMDV,background_IGH_cdr3.csv
ARDGCHSGCGGYYFDY,background_IGH_cdr3.csv
AYSGRHAFDI,background_IGH_cdr3.csv
AKKYYYDSSGHGRNDAFDI,background_IGH_cdr3.csv
ARKRIAAAGTQRPFDY,background_IGH_cdr3.csv
AKTGSWYEDY,background_IGH_cdr3.csv
ARDMKGYFDY,background_IGH_cdr3.csv
ARPGCSSTSCYAFD,background_IGH_cdr3.csv
ARGVVPVGAAADYFMDY,background_IGH_cdr3.csv
ARVKNLEWLLRQPGPGFDY,background_IGH_cdr3.csv
ARGFSFDGWGECPFDL,background_IGH_cdr3.csv
ARVKGIGPPAEH,background_IGH_cdr3.csv
ARGAAVAWYYCGLDY,background_IGH_cdr3.csv
ARRYSRGSSASCYSRWFDY,background_IGH_cdr3.csv
ARGGMVRGAHDWFDP,background_IGH_cdr3.csv
ARPIVVVATNCFDY,background_IGH_cdr3.csv
ARAPTKAPDVFPIISGCRHPKDNSPVVLACLITGYHPTSVTVTWY,background_IGH_cdr3.csv
ARDLRLGGGATDY,background_IGH_cdr3.csv
ARQGCWSSCSGAYFDY,background_IGH_cdr3.csv
AIIPYWNYVV,background_IGH_cdr3.csv
ARVTGPMSYFWSGYGDAYGMDV,background_IGH_cdr3.csv
ARIGCGGWELSA,background_IGH_cdr3.csv
ARHSSLSWFGEIATYYFDY,background_IGH_cdr3.csv
ARDVGSGNYGSFDY,background_IGH_cdr3.csv
ARGDSGWYRTQMYYFDY,background_IGH_cdr3.csv
ARDGGYRSVTMVASFDY,background_IGH_cdr3.csv
ARACTSGWCWFDP,background_IGH_cdr3.csv
AGRGPAFDI,background_IGH_cdr3.csv
ARSTVTTGQIDY,background_IGH_cdr3.csv
AREDQLLREGFQH,background_IGH_cdr3.csv
ARDGYLDY,background_IGH_cdr3.csv
ITGTY,background_IGH_cdr3.csv
ARDDLLTPIVATH,background_IGH_cdr3.csv
AQFWSGYFPDS,background_IGH_cdr3.csv
AKGPNDWSYVDY,background_IGH_cdr3.csv
ATGTTTPTDIVVVSGASYYFGY,background_IGH_cdr3.csv
ARDGDFLESRGNFDY,background_IGH_cdr3.csv
GRDRYSGGWFLDL,background_IGH_cdr3.csv
ARLGDGPDY,background_IGH_cdr3.csv
ARIRSFGRVGARPGVVDY,background_IGH_cdr3.csv
VGDDLALRGLSDR,background_IGH_cdr3.csv
ARGEGRWLRLSGGFDY,background_IGH_cdr3.csv
ARDLSDYDISGPDY,background_IGH_cdr3.csv
ARSVAATGEGYYYGMDV,background_IGH_cdr3.csv
ARAGIVVVAAGTAKGFDY,background_IGH_cdr3.csv
ARSGRGTASWFDP,background_IGH_cdr3.csv
ARHGSRGGTGMDV,background_IGH_cdr3.csv
ARGVLRSPERLTGWFDY,background_IGH_cdr3.csv
AKERGRGNFWYFDL,background_IGH_cdr3.csv
ARQGVGEEGSPAFDI,background_IGH_cdr3.csv
ARLDTAMVHYYGMDV,background_IGH_cdr3.csv
ARGVGIVATSAFDI,background_IGH_cdr3.csv
ARGTSSGYYYGMDV,background_IGH_cdr3.csv
ARLLRGPPDYSNILFDY,background_IGH_cdr3.csv
ARKSVPSRLRAVDDYYDSSMSPLDWYFDL,background_IGH_cdr3.csv
ARGPDCCSTSWSDWYFDY,background_IGH_cdr3.csv
ARGYSGYD,background_IGH_cdr3.csv
ARDVLGGFLDWLLLNFDY,background_IGH_cdr3.csv
ARKGKDSSNIYYFDY,background_IGH_cdr3.csv
ARLWSGVGFSSSDY,background_IGH_cdr3.csv
ARGGEYYYDSSGYPGDY,background_IGH_cdr3.csv
ARIWAGPGLDY,background_IGH_cdr3.csv
ARECGSEVGYGMDY,background_IGH_cdr3.csv
ARDVREYYDSSGYYEYCFDY,background_IGH_cdr3.csv
ARGLMSSSWYEEYCMDD,background_IGH_cdr3.csv
ARAIVVPAAMDV,background_IGH_cdr3.csv
ASLANWNSFRSFYYGMDV,background_IGH_cdr3.csv
ARDPSHSRFGWFDP,background_IGH_cdr3.csv
ARDACGSPSCFDY,background_IGH_cdr3.csv
AGPHVISSPAGMDV,background_IGH_cdr3.csv
ARDPGQLDLDY,background_IGH_cdr3.csv
ARLSNSYGYNI,background_IGH_cdr3.csv
ATDGFGLRYAFDI,background_IGH_cdr3.csv
TRTAWSDYYKH,background_IGH_cdr3.csv
ARRSLAAAGH,background_IGH_cdr3.csv
ARGRSSGLSDY,background_IGH_cdr3.csv
ARGLAQLRGNRPKTFDY,background_IGH_cdr3.csv
ARVGPCSSTSCDFQPGFDD,background_IGH_cdr3.csv
ARDYSNGVGTSTTMDV,background_IGH_cdr3.csv
AREFQPYYDSSGGCYLDI,background_IGH_cdr3.csv
ARIETIFGVVISIDP,background_IGH_cdr3.csv
AHLHYYGSGNFYTGVYLDY,background_IGH_cdr3.csv
ARVGGGGCDWYAFDY,background_IGH_cdr3.csv
ARDWGVGAVYFDY,background_IGH_cdr3.csv
ARGDQAARFDY,background_IGH_cdr3.csv
ARRYSSSWQNAAFDI,background_IGH_cdr3.csv
ARAKTKSGPTPDS,background_IGH_cdr3.csv
ARDITVAGGDGMDV,background_IGH_cdr3.csv
VTALEIRRFDC,background_IGH_cdr3.csv
ARAADLSGSDFGN,background_IGH_cdr3.csv
ARHRHEEDY,background_IGH_cdr3.csv
ARGSNIAAAAVDY,background_IGH_cdr3.csv
AGLLLGGVFDI,background_IGH_cdr3.csv
ARGGTPSDY,background_IGH_cdr3.csv
ARSGDYSSSWYRMGYSFDY,background_IGH_cdr3.csv
ARILAGRDGDFPVLIFDY,background_IGH_cdr3.csv
ARDGPLGREAMAFDI,background_IGH_cdr3.csv
AKDIWRVWFGFYGMDV,background_IGH_cdr3.csv
ASRDQQPWYYDY,background_IGH_cdr3.csv
TRSQYPENWFDP,background_IGH_cdr3.csv
ARDRFRVLGAFDI,background_IGH_cdr3.csv
ARRGYDFWSGQYWYFDL,background_IGH_cdr3.csv
ARGYRYYRFFDH,background_IGH_cdr3.csv
ARHYSALDH,background_IGH_cdr3.csv
ARPYPVRYAGYSSNWFDP,background_IGH_cdr3.csv
ARHVRRWDWFDP,background_IGH_cdr3.csv
AREKRSSGWYRVDY,background_IGH_cdr3.csv
ARGGIAVAGNSDV,background_IGH_cdr3.csv
ARGGGGGSYNGMDY,background_IGH_cdr3.csv
GRLPPKRSSTRD,background_IGH_cdr3.csv
VRRGTATLAGAFDI,background_IGH_cdr3.csv
ARGRGSYDYWGGMDV,background_IGH_cdr3.csv
ARVPGVGAKRGIDY,background_IGH_cdr3.csv
ARHYSALDH,background_IGH_cdr3.csv
ARGRCPNWGCSGPYWYFDL,background_IGH_cdr3.csv
ARLDDSGSGYYYYGMDV,background_IGH_cdr3.csv
ARDSSGYFA,background_IGH_cdr3.csv
ARVRASGRAYNWFDP,background_IGH_cdr3.csv
MTERRWEGEYY,background_IGH_cdr3.csv
ARDSGSYGSTGYGDFDY,background_IGH_cdr3.csv
ARGSWFGDNYYYGMDV,background_IGH_cdr3.csv
ARRGEYCSSTSCYSPPDY,background_IGH_cdr3.csv
ASRSGWPEELGFDP,background_IGH_cdr3.csv
ARGSRQLDYFDY,background_IGH_cdr3.csv
ARGTPTPTDIVVAPDDSYYFDY,background_IGH_cdr3.csv
AKAGTRGSRTCSSTSCYWPDY,background_IGH_cdr3.csv
ARETLIFGVIKARGPDY,background_IGH_cdr3.csv
ARGTTTPTDIVVVSGASYYFGY,background_IGH_cdr3.csv
ARHGDYYGSGVFDY,background_IGH_cdr3.csv
VKLGYCSGGACFGLDY,background_IGH_cdr3.csv
AHSRGFGESRLRGGMDV,background_IGH_cdr3.csv
ARDRWSSGWWEDY,background_IGH_cdr3.csv
ARGSAYRGRYSYCFDY,background_IGH_cdr3.csv
TKGGGHNDFDL,background_IGH_cdr3.csv
ARGREYRTSYSKSATSPFDC,background_IGH_cdr3.csv
ARDLGLEEDH,background_IGH_cdr3.csv
ERWPQWELLL,background_IGH_cdr3.csv
ATSGTPFQH,background_IGH_cdr3.csv
ARGLEVTSDQILQRQSPFDY,background_IGH_cdr3.csv
ARGCSRSTTSDYYDSSVLEMCDAFDI,background_IGH_cdr3.csv
ARAGVVAAGMGAFDY,background_IGH_cdr3.csv
AHSVGIAAAGSRSFDY,background_IGH_cdr3.csv
TTNRTGYGMDV,background_IGH_cdr3.csv
TTDDSWY,background_IGH_cdr3.csv
ARDPGYSYGYDY,background_IGH_cdr3.csv
ATVKVATITGHAFDI,background_IGH_cdr3.csv
KWELSRYYGMDV,background_IGH_cdr3.csv
ARDPEYYYDSSGYSAYFDY,background_IGH_cdr3.csv
ARHLGWRYCFDY,background_IGH_cdr3.csv
ARKTLFDI,background_IGH_cdr3.csv
ARAGPGSSSDRWFDP,background_IGH_cdr3.csv
ARRSVAVVGDP,background_IGH_cdr3.csv
ARGGPIDY,background_IGH_cdr3.csv
ARAGRGRPLLLNGLDI,background_IGH_cdr3.csv
AKDYGHSSSSYYFDY,background_IGH_cdr3.csv
ASPNWFVGSC,background_IGH_cdr3.csv
ARGIKGGYDPVGYFDY,background_IGH_cdr3.csv
ARVAGGVPAAIMVYYGMDY,background_IGH_cdr3.csv
ARDDSAGRDFDY,background_IGH_cdr3.csv
ARWNLARGYYYYGMDV,background_IGH_cdr3.csv
ARVAGDSGSDY,background_IGH_cdr3.csv
ARVLGYCGSASCYTVYWYFDL,background_IGH_cdr3.csv
ARYWGVACDGWSSYGMDD,background_IGH_cdr3.csv
ARDAGRG,background_IGH_cdr3.csv
ARGFSAAGYLDY,background_IGH_cdr3.csv
ARHEAAAGPFDY,background_IGH_cdr3.csv
AKANLVVTTGLDY,background_IGH_cdr3.csv
ASHPSPLAAAGFHFDY,background_IGH_cdr3.csv
ARIQSATPRYYYGMDV,background_IGH_cdr3.csv
ARQRGRQHDFDY,background_IGH_cdr3.csv
ARGNWGTVSGTGWFDP,background_IGH_cdr3.csv
ATSGTPFEY,background_IGH_cdr3.csv
ARFHPQIPYYGYGMDV,background_IGH_cdr3.csv
ARVDVVVVAIGRFDY,background_IGH_cdr3.csv
ARGKHGVAY,background_IGH_cdr3.csv
ATWSRVGRAPGFDV,background_IGH_cdr3.csv
ARGTEAGAPFDY,background_IGH_cdr3.csv
ARRRGLEWLLRYDGYFDF,background_IGH_cdr3.csv
AHTLGAGGVVVVAADNWFDP,background_IGH_cdr3.csv
ARAGNWGIIVVPVTPKYFDY,background_IGH_cdr3.csv
ARDYWGSSYYYYGFD,background_IGH_cdr3.csv
ARGPSHDYGSGNYHFDY,background_IGH_cdr3.csv
ARVGYYDFWSGYYQGMDV,background_IGH_cdr3.csv
ARGQGNLGGSGSYLHYCYGMDV,background_IGH_cdr3.csv
AHYRGWYFSPTTNNYFDY,background_IGH_cdr3.csv
ARPTAVAVCDLDAFDY,background_IGH_cdr3.csv
ARVPDY,background_IGH_cdr3.csv
ARHPANTGRQYYGMDV,background_IGH_cdr3.csv
ARGGAGVLDY,background_IGH_cdr3.csv
ARRSGWYVYYFDY,background_IGH_cdr3.csv
ARDTIFGGVVPAAITFDYGMDV,background_IGH_cdr3.csv
AKTRYSSSSGRYFDL,background_IGH_cdr3.csv
ASSLPVSSSVRKGVYFDY,background_IGH_cdr3.csv
ARIALIAGRLTYYYAMDV,background_IGH_cdr3.csv
AGDSDHFYYVMRV,background_IGH_cdr3.csv
AAGNFDFWTWWY,background_IGH_cdr3.csv
ARDWVFGEVYAGLFDY,background_IGH_cdr3.csv
ARQYAAFDI,background_IGH_cdr3.csv
ARRYRSDSSYFEY,background_IGH_cdr3.csv
ARRVPSRGRSRFQGWFDH,background_IGH_cdr3.csv
ARDGRENWFDP,background_IGH_cdr3.csv
ASTGGVSAGYFDY,background_IGH_cdr3.csv
AKDQVADLYYYYGMDV,background_IGH_cdr3.csv
AKVVHLYGSIDF,background_IGH_cdr3.csv
ARGRGIVPADITWGRHWFDP,background_IGH_cdr3.csv
ARDSSGSY,background_IGH_cdr3.csv
AREQWGDTAIDDAFDI,background_IGH_cdr3.csv
ARGGGGSCLLRLLWYDY,background_IGH_cdr3.csv
ARILSTGLFDY,background_IGH_cdr3.csv
ARAQSSRGGYFDY,background_IGH_cdr3.csv
ARGLTTANYYMDV,background_IGH_cdr3.csv
ARVSGRVCSGGSCWFDY,background_IGH_cdr3.csv
ATGPQQWELSPPIVH,background_IGH_cdr3.csv
ARDPTGYGLTRFD,background_IGH_cdr3.csv
AKGQSDFGVLTSYGMDV,background_IGH_cdr3.csv
ARGGALMEIYHFDY,background_IGH_cdr3.csv
ARDRRDGYKATFDY,background_IGH_cdr3.csv
ARVLAPGSGYYLYGDY,background_IGH_cdr3.csv
ARGSMTTVTHYFDY,background_IGH_cdr3.csv
ASASYYDVWRGNYKHGKDY,background_IGH_cdr3.csv
AAQNYDYVQDAFDI,background_IGH_cdr3.csv
ARGELGGANCFDY,background_IGH_cdr3.csv
ARELQTRIAASDY,background_IGH_cdr3.csv
ARRPKLWFGEGEDAFDI,background_IGH_cdr3.csv
ARDRTARRAAPGWYFDL,background_IGH_cdr3.csv
ARPGSEDSSGAYGDYDAFDI,background_IGH_cdr3.csv
ARSGSYYDAFDI,background_IGH_cdr3.csv
VTHGPY,background_IGH_cdr3.csv
ARDPGLRFLEWSLNYYYYGMDV,background_IGH_cdr3.csv
ATRYIVVVPAAKTDFDY,background_IGH_cdr3.csv
ARARWSGYHRTYYFDY,background_IGH_cdr3.csv
ARGWELLSFDY,background_IGH_cdr3.csv
ARDLKAVPGFGIDC,background_IGH_cdr3.csv
ARVRSERDPYFDL,background_IGH_cdr3.csv
ARGRSSNGYSNYPFDY,background_IGH_cdr3.csv
ARGPLGIDY,background_IGH_cdr3.csv
ATFRFGAWLP,background_IGH_cdr3.csv
ARGDTVVVAAAVQRYNWFDP,background_IGH_cdr3.csv
AHRREPITMIADSGNDAFDI,background_IGH_cdr3.csv
ARAQSTMLGVAYTYSDAFDY,background_IGH_cdr3.csv
ARYSYSRLGDAFDI,background_IGH_cdr3.csv
ARSLVMNAADL,background_IGH_cdr3.csv
ARGGTIEADIDY,background_IGH_cdr3.csv
ARLPKYYFDESAFDI,background_IGH_cdr3.csv
TGDPYGALLYYFDY,background_IGH_cdr3.csv
ASIVVPAATTDY,background_IGH_cdr3.csv
RRAGTKSFDR,background_IGH_cdr3.csv
ARPCGGSSSSGYYYYGFDF,background_IGH_cdr3.csv
ARDSGNQGYFDY,background_IGH_cdr3.csv
ARDGLVVGADSGP,background_IGH_cdr3.csv
ARRGSYYGTGSSYAAFDY,background_IGH_cdr3.csv
ARGRGLGATAMGY,background_IGH_cdr3.csv
ARGWELLSFDY,background_IGH_cdr3.csv
ARDTSRGNDFDY,background_IGH_cdr3.csv
AKDARDGYNFGY,background_IGH_cdr3.csv
ASPGIVGAMSAFDI,background_IGH_cdr3.csv
AHSRPLLGVFDI,background_IGH_cdr3.csv
ARGVDSSASRLDY,background_IGH_cdr3.csv
ARHVPRITMIAFDI,background_IGH_cdr3.csv
ARGKKGTAADGDYYGMDV,background_IGH_cdr3.csv
ARAKAKSGPTPDS,background_IGH_cdr3.csv
AINPRDHGA,background_IGH_cdr3.csv
ARGVPAASHYFQH,background_IGH_cdr3.csv
ARGPYGMDV,background_IGH_cdr3.csv
ARARGATGTTVDY,background_IGH_cdr3.csv
ARQAIWGGRPGSWYFDF,background_IGH_cdr3.csv
ARLIRVGNGYNWFDP,background_IGH_cdr3.csv
ARGVVAATDGID,background_IGH_cdr3.csv
ARGRGDMVRGVIHNYYGMDV,background_IGH_cdr3.csv
AAGDGSLDV,background_IGH_cdr3.csv
ARESSRTILGVVPIRYDAFDI,background_IGH_cdr3.csv
ARMATIFGVATPDY,background_IGH_cdr3.csv
ARYIPRQLYYFDY,background_IGH_cdr3.csv
ATTRGDYYDGSGPNGIDY,background_IGH_cdr3.csv
ASQIILGAFDI,background_IGH_cdr3.csv
ARGLDDFGAT,background_IGH_cdr3.csv
ARSDRKMVHLNDY,background_IGH_cdr3.csv
ARAQSQGQRTRAFAFDI,background_IGH_cdr3.csv
ARDNWSYGDAFDI,background_IGH_cdr3.csv
ARDSGHGGGSCGSHGFDF,background_IGH_cdr3.csv
ARAADLSGSDFGN,background_IGH_cdr3.csv
ARGSGDLLAAGSDYGLDV,background_IGH_cdr3.csv
ARDRFDNGWGSGHGLDV,background_IGH_cdr3.csv
AHGYSSSWWGFGGFDP,background_IGH_cdr3.csv
ARDFWSGNFFDY,background_IGH_cdr3.csv
ASLGGELFPSDY,background_IGH_cdr3.csv
ARGYYGSGWFDP,background_IGH_cdr3.csv
ARAGTAMSGLEDY,background_IGH_cdr3.csv
AREEEHGSGFDH,background_IGH_cdr3.csv
ARRVLYYDFWSGYYTGIDNWFDP,background_IGH_cdr3.csv
TRDHPLGYDFWSGYWGGFDP,background_IGH_cdr3.csv
ARDRLIGGTVATFDY,background_IGH_cdr3.csv
VRDVTAVPGVGLDY,background_IGH_cdr3.csv
ARVGIVIPNWFDP,background_IGH_cdr3.csv
ARDKTTPYGMDV,background_IGH_cdr3.csv
AKARSSGCYDFDY,background_IGH_cdr3.csv
ARHAIGSRGCFDL,background_IGH_cdr3.csv
ARDGIKSTTTTSDGFDF,background_IGH_cdr3.csv
ARGTQGGYYGSGGYPYGFDY,background_IGH_cdr3.csv
ARHGGLGSSRSGNWFDP,background_IGH_cdr3.csv
ARSAPCSTTSCYQDGMDA,background_IGH_cdr3.csv
ATSRPQAWFLA,background_IGH_cdr3.csv
ARHGLDFFPLNDAFDI,background_IGH_cdr3.csv
ATVGWSDYYYYGMDV,background_IGH_cdr3.csv
ACSGYLDVD,background_IGH_cdr3.csv
ARAPYSSGWTPLDY,background_IGH_cdr3.csv
ARVGGLDV,background_IGH_cdr3.csv
ARGPRSGYRYYYYYGMDV,background_IGH_cdr3.csv
AREGGGVSCYYGWGFDY,background_IGH_cdr3.csv
AIRGGHGGSYTGDF,background_IGH_cdr3.csv
AREALEGSGSYYCYDYGIDY,background_IGH_cdr3.csv
ARVRVVAGIDY,background_IGH_cdr3.csv
ARERSTGATSSDYFDF,background_IGH_cdr3.csv
AKDMLVGATPFDY,background_IGH_cdr3.csv
ARLGVLGPSAYYYYGMDV,background_IGH_cdr3.csv
VRDRTAVAGVGIDY,background_IGH_cdr3.csv
ARGRGGFGHYYYYGMDV,background_IGH_cdr3.csv
AKGSGSAAFDN,background_IGH_cdr3.csv
ARKEPAFGDTGAFDI,background_IGH_cdr3.csv
AIFVVVPAALRKAEYFQH,background_IGH_cdr3.csv
ARFRDSGQQLVRGEGFDP,background_IGH_cdr3.csv
ARDVYDCGGDYAVF,background_IGH_cdr3.csv
ARAVPTMADAFDI,background_IGH_cdr3.csv
ARVYSSSPTLVLDY,background_IGH_cdr3.csv
ARLPKYYFDESAFDI,background_IGH_cdr3.csv
ARDYYDSSAGRND,background_IGH_cdr3.csv
VKDLGGQSDY,background_IGH_cdr3.csv
ARFFALGYCSSTSCYTNY,background_IGH_cdr3.csv
ARGGYSSSSLSGDFDY,background_IGH_cdr3.csv
ARDYSNYHNYYYGMDV,background_IGH_cdr3.csv
ARGFRESSGTNGDIDY,background_IGH_cdr3.csv
ARGTIYDY,background_IGH_cdr3.csv
AGGNAGGSGSHDFDY,background_IGH_cdr3.csv
ARGHTQGRSGFDY,background_IGH_cdr3.csv
ASSTGYYDSSGDVWYYFDY,background_IGH_cdr3.csv
ARDVLVWFEWPAGAFDY,background_IGH_cdr3.csv
ARDTRTTNYVRGGWLFDF,background_IGH_cdr3.csv
ARETLIFGVIKARGPDY,background_IGH_cdr3.csv
ARYWPGAASRYYDGIDY,background_IGH_cdr3.csv
ARFASTPFDWWYFDL,background_IGH_cdr3.csv
ARHEGRYYFDY,background_IGH_cdr3.csv
AKGKGLANSAMARSYYYGMDV,background_IGH_cdr3.csv
ARGIAVAGYDY,background_IGH_cdr3.csv
ATDVLRLEWYDGFDV,background_IGH_cdr3.csv
ARAPARGSSSLNY,background_IGH_cdr3.csv
ARGRSMVVAGPSFDY,background_IGH_cdr3.csv
AREHLYGDYDY,background_IGH_cdr3.csv
ASSSSFWYFDR,background_IGH_cdr3.csv
ARHEWDRSANWNYLYFRFWWFDP,background_IGH_cdr3.csv
ARDQSYDFWSGYYRWFDP,background_IGH_cdr3.csv
ARGGDCCCRGSYCYYGMDA,background_IGH_cdr3.csv
ARGASPYGSGKFDTLDH,background_IGH_cdr3.csv
ARATVGTPDY,background_IGH_cdr3.csv
AREYTYYYGSGSYYWD,background_IGH_cdr3.csv
ARDPEARTVAFDY,background_IGH_cdr3.csv
ARDLGDLSGYFDY,background_IGH_cdr3.csv
AREAHNNDSPLHYFDY,background_IGH_cdr3.csv
ARDRYSGSNGFDY,background_IGH_cdr3.csv
ARQSVLQWVPADFDY,background_IGH_cdr3.csv
ARGYQLLELYCFDY,background_IGH_cdr3.csv
AREAREVATGRDYFDY,background_IGH_cdr3.csv
ARGGDDSSGWAASFDY,background_IGH_cdr3.csv
AREAYDSGWLGCRHYAFDI,background_IGH_cdr3.csv
ARVCYGSYGKDQLLLRYGRY,background_IGH_cdr3.csv
AHRQNFVGGGIAAAGDWFDP,background_IGH_cdr3.csv
ARSPCTSTSCYPDY,background_IGH_cdr3.csv
VGDDLALRGLSDR,background_IGH_cdr3.csv
ARDWGYGDYDVDY,background_IGH_cdr3.csv
ASGYLHDSSGYRYHYGMDV,background_IGH_cdr3.csv
ARAPIVVAAAATFDY,background_IGH_cdr3.csv
ARQGDNYDSGGYYYCFDY,background_IGH_cdr3.csv
ARGPDSSGQHDY,background_IGH_cdr3.csv
ARGKRGATITCFDY,background_IGH_cdr3.csv
ARDGDGDPEYYFDY,background_IGH_cdr3.csv
ARMTYSGAWYEDY,background_IGH_cdr3.csv
ARDAYCSGDCCYVPLDH,background_IGH_cdr3.csv
ARHARWGSCGNGWYGFDY,background_IGH_cdr3.csv
ARGRPVPAGNYFDY,background_IGH_cdr3.csv
ARVVGSLHNYYFDY,background_IGH_cdr3.csv
ARVCLYYYDSSGYHDY,background_IGH_cdr3.csv
ATGDY,background_IGH_cdr3.csv
LYSYDSSGYYEYYFDY,background_IGH_cdr3.csv
AREVRGGTDY,background_IGH_cdr3.csv
AASSTHDY,background_IGH_cdr3.csv
ARGCNGYYAWDAFDY,background_IGH_cdr3.csv
ARGGVVTPPRFDY,background_IGH_cdr3.csv
ARGRTSAAFGGVSAY,background_IGH_cdr3.csv
AREGQMATNPFDY,background_IGH_cdr3.csv
ARDLLAAPTKGDY,background_IGH_cdr3.csv
ARVGVFVEELGSNGGVVSFTRKCLDI,background_IGH_cdr3.csv
ARERDHYSGGYYASFDY,background_IGH_cdr3.csv
ARDGSHGYIYPLNSWFDY,background_IGH_cdr3.csv
ARTLLSNTWYKRRFDP,background_IGH_cdr3.csv
ARGRAVAGIRWFDP,background_IGH_cdr3.csv
ARGMGSGSPNWFDP,background_IGH_cdr3.csv
ARAVVVADGYFDY,background_IGH_cdr3.csv
ARSAPCSTTSCYQDGMDA,background_IGH_cdr3.csv
ARRRRLLEWLLYLEVCYFDY,background_IGH_cdr3.csv
ARGGFRQNDSTFNYPYDAFDI,background_IGH_cdr3.csv
ASFVVVKLKDAFDI,background_IGH_cdr3.csv
ARDPTSGCGGSNYFDY,background_IGH_cdr3.csv
ARECGSGSSSCHSPYFDY,background_IGH_cdr3.csv
ARGRGEDTTMVVATYYFDY,background_IGH_cdr3.csv
ATARYYD,background_IGH_cdr3.csv
ATSIHSGYDSV,background_IGH_cdr3.csv
ARTTPFDY,background_IGH_cdr3.csv
AHAPQYYYDSSGYYS,background_IGH_cdr3.csv
ARGAFRAWLLRSWSRTFDY,background_IGH_cdr3.csv
ANSDSGVHRY,background_IGH_cdr3.csv
ARGSYCSSSSCYSYGIDF,background_IGH_cdr3.csv
AHYNWNYFI,background_IGH_cdr3.csv
ARISFWDSNYDFWSGYWYYFDY,background_IGH_cdr3.csv
ARDVSGVPASN,background_IGH_cdr3.csv
ARDYYGSGS,background_IGH_cdr3.csv
ARDIGFIGDYSGD,background_IGH_cdr3.csv
ARDGGCYYAGNWFDH,background_IGH_cdr3.csv
ARDAGGGYYYYFDY,background_IGH_cdr3.csv
ARGRQQQLVGGAYGDY,background_IGH_cdr3.csv
VKEGGSLDD,background_IGH_cdr3.csv
GRDRYSGGWFLDR,background_IGH_cdr3.csv
ARGRRLGVVAATCDY,background_IGH_cdr3.csv
ASPRGVGY,background_IGH_cdr3.csv
ACDY,background_IGH_cdr3.csv
ARIGRGAARSPFFDY,background_IGH_cdr3.csv
AKDKNPSGYDYFDY,background_IGH_cdr3.csv
ARGGYDSGGPFDY,background_IGH_cdr3.csv
ARDPTCGVGMQSGFDV,background_IGH_cdr3.csv
AIQVVETAKDYDFWSGYYIGNWFDY,background_IGH_cdr3.csv
ARTGGLITMID,background_IGH_cdr3.csv
ARGGITEMAVVTYYYGFDV,background_IGH_cdr3.csv
ARWGIAAAGNYFAY,background_IGH_cdr3.csv
AHSGNWNLNWFDP,background_IGH_cdr3.csv
ARFGSGGSGGFDY,background_IGH_cdr3.csv
ARGYNSSGNWFDP,background_IGH_cdr3.csv
ARRAMANDAFDI,background_IGH_cdr3.csv
ARGTGIAAGRGWFDY,background_IGH_cdr3.csv
ARALRGIVVVPATMGAAGMDV,background_IGH_cdr3.csv
AGPIT,background_IGH_cdr3.csv
ARDGRGLIVVADAFDF,background_IGH_cdr3.csv
ARLNVVDDILTGPIDY,background_IGH_cdr3.csv
ARVVRIFGVVIDY,background_IGH_cdr3.csv
ARGRGQLGCMDV,background_IGH_cdr3.csv
ARDHSYGSSACYAGCFDY,background_IGH_cdr3.csv
ARGEQQLVGTDV,background_IGH_cdr3.csv
ARELISGIAAAEGFDP,background_IGH_cdr3.csv
ARGGRKIQLSRYNS,background_IGH_cdr3.csv
ARGSASAPTLFPLVSCENSPSDTSSVAVGCLAQDF,background_IGH_cdr3.csv
ARDRWVWVLLCDAFDF,background_IGH_cdr3.csv
ARGTLFVNLRYYYGTLDV,background_IGH_cdr3.csv
ARHEEYQLPETGGVSYFDY,background_IGH_cdr3.csv
AREYDCWSGCYELDYFDY,background_IGH_cdr3.csv
ASETGVSSYFDY,background_IGH_cdr3.csv
ARVRDRLPPDY,background_IGH_cdr3.csv
ARAKTKSGPTPDS,background_IGH_cdr3.csv
ARVIYYRVKSRGWFDP,background_IGH_cdr3.csv
AKQLRFDYGMDV,background_IGH_cdr3.csv
ARDQMVAEWFDP,background_IGH_cdr3.csv
ARDPGYADIRTDY,background_IGH_cdr3.csv
ARDASGSGFDY,background_IGH_cdr3.csv
ARSGRGATVMGTIDY,background_IGH_cdr3.csv
ARELPPLVPFDY,background_IGH_cdr3.csv
AHSPRWSDYYTYYYGMDV,background_IGH_cdr3.csv
GRSWGSSLLLRYGR,background_IGH_cdr3.csv
ARDRGLWPI,background_IGH_cdr3.csv
ARRGYSSGWEQFDY,background_IGH_cdr3.csv
ARIHPISIAVASRRAKYYFDY,background_IGH_cdr3.csv
ERAYDYYYGMDV,background_IGH_cdr3.csv
AREDTEVVVVVDY,background_IGH_cdr3.csv
ARVAAGMATGWFDP,background_IGH_cdr3.csv
VRIMVGAAGGSH,background_IGH_cdr3.csv
ARHGGGNWRSTNWYFFHS,background_IGH_cdr3.csv
ARVWGRIYGMDV,background_IGH_cdr3.csv
ARDPGQLDLDY,background_IGH_cdr3.csv
ARAVQVPVYEDALPFDI,background_IGH_cdr3.csv
AHRTLHYDSSGFDY,background_IGH_cdr3.csv
ARDGDFLESRWNFDY,background_IGH_cdr3.csv
ARGLDDFGAT,background_IGH_cdr3.csv
ARAIVVVPAASSDYFDY,background_IGH_cdr3.csv
ARVGATVDY,background_IGH_cdr3.csv
ARDLTGGVGPVGDYDYGMDV,background_IGH_cdr3.csv
ARAPGPGADRPDY,background_IGH_cdr3.csv
AKDLRKLAGFGHDG,background_IGH_cdr3.csv
ARERLGQANWFDP,background_IGH_cdr3.csv
AGCRLLREYSPLDV,background_IGH_cdr3.csv
ARLDGYNSFDY,background_IGH_cdr3.csv
ARGWPSRGGVDY,background_IGH_cdr3.csv
ASGSWGLLVTTDFDY,background_IGH_cdr3.csv
AHSPEMDSSSWYGKFDY,background_IGH_cdr3.csv
ARGHPLYGMDV,background_IGH_cdr3.csv
VRDLAGVGAPSA,background_IGH_cdr3.csv
ARYSGSYLAYFQH,background_IGH_cdr3.csv
ARDGVYSDGLN,background_IGH_cdr3.csv
ARGSCSSACCGFDS,background_IGH_cdr3.csv
ARENVGWGGGYYAIDY,background_IGH_cdr3.csv
ARELWFGELNFITASDY,background_IGH_cdr3.csv
ARYSGSYLAYFQH,background_IGH_cdr3.csv
ARECVGVDA,background_IGH_cdr3.csv
AAGNFDFWTWWY,background_IGH_cdr3.csv
ARSYDSSGTLPFAFDI,background_IGH_cdr3.csv
ARSECSSTSCNWYDYYGMDV,background_IGH_cdr3.csv
ARDQLRRVQLRTYYDYGMDV,background_IGH_cdr3.csv
ARDALGWSAWS,background_IGH_cdr3.csv
ARDGPHYYDSSGYLNNFDY,background_IGH_cdr3.csv
TTDNHASFDI,background_IGH_cdr3.csv
ALTRKYYGMDV,background_IGH_cdr3.csv
ARALRFLEWLGEYDI,background_IGH_cdr3.csv
AREERGSSSWPNPFDY,background_IGH_cdr3.csv
GRDDLIIEAGVDHYYGMDV,background_IGH_cdr3.csv
ARDFDHPTRFDL,background_IGH_cdr3.csv
ARDHYDSSGYYHPDSFDF,background_IGH_cdr3.csv
ARVLRRVPAANSLAY,background_IGH_cdr3.csv
ARSHREYDDASGTRANWFDP,background_IGH_cdr3.csv
ARQGGYDCSGLDYYYYGMDV,background_IGH_cdr3.csv
TIHITDLQYYFDY,background_IGH_cdr3.csv
ARRESGTYHFDY,background_IGH_cdr3.csv
ARTHCGNDCFPDAFDL,background_IGH_cdr3.csv
ARGSGSGSYCVDY,background_IGH_cdr3.csv
AHSVPKQLDWMPDY,background_IGH_cdr3.csv
ARVLAQQLVGAGY,background_IGH_cdr3.csv
ARGGRSDAFDI,background_IGH_cdr3.csv
ARTAGNNWFDY,background_IGH_cdr3.csv
ARLATYYDFWSGPMPLVGLIDY,background_IGH_cdr3.csv
ARARGSWWGLLNWYFDF,background_IGH_cdr3.csv
ARRGGYSGYDYQYYFDY,background_IGH_cdr3.csv
ARVLGGGSKAPLDY,background_IGH_cdr3.csv
AKDRGRWLLTSLGD,background_IGH_cdr3.csv
ARIGTGYYYFDY,background_IGH_cdr3.csv
AHRTLYYDSSGYYYADFDY,background_IGH_cdr3.csv
ARDRGIWAYGFDI,background_IGH_cdr3.csv
AAAGFDY,background_IGH_cdr3.csv
ARGPVGLELEVDY,background_IGH_cdr3.csv
ARGVDGSSACCHEDY,background_IGH_cdr3.csv
ARDWMKQQLVLSPVDY,background_IGH_cdr3.csv
ARERVVMAAGYFDY,background_IGH_cdr3.csv
ARDPYDSSGY,background_IGH_cdr3.csv
ARDEGYSYEKFDD,background_IGH_cdr3.csv
ARDDGETFPYAMDV,background_IGH_cdr3.csv
SSQRLGGFYGMDV,background_IGH_cdr3.csv
ARAPEAVLGAPNVDY,background_IGH_cdr3.csv
ARLVGYSSGPTFYYYYGMDV,background_IGH_cdr3.csv
AKVPRSYNNYGSSASWYHFDY,background_IGH_cdr3.csv
ARGGDSSSSRSRWYFDY,background_IGH_cdr3.csv
ARASGCEGNYYFDY,background_IGH_cdr3.csv
GRLPPKRSSTRD,background_IGH_cdr3.csv
AREMEQRVGCVGY,background_IGH_cdr3.csv
AKGSAFDM,background_IGH_cdr3.csv
ARWWGGLDY,background_IGH_cdr3.csv
GSSRGSLPAAAGRKGWV,background_IGH_cdr3.csv
ARDPRHRYYGYGMDV,background_IGH_cdr3.csv
SSQRLGGFYGMDV,background_IGH_cdr3.csv
ASLVGATDFDY,background_IGH_cdr3.csv
ARGDGCSCCTSYYYGFDV,background_IGH_cdr3.csv
ANSDSGVHRY,background_IGH_cdr3.csv
ARLGGIVAVCLGGFD,background_IGH_cdr3.csv
ARDRRSWFGELFDY,background_IGH_cdr3.csv
ARVGDYGDYPFDY,background_IGH_cdr3.csv
AKGLDVVDYYYGMDV,background_IGH_cdr3.csv
ARGQTYVVIGLSSGEDAFDI,background_IGH_cdr3.csv
ARAGTRNIGRGDAFDH,background_IGH_cdr3.csv
ARDALGVQNWFDP,background_IGH_cdr3.csv
ARGSGGRRITIFGVFIDY,background_IGH_cdr3.csv
ARVIRVITFRGVIVRYYFDY,background_IGH_cdr3.csv
ARGLRYSSSSSCYYGMDV,background_IGH_cdr3.csv
AAPYSGYVNRLDV,background_IGH_cdr3.csv
AHVDTAMEGFDY,background_IGH_cdr3.csv
ARLTMVRGVIP,background_IGH_cdr3.csv
ARRMRLPDYYYYYGMDV,background_IGH_cdr3.csv
AGVSPVCGSDH,background_IGH_cdr3.csv
ARVGPIVVVVATAGDYCFDY,background_IGH_cdr3.csv
AHRLYSYAFDI,background_IGH_cdr3.csv
ARDHSAWFGELWGGFDY,background_IGH_cdr3.csv
ASTFWSDDY,background_IGH_cdr3.csv
ARHYSALDH,background_IGH_cdr3.csv
ARMPRQEVRGVIITPFDY,background_IGH_cdr3.csv
ARLPHIVVVAADIAIDVFDV,background_IGH_cdr3.csv
ARHVGGCRGSWDYWLV,background_IGH_cdr3.csv
AHLTDGYSYGYIDY,background_IGH_cdr3.csv
ARHGSAWYSRRLDP,background_IGH_cdr3.csv
ARRWEVGAKGGMDV,background_IGH_cdr3.csv
ARIWSGSNWFDP,background_IGH_cdr3.csv
AKERAAGNYYYYGMDV,background_IGH_cdr3.csv
ARIGISGSYGFDYYGMDV,background_IGH_cdr3.csv
ARDLDGYNNHDALNF,background_IGH_cdr3.csv
ARGPNRIAVVTSYYWFDY,background_IGH_cdr3.csv
ARDRYGSGSYGYYYYYGMDV,background_IGH_cdr3.csv
ARDRVTYSGSSSYYGMDY,background_IGH_cdr3.csv
AGVLGSGSPSLSGMDV,background_IGH_cdr3.csv
ARIWSGSNWFDP,background_IGH_cdr3.csv
ARDRTLYFDY,background_IGH_cdr3.csv
ARAPWLLGIMDF,background_IGH_cdr3.csv
AHTDVEMATTPDY,background_IGH_cdr3.csv
ARHWGAAATTDY,background_IGH_cdr3.csv
ARLTYSSGWRGYWYFDL,background_IGH_cdr3.csv
ATSRDRTPNT,background_IGH_cdr3.csv
ARSQGYGVCYDY,background_IGH_cdr3.csv
ATQIYMMIVVTELHLDWAFDI,background_IGH_cdr3.csv
AKDFTAADY,background_IGH_cdr3.csv
AKDRGAGYNYADY,background_IGH_cdr3.csv
ARAEADPDHFGVVVAAGGFDY,background_IGH_cdr3.csv
ARIGVGGDVVAAFDF,background_IGH_cdr3.csv
ARLRARAITVTTPTYDY,background_IGH_cdr3.csv
TRGWC,background_IGH_cdr3.csv
ARMVANGWFDP,background_IGH_cdr3.csv
AHIIAAAGTYFDY,background_IGH_cdr3.csv
ARAWGSRWEHLS,background_IGH_cdr3.csv
ARGEQQLVGTDV,background_IGH_cdr3.csv
AKGLPSRYCDS,background_IGH_cdr3.csv
ARDAIHCSSTSC,background_IGH_cdr3.csv
ATTEGY,background_IGH_cdr3.csv
ARGTPTPTDIVVAPDDSYYFDY,background_IGH_cdr3.csv
ARDYAAGRSTNAFDI,background_IGH_cdr3.csv
TQIITVMWTEDVFDV,background_IGH_cdr3.csv
ASGSGD,background_IGH_cdr3.csv
ARPGAAADDAFDI,background_IGH_cdr3.csv
ARGLLGVVVVALYDVDT,background_IGH_cdr3.csv
ARGQGSYYGECYGFDY,background_IGH_cdr3.csv
ARDCCDGSGYGNFDY,background_IGH_cdr3.csv
ARDVDIVVVAGDYYYGMDV,background_IGH_cdr3.csv
ARHYSALDH,background_IGH_cdr3.csv
ARDLGDIVVVHSCERIDY,background_IGH_cdr3.csv
ARGVSDCGGVAPDFWFDY,background_IGH_cdr3.csv
ARIIQLWPYYGMNL,background_IGH_cdr3.csv
ARHTMDSGRYRGAIDY,background_IGH_cdr3.csv
ARIRHYDFWSGYYRGGWFDP,background_IGH_cdr3.csv
ARHMAAGSFDY,background_IGH_cdr3.csv
AHGSIAAAAPFDY,background_IGH_cdr3.csv
ARRLWSGGCDYYFDY,background_IGH_cdr3.csv
ARDGYYCCSGSFDY,background_IGH_cdr3.csv
AKGLPSRYFDS,background_IGH_cdr3.csv
ARGLAPGIVVVPAAGTHDY,background_IGH_cdr3.csv
ARGLDDFGAT,background_IGH_cdr3.csv
ARGGGIVAAPMSGFDY,background_IGH_cdr3.csv
ARGRGQLVGADY,background_IGH_cdr3.csv
ATSGTPFQH,background_IGH_cdr3.csv
ARRAHSNADPYYTMDV,background_IGH_cdr3.csv
ARPLGVAARPYFDH,background_IGH_cdr3.csv
ARGDPLVVVDAFDI,background_IGH_cdr3.csv
AHIATDSSGYYYVTSYDY,background_IGH_cdr3.csv
ARGGKYCSSTSSRWALAYWFDP,background_IGH_cdr3.csv
AHTRRYYGSSGYDIDY,background_IGH_cdr3.csv
ARGRGAVAGLHWFDP,background_IGH_cdr3.csv
ARSWGRCGEGYYGFD,background_IGH_cdr3.csv
AKDLINTQNNGYGMDV,background_IGH_cdr3.csv
ARDSGSFSSGNYYFDY,background_IGH_cdr3.csv
AHTGGLFGELYFDY,background_IGH_cdr3.csv
ATSGTPFQH,background_IGH_cdr3.csv
ARGGGWGRSRCSSTSCYRGRRYYYYGMDV,background_IGH_cdr3.csv
ARVRMIVVCYYYAFDI,background_IGH_cdr3.csv
AEDYC,background_IGH_cdr3.csv
ARESTVGIAGGFDY,background_IGH_cdr3.csv
ARPGGVRLYDFDY,background_IGH_cdr3.csv
AHRQEEDSNLHNWFDP,background_IGH_cdr3.csv
ARGLVVTAVTARFDY,background_IGH_cdr3.csv
ARGDGDGSGYYGSSRY,background_IGH_cdr3.csv
ATVEMIVVGDWFDP,background_IGH_cdr3.csv
ARAPSAVGSDFWFDP,background_IGH_cdr3.csv
ARSAVGSFWFDP,background_IGH_cdr3.csv
ARPKGLTYYDFWSGYGGASLYFDY,background_IGH_cdr3.csv
ALSYSRNWNYVY,background_IGH_cdr3.csv
ARDLSGSYYDGMDV,background_IGH_cdr3.csv
ARDRTAPGGGGTFDY,background_IGH_cdr3.csv
ARVDVRLGELSYDY,background_IGH_cdr3.csv
ARPPYGSGTGFDY,background_IGH_cdr3.csv
ARSSIAAAAFDP,background_IGH_cdr3.csv
ARADGLCIVGAVD,background_IGH_cdr3.csv
ARGGGVWYFDL,background_IGH_cdr3.csv
ARASLSPKVPFQVVVPAALDY,background_IGH_cdr3.csv
ARVLGYCGSASCYTVYWYFDL,background_IGH_cdr3.csv
AKDQGGPNFSKD,background_IGH_cdr3.csv
ARDPRGYVLYFFDY,background_IGH_cdr3.csv
ATSGTPFQH,background_IGH_cdr3.csv
ASGVSKQPADY,background_IGH_cdr3.csv
ARHRGRGGSQFDY,background_IGH_cdr3.csv
ARQIAVAATDY,background_IGH_cdr3.csv
ARGLGMVRGVRV,background_IGH_cdr3.csv
ARGSGYCYSGVKGLGMDD,background_IGH_cdr3.csv
ARGLKSFD,background_IGH_cdr3.csv
ARHGDRFTTLNWFDP,background_IGH_cdr3.csv
ARYSGSYLAYFQH,background_IGH_cdr3.csv
ARRPYGGNSVYFDY,background_IGH_cdr3.csv
ARYYDSYRD,background_IGH_cdr3.csv
ARRSPLGPYWYFDL,background_IGH_cdr3.csv
AVIPYYDSGGKGDY,background_IGH_cdr3.csv
ASEWSGAFDI,background_IGH_cdr3.csv
ARGGHDYSSGWYDY,background_IGH_cdr3.csv
AHSNITFGGVIAPPPRY,background_IGH_cdr3.csv
AKVVHLYGSIDF,background_IGH_cdr3.csv
ARGRLVRVGNWFDP,background_IGH_cdr3.csv
ARLAAAGFDY,background_IGH_cdr3.csv
ARIGLGSYYGMDV,background_IGH_cdr3.csv
ALLPQDY,background_IGH_cdr3.csv
ARGLYGDSSGSPKPFDY,background_IGH_cdr3.csv
ARHGYSGYDFRFDY,background_IGH_cdr3.csv
ARDMTALTIGNSFDY,background_IGH_cdr3.csv
ARGLGGGARCLHY,background_IGH_cdr3.csv
VRQFMVVAEGRTHGMDV,background_IGH_cdr3.csv
ARLAAPY,background_IGH_cdr3.csv
ARRGFDP,background_IGH_cdr3.csv
ARLLTGPSDYSNILFDY,background_IGH_cdr3.csv
ARGPDARGGYTFYHGDY,background_IGH_cdr3.csv
ARSRPVSYWYSYGPFDF,background_IGH_cdr3.csv
ARVTDTQVGGPNWFDP,background_IGH_cdr3.csv
ARGQGFTIFGVVINGFDY,background_IGH_cdr3.csv
ARDLIQLRGDCYH,background_IGH_cdr3.csv
AREGGDSSSYDY,background_IGH_cdr3.csv
ARERSGRHFDF,background_IGH_cdr3.csv
ANSDSGVHRY,background_IGH_cdr3.csv
ARYSSGHYTHFDY,background_IGH_cdr3.csv
TSPAILEWLFDY,background_IGH_cdr3.csv
ARGRVSVALTVSCFDY,background_IGH_cdr3.csv
ARHGGATAFYPKSDLDY,background_IGH_cdr3.csv
ARGGMVTTSGFDY,background_IGH_cdr3.csv
ARGMGVVAASTSIYYGLDV,background_IGH_cdr3.csv
ARGNYGSGGGGCFDY,background_IGH_cdr3.csv
ARARYYYGMDV,background_IGH_cdr3.csv
ARQHTRKWYSSSWLLWYFDL,background_IGH_cdr3.csv
ARIEKAMD,background_IGH_cdr3.csv
ARSGWTGSTGEYYFDY,background_IGH_cdr3.csv
ARAPSWSNNWFDP,background_IGH_cdr3.csv
ARDPQLGGSASAPTLFPLVSCENSPSDTSSVAVGCLAQDF,background_IGH_cdr3.csv
ARGRRAGLGIVVATPVCWFDY,background_IGH_cdr3.csv
ARVRGNYDSRDCYDD,background_IGH_cdr3.csv
ARDKTGRDDYSMDD,background_IGH_cdr3.csv
TSTDLLNRNYPS,background_IGH_cdr3.csv
ARRAAAGNVGGNWFDY,background_IGH_cdr3.csv
ARHLKAVVEEGYLDY,background_IGH_cdr3.csv
ARGSLYYYDSSGYAMLGYFDY,background_IGH_cdr3.csv
ARHYSALDH,background_IGH_cdr3.csv
ARVRMDTKLTWDY,background_IGH_cdr3.csv
ARGTRGDFDH,background_IGH_cdr3.csv
ARDNQQWMSHDV,background_IGH_cdr3.csv
ARSAPCSTTSCYQDGMDA,background_IGH_cdr3.csv
ARLGYCGGGSCGYYFDY,background_IGH_cdr3.csv
ARLAGKDYGDSV,background_IGH_cdr3.csv
ARATIGVAAGTSDCFDY,background_IGH_cdr3.csv
ARGHAIAGSGGFDY,background_IGH_cdr3.csv
ARDYGRRLITTGFDY,background_IGH_cdr3.csv
ARVSGSYYNWEDY,background_IGH_cdr3.csv
ARVGCDSRVYYFDY,background_IGH_cdr3.csv
GRLTVDY,background_IGH_cdr3.csv
ARESSAAAGPKPYYFDY,background_IGH_cdr3.csv
ARDYY,background_IGH_cdr3.csv
ARDLTRHYYGSGDV,background_IGH_cdr3.csv
ARSRRLGYCSGGSWYSFDY,background_IGH_cdr3.csv
ASLQSFLAVTYDWYFDL,background_IGH_cdr3.csv
ARGEVAAATYYYNGSWGFDV,background_IGH_cdr3.csv
ARHYGGHGYCDF,background_IGH_cdr3.csv
AREYYYDTLRYGMDV,background_IGH_cdr3.csv
ARVKRPHSDYGSAYYYGMDF,background_IGH_cdr3.csv
ARAWCGGDCYGGFRNWFDP,background_IGH_cdr3.csv
ARGFSEWRLHAFDY,background_IGH_cdr3.csv
ARYSGSYLAYFQH,background_IGH_cdr3.csv
AREVWLSCCGIDRY,background_IGH_cdr3.csv
ARDNQQWMSHDV,background_IGH_cdr3.csv
TTDSGVYGMDV,background_IGH_cdr3.csv
ARDIAAAGNNWFDP,background_IGH_cdr3.csv
ARGWDHYNILTGYEGYGLDV,background_IGH_cdr3.csv
ARMEGYQDYFDY,background_IGH_cdr3.csv
ARPATAGSASGDY,background_IGH_cdr3.csv
ARLPKYYFDESAFDI,background_IGH_cdr3.csv
ARTYPYGMDV,background_IGH_cdr3.csv
ARGRGSLFDY,background_IGH_cdr3.csv
ARAYCSSPAAINYGMDV,background_IGH_cdr3.csv
ARGCMTTITGGYFDY,background_IGH_cdr3.csv
ARDQGANMAIDI,background_IGH_cdr3.csv
AYLRFLEWVPDI,background_IGH_cdr3.csv
ARGRELYYYGMDV,background_IGH_cdr3.csv
VLGVTIPRTYGMDV,background_IGH_cdr3.csv
ATRRSGSYLGLDC,background_IGH_cdr3.csv
ARDLYCYFDY,background_IGH_cdr3.csv
ARTPYCSSTSCYPEWDFDY,background_IGH_cdr3.csv
TRGRGGDGHFDY,background_IGH_cdr3.csv
AREYYFDY,background_IGH_cdr3.csv
AREGSGSGYEVWFDP,background_IGH_cdr3.csv
ASSPAAIGGGYYGMDV,background_IGH_cdr3.csv
ARGFPGYDFWSGDGFDV,background_IGH_cdr3.csv
ARGRATNTSCYDGID,background_IGH_cdr3.csv
ARGRYAFDI,background_IGH_cdr3.csv
ARGDHMAVVRADRGWFDY,background_IGH_cdr3.csv
ARDRAATVYYFDY,background_IGH_cdr3.csv
ARGGKVVVAVNFDY,background_IGH_cdr3.csv
GDFDY,background_IGH_cdr3.csv
ARDQKSSGWDRAADY,background_IGH_cdr3.csv
AREPAGRGGPSYYYYYGMDY,background_IGH_cdr3.csv
AKDRVGATPRNRFDY,background_IGH_cdr3.csv
ARGLLAVVAAAMTRGF,background_IGH_cdr3.csv
ARIMVVAGYYSYGIDY,background_IGH_cdr3.csv
ARGTIYDY,background_IGH_cdr3.csv
ARDLSPRSLPYYFDY,background_IGH_cdr3.csv
ARGVEGSSRLYRVVFDS,background_IGH_cdr3.csv
ARDAECDSSASYSCFDL,background_IGH_cdr3.csv
ARRDYNTNDYYFPSLFDY,background_IGH_cdr3.csv
ARGYCSSTSCQYGMDV,background_IGH_cdr3.csv
ATQVNYYFDY,background_IGH_cdr3.csv
AKVEADGVVVVVASPYALGM,background_IGH_cdr3.csv
ASGGMVRGVIINDGWFDH,background_IGH_cdr3.csv
ARDRLRLVIFSIRASDY,background_IGH_cdr3.csv
ARGIAMVNWFDP,background_IGH_cdr3.csv
AKAGTRGSRTCSSTSCYWPDY,background_IGH_cdr3.csv
ARGRVVVAAAMHRVAFDY,background_IGH_cdr3.csv
ARDMPVGAHYYYGFDF,background_IGH_cdr3.csv
ARDGCSGSSYYSEGFDY,background_IGH_cdr3.csv
ARGATDYSPLDY,background_IGH_cdr3.csv
ARGREDWGSGSYPHYFDY,background_IGH_cdr3.csv
ARREDYSSTSLFDF,background_IGH_cdr3.csv
ARRGDILTGDYCLDY,background_IGH_cdr3.csv
ATGLNQLVHG,background_IGH_cdr3.csv
AKGGWIWGAGDH,background_IGH_cdr3.csv
ARARIAGPFQH,background_IGH_cdr3.csv
ARVPSSGYYFDY,background_IGH_cdr3.csv
ARETRRRDGYNSGIYGFDY,background_IGH_cdr3.csv
AKDSAYSSG,background_IGH_cdr3.csv
ARSGWSRKIDY,background_IGH_cdr3.csv
ARGKDYFDSTGYLIDY,background_IGH_cdr3.csv
ARPSVTGTIPDV,background_IGH_cdr3.csv
ARETLIFGVIKARGPDY,background_IGH_cdr3.csv
ASPRGIDADAFDF,background_IGH_cdr3.csv
SRSFSSGGID,background_IGH_cdr3.csv
ASITGPGVIDRFDY,background_IGH_cdr3.csv
ARGLGGSSYYQYGFDI,background_IGH_cdr3.csv
ARDGCSSGGYNYYGMDV,background_IGH_cdr3.csv
ARRGRAAGGKFDH,background_IGH_cdr3.csv
ASRERYSSDYYYGMDV,background_IGH_cdr3.csv
ARKGATVTTSDWYFDL,background_IGH_cdr3.csv
ARDVGSSWYYFDY,background_IGH_cdr3.csv
ARDLSSSWYPYLDY,background_IGH_cdr3.csv
ARDGNREVAAVAPAEDDFDF,background_IGH_cdr3.csv
ARDFSEDSSSVPGNY,background_IGH_cdr3.csv
ARGSASAPTLFPLVSCENSPSDTSSVAVSCLAQDF,background_IGH_cdr3.csv
ARHDCSNQLLSDSYYYGMDV,background_IGH_cdr3.csv
ARDVVGEGCYYSMDV,background_IGH_cdr3.csv
ARHDRLVYSHPIDH,background_IGH_cdr3.csv
ARLLLGGVFDI,background_IGH_cdr3.csv
ARHEYSTCCYYFDF,background_IGH_cdr3.csv
ARDLYGAGGY,background_IGH_cdr3.csv
ARDGGREGGGDSYSFDY,background_IGH_cdr3.csv
ARVLVWAAVYYYYYGMDV,background_IGH_cdr3.csv
AKGSGDYGRKGFDY,background_IGH_cdr3.csv
ARGPMTSYVGPPLY,background_IGH_cdr3.csv
ARERDAFYI,background_IGH_cdr3.csv
VRGGGYYDDSSGLILQS,background_IGH_cdr3.csv
ARAQDCGALGHYDGFDY,background_IGH_cdr3.csv
ARRYFSSGTADF,background_IGH_cdr3.csv
ARAPPPPPGKLDWLSGFDP,background_IGH_cdr3.csv
ARDKHGAGTGYFDY,background_IGH_cdr3.csv
ARGHTKYDFWSGYPYEDY,background_IGH_cdr3.csv
ARWRGSSSCYAEGYFDY,background_IGH_cdr3.csv
ARGDGTGAFD,background_IGH_cdr3.csv
ATLDIAAAGTYY,background_IGH_cdr3.csv
ARGGGNYCSSCCPNWFDP,background_IGH_cdr3.csv
AKDQSGSYWPWGAFDI,background_IGH_cdr3.csv
ARGVATTGFDY,background_IGH_cdr3.csv
ARSYDWRLYGMDV,background_IGH_cdr3.csv
AAGNFWTWWY,background_IGH_cdr3.csv
AREAVLATVTYNWFDP,background_IGH_cdr3.csv
ARGSSFQH,background_IGH_cdr3.csv
ARDGRQLVSEYGMDV,background_IGH_cdr3.csv
ARGLRFWVTYFDY,background_IGH_cdr3.csv
ARGTDMAKDGRPEMDV,background_IGH_cdr3.csv
ARDGERGGAWLGDRTVGSFDP,background_IGH_cdr3.csv
ARRGIAAATLQGMDV,background_IGH_cdr3.csv
ARGSSWINWYFDL,background_IGH_cdr3.csv
ARWVVKHCGHYGMDV,background_IGH_cdr3.csv
ARDSRDDFCSGYYGMDV,background_IGH_cdr3.csv
ARFSVTPIE,background_IGH_cdr3.csv
ARGPVSSYCYYGFDY,background_IGH_cdr3.csv
ARHTGGRLDY,background_IGH_cdr3.csv
AREFFGRGGAATDNYYYGMDV,background_IGH_cdr3.csv
AIGQSGYLDY,background_IGH_cdr3.csv
ARRKVLGGYYLRHDAFDI,background_IGH_cdr3.csv
ARGRKRLLGDCDYFDY,background_IGH_cdr3.csv
ARAADLSGSDFGN,background_IGH_cdr3.csv
ARGCGWSGSRSNWFDP,background_IGH_cdr3.csv
AREDSGDY,background_IGH_cdr3.csv
TRVRDIYGSGPWQEY,background_IGH_cdr3.csv
ARGQRATAGTSLSWFDP,background_IGH_cdr3.csv
ARDVRGDSYNPFDY,background_IGH_cdr3.csv
AREGQVWVRGYSYGVIDY,background_IGH_cdr3.csv
ARGRYPGSSGWSGYTFDF,background_IGH_cdr3.csv
ARGPHSSASGDY,background_IGH_cdr3.csv
ARGEVRKYYYYGMDV,background_IGH_cdr3.csv
ARGRELYYYGMDV,background_IGH_cdr3.csv
ARWYGSSSMDV,background_IGH_cdr3.csv
ARGERTPPPRITMVRGVIPYYFDY,background_IGH_cdr3.csv
ARHIYSSNWDQGGYFDS,background_IGH_cdr3.csv
AALPPVTRGAFDY,background_IGH_cdr3.csv
ARGWGDYCSGGSCSHDIDY,background_IGH_cdr3.csv
AGGHTELGYCSGGSCYSGDY,background_IGH_cdr3.csv
AGGRELYYYGMDV,background_IGH_cdr3.csv
ARDLRKYGMDV,background_IGH_cdr3.csv
ARGHYDYSGCLHYFDY,background_IGH_cdr3.csv
ARRGEYSSGGFDY,background_IGH_cdr3.csv
ARVSHVREDY,background_IGH_cdr3.csv
ARIRYDSSEAWFDP,background_IGH_cdr3.csv
ARDGDFLESRGKFDY,background_IGH_cdr3.csv
ARQGTIPVVGSYFDY,background_IGH_cdr3.csv
ARGPVVVDACFDY,background_IGH_cdr3.csv
ARDVGGSCSYCCGFDY,background_IGH_cdr3.csv
ARGTRYFDY,background_IGH_cdr3.csv
ATIDGIPEY,background_IGH_cdr3.csv
ARDRFHYGSNSSNREHNCFDY,background_IGH_cdr3.csv
ARHPVRFLEWLFPDAFDI,background_IGH_cdr3.csv
ARGGGDGGNFD,background_IGH_cdr3.csv
AKDFGYNWNDGLDY,background_IGH_cdr3.csv
AADTSYYYGMDV,background_IGH_cdr3.csv
ARGPIRGGFDY,background_IGH_cdr3.csv
ARGTYYYDSSGVFDY,background_IGH_cdr3.csv
AGATGAYYYGNTFD,background_IGH_cdr3.csv
ARGSYGMDV,background_IGH_cdr3.csv
ARTSDYDFWSGYYTPYGMDV,background_IGH_cdr3.csv
AHIDYDILTATYFDY,background_IGH_cdr3.csv
ARQSHYDSSGYPFDY,background_IGH_cdr3.csv
ARHRHYYTSGQNCFDY,background_IGH_cdr3.csv
ARGRLCGVMAYYDYFDY,background_IGH_cdr3.csv
AKDRGSAAAPEYYGMDV,background_IGH_cdr3.csv
AHRDESYYGQGAFDI,background_IGH_cdr3.csv
AREHDYGDYGGMDV,background_IGH_cdr3.csv
AKEPGDYDSSAGAFDI,background_IGH_cdr3.csv
ARDGSTSWRVYPMDV,background_IGH_cdr3.csv
ARGRVSSGWYRDY,background_IGH_cdr3.csv
ARRIAIFGVVYCFDY,background_IGH_cdr3.csv
ARTLLSNTWYKRRFDP,background_IGH_cdr3.csv
ARETVTYNWFDP,background_IGH_cdr3.csv
ARRMKYYDSSGYWAPSWYFDL,background_IGH_cdr3.csv
ARDLRNEYISDWYVDY,background_IGH_cdr3.csv
AKGHSTV,background_IGH_cdr3.csv
ARHELMLLYYYGMDV,background_IGH_cdr3.csv
ARDVCGYSCGYYGMDV,background_IGH_cdr3.csv
ARLDGGYSGYDPFDY,background_IGH_cdr3.csv
ARSGGSSHGLDY,background_IGH_cdr3.csv
ARDFRGYSYYGFDY,background_IGH_cdr3.csv
AREMRRYCSSTSCYRSYYGMDV,background_IGH_cdr3.csv
ARIRSTSGYYSFDY,background_IGH_cdr3.csv
ARDRQPGRGTGDFDY,background_IGH_cdr3.csv
ARGDYYGSGSYDY,background_IGH_cdr3.csv
ARYQRRITIFGVVTNPRSDAFGI,background_IGH_cdr3.csv
AVYGSGSYYNY,background_IGH_cdr3.csv
ARDHEGPGGNY,background_IGH_cdr3.csv
ARDWMLNWFDL,background_IGH_cdr3.csv
ARVRASGRAYNWFDP,background_IGH_cdr3.csv
ARDRSSSYYSCCFDY,background_IGH_cdr3.csv
ARAGGYCSSTSCYDSEDNWFDP,background_IGH_cdr3.csv
ARDSFGSCYYFDY,background_IGH_cdr3.csv
ARATYGDSPWAFDI,background_IGH_cdr3.csv
ARGIKGGYDPVGYFDY,background_IGH_cdr3.csv
ARGMGDGQHDPAEYFQH,background_IGH_cdr3.csv
ARDWMLNWFDL,background_IGH_cdr3.csv
TTVAG,background_IGH_cdr3.csv
ARSSTRYGDYEGDFDY,background_IGH_cdr3.csv
ARLRARAITVTTPIYDY,background_IGH_cdr3.csv
AKGRRGSGFSHYLDS,background_IGH_cdr3.csv
AREKLQTGWYFDL,background_IGH_cdr3.csv
ARDRSCDWDWFDY,background_IGH_cdr3.csv
ARMSRLSGFYYMDY,background_IGH_cdr3.csv
ARGFITKQFDY,background_IGH_cdr3.csv
ARGDRTYSSGLGFQH,background_IGH_cdr3.csv
ARVGGYYSSSSNGFDP,background_IGH_cdr3.csv
ARDPYDSSGY,background_IGH_cdr3.csv
SASAPTLFPLVSCENSPSDTSSVAVGCLAQDFQ,background_IGH_cdr3.csv
ASGGDLWGGYPLNWFDP,background_IGH_cdr3.csv
ARGLDDLGAT,background_IGH_cdr3.csv
ASHSSDTSPLIDY,background_IGH_cdr3.csv
ARDIVDTAMVAYYYGMDV,background_IGH_cdr3.csv
AREGMEAFDI,background_IGH_cdr3.csv
ATLSGRRGWFDP,background_IGH_cdr3.csv
ARDLVYYYPSGSADY,background_IGH_cdr3.csv
ARGQAGASFDY,background_IGH_cdr3.csv
AREIQQYPDY,background_IGH_cdr3.csv
ARVGDWYYYGMDV,background_IGH_cdr3.csv
ARIMYCSSSSYLSGAFDY,background_IGH_cdr3.csv
ARGRGYEDY,background_IGH_cdr3.csv
ASLVRVWRPGDGMDV,background_IGH_cdr3.csv
ARHYSYGLGFDY,background_IGH_cdr3.csv
VKEGGSLDD,background_IGH_cdr3.csv
ATEVGAKEYYYGMDV,background_IGH_cdr3.csv
AHNGGRGDLDH,background_IGH_cdr3.csv
ARDDYDDGDYYFDY,background_IGH_cdr3.csv
TGDPYGALLYYFDY,background_IGH_cdr3.csv
ASEYSSSWYLGY,background_IGH_cdr3.csv
ARVRVGDTSSWLNGFDY,background_IGH_cdr3.csv
ARDQGLAAAGRNNWYFDL,background_IGH_cdr3.csv
AREVLGDSWYFDY,background_IGH_cdr3.csv
ARSNSWDQESSFDI,background_IGH_cdr3.csv
ATLGYSSSWHINGGDY,background_IGH_cdr3.csv
ARDRSGNSWYVGGWFDH,background_IGH_cdr3.csv
ANGGVAARPGWVYDY,background_IGH_cdr3.csv
ATAVGATGGGAFDI,background_IGH_cdr3.csv
ARGGIVVVVAALDY,background_IGH_cdr3.csv
ARDPPIAVGYPGYYYWFDY,background_IGH_cdr3.csv
ARVSNALGYHDYLDV,background_IGH_cdr3.csv
AARDFWSGYSFDY,background_IGH_cdr3.csv
ARRGGFDY,background_IGH_cdr3.csv
ARAVVVPAAIGY,background_IGH_cdr3.csv
ARDNQQWMSHDV,background_IGH_cdr3.csv
ARYSYSRLGDAFDI,background_IGH_cdr3.csv
ARTEMVLDY,background_IGH_cdr3.csv
ARERTYYDFWSGYGYYYYGMDV,background_IGH_cdr3.csv
ARDVDQLPQGNYYGMDV,background_IGH_cdr3.csv
ARGRGGYSAYLDY,background_IGH_cdr3.csv
ARAPDNDYSGYPFDY,background_IGH_cdr3.csv
ARPYCSSTSYYYYGMDV,background_IGH_cdr3.csv
ARLDVKFGVISFFDY,background_IGH_cdr3.csv
ARGVDIVATSAFDI,background_IGH_cdr3.csv
ARGRELGMEVDY,background_IGH_cdr3.csv
ARDRYDFWSGYYAP,background_IGH_cdr3.csv
ESPLRDRQWLVFLRACL,background_IGH_cdr3.csv
ARDGPGIAVAGTGPEYFDL,background_IGH_cdr3.csv
ARRVGAARWAFD,background_IGH_cdr3.csv
ARHYSALEH,background_IGH_cdr3.csv
AREGWGYSSSWYYFDY,background_IGH_cdr3.csv
ARDVRNGSPT,background_IGH_cdr3.csv
AGDPFFDAVVPATAGLYYFDY,background_IGH_cdr3.csv
ARAGRIAARPFGY,background_IGH_cdr3.csv
AGSGSLDY,background_IGH_cdr3.csv
AKVESDVVVVVVASPYALDM,background_IGH_cdr3.csv
AHQDYDILTGEKADDAFDI,background_IGH_cdr3.csv
ASASAAMVISSCFDY,background_IGH_cdr3.csv
VRHEGGTNYFYGMDV,background_IGH_cdr3.csv
VRDQHCSGGSCNGSPGVFNF,background_IGH_cdr3.csv
ARGGDLEEAFDI,background_IGH_cdr3.csv
ARVGDYVRSDY,background_IGH_cdr3.csv
ARVHCSGGSCYSVSIAVAGAFDY,background_IGH_cdr3.csv
ARGSVGDCSGCCYFDP,background_IGH_cdr3.csv
ARNRLLRDPYDV,background_IGH_cdr3.csv
ARGGYSYGLGGVGYGMDV,background_IGH_cdr3.csv
ARDLHYFNYDSEYYFGS,background_IGH_cdr3.csv
AREEEHGSGFDH,background_IGH_cdr3.csv
AKGLPSRYFDS,background_IGH_cdr3.csv
AGPYYDFWSGYYN,background_IGH_cdr3.csv
ARAGPHTAIRSFDP,background_IGH_cdr3.csv
AAGNFDFWTWWY,background_IGH_cdr3.csv
ARGGIAARLQH,background_IGH_cdr3.csv
AHKALWSGYPDNHWFDP,background_IGH_cdr3.csv
ARFASTPFDWWYFDL,background_IGH_cdr3.csv
AHFWSGYSYYFDY,background_IGH_cdr3.csv
AREVERSGMDV,background_IGH_cdr3.csv
VHRRDSGSGLDY,background_IGH_cdr3.csv
ARSEWTRYYYYGMDV,background_IGH_cdr3.csv
ARGVTQGTDY,background_IGH_cdr3.csv
ARDGGSTSCYAYYYYGYGR,background_IGH_cdr3.csv
ARHPYYEAFDI,background_IGH_cdr3.csv
ARTGYSSSWYYFDY,background_IGH_cdr3.csv
ATFAGPNCSGGSCYLDYYYGLDV,background_IGH_cdr3.csv
ARGGSAAGPRWFDP,background_IGH_cdr3.csv
VRAGKWYELQWFFDL,background_IGH_cdr3.csv
ARLRPTSQYDLSGYAGVDY,background_IGH_cdr3.csv
VKDVTAVAGSASAPTLFPLVSCENSPSDTSSVAVGCLAQDF,background_IGH_cdr3.csv
AREGEVRADHFDY,background_IGH_cdr3.csv
ARETQGVRGVNWFDP,background_IGH_cdr3.csv
ARGGGGNFDY,background_IGH_cdr3.csv
ARGVFGVVRTYCFGN,background_IGH_cdr3.csv
ASTQYQLSPPGMDV,background_IGH_cdr3.csv
ARLPAARFDF,background_IGH_cdr3.csv
ARKPRTAISAFDI,background_IGH_cdr3.csv
ARGIVGGYCSSTSCPKTRSFDY,background_IGH_cdr3.csv
AHWECTTASCYAFDI,background_IGH_cdr3.csv
AREGQSSFDY,background_IGH_cdr3.csv
AAARQ,background_IGH_cdr3.csv
ARGRARTDAVTLVAY,background_IGH_cdr3.csv
ARGVPGGY,background_IGH_cdr3.csv
ARAERVGWHYYYYGMDV,background_IGH_cdr3.csv
ARDNWEDRGTGY,background_IGH_cdr3.csv
AKGSYYYGSRTYYLLN,background_IGH_cdr3.csv
AAPYSGYVNRLDV,background_IGH_cdr3.csv
ARQSRPYSSSWFDP,background_IGH_cdr3.csv
ARDRRDLGRWIQLWHGGWFDP,background_IGH_cdr3.csv
ATYPRNGYYGSGTHGAFDY,background_IGH_cdr3.csv
ATEDGHY,background_IGH_cdr3.csv
ATSGTPFEY,background_IGH_cdr3.csv
AIEPATGSSMSWAARCYEYGFDY,background_IGH_cdr3.csv
ARSYDWRLYGMDV,background_IGH_cdr3.csv
ARMGSLDY,background_IGH_cdr3.csv
ARGCIAAAWSYSCFDP,background_IGH_cdr3.csv
ARDGRERNSLAVAFSVDY,background_IGH_cdr3.csv
ARTCSSTSCYRKAEYFQH,background_IGH_cdr3.csv
ARGRGIASEGAIDY,background_IGH_cdr3.csv
ARIGGAAAQDWYFDL,background_IGH_cdr3.csv
ARSSTDYSDYHNYGMDV,background_IGH_cdr3.csv
ARIGPPTMVTKDAFDH,background_IGH_cdr3.csv
ARGQGRRDGYADGDY,background_IGH_cdr3.csv
ATRREQPNYYYGMDV,background_IGH_cdr3.csv
ARTPEHIVVVPAAQRPNWFDP,background_IGH_cdr3.csv
ARHPQGQLGRDAFDF,background_IGH_cdr3.csv
ARSSNLDTAMVSY,background_IGH_cdr3.csv
ARAGVGLYGLDY,background_IGH_cdr3.csv
ARQEYQLLGRYFDY,background_IGH_cdr3.csv
ARDLGFLAIVAGISYFDY,background_IGH_cdr3.csv
ARGAVAGFD,background_IGH_cdr3.csv
AREGRGNALDL,background_IGH_cdr3.csv
ARDAEHQVWAIYGVFDF,background_IGH_cdr3.csv
ATRDFWRAGYFAP,background_IGH_cdr3.csv
ARGRDGSFRSSYNYWCFDY,background_IGH_cdr3.csv
ARQGCGTNCYDGLDP,background_IGH_cdr3.csv
ARSAPCSTTSCYQDGMDA,background_IGH_cdr3.csv
VHDYGDYVFDY,background_IGH_cdr3.csv
ARIRSFGRVGARPGVFDY,background_IGH_cdr3.csv
ARGPLTAAGH,background_IGH_cdr3.csv
GRRPPKSSSTRD,background_IGH_cdr3.csv
ARDVQSEWLLRSCFDY,background_IGH_cdr3.csv
AHIGFGTYFDY,background_IGH_cdr3.csv
TRQIITVMWTEDVFDV,background_IGH_cdr3.csv
AKGQSDFGVLTSYGMDV,background_IGH_cdr3.csv
AHISHSHNRIQLGAFDI,background_IGH_cdr3.csv
ARIPTSIAAAGGGGYYYGMDV,background_IGH_cdr3.csv
ARDTT,background_IGH_cdr3.csv
VRHEGGTNYFYGMDV,background_IGH_cdr3.csv
ARMDQEKGLIDY,background_IGH_cdr3.csv
ARGAYSSSTLLRYGSFDV,background_IGH_cdr3.csv
ARGLRGGPHYYYYGMDV,background_IGH_cdr3.csv
ARVIGELLTQADY,background_IGH_cdr3.csv
ARGDQNGSYCDIDF,background_IGH_cdr3.csv
ARRAVAGAAYYGMDV,background_IGH_cdr3.csv
ARDGVAQDISGYKGRFGP,background_IGH_cdr3.csv
ARDRTIFGVPEYYFDY,background_IGH_cdr3.csv
ARDLRDYYDSSGPNWFDP,background_IGH_cdr3.csv
TRVREGWELPYFDY,background_IGH_cdr3.csv
ARDSDSSGCYCGY,background_IGH_cdr3.csv
ARFHDSSVG,background_IGH_cdr3.csv
ARGLLWFGELSD,background_IGH_cdr3.csv
AREYPFLSGARYNPFDS,background_IGH_cdr3.csv
ARVVAAAGTPEAFDI,background_IGH_cdr3.csv
ARDIRYSSGSFDY,background_IGH_cdr3.csv
ARVRRYSDRLLYYFDY,background_IGH_cdr3.csv
ARLPAGRRSYCLGY,background_IGH_cdr3.csv
ARGYRHRGREYYYGMDD,background_IGH_cdr3.csv
ARDWGVGAVYFDY,background_IGH_cdr3.csv
ARGIVAATVRGVGFDF,background_IGH_cdr3.csv
AKDEAATRPFDY,background_IGH_cdr3.csv
ATGRGWSGLTGY,background_IGH_cdr3.csv
ARRGMVRGGLDY,background_IGH_cdr3.csv
ATGPQQWELSPPIVH,background_IGH_cdr3.csv
ARDPIGDFDWLGDY,background_IGH_cdr3.csv
ARGFPVVVPAAIVVSNYYYGMDV,background_IGH_cdr3.csv
ARVATVTTWLDY,background_IGH_cdr3.csv
ARTYDGYAFDI,background_IGH_cdr3.csv
ARGRSVQLYEWLSDGFDY,background_IGH_cdr3.csv
VSDSLKTVFDY,background_IGH_cdr3.csv
ARSYDWRLYGMDV,background_IGH_cdr3.csv
ARGATAFGVVPDS,background_IGH_cdr3.csv
AHKFNRRYYYGSGNGNHWFDP,background_IGH_cdr3.csv
ARDIGVGGVPFCLDY,background_IGH_cdr3.csv
ARHRRTMAATMVFDY,background_IGH_cdr3.csv
ASLWGAEGL,background_IGH_cdr3.csv
ARQLVGVISFDP,background_IGH_cdr3.csv
ARLFDSYGRWYFDL,background_IGH_cdr3.csv
ARGWSSGYYYDGNWFDF,background_IGH_cdr3.csv
ARDPEDGSSSCYGIDY,background_IGH_cdr3.csv
ARDRVIAAAGIFPGGYWFDY,background_IGH_cdr3.csv
AREGSSCGSRGSYFDF,background_IGH_cdr3.csv
ASYSSSWYY,background_IGH_cdr3.csv
ARSGRGTASWFDP,background_IGH_cdr3.csv
ATSRDRTPNT,background_IGH_cdr3.csv
AREWWEGIAATSGDY,background_IGH_cdr3.csv
ARDLLDYYCSSTSCYSASLLAYYYYGMDV,background_IGH_cdr3.csv
AHGLEYSSAVPFDY,background_IGH_cdr3.csv
ARCDSSGWYRLDDYFDY,background_IGH_cdr3.csv
AREIYWYCSGAGCHGDH,background_IGH_cdr3.csv
ARERKPHLYYYYGMDV,background_IGH_cdr3.csv
ARDGDCLESRGNFDY,background_IGH_cdr3.csv
ARDKREYYDSGGCYPS,background_IGH_cdr3.csv
ARGGSSEYYYYGIDY,background_IGH_cdr3.csv
YYRVVGATTVDY,background_IGH_cdr3.csv
AAGDGSFDV,background_IGH_cdr3.csv
AKDRAVPVTRSSYYYYGMDV,background_IGH_cdr3.csv
ARDSGRGDSFDY,background_IGH_cdr3.csv
ATGIQLWSMDVS,background_IGH_cdr3.csv
ARDGEQHPFDY,background_IGH_cdr3.csv
ARGWPGDGSSSYYGFDY,background_IGH_cdr3.csv
ATSRDRTPNT,background_IGH_cdr3.csv
ASPNNWKPTARKEYGMDV,background_IGH_cdr3.csv
ARGEADSHNGHAFDY,background_IGH_cdr3.csv
STMSRFRDY,background_IGH_cdr3.csv
ATGRTILGVGTENYYFGMDV,background_IGH_cdr3.csv
AHSRVADSADCFDY,background_IGH_cdr3.csv
ARQGVFGVVLEDY,background_IGH_cdr3.csv
ARGNVRGVMVTAYYFDY,background_IGH_cdr3.csv
ARGYSSREGFDP,background_IGH_cdr3.csv
ATSRDRTPKT,background_IGH_cdr3.csv
AREYTYYYGSGSYYWD,background_IGH_cdr3.csv
ARGPIASGDHSVAGNWFDY,background_IGH_cdr3.csv
AINPRDHGA,background_IGH_cdr3.csv
ARIPYGYGDLWYFDL,background_IGH_cdr3.csv
AREVKSLGKTFDI,background_IGH_cdr3.csv
AKLRDGYKILDY,background_IGH_cdr3.csv
ARPSPLRSGYGIDY,background_IGH_cdr3.csv
ARVGAAMADPGWYFDL,background_IGH_cdr3.csv
ARDGGATYDAFDI,background_IGH_cdr3.csv
ARQVAVPASGGYWFDS,background_IGH_cdr3.csv
ARDQGGATGY,background_IGH_cdr3.csv
ARELTPYGSGSYTDY,background_IGH_cdr3.csv
ARETLIFGVIKARGPDY,background_IGH_cdr3.csv
GRAHTSTITVFGVVNAPDY,background_IGH_cdr3.csv
AREVENGSSGWSYGFDI,background_IGH_cdr3.csv
ARDFGLVPAAIGGGNYYYGMDV,background_IGH_cdr3.csv
ATSNSIVVAIEFAY,background_IGH_cdr3.csv
ARGWARVVPLFEY,background_IGH_cdr3.csv
AKEIKYSFGSGAYFFDQ,background_IGH_cdr3.csv
ARGGGYSNGWYCFDF,background_IGH_cdr3.csv
ARIQGEGGSQAFDY,background_IGH_cdr3.csv
ARDGDFLESRGNFDY,background_IGH_cdr3.csv
ARMVRGVITLDY,background_IGH_cdr3.csv
AREAVPAARTYYFDY,background_IGH_cdr3.csv
AKVPESHRSLGTAPGQWLNYYYGFDV,background_IGH_cdr3.csv
ASRDRGYFDY,background_IGH_cdr3.csv
ARDPAVVPASLGNWFDP,background_IGH_cdr3.csv
AKTRSNYDVGSGYYVGYYYYYYGMDV,background_IGH_cdr3.csv
ASSSTVVNGGRDALD,background_IGH_cdr3.csv
ARVAYGGSPDYFDY,background_IGH_cdr3.csv
ARASVLRGVVATIWFDY,background_IGH_cdr3.csv
ARHCSALDH,background_IGH_cdr3.csv
AGHSFPYGVDL,background_IGH_cdr3.csv
ARLWKSTAARGGFWFDY,background_IGH_cdr3.csv
ARDRTGGPWGALDI,background_IGH_cdr3.csv
ARVLSSSGRYFDL,background_IGH_cdr3.csv
AREGPPPFGGMDV,background_IGH_cdr3.csv
ARNNVDQLLYPSRYFDL,background_IGH_cdr3.csv
ARAPTKAPDVFPIISGCRHPKDNSPVVLACLITGYHPTSVTVTWY,background_IGH_cdr3.csv
ARRMAGGNYFYDGID,background_IGH_cdr3.csv
ARHVIPSPSRYYYGMDV,background_IGH_cdr3.csv
ARGRIGDYYYGMDV,background_IGH_cdr3.csv
ARVYSSSGSPHCDY,background_IGH_cdr3.csv
AGSSDYGRAFD,background_IGH_cdr3.csv
ARDQMVAEWCDP,background_IGH_cdr3.csv
ARDLRDGDKGKAFDY,background_IGH_cdr3.csv
ARGLLFWSGYQYYFDY,background_IGH_cdr3.csv
ARGSGPGDGSAFDT,background_IGH_cdr3.csv
ARHLGMPQISSCFDH,background_IGH_cdr3.csv
ARHYSALDH,background_IGH_cdr3.csv
ARGWIAVAINYGLDY,background_IGH_cdr3.csv
ARDLGGRGFDP,background_IGH_cdr3.csv
ARSPQEAAGTQRYFDY,background_IGH_cdr3.csv
ARGRGSRSDYYCFDY,background_IGH_cdr3.csv
GRLPPKRSSTRD,background_IGH_cdr3.csv
ARAGAGVEYFDY,background_IGH_cdr3.csv
ARENAHDTSGGTTTDY,background_IGH_cdr3.csv
ARDVKTGYDSSSYWYYGMDV,background_IGH_cdr3.csv
ARGADCWSGALDDY,background_IGH_cdr3.csv
ASPDPLYGDYGRDYYYGMDV,background_IGH_cdr3.csv
AREQSRGSDY,background_IGH_cdr3.csv
ARQWGLLRFLEWLEFDY,background_IGH_cdr3.csv
ARETLIFGVIKARGPDY,background_IGH_cdr3.csv
AHGSIAAAAPFDY,background_IGH_cdr3.csv
ARSVAATGEGYYYGMDV,background_IGH_cdr3.csv
ARDGSTSWRVYPMDV,background_IGH_cdr3.csv
ARYGMTTVTRRGFDP,background_IGH_cdr3.csv
ARCAFGELWFDY,background_IGH_cdr3.csv
ARYSGPLSSSGYYVFDY,background_IGH_cdr3.csv
ARDTMVRGVHTFDY,background_IGH_cdr3.csv
SASAPTLFPLVSCENSPSDTSSVAVGCLAQDFQ,background_IGH_cdr3.csv
ARLDKIAAAGTDY,background_IGH_cdr3.csv
ARAGSCSSSGYYFDY,background_IGH_cdr3.csv
AAEGSFAYYFDY,background_IGH_cdr3.csv
AREGSSTYYSDFD,background_IGH_cdr3.csv
VREDAARFDP,background_IGH_cdr3.csv
ARVGESGSGSYFDP,background_IGH_cdr3.csv
ARPDEFGTGRYGNDY,background_IGH_cdr3.csv
ARRGEGYNLGY,background_IGH_cdr3.csv
ARDLFVGARGNWFDP,background_IGH_cdr3.csv
AREGPPYSSASCQYYYGMDV,background_IGH_cdr3.csv
ARYSGSYLAYFQH,background_IGH_cdr3.csv
ARDPYGYAFDY,background_IGH_cdr3.csv
ARGRARTDAVTLVAY,background_IGH_cdr3.csv
ARDRRSGPRALDC,background_IGH_cdr3.csv
ARERVVTFGVVTTNFDY,background_IGH_cdr3.csv
ARDPSGYSSSWDGFDY,background_IGH_cdr3.csv
ATSGTPFQH,background_IGH_cdr3.csv
IRGYSNIDY,background_IGH_cdr3.csv
ARGSRCGSSWGYFDY,background_IGH_cdr3.csv
ARDLCGSGSSWYFDH,background_IGH_cdr3.csv
ARGADSSGYNDWFDY,background_IGH_cdr3.csv
ARGQAGAPAHGSFDI,background_IGH_cdr3.csv
SRARELNLHDY,background_IGH_cdr3.csv
ARGGWVAAASTCLD,background_IGH_cdr3.csv
ARGRMVGGYYYYGLDF,background_IGH_cdr3.csv
ARQGEGGPGKPMVRGVRIRYFDL,background_IGH_cdr3.csv
ARMKGYCGGGCYPVRGFDY,background_IGH_cdr3.csv
ARQSRAPGIVGATIPRLVSTHFDY,background_IGH_cdr3.csv
ARAVTYYDFWSGYLGPYFDY,background_IGH_cdr3.csv
GRGGGGVVGATRVDY,background_IGH_cdr3.csv
ARQGSRYSWNLLLLLGEVFDY,background_IGH_cdr3.csv
ARTEMVLDY,background_IGH_cdr3.csv
AREAVDY,background_IGH_cdr3.csv
ARLKSVDRRVAGYYDYGMDV,background_IGH_cdr3.csv
ARDWMLNWFDL,background_IGH_cdr3.csv
ARDLGFIPDPQY,background_IGH_cdr3.csv
ARGRGRGAAAVGY,background_IGH_cdr3.csv
ARDLGYGNYYGMDV,background_IGH_cdr3.csv
ARDVGRRWSGDDGLDI,background_IGH_cdr3.csv
ARMPITGDYVESHFDY,background_IGH_cdr3.csv
ARDGRFDP,background_IGH_cdr3.csv
ATARLGTFFDY,background_IGH_cdr3.csv
ARDRLVRRVGAWYFDL,background_IGH_cdr3.csv
AHRPKSIAAPLGGNWFDP,background_IGH_cdr3.csv
VTALEIRRFDC,background_IGH_cdr3.csv
ARVVVGVAVDYYGLDV,background_IGH_cdr3.csv
ARSIVAGATYDCDLDY,background_IGH_cdr3.csv
AKGYYYESSGWNWHFDL,background_IGH_cdr3.csv
AREGMEAFDI,background_IGH_cdr3.csv
ARRAGTAIPGVYFDY,background_IGH_cdr3.csv
AKDNFRVFFGEVLGTHSYFAMDV,background_IGH_cdr3.csv
ARTITPTMIDY,background_IGH_cdr3.csv
ARGLHSGWFDP,background_IGH_cdr3.csv
ARHYSALDH,background_IGH_cdr3.csv
ARAVAGRGYYFDY,background_IGH_cdr3.csv
ARDPSINERELYAFDM,background_IGH_cdr3.csv
VKEGGDV,background_IGH_cdr3.csv
ASYQGGSSWSSLDN,background_IGH_cdr3.csv
AQGSTSYYYGMDV,background_IGH_cdr3.csv
ARGPHGFDY,background_IGH_cdr3.csv
ARGRVAPGRGSAFDY,background_IGH_cdr3.csv
ARDRSGPAVRFHFDY,background_IGH_cdr3.csv
ARSQYYDSSGYHAGAFDI,background_IGH_cdr3.csv
ARGPRYCSGGTCAFWAFDI,background_IGH_cdr3.csv
ARGLRAFIGSGSP,background_IGH_cdr3.csv
ARSSIAAAAFDP,background_IGH_cdr3.csv
ARGTCSSTSCFWYD,background_IGH_cdr3.csv
AREGWATSSPLGDY,background_IGH_cdr3.csv
ATDGVVPAATFFDY,background_IGH_cdr3.csv
ARDNNIAARPRTSYFDY,background_IGH_cdr3.csv
ARIFYDSSGVIMGTD,background_IGH_cdr3.csv
ARGGSSYFKLESDFDL,background_IGH_cdr3.csv
ARYPGGRDCYGFDL,background_IGH_cdr3.csv
ARGAEGNVMDY,background_IGH_cdr3.csv
ARKYCSSTSCYDDAFDI,background_IGH_cdr3.csv
ARAGGNYGMDV,background_IGH_cdr3.csv
MDV,background_IGH_cdr3.csv
TRVLRGSPDDY,background_IGH_cdr3.csv
ARDEVVAGFDY,background_IGH_cdr3.csv
ARGKGEAAQFSFGMDV,background_IGH_cdr3.csv
ARGGGPAATMVVGVRYYGFDY,background_IGH_cdr3.csv
ARAARGSTSYYPLDY,background_IGH_cdr3.csv
ARLWFGETWFDP,background_IGH_cdr3.csv
ARHYSALDH,background_IGH_cdr3.csv
Y,background_IGH_cdr3.csv
ARDDCSGGSCFRY,background_IGH_cdr3.csv
ARRNRVAARAGCFDY,background_IGH_cdr3.csv
ARGLPSGGGDYYGRGMDY,background_IGH_cdr3.csv
AHRAYYYGSGSYYTSYMYNWFDP,background_IGH_cdr3.csv
ARSYDWRLYGMDV,background_IGH_cdr3.csv
AADTSYYYGMDV,background_IGH_cdr3.csv
ARDMDVTVTGTFDY,background_IGH_cdr3.csv
ARFVTGTSDY,background_IGH_cdr3.csv
ARDLAPSVGASDY,background_IGH_cdr3.csv
ARGRGYYESGVFD,background_IGH_cdr3.csv
AHIWKDYDCWSGFDY,background_IGH_cdr3.csv
ARAWCGGDCYGGFRNWFDP,background_IGH_cdr3.csv
ARVSSGYYYFDY,background_IGH_cdr3.csv
ARGMVSACGFDD,background_IGH_cdr3.csv
ARDPDCSSTSCHPGWIDY,background_IGH_cdr3.csv
ARETLIFGVIKARGPDY,background_IGH_cdr3.csv
ARWNYYDSSGYYSNFQH,background_IGH_cdr3.csv
ARVLVAAATTKTSCLDY,background_IGH_cdr3.csv
ARDHYGMDV,background_IGH_cdr3.csv
ARAFEYGDNNYVLSI,background_IGH_cdr3.csv
ARGGYGSWYYYYGMDV,background_IGH_cdr3.csv
ARADDFGY,background_IGH_cdr3.csv
AHTLLVGSSWGVFDY,background_IGH_cdr3.csv
AREGHWYFDY,background_IGH_cdr3.csv
VRYQYDSSGYYPY,background_IGH_cdr3.csv
ARDDLPGTGTNLKFVY,background_IGH_cdr3.csv
ARAPPEAEEICSGGYYNYFDY,background_IGH_cdr3.csv
ARTHHGSYGFDY,background_IGH_cdr3.csv
ARDGVGGNSAN,background_IGH_cdr3.csv
ARAGVGVPAAD,background_IGH_cdr3.csv
ARSSGEAVLVQWFDY,background_IGH_cdr3.csv
AHTQPPAALTWDY,background_IGH_cdr3.csv
TRSVGIRSSWSS,background_IGH_cdr3.csv
ARGEKYCASTSCYKRGYYFDY,background_IGH_cdr3.csv
ARGPSAGANSASWYFDF,background_IGH_cdr3.csv
ASDGYYYDTGYFDY,background_IGH_cdr3.csv
AREVPARANGSPAYFDY,background_IGH_cdr3.csv
ARGRRSSVYYSFDY,background_IGH_cdr3.csv
AKWPAAGGSFDDY,background_IGH_cdr3.csv
ARGVADAFDI,background_IGH_cdr3.csv
ARFSRGQGEAYYDDYGMDV,background_IGH_cdr3.csv
ARVVTFPYYGGEGFDY,background_IGH_cdr3.csv
ARDVDKSDAFDI,background_IGH_cdr3.csv
ARRDLTYYYDSSGYSPFDY,background_IGH_cdr3.csv
ARVGSYSSGWDY,background_IGH_cdr3.csv
VRYSGGRGFDY,background_IGH_cdr3.csv
AREDIVTPRFDY,background_IGH_cdr3.csv
ARGQCGRAWCYYGMDV,background_IGH_cdr3.csv
AREREQFWSGYSGLRNTYLDH,background_IGH_cdr3.csv
ARKRYHWGSYRYTHLYYFDY,background_IGH_cdr3.csv
ARGRSGSYWIDY,background_IGH_cdr3.csv
ARIQSATPRYYYGMDV,background_IGH_cdr3.csv
ARAPGSSSWYYFDY,background_IGH_cdr3.csv
ARLGRMVVVVVVTDSGDYFDY,background_IGH_cdr3.csv
ARDFRGSSTSCYDDTSCRGADAFDI,background_IGH_cdr3.csv
ARGRYPKGAFDI,background_IGH_cdr3.csv
ARSGVVLVPAAQRKREYYDYGMDG,background_IGH_cdr3.csv
SRLSAFEYSSSSGGIKGLYYYYYGMDV,background_IGH_cdr3.csv
ARGETGTASDAFDI,background_IGH_cdr3.csv
ARSYSSSWYRDGGIGYWDY,background_IGH_cdr3.csv
ARSLAGGYSHHNYAFDY,background_IGH_cdr3.csv
ARLNYDFWSGYPYGMDV,background_IGH_cdr3.csv
ARDAPWGGYYGAIDD,background_IGH_cdr3.csv
ARDYWGLDSSSWYFDH,background_IGH_cdr3.csv
ARKGGNPFDY,background_IGH_cdr3.csv
ARGLRRFGRGISCRPDYFDH,background_IGH_cdr3.csv
ARDVLYDSSGYYGY,background_IGH_cdr3.csv
ASWVATTTQNYGIDV,background_IGH_cdr3.csv
ASEYLCSSTSCYTGYYYYGMDV,background_IGH_cdr3.csv
ARHGGSSWGGFDY,background_IGH_cdr3.csv
ARQRYDFWSGYSNWFDP,background_IGH_cdr3.csv
ARSMVRGVFDY,background_IGH_cdr3.csv
DTPSLRAAAGTPAWGYGR,background_IGH_cdr3.csv
ARGGSSRVRVFFSDY,background_IGH_cdr3.csv
AKGSGSAAFDN,background_IGH_cdr3.csv
ARHYSALDH,background_IGH_cdr3.csv
ARDERPYGMDV,background_IGH_cdr3.csv
ARAADLSGSDFGN,background_IGH_cdr3.csv
ARGSDIVVVPAAKSYYYGMDY,background_IGH_cdr3.csv
ARSNLAMGRGGLDY,background_IGH_cdr3.csv
VRTRYNSGWFPGYFFDL,background_IGH_cdr3.csv
ARTHLSSSGTSFEDY,background_IGH_cdr3.csv
ARVGGLDV,background_IGH_cdr3.csv
ATLSGRRGWFDP,background_IGH_cdr3.csv
AHRRLDSSSKLGAFDI,background_IGH_cdr3.csv
ARGEYSYGLLVDY,background_IGH_cdr3.csv
ARGDRYDPSFDY,background_IGH_cdr3.csv
ARGRDSSGWYDYYYGMDV,background_IGH_cdr3.csv
AKDFSYSSSWYGPFDY,background_IGH_cdr3.csv
AKEVGATIAFDF,background_IGH_cdr3.csv
ARDDVNGGRSFWPGCFYYG,background_IGH_cdr3.csv
ANSGLLLEHYYGMHV,background_IGH_cdr3.csv
ATASIDLLEGAWIQLGY,background_IGH_cdr3.csv
ARLDNFDGAVNCDY,background_IGH_cdr3.csv
ARLGVGGNASGTSL,background_IGH_cdr3.csv
ARGLSIAVAGT,background_IGH_cdr3.csv
ARRSPLGPYWYFDL,background_IGH_cdr3.csv
ASYGDVSYSSGSFDY,background_IGH_cdr3.csv
ARDTGMLDHTLDY,background_IGH_cdr3.csv
ARDGVLKTMVGVYYYGMDV,background_IGH_cdr3.csv
AREGDDHDAFDI,background_IGH_cdr3.csv
ARDTYGVATTAGFD,background_IGH_cdr3.csv
AAGNFDFWTWWY,background_IGH_cdr3.csv
AGEYSSHHYNVMDV,background_IGH_cdr3.csv
ARGTPTPTDIVVAPDDSYYFDY,background_IGH_cdr3.csv
ARLGVWAAAELAVYYCWGSLYSSGWSPTYYYGMDV,background_IGH_cdr3.csv
ARHTYSYGYAVSTHFDY,background_IGH_cdr3.csv
ARGLDDFGAT,background_IGH_cdr3.csv
ARSSKGINYYYGFDV,background_IGH_cdr3.csv
ARHPGYCGGYYYGLDY,background_IGH_cdr3.csv
ATDRRDGYNRYYYYGMDV,background_IGH_cdr3.csv
ARGIVALPTVDY,background_IGH_cdr3.csv
ARDYSLRGLID,background_IGH_cdr3.csv
ARGPIWPPRGGARNWFDP,background_IGH_cdr3.csv
ARHRREYPFDQ,background_IGH_cdr3.csv
ARENYYDCSSGRPFFDY,background_IGH_cdr3.csv
ARGVPAASHYFQH,background_IGH_cdr3.csv
VEQWLVLGAFDI,background_IGH_cdr3.csv
ARDNYASFDY,background_IGH_cdr3.csv
ARHGTGVARDVVGH,background_IGH_cdr3.csv
VREPSGGYAYGIDY,background_IGH_cdr3.csv
ARDNKIAARPRTSYVDY,background_IGH_cdr3.csv
ARVSASGSSYNYGNLDY,background_IGH_cdr3.csv
AREGHSCYY,background_IGH_cdr3.csv
ARAAGVTILAVAEDFDY,background_IGH_cdr3.csv
ARSYSSSWYHHYFDY,background_IGH_cdr3.csv
ARDRFLGWFDP,background_IGH_cdr3.csv
ARVSSGYYRVYDY,background_IGH_cdr3.csv
ARDTVSGTDY,background_IGH_cdr3.csv
ARHGYGNYYGIDY,background_IGH_cdr3.csv
ARRIVATRHNWFDP,background_IGH_cdr3.csv
ARGTGPQNWFDP,background_IGH_cdr3.csv
ARESLGSTHQYYFDY,background_IGH_cdr3.csv
AREKPRGGMDV,background_IGH_cdr3.csv
ARHYSALDH,background_IGH_cdr3.csv
ARVPLYYYDSSGYYPSDYYYGMDV,background_IGH_cdr3.csv
APQADSSGYYFHRDWYL,background_IGH_cdr3.csv
AAVSHGSGSYPDV,background_IGH_cdr3.csv
AKGVGYSYGGY,background_IGH_cdr3.csv
ARERSLIDSSGYSHFDY,background_IGH_cdr3.csv
AKGPDYFDSSGYVY,background_IGH_cdr3.csv
ARENTAMPFDY,background_IGH_cdr3.csv
ARVHKFRDSSGWYYFDY,background_IGH_cdr3.csv
ASDYGSGDTTTD,background_IGH_cdr3.csv
ARSSCDFDY,background_IGH_cdr3.csv
ARGRELYYYGMDV,background_IGH_cdr3.csv
ARLAVSGRGGGFDY,background_IGH_cdr3.csv
AHSMVPAAMGNDY,background_IGH_cdr3.csv
ARVGGDCSGSCYFDY,background_IGH_cdr3.csv
ARGYSNLDY,background_IGH_cdr3.csv
ARASVAVGVPRFDP,background_IGH_cdr3.csv
ARSGDDYYFYTMDV,background_IGH_cdr3.csv
AGSGGGN,background_IGH_cdr3.csv
ARAAEVGDAFDI,background_IGH_cdr3.csv
ARGQMLIYDMDV,background_IGH_cdr3.csv
ARGHGGVVTDAAHFDY,background_IGH_cdr3.csv
DI,background_IGH_cdr3.csv
ARRKGGSSGNWYFDH,background_IGH_cdr3.csv
ARGTPTPTDIVVAPDDSYYFDY,background_IGH_cdr3.csv
ARETPTPTDIVVAPDDSYYFDY,background_IGH_cdr3.csv
TREVGGVDY,background_IGH_cdr3.csv
TTDYYG,background_IGH_cdr3.csv
ARGSSLRQKTTQKNRAGSSWYKNWFDP,background_IGH_cdr3.csv
ARAWCGGDCYGGFRNWFDP,background_IGH_cdr3.csv
ARGLSNRVVTTALAGANWFDY,background_IGH_cdr3.csv
ASRCYTGCAGGFDY,background_IGH_cdr3.csv
ARGELLYYGMDV,background_IGH_cdr3.csv
ARGCPIIVVAGAGDGFDY,background_IGH_cdr3.csv
ARDGFSYYNSSRYFFDY,background_IGH_cdr3.csv
ARSVVTYYFWFDY,background_IGH_cdr3.csv
ARAPILRFGLDV,background_IGH_cdr3.csv
ARVSGGLSPDY,background_IGH_cdr3.csv
ARDLVNF,background_IGH_cdr3.csv
ARGRGCRASSSWYKGAVDY,background_IGH_cdr3.csv
ARLLGGPVGVVTSFDY,background_IGH_cdr3.csv
ARDLTPYYDSSGYPA,background_IGH_cdr3.csv
ARGPMRELRPSSC,background_IGH_cdr3.csv
ARGPAAANNWFDP,background_IGH_cdr3.csv
ARAPYSSGWTPLDY,background_IGH_cdr3.csv
ARLPHIVVVAADIAIDVFDV,background_IGH_cdr3.csv
ARGPYHSSGARDCFDY,background_IGH_cdr3.csv
ARRRTTIGYFDY,background_IGH_cdr3.csv
ARPDSYGWYAFDY,background_IGH_cdr3.csv
TRQIITVMWTEDVFDV,background_IGH_cdr3.csv
ARQGCGTNCYGGLDP,background_IGH_cdr3.csv
ARSVVGATAI,background_IGH_cdr3.csv
ARGRMATSRAFDY,background_IGH_cdr3.csv
ARDEGVGMVVAAARFDY,background_IGH_cdr3.csv
ARVYSGGLPAFDY,background_IGH_cdr3.csv
ARDLVDVPAAYSYYYGMDV,background_IGH_cdr3.csv
ATWAVADRLIIDS,background_IGH_cdr3.csv
ARYNYDSSGYVY,background_IGH_cdr3.csv
AKSQAITMVRGAFDY,background_IGH_cdr3.csv
ARSPVMNAADL,background_IGH_cdr3.csv
ARDQMVAEWFDP,background_IGH_cdr3.csv
ARFRGLGIINYGGNSAYDY,background_IGH_cdr3.csv
ARLYEYSSLYPSCYYYGMDV,background_IGH_cdr3.csv
ARAKTKSGPTPDS,background_IGH_cdr3.csv
ARLSKGSYNWNDECRRYFDY,background_IGH_cdr3.csv
ARGRPYDYVRGTSGTTDGFDY,background_IGH_cdr3.csv
ARLPKYYFDESAFDI,background_IGH_cdr3.csv
TTPHGSGSYPY,background_IGH_cdr3.csv
ARFVRSLEWVPGQYYFDY,background_IGH_cdr3.csv
ARGLVAAAAYFD,background_IGH_cdr3.csv
AGDQDSSGRDSFDT,background_IGH_cdr3.csv
ARGVAAAGTAHCGLDL,background_IGH_cdr3.csv
ARGGNSGQGFNWFDP,background_IGH_cdr3.csv
ARQGYSSSWSAFDY,background_IGH_cdr3.csv
ARGLTLRAFDY,background_IGH_cdr3.csv
ARYDVYWSGTGYFDY,background_IGH_cdr3.csv
ARLPKYYFDESAFDI,background_IGH_cdr3.csv
ASVTVVPAATPDY,background_IGH_cdr3.csv
ARSLPSLRYGMDV,background_IGH_cdr3.csv
ARRGLVHPFDY,background_IGH_cdr3.csv
AHGFYFDY,background_IGH_cdr3.csv
ARHQFLGGWYVWDTFDY,background_IGH_cdr3.csv
ARDRGILYNWFDP,background_IGH_cdr3.csv
ARGSRWWELRVSCDY,background_IGH_cdr3.csv
ARLPKYYFDESAFDI,background_IGH_cdr3.csv
ARWVD,background_IGH_cdr3.csv
VRSLRFLDSVQGYFDL,background_IGH_cdr3.csv
ARFRGQGMMYAALTVDY,background_IGH_cdr3.csv
ARGVPAASHYFQH,background_IGH_cdr3.csv
ARAAPGEGSSSCYDFDY,background_IGH_cdr3.csv
ARVVGSLHNYYFDY,background_IGH_cdr3.csv
AHRLSSSSWGEYFDF,background_IGH_cdr3.csv
ARGGRTTISGDSYFDY,background_IGH_cdr3.csv
AREWPPPFGGMDV,background_IGH_cdr3.csv
ARHEGSSDAFDI,background_IGH_cdr3.csv
ARVAHGRSDS,background_IGH_cdr3.csv
ARDSSLRAIVQ,background_IGH_cdr3.csv
ARGWYGNPWDY,background_IGH_cdr3.csv
ARVEAATDWFDH,background_IGH_cdr3.csv
ASDYDFWSGYQY,background_IGH_cdr3.csv
ARVTFGDDGHAFDI,background_IGH_cdr3.csv
ARKGYQLLSGTPFDY,background_IGH_cdr3.csv
ARRDSRGYDAFDI,background_IGH_cdr3.csv
ARDQMVAEWFDP,background_IGH_cdr3.csv
ARDGDYYESSGDD,background_IGH_cdr3.csv
AAGNFDFWTWWY,background_IGH_cdr3.csv
ARGTPTPTDIVVAPDDSYYFDY,background_IGH_cdr3.csv
ARGGVVDYGDWFDD,background_IGH_cdr3.csv
ARFKMVVRVIAGLYYFDY,background_IGH_cdr3.csv
SGQHLQLAYSYYGGLDV,background_IGH_cdr3.csv
AHLLYDSSGYWVYAFDI,background_IGH_cdr3.csv
ARLADYCDSNGSGLFDY,background_IGH_cdr3.csv
ARGRMRTTGYYYGMDV,background_IGH_cdr3.csv
ARKQRASYGGNPDWYFDL,background_IGH_cdr3.csv
ARPTYYGLGSYTSLDY,background_IGH_cdr3.csv
ARHSGSYVAY,background_IGH_cdr3.csv
ATLSGRRGWFDP,background_IGH_cdr3.csv
ARGNAVVAGQAFDI,background_IGH_cdr3.csv
ARDFSPPPLTIFGVVIRNGMDV,background_IGH_cdr3.csv
ARGAGSGSSDAFDI,background_IGH_cdr3.csv
ARRRRDGYVEDRDY,background_IGH_cdr3.csv
ARIRASMVRGVTAFDY,background_IGH_cdr3.csv
GRLPPKRSSTRD,background_IGH_cdr3.csv
ARETGLRFDP,background_IGH_cdr3.csv
AKGYGHIYFDK,background_IGH_cdr3.csv
ARDLGFIPDPQY,background_IGH_cdr3.csv
ARGCIGGTPGFDY,background_IGH_cdr3.csv
AQGRYG,background_IGH_cdr3.csv
ARDNQQWMSHDV,background_IGH_cdr3.csv
ARAKTKSGPTPDS,background_IGH_cdr3.csv
ARGRNYYDSSGYSPDPFDY,background_IGH_cdr3.csv
ARDPAGVLSDSYYDYVWGSCRYRGPLYGMDV,background_IGH_cdr3.csv
ARDGGDSGSGYGVRRFDY,background_IGH_cdr3.csv
AHTGSAGSGFGEWGD,background_IGH_cdr3.csv
VHDYGDYVFDY,background_IGH_cdr3.csv
ARDSSWSSYAASFDN,background_IGH_cdr3.csv
ASGYSYRPFDY,background_IGH_cdr3.csv
AAAPSGLDAFDI,background_IGH_cdr3.csv
ATGRDGTTLPENYGMDV,background_IGH_cdr3.csv
ARFAPGDYSNDKVWDY,background_IGH_cdr3.csv
ARSGSYYDAFDI,background_IGH_cdr3.csv
AAGNFDFWTWWY,background_IGH_cdr3.csv
ARHYSALDH,background_IGH_cdr3.csv
ARGGPGDCSGGSCYSPFDY,background_IGH_cdr3.csv
ASVTAAVTSDY,background_IGH_cdr3.csv
ASAIGLLDL,background_IGH_cdr3.csv
ASQGPDGSWYNWFDP,background_IGH_cdr3.csv
ARISLTRNYDFWSGYYQQIFVYDY,background_IGH_cdr3.csv
TTGAPV,background_IGH_cdr3.csv
ARGGVRAIVVPAALKYFEH,background_IGH_cdr3.csv
ARDGVGGSYWKLDY,background_IGH_cdr3.csv
ASGVHSSPSRY,background_IGH_cdr3.csv
LRGIRGFDI,background_IGH_cdr3.csv
ARGRDTSRWYRGAFDI,background_IGH_cdr3.csv
ARGLGYCTGGSCTFDY,background_IGH_cdr3.csv
AHRPWGYFDY,background_IGH_cdr3.csv
ARELVVVATTAVCDY,background_IGH_cdr3.csv
ARMAMSGYDYLVRYYFDY,background_IGH_cdr3.csv
ARERYCGGTDYYYYGMDV,background_IGH_cdr3.csv
AKDISQLLDAFDI,background_IGH_cdr3.csv
ARSSTDRISGSELDAFDI,background_IGH_cdr3.csv
ATDSRRWLPLDY,background_IGH_cdr3.csv
ARAGYSSGWLDFDY,background_IGH_cdr3.csv
ARGEYQIQRSDYHDAFDI,background_IGH_cdr3.csv
AREGADRRSCYDY,background_IGH_cdr3.csv
ARGSRIVAVLDCFDY,background_IGH_cdr3.csv
ARAAHGSGSYLFDY,background_IGH_cdr3.csv
ARGGGGIVVVPAAMVAFDI,background_IGH_cdr3.csv
ARDRGYSGTYVGAFDI,background_IGH_cdr3.csv
ARAKPRTTAPVY,background_IGH_cdr3.csv
ARGETGTASDAFDI,background_IGH_cdr3.csv
AREVIGFGELLGETDYFDY,background_IGH_cdr3.csv
ARHYSALDH,background_IGH_cdr3.csv
ARVLAPGSGYYLYGDY,background_IGH_cdr3.csv
ARGVVRERFDPIDY,background_IGH_cdr3.csv
ARGASGRGDSSRSCFDY,background_IGH_cdr3.csv
AHWGYSYGSDAFDI,background_IGH_cdr3.csv
VRWIRVSGSFDY,background_IGH_cdr3.csv
ARDEVRGWESKSFHLDY,background_IGH_cdr3.csv
ARDYYGSGSYYKGYYGMDV,background_IGH_cdr3.csv
ARGSGNFLLDY,background_IGH_cdr3.csv
ARVAY,background_IGH_cdr3.csv
ARRGVVAGVTATAFDI,background_IGH_cdr3.csv
ARRTGYYGSSYCYGSALDY,background_IGH_cdr3.csv
ARGREKPDYGDYVRTDAFDI,background_IGH_cdr3.csv
AREWRKDYYDSSGYYGPFDY,background_IGH_cdr3.csv
ARDYLRLGEFFYNYFEY,background_IGH_cdr3.csv
ASGSYGSGGSRGYYYYYGMDV,background_IGH_cdr3.csv
ARVTSIMLGVVYYYYGMDV,background_IGH_cdr3.csv
ARGLYYYASYYFDY,background_IGH_cdr3.csv
ARGVASDYYYLGLDV,background_IGH_cdr3.csv
ARHRGCSNCSYHSGFDY,background_IGH_cdr3.csv
ATASGSYYAPAGEFDY,background_IGH_cdr3.csv
AIRATMVRGVRTYRN,background_IGH_cdr3.csv
ARHAFDRVSSCYYDYGFDY,background_IGH_cdr3.csv
AVDYGGNLPYDY,background_IGH_cdr3.csv
ARHGGSDWSGLCWFDH,background_IGH_cdr3.csv
ARHHEMYGDYVLTT,background_IGH_cdr3.csv
ARLGLGEYQLLSYFDY,background_IGH_cdr3.csv
ARDRVGFICSGGSCFPWSDAFDI,background_IGH_cdr3.csv
ARGSASAPTLFPLVSCENSPSDTSSVAVGCLAQDF,background_IGH_cdr3.csv
AKEPQQWLEPPNAGLSPFDY,background_IGH_cdr3.csv
ARGLRYFDWLLWEGWFDP,background_IGH_cdr3.csv
ARDLQLLSEPEYFQH,background_IGH_cdr3.csv
ARLMATVTTTLYYYYGMDV,background_IGH_cdr3.csv
AKDSRDIMYYYDSSGSHYHLYYFDY,background_IGH_cdr3.csv
ARGQMLRRSDSYGNWFDP,background_IGH_cdr3.csv
TAGLGASDNDY,background_IGH_cdr3.csv
ARGPTMGSSWYPQDWFDY,background_IGH_cdr3.csv
ARRGGPRLAFDP,background_IGH_cdr3.csv
AREHLRCGGDCSLETWFDP,background_IGH_cdr3.csv
ASRTYYYDSSGYYGSAFDI,background_IGH_cdr3.csv
ARDDRQLTGCSRLDY,background_IGH_cdr3.csv
AAPYSGYVNRLDV,background_IGH_cdr3.csv
ARGKGEAAQFSFGMDV,background_IGH_cdr3.csv
AHHSGNFYTGVYLDY,background_IGH_cdr3.csv
ARGRSDWFD,background_IGH_cdr3.csv
ARHYSALDH,background_IGH_cdr3.csv
ASRKDEQTLIMVITTGDFDI,background_IGH_cdr3.csv
ARSVAATGEGYYYGMDV,background_IGH_cdr3.csv
ARDTRRGSASAPTLFPLVSCENSPSDTSSVAVGCLAQDF,background_IGH_cdr3.csv
ARAGVIAAGRSLLFDY,background_IGH_cdr3.csv
ARDSVGLGSYGSSGYAFDY,background_IGH_cdr3.csv
ARTGDRYYFDY,background_IGH_cdr3.csv
ARSSTDYSDYHNYGMDV,background_IGH_cdr3.csv
AKAGDYDFWSGYHHFDY,background_IGH_cdr3.csv
ARYGSSSDLDY,background_IGH_cdr3.csv
AGKSTHDFWSGFHQLLRSLEYLDY,background_IGH_cdr3.csv
ARARRYWDTRRGFYFDY,background_IGH_cdr3.csv
ARGYDSIGFQH,background_IGH_cdr3.csv
TTDRDWFDP,background_IGH_cdr3.csv
ARFYNTAMVTSRWFDP,background_IGH_cdr3.csv
QHRRYNRNGRGIDY,background_IGH_cdr3.csv
ARDTTGIAARYFDY,background_IGH_cdr3.csv
ASPATTFPLDAFDI,background_IGH_cdr3.csv
ARDRYSSSWYSNGMDV,background_IGH_cdr3.csv
ARFTWWRWEFYNGFDY,background_IGH_cdr3.csv
ARGGSAAGPRWFDP,background_IGH_cdr3.csv
ARATANFDF,background_IGH_cdr3.csv
ARGMPRDGYDDY,background_IGH_cdr3.csv
ARWGHY,background_IGH_cdr3.csv
ARHYSALDH,background_IGH_cdr3.csv
ARDPGPAAESNWFDP,background_IGH_cdr3.csv
ANVDYAARDY,background_IGH_cdr3.csv
ARVKAVAGNTAYGMDV,background_IGH_cdr3.csv
ARAWCGGDCYGGFRNWFDP,background_IGH_cdr3.csv
AHANPLEMATIFDY,background_IGH_cdr3.csv
ARDRWGIFFDY,background_IGH_cdr3.csv
ARHYSALDH,background_IGH_cdr3.csv
ARGEVVLAASYAFDY,background_IGH_cdr3.csv
ARDPRYYSYWYYVVDY,background_IGH_cdr3.csv
AGPGLTGTLF,background_IGH_cdr3.csv
ARGRRFDP,background_IGH_cdr3.csv
AHSRGYSGYDLPNY,background_IGH_cdr3.csv
ARGTVGGTPYGMDG,background_IGH_cdr3.csv
ARDLPSSQGNGMDV,background_IGH_cdr3.csv
ARDLDDSSGYTLDY,background_IGH_cdr3.csv
ARGGGDSSWHNWFDP,background_IGH_cdr3.csv
TRFGDYATAPFGG,background_IGH_cdr3.csv
ASETEGFRGVIMY,background_IGH_cdr3.csv
ARGQWLDYGMDV,background_IGH_cdr3.csv
ARDQKYYGSGKGFDY,background_IGH_cdr3.csv
ARGLYDYVWGSYRTTYFDY,background_IGH_cdr3.csv
ARECCGGGCFNWFDP,background_IGH_cdr3.csv
ARLMSIAFFDY,background_IGH_cdr3.csv
AGSSCD,background_IGH_cdr3.csv
ARGPSGTYVNY,background_IGH_cdr3.csv
ARDGSGSCWYTAFDY,background_IGH_cdr3.csv
SHRLKGQGAVHY,background_IGH_cdr3.csv
ARWTPTPTDIVVAPDDSYYFDY,background_IGH_cdr3.csv
ARDPSINERELYAFDM,background_IGH_cdr3.csv
ARCRDGNFAFDY,background_IGH_cdr3.csv
APGTTGD,background_IGH_cdr3.csv
VRDAGRYPNWYFDL,background_IGH_cdr3.csv
ARGRYDGSYPSDY,background_IGH_cdr3.csv
ARIPSGNYPYFDY,background_IGH_cdr3.csv
ARGVGGATMTLVDY,background_IGH_cdr3.csv
ARGVPAASHYFQH,background_IGH_cdr3.csv
AKAFERPVLDTLDI,background_IGH_cdr3.csv
ARGEVDDDAFDI,background_IGH_cdr3.csv
AHSYDTRLQRAMYWFDP,background_IGH_cdr3.csv
AGSGSLDY,background_IGH_cdr3.csv
ARGAAGRLGAFDY,background_IGH_cdr3.csv
ARGGLWFGESCDY,background_IGH_cdr3.csv
ARGYSGSEFYGIDY,background_IGH_cdr3.csv
ARLGGYGGNSSMHFDY,background_IGH_cdr3.csv
ARPGRRTLDGL,background_IGH_cdr3.csv
AREGDSSGYYPLDY,background_IGH_cdr3.csv
ARGRVGMVGASNNWFDP,background_IGH_cdr3.csv
ARHGAHDFWSGYYDY,background_IGH_cdr3.csv
TTDTTSGYGNY,background_IGH_cdr3.csv
TTAGIVVVPAAKISYYYGMDV,background_IGH_cdr3.csv
ARLVVDDWDGNWFDP,background_IGH_cdr3.csv
ARDRAFSTAYQSFDY,background_IGH_cdr3.csv
ARRPMIVVVVVTALDI,background_IGH_cdr3.csv
ARSVAATGEGYYYGMDV,background_IGH_cdr3.csv
ARCSRYCCGCYGAFDY,background_IGH_cdr3.csv
AHSNYYDSSGSDQNFDY,background_IGH_cdr3.csv
ARDRRGIAVVRVDYHGIGY,background_IGH_cdr3.csv
ARFASTPFDWWYFDL,background_IGH_cdr3.csv
ARDRRSGPRALDC,background_IGH_cdr3.csv
ARGLTVKGEGYYYYGMDV,background_IGH_cdr3.csv
ARDASGDDWGVDASTLDY,background_IGH_cdr3.csv
ARGKSAAVGGSGYYCIDY,background_IGH_cdr3.csv
ARAGVGLYGLDY,background_IGH_cdr3.csv
AREVSIAVASGGFDY,background_IGH_cdr3.csv
ARRKNLYYYGMDV,background_IGH_cdr3.csv
ARDRGRYCSSGYYYYGMDV,background_IGH_cdr3.csv
ARDYYYDSSGYYDAGYFY,background_IGH_cdr3.csv
ARAYSYGLAGGWFDP,background_IGH_cdr3.csv
ARGGSSSSNYWYFDL,background_IGH_cdr3.csv
AREKGGGLVLGRVYYYGMDV,background_IGH_cdr3.csv
ARGARWLQHYFDY,background_IGH_cdr3.csv
ARLRYNWNDYDV,background_IGH_cdr3.csv
AHSLWSGPGGDY,background_IGH_cdr3.csv
AREGLEYYGYDCCFDY,background_IGH_cdr3.csv
ARGRIFRVVVGLAFDI,background_IGH_cdr3.csv
ARGGDY,background_IGH_cdr3.csv
AREATRYIGVVTNDAFDY,background_IGH_cdr3.csv
ARGVAGAAVPGVDP,background_IGH_cdr3.csv
ARESDSSGQNSDAFDI,background_IGH_cdr3.csv
ASFGRVGYSYVGYGMRR,background_IGH_cdr3.csv
TTGRITIFGVVWHYFDY,background_IGH_cdr3.csv
ARGRGVGYFGF,background_IGH_cdr3.csv
ATSRPQAWFLA,background_IGH_cdr3.csv
ARDRGGVVTASYYYYGMDV,background_IGH_cdr3.csv
ARDFWSGNFFDY,background_IGH_cdr3.csv
ARDRYGSGSCYFDY,background_IGH_cdr3.csv
ARASDYYGWGRYYYWFDY,background_IGH_cdr3.csv
ARSSWSYSGHDAFNI,background_IGH_cdr3.csv
ARGEKYCASTSCYKRGYYFDY,background_IGH_cdr3.csv
ARVRRSWETRRQFYSDY,background_IGH_cdr3.csv
ARDSGLSGYCWYGMDY,background_IGH_cdr3.csv
ARLSSDGSWPPHYFDC,background_IGH_cdr3.csv
ARDLSGSYYDGMDV,background_IGH_cdr3.csv
ARASSGWDEYFEH,background_IGH_cdr3.csv
ASGHRDYYDSSGYYDAFDI,background_IGH_cdr3.csv
ARDLGGGASDY,background_IGH_cdr3.csv
AKDRAPTYYDVWSGHDY,background_IGH_cdr3.csv
ATTSRYCDGTSCP,background_IGH_cdr3.csv
ARDREYYYDSSGSGAFDI,background_IGH_cdr3.csv
AHTMGSYVPWGFDY,background_IGH_cdr3.csv
ARAATSDAWSGYYGDFDY,background_IGH_cdr3.csv
AHRGKGYCPSTSCYQE,background_IGH_cdr3.csv
AHRGPICSSTSCYQVMRNWFDH,background_IGH_cdr3.csv
ARSFYDFWSGPHYFDY,background_IGH_cdr3.csv
ERSDFGGVNAFDI,background_IGH_cdr3.csv
GRLPPKRSSTRD,background_IGH_cdr3.csv
TTERWNANTYDAFDI,background_IGH_cdr3.csv
ARRTGYDSSGVYFDY,background_IGH_cdr3.csv
ARGFSAAGYLDY,background_IGH_cdr3.csv
ARYYVGSGYTDY,background_IGH_cdr3.csv
ARDGVGIVVVPAAMGDYYYYGMDV,background_IGH_cdr3.csv
ARGVGAAVQGNAYYYYGMDV,background_IGH_cdr3.csv
AKSPQDLVVITTALDY,background_IGH_cdr3.csv
ARLFDSYGRWYFDL,background_IGH_cdr3.csv
ARGRNQLLYPFDY,background_IGH_cdr3.csv
ARDYYGSSCDHFVRYAFDY,background_IGH_cdr3.csv
ARDVLQDYWFDVDP,background_IGH_cdr3.csv
ARHYSALDH,background_IGH_cdr3.csv
VRRGHSNSPFFDY,background_IGH_cdr3.csv
ARSVAATGEGYYYGMDV,background_IGH_cdr3.csv
ARVRGYSYGFDY,background_IGH_cdr3.csv
ARCGGCSGSYKLPFDY,background_IGH_cdr3.csv
ATDLPNYDSSGYIY,background_IGH_cdr3.csv
ARGTPTPTDIVVAPDDSYYFDY,background_IGH_cdr3.csv
ARGSSYLEWLLSSSDY,background_IGH_cdr3.csv
ARHTSVSAYDFWSGFSSPQYFDY,background_IGH_cdr3.csv
AKVGGNSEGDY,background_IGH_cdr3.csv
ARY,background_IGH_cdr3.csv
ATSGAFVI,background_IGH_cdr3.csv
VREDAARFDP,background_IGH_cdr3.csv
ARRYDFCSGSCCSGSDGFDH,background_IGH_cdr3.csv
ARGPVRSSGWSSGDYFDY,background_IGH_cdr3.csv
ARLGVFGGGAADY,background_IGH_cdr3.csv
ARTMVRGVTPYNWFDP,background_IGH_cdr3.csv
ARHQPILYVVPRCIGGRFDY,background_IGH_cdr3.csv
ARARKYGAYWDFDY,background_IGH_cdr3.csv
ARHVLTAVAGGVVDAANRGYFDY,background_IGH_cdr3.csv
TTGLERRYDY,background_IGH_cdr3.csv
ARDPGIIVATIDDYFDY,background_IGH_cdr3.csv
ARLPKYYFDESAFDI,background_IGH_cdr3.csv
ARSVAATGEGYYYGMDV,background_IGH_cdr3.csv
ARASGWSSGIDY,background_IGH_cdr3.csv
AHRLLPDFNGMDV,background_IGH_cdr3.csv
AKERREFFWSGYPIS,background_IGH_cdr3.csv
ARRDLSSSSGEGA,background_IGH_cdr3.csv
TRLALRKNYYYDSSGYSDY,background_IGH_cdr3.csv
AREGTHSDFWSYYYYGMDV,background_IGH_cdr3.csv
ARGKRIVVVITRSCHYGMDV,background_IGH_cdr3.csv
ARGRLGASRTEVKT,background_IGH_cdr3.csv
VRDHGVGATREPDPPYYYYGMDV,background_IGH_cdr3.csv
ARGSGIVGVAGRFDY,background_IGH_cdr3.csv
SRHYSALDH,background_IGH_cdr3.csv
ARIPTSIAAAGGGGYYYGMDV,background_IGH_cdr3.csv
AREMRFWSGTDAFDM,background_IGH_cdr3.csv
GLACLITGYHPTSVTVTWY,background_IGH_cdr3.csv
ASVKLGISTY,background_IGH_cdr3.csv
ARDLDDSSGYTLDY,background_IGH_cdr3.csv
ARHGNVPPNYYGSGSYQDWFDP,background_IGH_cdr3.csv
ARQEDIVVVPAALYPRRSYYYGMDV,background_IGH_cdr3.csv
ARGGGGIIVVPAAPYGFDY,background_IGH_cdr3.csv
ARYNSGWDY,background_IGH_cdr3.csv
AREGGSDYYWFDY,background_IGH_cdr3.csv
ARIGGTSCSRGWFDP,background_IGH_cdr3.csv
ARGVGAARNWFDP,background_IGH_cdr3.csv
ARDGGEVPDY,background_IGH_cdr3.csv
TREIGRRTKNRGDIDS,background_IGH_cdr3.csv
ARGPYWSGYSLHAFDI,background_IGH_cdr3.csv
ASAKGADYGLFDP,background_IGH_cdr3.csv
ARCRSSGWPRYVYFDY,background_IGH_cdr3.csv
ARGQMVVVTARSNGFDY,background_IGH_cdr3.csv
ARHDVYDSSGLYPR,background_IGH_cdr3.csv
ARSYSCAEDY,background_IGH_cdr3.csv
ARGPNIAATYYCYFDD,background_IGH_cdr3.csv
ARDQMVAEWFDP,background_IGH_cdr3.csv
ARVKFSQGYYGMDV,background_IGH_cdr3.csv
ARDYYGTSGYQPFDY,background_IGH_cdr3.csv
ARIRVDGPFDY,background_IGH_cdr3.csv
ARRNDRAAKAFDI,background_IGH_cdr3.csv
AREPDIAAAGTRTLLDY,background_IGH_cdr3.csv
VLACLITGYHPTSVTVTWY,background_IGH_cdr3.csv
ARGMGAGYCSGTFDV,background_IGH_cdr3.csv
AHLRYFDWKFDY,background_IGH_cdr3.csv
ARGYGVRGGGSYFDY,background_IGH_cdr3.csv
ARLPKYYFDESAFDI,background_IGH_cdr3.csv
ARDPHGGYWPIYFYYGMDV,background_IGH_cdr3.csv
AHYNWQYGDLDY,background_IGH_cdr3.csv
ARDGGDSGGDCYDCGFDL,background_IGH_cdr3.csv
ARAWGNSGWYSSAQDY,background_IGH_cdr3.csv
AKDISKEANSGWYFDY,background_IGH_cdr3.csv
ARPRDSGYNSGCFDY,background_IGH_cdr3.csv
ARVPDPVLMVRSDGGYFDY,background_IGH_cdr3.csv
AKGGQQLVVYYGMDV,background_IGH_cdr3.csv
ARSVAATGEGYYYGMDV,background_IGH_cdr3.csv
AKLRDGYKILDY,background_IGH_cdr3.csv
ARLLKGATNRGTVYFDY,background_IGH_cdr3.csv
ARGPVSVYYDFWSGYYELDY,background_IGH_cdr3.csv
ATDHLVYYGSGSPYAFDI,background_IGH_cdr3.csv
ARSHYGGTYYFDY,background_IGH_cdr3.csv
TRQLATFQDH,background_IGH_cdr3.csv
VRGEGYYDSSGYAKIFAF,background_IGH_cdr3.csv
ENSPSDTSSVAVGCLAQDF,background_IGH_cdr3.csv
ARREDYDCWSGIDY,background_IGH_cdr3.csv
ARIDCSSTSCYSYGMDV,background_IGH_cdr3.csv
ARAMPATSSLDY,background_IGH_cdr3.csv
ARVKPVKKRWDAFDI,background_IGH_cdr3.csv
ARVFGGSSPSPDY,background_IGH_cdr3.csv
ARCGRSSCWSNWFDY,background_IGH_cdr3.csv
AHKAPTKANWFDP,background_IGH_cdr3.csv
ASDPCYGGSSGSPRRFDY,background_IGH_cdr3.csv
ARRITIFGVVTYDGIDV,background_IGH_cdr3.csv
ARGLRYCSSTSCYGFDY,background_IGH_cdr3.csv
ARARRYWDTRRGFYFDY,background_IGH_cdr3.csv
ARCRKYYGSSGGYWFDY,background_IGH_cdr3.csv
ATSLLDTVMVLSGMAD,background_IGH_cdr3.csv
ARSVLMGGFGRRKDAFDI,background_IGH_cdr3.csv
ARQASAYYYDSTRLHDY,background_IGH_cdr3.csv
ARGIADSYIVGAKGLGMDV,background_IGH_cdr3.csv
ARGNNYVD,background_IGH_cdr3.csv
ARDGEFLVGSAYGNAFDY,background_IGH_cdr3.csv
ARAPWLLGIMDF,background_IGH_cdr3.csv
ARGNCSGGSCPLDY,background_IGH_cdr3.csv
ARVGPYFGGSSCCFDY,background_IGH_cdr3.csv
ARGGGITMIVAVITNRFDY,background_IGH_cdr3.csv
AKDRVEKCSTFDHYDYDGFDV,background_IGH_cdr3.csv
ARVTDTQVGGPNWFDP,background_IGH_cdr3.csv
VKEGGDV,background_IGH_cdr3.csv
ARQACGFAGIDY,background_IGH_cdr3.csv
ARGRVVRSWYGYYGFDV,background_IGH_cdr3.csv
ARTPQLAEWLFRSGWFDP,background_IGH_cdr3.csv
ARLSRGSFGVY,background_IGH_cdr3.csv
ARGGRFGELIGNGMDV,background_IGH_cdr3.csv
ARGARVVVAVATDSFDY,background_IGH_cdr3.csv
ARGTRSAVALGWFDH,background_IGH_cdr3.csv
ARDKSGNRPDP,background_IGH_cdr3.csv
ARGCDVGAGYCFDY,background_IGH_cdr3.csv
ARGMMRATGVRLLPMDV,background_IGH_cdr3.csv
ARGVAARLTRNNCFDP,background_IGH_cdr3.csv
ARGKYSTFDY,background_IGH_cdr3.csv
ARGYGDYVGWFDP,background_IGH_cdr3.csv
ARGEVCSGTSCYFDY,background_IGH_cdr3.csv
ARARGYCSSTSCYGGRFDP,background_IGH_cdr3.csv
VRGPGRTAPEVNY,background_IGH_cdr3.csv
ARDNQQWMSHDV,background_IGH_cdr3.csv
ARVARTKAYFEY,background_IGH_cdr3.csv
ARGPHSTAWYFGYFDL,background_IGH_cdr3.csv
ARHVSGGYYPY,background_IGH_cdr3.csv
ARDGDGDNRRPYYQYGMDV,background_IGH_cdr3.csv
AREQGAVAGPAFDY,background_IGH_cdr3.csv
ARYWSGGSCYIRRAFDI,background_IGH_cdr3.csv
ARDEQRGVAECFD,background_IGH_cdr3.csv
ARGDYGDYGRYAFDI,background_IGH_cdr3.csv
AREWGSGYYDGMDV,background_IGH_cdr3.csv
ARGRSSSGYYPRRGEYFQH,background_IGH_cdr3.csv
ARGVAATLSFDY,background_IGH_cdr3.csv
ATGKGHHYYYGLDV,background_IGH_cdr3.csv
ARDYSLRGLID,background_IGH_cdr3.csv
ARERGGMDV,background_IGH_cdr3.csv
ARELAYCSSTSCYGDHFDY,background_IGH_cdr3.csv
AKDIRGQQLVIDY,background_IGH_cdr3.csv
ATSGTPFQH,background_IGH_cdr3.csv
ARLPKYYFDESAFDI,background_IGH_cdr3.csv
GPAPATCLLLLRRSGR,background_IGH_cdr3.csv
ARGGSSGDSSVDRGYYFDY,background_IGH_cdr3.csv
ARDQIPDEDKFFDY,background_IGH_cdr3.csv
ARHTMLRGAIITIDY,background_IGH_cdr3.csv
ARHGCYDYGGNCCFDI,background_IGH_cdr3.csv
ARDNRRLYGTGYFFDF,background_IGH_cdr3.csv
ARDGGDSSYSYGFDY,background_IGH_cdr3.csv
ASMYYDVLTGYWHPLDV,background_IGH_cdr3.csv
ASGGAMADAFDI,background_IGH_cdr3.csv
ARSKIAVAGNLSDF,background_IGH_cdr3.csv
AREAGYCSSSSCYPNYFDY,background_IGH_cdr3.csv
ARLSESCLASGFDS,background_IGH_cdr3.csv
ARHYSALDH,background_IGH_cdr3.csv
ARLEYSSRSSLGDFDY,background_IGH_cdr3.csv
ATSGTPFEY,background_IGH_cdr3.csv
ARGQYDCWGGYDDYYYYGMDV,background_IGH_cdr3.csv
ATSGTPFQH,background_IGH_cdr3.csv
ARKSMYYDFWSALYYYGMDV,background_IGH_cdr3.csv
ARMRQRSGSFDC,background_IGH_cdr3.csv
ARSLNMVRGVSYYGMDV,background_IGH_cdr3.csv
ARLPEAGIAARPNGY,background_IGH_cdr3.csv
ARGLAYCGGDCPAGYFDV,background_IGH_cdr3.csv
ARGLAYCGGDCSCYFDF,background_IGH_cdr3.csv
ARGIAARLYYFDY,background_IGH_cdr3.csv
ARGHTELGYCSGGSCYSGDY,background_IGH_cdr3.csv
ARASDCSSGYYYGIDY,background_IGH_cdr3.csv
AGPGDY,background_IGH_cdr3.csv
ATDLPPRFGGH,background_IGH_cdr3.csv
AAAGITGTTRYDY,background_IGH_cdr3.csv
ARRYNWNYILFDY,background_IGH_cdr3.csv
ARGRVDYYGMDV,background_IGH_cdr3.csv
ARDSRGYFDY,background_IGH_cdr3.csv
AWYVGSFSWFDP,background_IGH_cdr3.csv
ARGDSFDYFD,background_IGH_cdr3.csv
ARIRLTYYYDSSGYYHPQYYFDY,background_IGH_cdr3.csv
ARGHIVVVPAAMPEPDYYYYGMDV,background_IGH_cdr3.csv
ARGGGGVGGRGYSGFDF,background_IGH_cdr3.csv
ARQRMSYGWLDY,background_IGH_cdr3.csv
AKRSNSWHYFDY,background_IGH_cdr3.csv
ARDLRNSYCCLVGV,background_IGH_cdr3.csv
ARGFTENSGWYGKDAFDY,background_IGH_cdr3.csv
ARAVGCRSGSCREGAFDY,background_IGH_cdr3.csv
ARQRVVVAAAQTNRDDAFDI,background_IGH_cdr3.csv
ARGTPTPTDIVVAPDDSYYFDY,background_IGH_cdr3.csv
ARRKGYSGALFDY,background_IGH_cdr3.csv
ARESGGDDYSDY,background_IGH_cdr3.csv
AREPRYQLLSGGYYYGMDV,background_IGH_cdr3.csv
ARDRTRIGSPSDY,background_IGH_cdr3.csv
ARVVYDTSSTGDWLDP,background_IGH_cdr3.csv
ARGSWSVWYYYDSSGYYYFDY,background_IGH_cdr3.csv
ARDIGYGVFDY,background_IGH_cdr3.csv
ARLTGIAAAGI,background_IGH_cdr3.csv
ARDTGYSSSRVAVAFDI,background_IGH_cdr3.csv
ARDMGIAATATIPFDY,background_IGH_cdr3.csv
ARGRPELLISGYYFDY,background_IGH_cdr3.csv
ARGYAGGRINWFDY,background_IGH_cdr3.csv
ARGDSSYYCIDY,background_IGH_cdr3.csv
ARHYSALDH,background_IGH_cdr3.csv
ARAGSSCNYFDY,background_IGH_cdr3.csv
AREGQLDYGSDAFDI,background_IGH_cdr3.csv
VKSHPFDL,background_IGH_cdr3.csv
ARPSGYFCIDY,background_IGH_cdr3.csv
ARDPGAFGAFDI,background_IGH_cdr3.csv
ARDDRIVGVAAAICFDY,background_IGH_cdr3.csv
ARDALGVQNWFDP,background_IGH_cdr3.csv
ARGHTQGRSGDY,background_IGH_cdr3.csv
ARDLGSSSGGSYYYYGMDV,background_IGH_cdr3.csv
ARGVPVCISRWLPHDFDY,background_IGH_cdr3.csv
ARARRYWDTRRGFCFDY,background_IGH_cdr3.csv
ARHLGEGVDTRITMIVVVYEFDY,background_IGH_cdr3.csv
ARDRLRVLVATWFDL,background_IGH_cdr3.csv
ARLRAMGAVEAPLDY,background_IGH_cdr3.csv
ARDSGTYYNWFDP,background_IGH_cdr3.csv
ARGEVRKYYYYGMDV,background_IGH_cdr3.csv
ARERWFDY,background_IGH_cdr3.csv
ARGRLGTITAAAARSFDY,background_IGH_cdr3.csv
SRLIGGDGMDV,background_IGH_cdr3.csv
ARGGYSSSSRAWVDY,background_IGH_cdr3.csv
VRDGGNYWYFDL,background_IGH_cdr3.csv
AKSLSPFDWLKEPFDY,background_IGH_cdr3.csv
ARHRRGTSCFDY,background_IGH_cdr3.csv
ARGGRIWSGNYGQDY,background_IGH_cdr3.csv
AHRGRGWIDY,background_IGH_cdr3.csv
ARGTQGTAMVTFYGY,background_IGH_cdr3.csv
ARGGSGYYYGMDV,background_IGH_cdr3.csv
AKVYQLLDAFDI,background_IGH_cdr3.csv
ARGSWAFDI,background_IGH_cdr3.csv
ARGLKPPLAAAGTLFDY,background_IGH_cdr3.csv
AREPAATRGYYYYGIDY,background_IGH_cdr3.csv
ARGPRGVAGTHYYYGMDV,background_IGH_cdr3.csv
ARLPKYYFDESAFDI,background_IGH_cdr3.csv
AKEAPRSSWYVREHSSGWGYFDY,background_IGH_cdr3.csv
ARGRGYCDYCGMDV,background_IGH_cdr3.csv
ARIMSYMGEDY,background_IGH_cdr3.csv
ARGTPTPTDIVVAPDDSYYFDY,background_IGH_cdr3.csv
ARVGGRLGWFDP,background_IGH_cdr3.csv
ARRGSSLSLDF,background_IGH_cdr3.csv
ARGGSYSDH,background_IGH_cdr3.csv
ARVATVTTWLDY,background_IGH_cdr3.csv
ARDSGSYYYVFDY,background_IGH_cdr3.csv
ARIKYSNYYYGMDV,background_IGH_cdr3.csv
ASSGLCTARGNYYYGMDV,background_IGH_cdr3.csv
ARVRADHGYFDP,background_IGH_cdr3.csv
AHFAPLRFLEWHNDAFDI,background_IGH_cdr3.csv
STVDTAMVGGDY,background_IGH_cdr3.csv
ARDLGRGD,background_IGH_cdr3.csv
ARILWFGDPVKDGNWFDP,background_IGH_cdr3.csv
ARDGYSGNSFDP,background_IGH_cdr3.csv
ARLVGDSSSWYGLGMDV,background_IGH_cdr3.csv
ARPHPELAVAGTRGYYWFDP,background_IGH_cdr3.csv
ARAPANVPAAIDY,background_IGH_cdr3.csv
ARHGTAAAAAGGLHGMDY,background_IGH_cdr3.csv
ARGCLGYTTFDL,background_IGH_cdr3.csv
ARLTGIAAAGI,background_IGH_cdr3.csv
AKGLERVPVAIDAFDI,background_IGH_cdr3.csv
ARGSSNYNYYGNLDD,background_IGH_cdr3.csv
ARDMNRSTAVDFDY,background_IGH_cdr3.csv
ARDLAVVGTGMDV,background_IGH_cdr3.csv
ARGGRVIAAFGLVSGGFDY,background_IGH_cdr3.csv
TTTTVVNPSLFDY,background_IGH_cdr3.csv
ARGLEMATIDWTT,background_IGH_cdr3.csv
FSEWELPY,background_IGH_cdr3.csv
ARDGSSYGQDYYYTVWTS,background_IGH_cdr3.csv
ARDESLGWCYNSSWFDY,background_IGH_cdr3.csv
ARLDSSSSGGQDS,background_IGH_cdr3.csv
ARGYFEGPAMAPFDY,background_IGH_cdr3.csv
AHNGPSSSSWYYGYYYYGMDV,background_IGH_cdr3.csv
ARHGYYDSSGYMADAFDI,background_IGH_cdr3.csv
ENSPSDTSSVAVGCLAQDFQ,background_IGH_cdr3.csv
ARGKRGVMLAFDI,background_IGH_cdr3.csv
ARDDDSGGDAFDI,background_IGH_cdr3.csv
ARELGPYYFDY,background_IGH_cdr3.csv
ARDWGQPQSWLFR,background_IGH_cdr3.csv
YYPADGVGNDY,background_IGH_cdr3.csv
ARAKTKRGPTPDS,background_IGH_cdr3.csv
AGSGGLDS,background_IGH_cdr3.csv
AREREGQQTTGHWFDP,background_IGH_cdr3.csv
ARDRYDSSGYSSSYWYFDL,background_IGH_cdr3.csv
ARRKSTAAATTTTFDY,background_IGH_cdr3.csv
ARGLAREEYYFDY,background_IGH_cdr3.csv
ARRPRVDWDWRLRLMNGALDI,background_IGH_cdr3.csv
ARVFGEVTPWDFDF,background_IGH_cdr3.csv
TKEGDYFDRRSEARDV,background_IGH_cdr3.csv
ARGRDTSGCDAY,background_IGH_cdr3.csv
ARGRYSYGQYYYYGMDV,background_IGH_cdr3.csv
ARAEGYDFWSGSFYFDY,background_IGH_cdr3.csv
ARVRRVDDFWSGSLDY,background_IGH_cdr3.csv
AHLYGVVAANMGSGFDP,background_IGH_cdr3.csv
ASAGIIVGAPWFDY,background_IGH_cdr3.csv
ARVKTLRDI,background_IGH_cdr3.csv
AARGYSYGYPGEAHAFDY,background_IGH_cdr3.csv
AHSSPPPRRITIFGVVKEDWFDP,background_IGH_cdr3.csv
ARHGAYYEYGFDF,background_IGH_cdr3.csv
ARLPKYYFDESAFDI,background_IGH_cdr3.csv
ARHYSALDH,background_IGH_cdr3.csv
ARDLWDTGAGYYYYYGMDV,background_IGH_cdr3.csv
ARDRMYGSSWSCIDY,background_IGH_cdr3.csv
ARSVAATGEGYYYGMDV,background_IGH_cdr3.csv
ARDDPV,background_IGH_cdr3.csv
ASGVAGVTGYYYYYYGVWTS,background_IGH_cdr3.csv
ARGGSPGLHGMDV,background_IGH_cdr3.csv
ARVGSRNYGYGNSIAAAGIRDY,background_IGH_cdr3.csv
AREIRGSGA,background_IGH_cdr3.csv
ARDNQQWMSHDV,background_IGH_cdr3.csv
ARGVEVATGTDF,background_IGH_cdr3.csv
ARDGSSGYYGYYGIDD,background_IGH_cdr3.csv
ARGRPSPVVNRYFDY,background_IGH_cdr3.csv
ARDLNPHFVSSWYAFDI,background_IGH_cdr3.csv
ARKVTAGAGSYQDY,background_IGH_cdr3.csv
ARGLERSSSCGYFDY,background_IGH_cdr3.csv
ARDLGGRGFDP,background_IGH_cdr3.csv
AKHRGEYSLFGGFDY,background_IGH_cdr3.csv
ARWGGYYRTFDY,background_IGH_cdr3.csv
ARGHDLWSGSYCYPDY,background_IGH_cdr3.csv
ARGHPYYDFWSGYYISNYYYGMDV,background_IGH_cdr3.csv
ARRWRCGSSSCHLYFDY,background_IGH_cdr3.csv
ARVIIGCYWWYEVDY,background_IGH_cdr3.csv
AHSYHCSSTSCYLLLGHRKQYYFDY,background_IGH_cdr3.csv
ARSHAERGHSYGASFPDY,background_IGH_cdr3.csv
ARVSIYYYYGMDV,background_IGH_cdr3.csv
VRAGYSTGWHVLY,background_IGH_cdr3.csv
ARGNWSSSYDFDY,background_IGH_cdr3.csv
AKDSRASRTSRMPDV,background_IGH_cdr3.csv
ARDFRGFGAAAIPGGIELDAFDI,background_IGH_cdr3.csv
ARRGFSYDWFDP,background_IGH_cdr3.csv
ARDGKGYSGYE,background_IGH_cdr3.csv
ARAVGGEYQLLLDWFDY,background_IGH_cdr3.csv
ARGGSYSDH,background_IGH_cdr3.csv
ARPNGPVAGTGWFDF,background_IGH_cdr3.csv
ARFFDFIDY,background_IGH_cdr3.csv
ARGGSSRVRVFFSDY,background_IGH_cdr3.csv
ASGVGAAAAGSETSDY,background_IGH_cdr3.csv
ARDSDYCGGDCYTD,background_IGH_cdr3.csv
AHRQVAREFDP,background_IGH_cdr3.csv
ARGWGSSGYGSCTNGFDY,background_IGH_cdr3.csv
ARGSWAFDI,background_IGH_cdr3.csv
ARPYRRALSCFDY,background_IGH_cdr3.csv
ARQLDVDSSYGGTIDY,background_IGH_cdr3.csv
AHWECTTASCYAFDI,background_IGH_cdr3.csv
ARDNQQWMSHDV,background_IGH_cdr3.csv
AREDGPSDWPNCDSDDCGFDL,background_IGH_cdr3.csv
TTDRPSY,background_IGH_cdr3.csv
ARGDIVVVPAAIDY,background_IGH_cdr3.csv
ARTLATRFDF,background_IGH_cdr3.csv
ARGLAPHKPMVRGDGFDP,background_IGH_cdr3.csv
ARRGASGSYSRGAFDI,background_IGH_cdr3.csv
AYLRFLEWVPDI,background_IGH_cdr3.csv
ARPYGSGYYGMD,background_IGH_cdr3.csv
ARGARICSSACCGYCCFDL,background_IGH_cdr3.csv
ASARYYNSSSGYWYGMDV,background_IGH_cdr3.csv
ARGPRGSVAAIWGDNWFDP,background_IGH_cdr3.csv
ARGIDYGDGCHFKFDY,background_IGH_cdr3.csv
ARDRGYYDFWGGNYTGTNYFDH,background_IGH_cdr3.csv
ARDGDGDNRRPYYQYGMDV,background_IGH_cdr3.csv
ARGLLEQWLPRDRNWFDP,background_IGH_cdr3.csv
ARDGVAQDISGYKGRFGP,background_IGH_cdr3.csv
ARAGMTHYYYGMDV,background_IGH_cdr3.csv
ARERMRPCGVSDPFDF,background_IGH_cdr3.csv
AKERSLAGDY,background_IGH_cdr3.csv
ARDTIIGVVTFDY,background_IGH_cdr3.csv
AKWGRMQEASHFDF,background_IGH_cdr3.csv
ARMLGARTFYLDS,background_IGH_cdr3.csv
ATNYR,background_IGH_cdr3.csv
AHRSYGSGSYDY,background_IGH_cdr3.csv
ARGRSGGAVLWYGGFDH,background_IGH_cdr3.csv
ARIRCGYCNTTDCPHYYGLDV,background_IGH_cdr3.csv
ARGRVGARWDYYFDY,background_IGH_cdr3.csv
AKEMTLPPNTYYYGMDV,background_IGH_cdr3.csv
ARGGLGCGCYFDF,background_IGH_cdr3.csv
ARHCGGDCYSDLSRAPPFRDALAI,background_IGH_cdr3.csv
ARISKAAATPGARDY,background_IGH_cdr3.csv
ARQSSYAAFDY,background_IGH_cdr3.csv
AREEEHGSGFDH,background_IGH_cdr3.csv
ARIRAAPRGAFDI,background_IGH_cdr3.csv
ARASEPRTIDY,background_IGH_cdr3.csv
AKDINPYDSSGSYLDY,background_IGH_cdr3.csv
AKLYYDFLHD,background_IGH_cdr3.csv
ARDRRLYGDYGNSNFDYYSGMDV,background_IGH_cdr3.csv
ARHRRSIAARPNWFDP,background_IGH_cdr3.csv
AREGYSSCGYWAFDF,background_IGH_cdr3.csv
ARRSSGYDY,background_IGH_cdr3.csv
ERVSSGRASSDY,background_IGH_cdr3.csv
ARVVWGGVVENGFDY,background_IGH_cdr3.csv
ARGARGYRSYYDSLNGFDY,background_IGH_cdr3.csv
ARVQAGYGGYYFDY,background_IGH_cdr3.csv
ARRRAYCGGDCYMY,background_IGH_cdr3.csv
ARGGDNGAFDI,background_IGH_cdr3.csv
ATGSELRAAEYFQH,background_IGH_cdr3.csv
ARHYSALDH,background_IGH_cdr3.csv
ARDLQQLVRRKNAFDI,background_IGH_cdr3.csv
ARDSYGAYEAGFDF,background_IGH_cdr3.csv
ARQFYHDTSRSSSYWYFDL,background_IGH_cdr3.csv
AGPSIGDSSDYYLFEY,background_IGH_cdr3.csv
AHGITMVRGPRVHAFI,background_IGH_cdr3.csv
AKVREVVAARAGAID,background_IGH_cdr3.csv
VRGPGRTAPEVNY,background_IGH_cdr3.csv
ARGHDYGSDG,background_IGH_cdr3.csv
ARSGRITMVGVATTCLDY,background_IGH_cdr3.csv
AHTPAGWFGEYYFDY,background_IGH_cdr3.csv
ARRTTGGVIAARLDQYFDY,background_IGH_cdr3.csv
ARGRQWLTDH,background_IGH_cdr3.csv
ARGEYRLLSPHYFDY,background_IGH_cdr3.csv
ARDLSANYGMDV,background_IGH_cdr3.csv
ARDLPRVRTGGDCAFDI,background_IGH_cdr3.csv
AVDKGITVIVAVMVM,background_IGH_cdr3.csv
AREWPPPFGGMDV,background_IGH_cdr3.csv
ARGRRFGELCDY,background_IGH_cdr3.csv
ARHYMIVVVINYFDH,background_IGH_cdr3.csv
ARGYSSGYRTGGGFDY,background_IGH_cdr3.csv
ARIAHSRGIFDY,background_IGH_cdr3.csv
ATQIYIMIVVTELHLDWAFDI,background_IGH_cdr3.csv
ARTRMEKGTGGWGDGFDI,background_IGH_cdr3.csv
ARHYSALDH,background_IGH_cdr3.csv
AREGDPRTTSYYYYYSGMDV,background_IGH_cdr3.csv
ARVEDLTAPVVPLYNWFDP,background_IGH_cdr3.csv
ARVADDSWSGSPFDY,background_IGH_cdr3.csv
ARDYYDKSREMGDY,background_IGH_cdr3.csv
ARVGTQWDLWFDL,background_IGH_cdr3.csv
ARDGDGDNRRPYYQYGMDV,background_IGH_cdr3.csv
ARDYSLRGLID,background_IGH_cdr3.csv
ARYYGSGMDV,background_IGH_cdr3.csv
ARDPGGGTAPNWFDP,background_IGH_cdr3.csv
ARGTPTPTDIVVAPDDSYYFDY,background_IGH_cdr3.csv
ARGRPFRVAITGFDL,background_IGH_cdr3.csv
ASVGATLPRPQYFHD,background_IGH_cdr3.csv
ARDSLRFVWSGYYYGMDV,background_IGH_cdr3.csv
ARGGYGSGTY,background_IGH_cdr3.csv
ARGGVRGVYFDY,background_IGH_cdr3.csv
AGQLLDY,background_IGH_cdr3.csv
ARELGIPGWFDP,background_IGH_cdr3.csv
ARGRYYGGGFD,background_IGH_cdr3.csv
ARGGGWSSYYIDY,background_IGH_cdr3.csv
ARGTDSRGCYSSDYAFDY,background_IGH_cdr3.csv
TTDYYGSASAPTLFPLVSCENSPSDTSSVAVGCLAQDFQ,background_IGH_cdr3.csv
ARRDHCTSVDCPFDS,background_IGH_cdr3.csv
ARGAVKYSSSSRFDY,background_IGH_cdr3.csv
ARDYYGSGGD,background_IGH_cdr3.csv
ARHYSALDH,background_IGH_cdr3.csv
ARIWQGLYGHLGAFDI,background_IGH_cdr3.csv
ARAHYGDSSSWYSWFDY,background_IGH_cdr3.csv
ARDGVYSYGLN,background_IGH_cdr3.csv
TTDYYG,background_IGH_cdr3.csv
AHKSPGRRGLVRGVIMTYYFDY,background_IGH_cdr3.csv
ARMHGGNYGMDV,background_IGH_cdr3.csv
ARGGGFCSSSWRGDRCWFDP,background_IGH_cdr3.csv
ARSHYGGTYYFDY,background_IGH_cdr3.csv
ARLGFGELRIYYFDY,background_IGH_cdr3.csv
ARQRYGSGGYLPGRYGFDY,background_IGH_cdr3.csv
ARGRDLFDY,background_IGH_cdr3.csv
ARDGAIHRPAATSNWFDP,background_IGH_cdr3.csv
ARGRHDCSSTRPADYFGMDY,background_IGH_cdr3.csv
ARGPSGSHAGNWFDY,background_IGH_cdr3.csv
ARDKGKGDFWSGYYVSDYYYYGMDV,background_IGH_cdr3.csv
ARGIIAAAGYCFDY,background_IGH_cdr3.csv
ARDRRLRLGELSLSGFDY,background_IGH_cdr3.csv
ARFPPTRRAFDI,background_IGH_cdr3.csv
ARHELENTYYDFWSGYNRNWFDP,background_IGH_cdr3.csv
ARGRRSSGLDY,background_IGH_cdr3.csv
ARHYSALDH,background_IGH_cdr3.csv
ARGVAGARKGTNWIDP,background_IGH_cdr3.csv
ARNDFWSGKNWFDP,background_IGH_cdr3.csv
ARRTTIFGVLIFDY,background_IGH_cdr3.csv
ARGTPTPTDIVVAPDDSYYFDY,background_IGH_cdr3.csv
ARG,background_IGH_cdr3.csv
ARQSCTSTSCPFDY,background_IGH_cdr3.csv
APTPSTLLDY,background_IGH_cdr3.csv
ERSAPYGLLLRYGR,background_IGH_cdr3.csv
ARLFIVGAPNWFDP,background_IGH_cdr3.csv
AREFWSGNFFDY,background_IGH_cdr3.csv
ARGMPYYGLGSYFTMDY,background_IGH_cdr3.csv
ARGGFELYCSSTSCYRGLFDI,background_IGH_cdr3.csv
AHRAGKGMATITAVAFDI,background_IGH_cdr3.csv
ARWGIAAAGNYFSY,background_IGH_cdr3.csv
ARGNSSSGGPYYCIDY,background_IGH_cdr3.csv
ARDNYGYRSSWSYYFDY,background_IGH_cdr3.csv
ARPNWGSPDDFDI,background_IGH_cdr3.csv
ARSGASFDY,background_IGH_cdr3.csv
AHKKSGIAAADRNFQH,background_IGH_cdr3.csv
ARDGAAAGTRDAFDI,background_IGH_cdr3.csv
ARDYYHGSGYPLFDY,background_IGH_cdr3.csv
ARGTSSVRGYCSGGSCDSYYYYGV,background_IGH_cdr3.csv
ARLTGIAAAGI,background_IGH_cdr3.csv
ARDDDWEGMLECDESFDY,background_IGH_cdr3.csv
ARGSRAHIDDDYYFDY,background_IGH_cdr3.csv
SRGSITIFGVVILNWYFDL,background_IGH_cdr3.csv
AKYDSSGQRDYYYYGMDV,background_IGH_cdr3.csv
ARTTGDRIVVVPEYFQH,background_IGH_cdr3.csv
ARGAIAALGY,background_IGH_cdr3.csv
VRGPGRTAPEVNY,background_IGH_cdr3.csv
ARDGEYSGCDYYFEFDF,background_IGH_cdr3.csv
ARVPPRVGGTLYYYYGMDV,background_IGH_cdr3.csv
AKVKRGVLQWLEWVTYFYYGFDI,background_IGH_cdr3.csv
AEDYC,background_IGH_cdr3.csv
ARVAPVSYYFDY,background_IGH_cdr3.csv
AKDSGYHDYDFDF,background_IGH_cdr3.csv
ARGFGGGCCSNGCFDY,background_IGH_cdr3.csv
ARVPVGANGDGCY,background_IGH_cdr3.csv
ATSRDRTPNT,background_IGH_cdr3.csv
ARLGPLGIGARGVDY,background_IGH_cdr3.csv
ARLGERGSGGSGGDY,background_IGH_cdr3.csv
ARDPAAANNWFDP,background_IGH_cdr3.csv
ARRFYYGMDV,background_IGH_cdr3.csv
ARGGANDAFDI,background_IGH_cdr3.csv
ARHYSALDH,background_IGH_cdr3.csv
ARDPTGSLDV,background_IGH_cdr3.csv
ARASFEWSSYYLGYYYFDY,background_IGH_cdr3.csv
ARRRIAALTLDY,background_IGH_cdr3.csv
ARNDHVVVTGSRDLHFDY,background_IGH_cdr3.csv
ARGNAPRRGGYYYGFDY,background_IGH_cdr3.csv
ARVPSGGWFDP,background_IGH_cdr3.csv
AHRVRPSTFDY,background_IGH_cdr3.csv
ARGEEQLVFNDY,background_IGH_cdr3.csv
ACHRITIFGVVPYGMDV,background_IGH_cdr3.csv
ARGRAATGYFDY,background_IGH_cdr3.csv
ARGIGVVAADFD,background_IGH_cdr3.csv
ARHYSALDH,background_IGH_cdr3.csv
ARDSELVVGAFDI,background_IGH_cdr3.csv
ARGYCSTGPRDNWFDP,background_IGH_cdr3.csv
TIHITDLQYYFDY,background_IGH_cdr3.csv
ARDDHSSGYPAWFDP,background_IGH_cdr3.csv
ARGSGEWYYRYAIDY,background_IGH_cdr3.csv
ARQRVVTANLWFDY,background_IGH_cdr3.csv
ARDLDAAAGSGSYGGFDY,background_IGH_cdr3.csv
ARHSSPAGEQQPFDY,background_IGH_cdr3.csv
ATVLGATGGVAGFDI,background_IGH_cdr3.csv
ASEDIFGVVLHAENWSVGMDL,background_IGH_cdr3.csv
ARDRLMDNYGSSGYYFDY,background_IGH_cdr3.csv
VRDVRSGYDRFDS,background_IGH_cdr3.csv
ARSSSTRDFDS,background_IGH_cdr3.csv
ARNLDTLDY,background_IGH_cdr3.csv
ARHYSALDH,background_IGH_cdr3.csv
ARDRGGAIDY,background_IGH_cdr3.csv
ARADQAGKGGCDSFDY,background_IGH_cdr3.csv
ARHSARRNRLKIPYYYGLDV,background_IGH_cdr3.csv
ARAPYSSSWYGTYGMDV,background_IGH_cdr3.csv
ARDGGWHSSDY,background_IGH_cdr3.csv
ARGGDYGDSGNYAVDY,background_IGH_cdr3.csv
ARGGPIDY,background_IGH_cdr3.csv
ARGTRYGGSGGDWFYFDY,background_IGH_cdr3.csv
ARGYYGGCSGYSAFDY,background_IGH_cdr3.csv
AHPTFEYYYGSGSVYYFDY,background_IGH_cdr3.csv
ARLPKYYFDESAFDI,background_IGH_cdr3.csv
ARSGLGYFHGMGV,background_IGH_cdr3.csv
ARDNQQWMSHDV,background_IGH_cdr3.csv
ARLGWDTSGWYYFDY,background_IGH_cdr3.csv
ARHFDTRGFYYGWFDP,background_IGH_cdr3.csv
ARDWGVGAVYFDY,background_IGH_cdr3.csv
ARDHEYCYYRYGR,background_IGH_cdr3.csv
ARIRVDGPFDY,background_IGH_cdr3.csv
ARVHQGAMVRGGYGGNWFDY,background_IGH_cdr3.csv
ARTGNSGWGVNFDL,background_IGH_cdr3.csv
ARSTVTTGQIDY,background_IGH_cdr3.csv
ARSGYDY,background_IGH_cdr3.csv
ARHRRRTYYDFWSGFYGMDV,background_IGH_cdr3.csv
AREGLERVDFDY,background_IGH_cdr3.csv
ARDLHYFNYDSEYYFGS,background_IGH_cdr3.csv
ARAGHIVALRGEYFQH,background_IGH_cdr3.csv
ARVAASHRGDWGFDY,background_IGH_cdr3.csv
ARGD,background_IGH_cdr3.csv
ARGRRSYGRSRLNDY,background_IGH_cdr3.csv
ARGHVRMAGSGFDY,background_IGH_cdr3.csv
ASGPIWSGSLGAFDI,background_IGH_cdr3.csv
ARIRVDGPFDY,background_IGH_cdr3.csv
ARDPGSSDFWSGYYDY,background_IGH_cdr3.csv
ARGLTIAGVTPNYYYGMDV,background_IGH_cdr3.csv
ARSTYCSGGSCLDY,background_IGH_cdr3.csv
ATLKWSSASCSSLNDYYYYGMDV,background_IGH_cdr3.csv
ARVTVGVTPGDYYFDY,background_IGH_cdr3.csv
ARHQRGQWLVDY,background_IGH_cdr3.csv
ARGWQQQLPSGCDYGIDY,background_IGH_cdr3.csv
AAVFGGEPYGMDV,background_IGH_cdr3.csv
VRGIWRGEDY,background_IGH_cdr3.csv
ARQIGGVAPIDH,background_IGH_cdr3.csv
ARHGLWFCRSCGGDCYYFDY,background_IGH_cdr3.csv
ARPTAGSGVDAFDI,background_IGH_cdr3.csv
AHRRLWQYSSSALGYFDY,background_IGH_cdr3.csv
ASHPSPLAAAGYHFDY,background_IGH_cdr3.csv
ARESRSTDYYYYYGLDV,background_IGH_cdr3.csv
ARDAGSGGNSGPFDY,background_IGH_cdr3.csv
ARHGPHRSSWYNWFDP,background_IGH_cdr3.csv
ARAGGDWVADADAFDI,background_IGH_cdr3.csv
ARVRGRPNGFDP,background_IGH_cdr3.csv
AGDRGASSYFDY,background_IGH_cdr3.csv
ARLDLSSGHYYGMDV,background_IGH_cdr3.csv
ARDGSGSYYRARGDIDY,background_IGH_cdr3.csv
ARGSIKARITGVRRGGFDS,background_IGH_cdr3.csv
ARSTYSSSWYRNSGIRFDY,background_IGH_cdr3.csv
ARRGGSGQGYDFDY,background_IGH_cdr3.csv
ARVMVSSSWDSGGSYYAFDF,background_IGH_cdr3.csv
ARLWDSSGYYGAYYFDY,background_IGH_cdr3.csv
TMEALGY,background_IGH_cdr3.csv
ATSGTPFQH,background_IGH_cdr3.csv
ASSGN,background_IGH_cdr3.csv
AGWFGSDY,background_IGH_cdr3.csv
ALIRGMYGDYDPYYHFMMDV,background_IGH_cdr3.csv
ARDIVGIVAASGFDH,background_IGH_cdr3.csv
ARGRKQWLSAIHYYYGMDV,background_IGH_cdr3.csv
ARLMHYSSSSYGY,background_IGH_cdr3.csv
TYMTRRPQCSGGRCYSLDY,background_IGH_cdr3.csv
ARDNCNGSGRSSYWDY,background_IGH_cdr3.csv
ATSSPRDYRGLHV,background_IGH_cdr3.csv
AKDKNPSGYDYFDY,background_IGH_cdr3.csv
ARGISSITRFWLVGRAIFDY,background_IGH_cdr3.csv
ARHSGSYLAYFQH,background_IGH_cdr3.csv
ARGYDILTGTASAYYFDY,background_IGH_cdr3.csv
GRLPPKRSSTRD,background_IGH_cdr3.csv
VTVLGATWVAGFDI,background_IGH_cdr3.csv
ARDGQYQDNYYGMDV,background_IGH_cdr3.csv
ARELTYYHDNSGHARDY,background_IGH_cdr3.csv
AREAVDCGGSYGCFDY,background_IGH_cdr3.csv
ARARPSRVTRDAFDI,background_IGH_cdr3.csv
ARHGDGEPRSSGLHAFDI,background_IGH_cdr3.csv
ARYGGYSFDY,background_IGH_cdr3.csv
ARDYKMGYSNSIFDY,background_IGH_cdr3.csv
ARGRGDMVRGVIHNYYGMDV,background_IGH_cdr3.csv
ARGEFEIYGAAAGNDY,background_IGH_cdr3.csv
ARGGRDPKESNERGGEIGSGPRSGWFDP,background_IGH_cdr3.csv
ARSYGYGGFDY,background_IGH_cdr3.csv
ASERGARN,background_IGH_cdr3.csv
TTGDGSFDV,background_IGH_cdr3.csv
ARDFRILLRAWGGDYVREPFDY,background_IGH_cdr3.csv
ARGGIPVGGQSGIENWFDH,background_IGH_cdr3.csv
ARSYSHDYGSGWNYGTYFDY,background_IGH_cdr3.csv
AHSVYSSSWYLDY,background_IGH_cdr3.csv
ARDSSSCYFGGHRNFDY,background_IGH_cdr3.csv
ARLSGKGY,background_IGH_cdr3.csv
ARAANLEMVVPVAGPNWFDY,background_IGH_cdr3.csv
AGGVASDYYYLGLDV,background_IGH_cdr3.csv
ARDKVGATYY,background_IGH_cdr3.csv
ARLFSSGWYGADY,background_IGH_cdr3.csv
ARLYGSSWCFDY,background_IGH_cdr3.csv
ARGLWFGELSGYNWFDP,background_IGH_cdr3.csv
ASSLSGRPFGG,background_IGH_cdr3.csv
ARTKDWFDP,background_IGH_cdr3.csv
ARGVEVPAASHTFDY,background_IGH_cdr3.csv
AGAPYQLSGWFDP,background_IGH_cdr3.csv
ARGVAAAYDSSGYFDY,background_IGH_cdr3.csv
ARVSVWFGERGYFDL,background_IGH_cdr3.csv
ARGPLKYGSAGY,background_IGH_cdr3.csv
ARHYSALDH,background_IGH_cdr3.csv
TRRVVSSLRGWFDP,background_IGH_cdr3.csv
ARDYRRSAKTCFGY,background_IGH_cdr3.csv
ARRGDCGSGSCYTDCFDY,background_IGH_cdr3.csv
ARERGSSTDFGYYYYGMDV,background_IGH_cdr3.csv
ARDVDGSGSSSCYGMDD,background_IGH_cdr3.csv
ARVMGADYGWFDP,background_IGH_cdr3.csv
ARDWGDSSSWFWYYGMDV,background_IGH_cdr3.csv
ARSTIFGVVIPFDY,background_IGH_cdr3.csv
ARLSRGSFGVY,background_IGH_cdr3.csv
ARGVTVRVVAAGVDCYFDY,background_IGH_cdr3.csv
ARDQVAVVPYHYFDY,background_IGH_cdr3.csv
ANSDSGVHRY,background_IGH_cdr3.csv
ARDRYSSGGYVGRYYYYGMDV,background_IGH_cdr3.csv
ARGVPAASHYFQH,background_IGH_cdr3.csv
ARDHEALTIFGATKGFDP,background_IGH_cdr3.csv
ARQLPYYGVATTVTLDV,background_IGH_cdr3.csv
ARDYDFWSNSYGRVGGIDY,background_IGH_cdr3.csv
AHSHAIFGVVPFDY,background_IGH_cdr3.csv
ARGDHWEDGMDV,background_IGH_cdr3.csv
ARWACSSSSSGYYY,background_IGH_cdr3.csv
ARDSPVTGDYYYYGLDV,background_IGH_cdr3.csv
ARGGGDYSDSLAY,background_IGH_cdr3.csv
ARGHRNSGSYGKMIGFDY,background_IGH_cdr3.csv
TGRVGALAYWFDP,background_IGH_cdr3.csv
ARRYDRGGYLGAFDN,background_IGH_cdr3.csv
ARDIGSVAVYYHYGMDV,background_IGH_cdr3.csv
AHRGRGWIDY,background_IGH_cdr3.csv
ARGYIVVVAAAMHYYYAMDV,background_IGH_cdr3.csv
ARLRFGAAAVNDY,background_IGH_cdr3.csv
TIHITDLQYYLDY,background_IGH_cdr3.csv
ARGGVAARPFDY,background_IGH_cdr3.csv
ARAIGGTALYSFDY,background_IGH_cdr3.csv
ARGLGGVAVAGAVDF,background_IGH_cdr3.csv
ARHGPPGRGREYYFDY,background_IGH_cdr3.csv
ARSVAATGEGYYYGMDV,background_IGH_cdr3.csv
ASQYRGGFDS,background_IGH_cdr3.csv
VRHVGYSGWLDH,background_IGH_cdr3.csv
ARGGSIAAIAGGYFDF,background_IGH_cdr3.csv
ARLHLTLDPAANDAFDI,background_IGH_cdr3.csv
AREEYYYDRSAYYPYNWFDP,background_IGH_cdr3.csv
ARGPHGFDY,background_IGH_cdr3.csv
ARDKGRGTSCNSFDY,background_IGH_cdr3.csv
ARYSYSRLGDAFDI,background_IGH_cdr3.csv
ARAARIAARPCVY,background_IGH_cdr3.csv
ARIPRYYYYGMDV,background_IGH_cdr3.csv
ASGAGDAFDI,background_IGH_cdr3.csv
ARRGDMVRGVIID,background_IGH_cdr3.csv
AHIGGYYYDSSGFYLSRLFDY,background_IGH_cdr3.csv
ARDSRGDTGAFDI,background_IGH_cdr3.csv
ARDSLMTTVTKGWAFHI,background_IGH_cdr3.csv
ARRPARYPLDY,background_IGH_cdr3.csv
AGRHSYGRDY,background_IGH_cdr3.csv
ARIRSFGRVGARPGVFDY,background_IGH_cdr3.csv
ARALQAAAGIGYYGIDY,background_IGH_cdr3.csv
ARLAGKDYGDSV,background_IGH_cdr3.csv
ARSASKYQLVRRGAFDH,background_IGH_cdr3.csv
ARERIWSGYYGFD,background_IGH_cdr3.csv
ARMACGGVIRDYGFD,background_IGH_cdr3.csv
AKDSRDGYYYFDY,background_IGH_cdr3.csv
ARISKAAATPGARDY,background_IGH_cdr3.csv
ARGQSRGVAVACADWFDH,background_IGH_cdr3.csv
AQRAQAGANSLTGPRIGGMDV,background_IGH_cdr3.csv
ASIEDLPQGAEYFQH,background_IGH_cdr3.csv
VAGRGGDY,background_IGH_cdr3.csv
ARRYSSIRGWYGIDP,background_IGH_cdr3.csv
AARLDSSGWYGNAFDI,background_IGH_cdr3.csv
ALLPQDY,background_IGH_cdr3.csv
ARVTIQKFSSDWYGATYFLDH,background_IGH_cdr3.csv
AHRPGGSGYRNGYNWFDP,background_IGH_cdr3.csv
ARDFGSGYSGSRWFDP,background_IGH_cdr3.csv
ARGYGDYVGWFDP,background_IGH_cdr3.csv
ARDNRTYYGSWSGYYDY,background_IGH_cdr3.csv
ARGDSAVVHTAYCFDY,background_IGH_cdr3.csv
ASEAGTTSRFDY,background_IGH_cdr3.csv
ARDIGTPYYYYGMDV,background_IGH_cdr3.csv
ARDNYYFESSTFDL,background_IGH_cdr3.csv
AREARQLWTAPFDY,background_IGH_cdr3.csv
ARAPPYSSSWYAV,background_IGH_cdr3.csv
AKHGASRYFDL,background_IGH_cdr3.csv
ARRIVVIAAADPVDY,background_IGH_cdr3.csv
ARLSKEPNY,background_IGH_cdr3.csv
ARGPRAGPKAKNFDY,background_IGH_cdr3.csv
ARGPIYYYYYGMDV,background_IGH_cdr3.csv
AREDIAVAGGYYGMDV,background_IGH_cdr3.csv
ATGPSIVATSYYVDGMDD,background_IGH_cdr3.csv
ALMGVVGATFLY,background_IGH_cdr3.csv
ARPSHSARTEYYFDY,background_IGH_cdr3.csv
ARDPPGCSGGNFD,background_IGH_cdr3.csv
ARDYDLRSRSNGCDYFFDY,background_IGH_cdr3.csv
ARDGSLRGFDY,background_IGH_cdr3.csv
ARIQDCSSTSCYHYGMDV,background_IGH_cdr3.csv
ARHYSALDH,background_IGH_cdr3.csv
Y,background_IGH_cdr3.csv
AREGGVWSGFDL,background_IGH_cdr3.csv
AREQWGDTAIDDAFDI,background_IGH_cdr3.csv
ATFVVVPAAITKGAFDI,background_IGH_cdr3.csv
ARDSRVTSVYAGRAVANWFDP,background_IGH_cdr3.csv
ACVGVPPTFDY,background_IGH_cdr3.csv
ARGRRGNTYGFTKLDS,background_IGH_cdr3.csv
ATKLPTPY,background_IGH_cdr3.csv
ATSGAFVI,background_IGH_cdr3.csv
ARGEVAPAGYYCFDY,background_IGH_cdr3.csv
ARGLAYSYGRTPRGFDY,background_IGH_cdr3.csv
ARGSSGSEWD,background_IGH_cdr3.csv
ARGYGDSCGWSIRFDY,background_IGH_cdr3.csv
ARGRDTSRWYSGAFDI,background_IGH_cdr3.csv
ARRPYGGNSVYFDY,background_IGH_cdr3.csv
ARFRNSWYFDY,background_IGH_cdr3.csv
ARDGLWYYDSSDQRRSRYFDL,background_IGH_cdr3.csv
ASKIAVADPYYYDGMDV,background_IGH_cdr3.csv
AHRRHSISSGYYYDY,background_IGH_cdr3.csv
ATLSGRELLDY,background_IGH_cdr3.csv
ARAQGGYYYDFDY,background_IGH_cdr3.csv
ARNSDRAGGCCRCASYGIDY,background_IGH_cdr3.csv
ARRWLQLEY,background_IGH_cdr3.csv
ARILVGAPPLDDAFDI,background_IGH_cdr3.csv
ARHVMCSSSWSETQVGAFDI,background_IGH_cdr3.csv
AKFIAALGRGGFDV,background_IGH_cdr3.csv
AQTGYSSSWYYFDY,background_IGH_cdr3.csv
ASTPIRAALTRGIWFDY,background_IGH_cdr3.csv
ANSDSGVHRY,background_IGH_cdr3.csv
AHRSGSFQAFDY,background_IGH_cdr3.csv
AKHGASRYFDL,background_IGH_cdr3.csv
ASSRRVPAAIWYFDL,background_IGH_cdr3.csv
ARDPTTDSCDGAFDV,background_IGH_cdr3.csv
ARGAVVTAPAEYFHH,background_IGH_cdr3.csv
ARHYQLLHFDY,background_IGH_cdr3.csv
ARCSVSYDAFDI,background_IGH_cdr3.csv
ARGLRAAAGTGLVDY,background_IGH_cdr3.csv
ARGGCRSSGYDDCFDY,background_IGH_cdr3.csv
ARAPSITSCGVVSNWFDP,background_IGH_cdr3.csv
ARKWRVADTGGFDY,background_IGH_cdr3.csv
AHTGYSYGLLYFDY,background_IGH_cdr3.csv
ARQWFGELFADY,background_IGH_cdr3.csv
ARGELEPRV,background_IGH_cdr3.csv
V,background_IGH_cdr3.csv
ARVPGLGYCSSGYCWYYGFDY,background_IGH_cdr3.csv
ARDLRDGSGDWFDY,background_IGH_cdr3.csv
ARSKLRFLEWWFDY,background_IGH_cdr3.csv
ARNRLLRDPFDV,background_IGH_cdr3.csv
ARSSRYYGMDV,background_IGH_cdr3.csv
AHRRHSISSGYYYDY,background_IGH_cdr3.csv
ARISAVAGDFDD,background_IGH_cdr3.csv
ARDRWRLDETAGKLYDY,background_IGH_cdr3.csv
ARVSPSLDGYISSSGAFDI,background_IGH_cdr3.csv
ARGEVGSGWSGTVYRWFDP,background_IGH_cdr3.csv
ARILWFGDPVKDGNWFDP,background_IGH_cdr3.csv
ARGRNGGSLEYFQH,background_IGH_cdr3.csv
ARGGIMAGFDY,background_IGH_cdr3.csv
ATDLEPAYRSSWYYDGFDP,background_IGH_cdr3.csv
APRSGVESSSSGPGDADI,background_IGH_cdr3.csv
AVLNAGGYYYYGMDV,background_IGH_cdr3.csv
ARPNYDFWSGYPYFDY,background_IGH_cdr3.csv
ARGGRREWIQQWPVGWYFDL,background_IGH_cdr3.csv
TSELPGGSSHS,background_IGH_cdr3.csv
ERCRLWARVLLLRYGR,background_IGH_cdr3.csv
ERCSGGYDFWSGYYPKLLLLRYGR,background_IGH_cdr3.csv
AGGS,background_IGH_cdr3.csv
ARDVRNGDNKLLQYYYYYGMDV,background_IGH_cdr3.csv
GMDV,background_IGH_cdr3.csv
ARRRGSSWLTHNWFDP,background_IGH_cdr3.csv
ARGPECSSFSCPYAFDI,background_IGH_cdr3.csv
ARDYKNGDAFDM,background_IGH_cdr3.csv
RGAVTTLTT,background_IGH_cdr3.csv
ARERLYDY,background_IGH_cdr3.csv
ARDLGGSSGWYRGWSRFDP,background_IGH_cdr3.csv
AKDDWDYYDTSGPFDY,background_IGH_cdr3.csv
ESLSCYGSYVRL,background_IGH_cdr3.csv
ARGSRGAFDP,background_IGH_cdr3.csv
ARGWYEDYYYYYGMDV,background_IGH_cdr3.csv
ASDYSSSSPRQFEY,background_IGH_cdr3.csv
ETYRYSSSWN,background_IGH_cdr3.csv
AKYLG,background_IGH_cdr3.csv
ARHLPILGVVRHDAFDI,background_IGH_cdr3.csv
ARDLFSWYFDL,background_IGH_cdr3.csv
EYADSSGAF,background_IGH_cdr3.csv
ARDGPMITVTKGAFDN,background_IGH_cdr3.csv
ARARGIAAAGDY,background_IGH_cdr3.csv
ARADSSSARREYAFDI,background_IGH_cdr3.csv
DF,background_IGH_cdr3.csv
TGRGY,background_IGH_cdr3.csv
VRPLGYSGLV,background_IGH_cdr3.csv
TTSVHSDNWFDP,background_IGH_cdr3.csv
AVSWCYSGSCKDY,background_IGH_cdr3.csv
ERSPKSVFRL,background_IGH_cdr3.csv
AAGEGTTT,background_IGH_cdr3.csv
ETPEQWPRQGEGLLLLLRYGR,background_IGH_cdr3.csv
ASADIVVVPADLVKGFDP,background_IGH_cdr3.csv
VRGEVAILVVPGATGGDF,background_IGH_cdr3.csv
DRSAAVGTQPPYCP,background_IGH_cdr3.csv
ARHYSALDR,background_IGH_cdr3.csv
ARDLGSLNFDY,background_IGH_cdr3.csv
ARGSGVPAAIFDY,background_IGH_cdr3.csv
ARDDGIAARIYFDY,background_IGH_cdr3.csv
ARQAAGTFD,background_IGH_cdr3.csv
AGTCTNGVCYDY,background_IGH_cdr3.csv
ARQPSNYDWSGYSFAFDI,background_IGH_cdr3.csv
AGEYSSHHYNVMDV,background_IGH_cdr3.csv
PELRRHVLRYDV,background_IGH_cdr3.csv
MTMVDTYAHSGGTPLFDY,background_IGH_cdr3.csv
AAVYYCASGGVCYNELDY,background_IGH_cdr3.csv
ASGGYY,background_IGH_cdr3.csv
RVSPDY,background_IGH_cdr3.csv
ARVLTWIQIHDDWYFDL,background_IGH_cdr3.csv
TTFIVVVVAATVVQYDP,background_IGH_cdr3.csv
ARLEDVASYWSGTTYGMDV,background_IGH_cdr3.csv
ARERGTRMDV,background_IGH_cdr3.csv
AREGSGSYGDTDY,background_IGH_cdr3.csv
ARWGGRSHYYYYGMDV,background_IGH_cdr3.csv
ARASYGDYRDGTLGLSDV,background_IGH_cdr3.csv
AKDIRRITMVRGATIFWYYYYGMDV,background_IGH_cdr3.csv
AKDGELYYYGMDV,background_IGH_cdr3.csv
ARTARIEVVPAAGGSFDP,background_IGH_cdr3.csv
ARAGTSSSRYFDH,background_IGH_cdr3.csv
ARTLCIAAAGTIDY,background_IGH_cdr3.csv
ARGSGSYYYYYYGMDV,background_IGH_cdr3.csv
ARLPYSYGFSSAFDI,background_IGH_cdr3.csv
ARRVIGSGWFDP,background_IGH_cdr3.csv
ARDSGEWEHYIDY,background_IGH_cdr3.csv
YGMDV,background_IGH_cdr3.csv
AKTSL,background_IGH_cdr3.csv
AVVRGSYYFD,background_IGH_cdr3.csv
RGYWY,background_IGH_cdr3.csv
ARQRGGYYYDSSL,background_IGH_cdr3.csv
LGYSPYYYYGMDV,background_IGH_cdr3.csv
ARQRGDYDIEYWYFDL,background_IGH_cdr3.csv
ARESGPLPKKRYDFWSGYRPYYYGMDV,background_IGH_cdr3.csv
APKWG,background_IGH_cdr3.csv
ASTPQDIVVVPAAMEAMYYFDY,background_IGH_cdr3.csv
AESGNCYYGMDV,background_IGH_cdr3.csv
ARGEGCSSTSCYYDY,background_IGH_cdr3.csv
ARDGDLESRGNFDY,background_IGH_cdr3.csv
ARGPARDYSSSSGGFDY,background_IGH_cdr3.csv
ASTLGYCSSTSCRDYYYYYGMDV,background_IGH_cdr3.csv
ARDFGYGNWFDP,background_IGH_cdr3.csv
AKGRGYCTSSCYQGRDFDY,background_IGH_cdr3.csv
AKGRHCDVTGCYDYFDY,background_IGH_cdr3.csv
AKTAFDY,background_IGH_cdr3.csv
ADHYCSSSSCYTDYYYGMDV,background_IGH_cdr3.csv
ARDVVAVATGVDY,background_IGH_cdr3.csv
TAYGGSYYYGMDV,background_IGH_cdr3.csv
AGGGSGSKAASYDY,background_IGH_cdr3.csv
ARDLRGRDDH,background_IGH_cdr3.csv
ARDWKGSGWCGYLYYYYGMDV,background_IGH_cdr3.csv
AKIRPPGHIVVVPAAIANGFVDY,background_IGH_cdr3.csv
LLVTADTAVYYCAITGSSFTGSADY,background_IGH_cdr3.csv
ARSGPLAF,background_IGH_cdr3.csv
AKGSYYYGSRTYYLLN,background_IGH_cdr3.csv
ARYDFWSGYHYYYGMDV,background_IGH_cdr3.csv
KDLHSQNYYDSSGYYAY,background_IGH_cdr3.csv
GTTTMLRLRSDDTAVYYARRVISFNWFDP,background_IGH_cdr3.csv
ARQVGGTSAAAGDVSEYYYYYYGMDV,background_IGH_cdr3.csv
EGGVLGL,background_IGH_cdr3.csv
AREVGIDYYYGMDV,background_IGH_cdr3.csv
AREPCNGYSLYFDY,background_IGH_cdr3.csv
SRGPREPYLEWLGAFNV,background_IGH_cdr3.csv
RQLLT,background_IGH_cdr3.csv
TRHPETYYYDSSGDDYYYYGMDV,background_IGH_cdr3.csv
ERA,background_IGH_cdr3.csv
AGRMIV,background_IGH_cdr3.csv
ARASTSQYQLPLYYYYYGMDV,background_IGH_cdr3.csv
ADMY,background_IGH_cdr3.csv
ARDSGTYYPGYYYYGVDV,background_IGH_cdr3.csv
ARTGSGVDAFDI,background_IGH_cdr3.csv
ARVYEGGAKGRVDDY,background_IGH_cdr3.csv
ESSGRVLR,background_IGH_cdr3.csv
AWDSSGNY,background_IGH_cdr3.csv
ARGGVVPAAKVLLD,background_IGH_cdr3.csv
ARSGYSSDY,background_IGH_cdr3.csv
AD,background_IGH_cdr3.csv
EETRLRGR,background_IGH_cdr3.csv
ARAWCGGDCYGGFRNWFDP,background_IGH_cdr3.csv
AREVGYYDFWSGYSINHYYYGMDV,background_IGH_cdr3.csv
AAFNWFDP,background_IGH_cdr3.csv
ERSPKSVFRL,background_IGH_cdr3.csv
VEDNFYSEY,background_IGH_cdr3.csv
ENGL,background_IGH_cdr3.csv
AKDRHIAAAGMGRYYYYYYGMDV,background_IGH_cdr3.csv
ARDLGGGPGRSYFDY,background_IGH_cdr3.csv
ARIAGTGYNDY,background_IGH_cdr3.csv
AGDQQLVLWAFD,background_IGH_cdr3.csv
AREGPGEWELRGAFDI,background_IGH_cdr3.csv
ARDGDAYFDL,background_IGH_cdr3.csv
ARGLATMVGD,background_IGH_cdr3.csv
ARGAATVGWFD,background_IGH_cdr3.csv
GRGEVAILVVPGATGGDF,background_IGH_cdr3.csv
RLGADY,background_IGH_cdr3.csv
ARGSAAGD,background_IGH_cdr3.csv
ARDGWGYSNYEGWYGMDV,background_IGH_cdr3.csv
ARETLLPTPHDGFDI,background_IGH_cdr3.csv
TNSS,background_IGH_cdr3.csv
ARLYYYGMDV,background_IGH_cdr3.csv
REAGARVFFLGPSGSTP,background_IGH_cdr3.csv
ARDDSSGARWEHRGGFDP,background_IGH_cdr3.csv
ARVARPTVR,background_IGH_cdr3.csv
GSSWYEIDY,background_IGH_cdr3.csv
ARDQEQLALGIDY,background_IGH_cdr3.csv
ARGQWVYYDSSGYREEYFQH,background_IGH_cdr3.csv
ARDLDPDYYYGMDV,background_IGH_cdr3.csv
AVGYYDTRPYHLDY,background_IGH_cdr3.csv
AKWTSSGRQSRGFVESTFDY,background_IGH_cdr3.csv
ARGSAITVVGVDFDY,background_IGH_cdr3.csv
D,background_IGH_cdr3.csv
AKVGGEWELLDY,background_IGH_cdr3.csv
ARSGYAD,background_IGH_cdr3.csv
ARDLILRGYYGMDV,background_IGH_cdr3.csv
AKASLRTYYYGMDV,background_IGH_cdr3.csv
Y,background_IGH_cdr3.csv
AHASSNWNYDDSEWDFQH,background_IGH_cdr3.csv
ASGLARGPAADWYFDL,background_IGH_cdr3.csv
ASSPDY,background_IGH_cdr3.csv
AADVGYCSSTSCPLDY,background_IGH_cdr3.csv
AMSREAYSSSWYAYYYGMDV,background_IGH_cdr3.csv
ARGSGFDY,background_IGH_cdr3.csv
AGSSPGFMYFL,background_IGH_cdr3.csv
TRSNSITYGMDV,background_IGH_cdr3.csv
ARADGYLYYYYYYGMDV,background_IGH_cdr3.csv
AHSSGWFDY,background_IGH_cdr3.csv
AKESRWIQLRFLEWLSLPREHYGMDV,background_IGH_cdr3.csv
ARDVVYDFWSCYGMDV,background_IGH_cdr3.csv
AKDLAARVNRTVWAYGMDV,background_IGH_cdr3.csv
ARESYVGGGNSFDY,background_IGH_cdr3.csv
ARGRFTGVGITGTIEYFDY,background_IGH_cdr3.csv
QMLDTAARSGAFDI,background_IGH_cdr3.csv
AEGSSYD,background_IGH_cdr3.csv
ARRFVITMVRGVIYGMDV,background_IGH_cdr3.csv
ACAEGADI,background_IGH_cdr3.csv
ARRYCSSTSCYTWFDY,background_IGH_cdr3.csv
ARAPIVATIMDF,background_IGH_cdr3.csv
ARDDVGVATIVG,background_IGH_cdr3.csv
ARGSSYKDRGGTY,background_IGH_cdr3.csv
ARAMIVGAGVNMLLIC,background_IGH_cdr3.csv
ERSRRGFGRPLRYGR,background_IGH_cdr3.csv
ERALRRL,background_IGH_cdr3.csv
HFSLTTSVTAADTAVYYCARSTNIDDFWSGLDY,background_IGH_cdr3.csv
ETKGRRDSRL,background_IGH_cdr3.csv
ARSGVVLVPAAQRKREYYYYGMDV,background_IGH_cdr3.csv
ARLSNVFASIGHNWYFDL,background_IGH_cdr3.csv
ARNYYYYGMDV,background_IGH_cdr3.csv
ARSGYAFDY,background_IGH_cdr3.csv
AGRRGFYGMD,background_IGH_cdr3.csv
SRLWLELLRHGR,background_IGH_cdr3.csv
ARDPGIAASSGIDY,background_IGH_cdr3.csv
GYYTWDPPRNYYYYGMDV,background_IGH_cdr3.csv
ARVPGIAAADPDY,background_IGH_cdr3.csv
TVGTTTFRY,background_IGH_cdr3.csv
ARSDLGSIMITFGGVKSTYGMDV,background_IGH_cdr3.csv
ESSAYGDVRALHLVTQYVRYGR,background_IGH_cdr3.csv
PFNSSGPMGYYYYGMDV,background_IGH_cdr3.csv
AGPLPNDYGDYSPGRGFSPPDAFDI,background_IGH_cdr3.csv
ARAVSYDYVWGSYRSPDY,background_IGH_cdr3.csv
ARGRAGSGWSPYFDY,background_IGH_cdr3.csv
GRDLSYTSIDS,background_IGH_cdr3.csv
AREEEHGSGFDH,background_IGH_cdr3.csv
AYSGDY,background_IGH_cdr3.csv
AKSPIQVVVTLPRAFDI,background_IGH_cdr3.csv
ARSSGYTGYH,background_IGH_cdr3.csv
ARSGYGIWSGCAYYCD,background_IGH_cdr3.csv
ADTAVYCAYTRF,background_IGH_cdr3.csv
AKDKDWSSWYGYYFDY,background_IGH_cdr3.csv
SGWGLRYGR,background_IGH_cdr3.csv
ARGTPIVAGGWFDY,background_IGH_cdr3.csv
RDTAYASSGD,background_IGH_cdr3.csv
ARRYCSSTSCHSSRRAFDI,background_IGH_cdr3.csv
ARGDSSGDYAGA,background_IGH_cdr3.csv
ERSRRGWIFGVVINGL,background_IGH_cdr3.csv
ARGDGYGMGV,background_IGH_cdr3.csv
ARRYCNNTTCYLVD,background_IGH_cdr3.csv
RFMVRGVFMMLLIS,background_IGH_cdr3.csv
ARAKTKSGPTPDS,background_IGH_cdr3.csv
ARIVVVTNPDFEYYFDY,background_IGH_cdr3.csv
ARDFRGSSTSCYDDTSCRGADAFDI,background_IGH_cdr3.csv
ARGYSSSWYSSRTLYYFDY,background_IGH_cdr3.csv
ARGGRQWLVRFLVGY,background_IGH_cdr3.csv
ARVPVHSYGDYDRYYFDY,background_IGH_cdr3.csv
AKGAGWSGSYDY,background_IGH_cdr3.csv
ARGSGGRRITIFGVFIDY,background_IGH_cdr3.csv
AREVKSSGWFNYYYYGMDV,background_IGH_cdr3.csv
TLR,background_IGH_cdr3.csv
GT,background_IGH_cdr3.csv
ARDIAAV,background_IGH_cdr3.csv
ETWLLG,background_IGH_cdr3.csv
EVTYSSSSGFVVLLLRYGR,background_IGH_cdr3.csv
AIGQSGYLDY,background_IGH_cdr3.csv
AKRGSRTCSSTSCYWDY,background_IGH_cdr3.csv
RGWLRQYFNV,background_IGH_cdr3.csv
ADLG,background_IGH_cdr3.csv
ATRGPRGCGGTTCYHYDPFDI,background_IGH_cdr3.csv
ARQGNSAWSGATYYYDSSGYYYYYYGMDV,background_IGH_cdr3.csv
ARGVIVATSAFDI,background_IGH_cdr3.csv
ARADWDYYGFDY,background_IGH_cdr3.csv
ARGPRGRLAGRITIFGALGWFDP,background_IGH_cdr3.csv
ARNRYYDTSGYYTNDAFDI,background_IGH_cdr3.csv
ASYSSGKVDY,background_IGH_cdr3.csv
GGWDY,background_IGH_cdr3.csv
ARDD,background_IGH_cdr3.csv
AVYCASVRVMRYYYYYGMDV,background_IGH_cdr3.csv
ARGRARTDAVTLVAY,background_IGH_cdr3.csv
ARFSEGSSSVRGDY,background_IGH_cdr3.csv
AKDPTSQWLGPIDY,background_IGH_cdr3.csv
ARESSAAAGPKPYYFDY,background_IGH_cdr3.csv
AREMGDDWLFDP,background_IGH_cdr3.csv
ARGDSSSWYVIAYYYGMDV,background_IGH_cdr3.csv
YFDY,background_IGH_cdr3.csv
ARAFEYGDNNYVLSI,background_IGH_cdr3.csv
ARDAHSSSWSYYYYGMDV,background_IGH_cdr3.csv
AAWGSSSWYGWG,background_IGH_cdr3.csv
ARGGAYYYDSSGHTGVDAFDI,background_IGH_cdr3.csv
ARGVD,background_IGH_cdr3.csv
RHRVLCEVSRNLD,background_IGH_cdr3.csv
ARGPRCYYYGTGFDY,background_IGH_cdr3.csv
ARRAGRGLDV,background_IGH_cdr3.csv
ARASVEMAYCGGDCYSDYFDY,background_IGH_cdr3.csv
HGSGNWD,background_IGH_cdr3.csv
DV,background_IGH_cdr3.csv
WFDP,background_IGH_cdr3.csv
ARMGGRFLEWFHLDY,background_IGH_cdr3.csv
NKGWFDP,background_IGH_cdr3.csv
ARDAYMVLTG,background_IGH_cdr3.csv
ARVVITGYFDY,background_IGH_cdr3.csv
AGYQRSSPSGIGAYYGMNI,background_IGH_cdr3.csv
ARENYNNSSEKWYFDL,background_IGH_cdr3.csv
ARDVGDY,background_IGH_cdr3.csv
ARVKVENPTVGVVELPKYYGMDV,background_IGH_cdr3.csv
ARDRHSWYYFDY,background_IGH_cdr3.csv
ARGVVTRWGDAFDI,background_IGH_cdr3.csv
ARRGYSSGWEQFDY,background_IGH_cdr3.csv
ARMDAGD,background_IGH_cdr3.csv
VTAVYAGRFRGGDV,background_IGH_cdr3.csv
ARDALGCDAFDI,background_IGH_cdr3.csv
Y,background_IGH_cdr3.csv
AKVTVGSWTNSEWYFDL,background_IGH_cdr3.csv
ARISQGDTAQLDY,background_IGH_cdr3.csv
STYMELSRLRSDDTAVYYCARSECSSTSCYWYYYYGMDV,background_IGH_cdr3.csv
ARWNVDYYYYYGMDV,background_IGH_cdr3.csv
ARGHYCSSTSCYKSPALDSNYPDPSYYYGMDV,background_IGH_cdr3.csv
ARGGVVAAVATRGTTVFDY,background_IGH_cdr3.csv
ARLSEQLVPLT,background_IGH_cdr3.csv
AREGRFLEWLPYWFDP,background_IGH_cdr3.csv
EIGGYSSPVEL,background_IGH_cdr3.csv
ARSLSSLPDMEFP,background_IGH_cdr3.csv
ATAKPTGTFDI,background_IGH_cdr3.csv
ARLYYGGYFDS,background_IGH_cdr3.csv
TTGEHLGWFDP,background_IGH_cdr3.csv
ARGILGSSPFDY,background_IGH_cdr3.csv
ARDGDGYNYFVPIDY,background_IGH_cdr3.csv
AFQDWGQGTLVTAGSEKYYVDSVKGRFTISRDNAKNSLYLQMNSLRAEDTAVYYCAKDTDFYFLDY,background_IGH_cdr3.csv
ALRDTNGMDV,background_IGH_cdr3.csv
ARRWELRAFDI,background_IGH_cdr3.csv
VAADTAVYYCARGYSGWTGDY,background_IGH_cdr3.csv
KRARWSG,background_IGH_cdr3.csv
ARVYDGSRNFDY,background_IGH_cdr3.csv
EEPPTYYDFWSGVLLRYGR,background_IGH_cdr3.csv
ARAQRNFVYDFWSGYYNRGWGFDY,background_IGH_cdr3.csv
ARDHYRGNAFDI,background_IGH_cdr3.csv
ARVPRGGYSSYDCFDY,background_IGH_cdr3.csv
AERVQFGVVAI,background_IGH_cdr3.csv
ARGGGWYAL,background_IGH_cdr3.csv
ARRGEQLVLGSSAFDI,background_IGH_cdr3.csv
ARVIGEASDAFDI,background_IGH_cdr3.csv
ARDYAAADYYYYYGMDV,background_IGH_cdr3.csv
ARDVRGATLFDY,background_IGH_cdr3.csv
ARPMRGDGSTNQNYYYYGMDV,background_IGH_cdr3.csv
ARPRNWNSIAFDI,background_IGH_cdr3.csv
ARLNVVDDILTGPIDY,background_IGH_cdr3.csv
AREVRTTGALYGDYSGGYYYYGMDV,background_IGH_cdr3.csv
ARDRSTAAYDYYGTFDV,background_IGH_cdr3.csv
SGYYYYYGMDV,background_IGH_cdr3.csv
AKDGGQQLVGGWFDP,background_IGH_cdr3.csv
ARGGGGKIVVVPAPLPYAFDI,background_IGH_cdr3.csv
AKDYYGLRFLEWSCFDY,background_IGH_cdr3.csv
ARQRGVSGYDFWSGDKRRALDY,background_IGH_cdr3.csv
ARARRFLEWLSPGYYFDY,background_IGH_cdr3.csv
DI,background_IGH_cdr3.csv
ARGGEGRPDV,background_IGH_cdr3.csv
ARRFGDLLGGFDY,background_IGH_cdr3.csv
RGAYCSSTSCRATVSLTT,background_IGH_cdr3.csv
EVCTSCYPPTKDLRYGR,background_IGH_cdr3.csv
ARAREVAG,background_IGH_cdr3.csv
ATSGTPFQH,background_IGH_cdr3.csv
ATFQGGLGITKGFFDY,background_IGH_cdr3.csv
AKDPAGAGGDCYFGYYFDY,background_IGH_cdr3.csv
ARCGVDV,background_IGH_cdr3.csv
ARDLRAPIAVAGASYYFDY,background_IGH_cdr3.csv
RGATVTTMLTT,background_IGH_cdr3.csv
AAYYADRAWFETGAFDI,background_IGH_cdr3.csv
ARARYYD,background_IGH_cdr3.csv
ARDYFDSSGGSHDVFDI,background_IGH_cdr3.csv
ARVGTV,background_IGH_cdr3.csv
ARVNGYGYFGY,background_IGH_cdr3.csv
RGSWLLLRYGR,background_IGH_cdr3.csv
DRSAAVGTQPPYCP,background_IGH_cdr3.csv
Y,background_IGH_cdr3.csv
NSSSYGSLLLLRYGR,background_IGH_cdr3.csv
WFDS,background_IGH_cdr3.csv
ARREITFGGVIAFDY,background_IGH_cdr3.csv
ARAILTAYDFWSGGDGSFDY,background_IGH_cdr3.csv
ECVARL,background_IGH_cdr3.csv
ARAYYGMDV,background_IGH_cdr3.csv
ARGSKLGLATFPLPSFDY,background_IGH_cdr3.csv
ERWHSSSSPA,background_IGH_cdr3.csv
YPEQWLVRDL,background_IGH_cdr3.csv
ARDVIPRTIQNCSSTSCHGRWFDP,background_IGH_cdr3.csv
ARVLGGGDSV,background_IGH_cdr3.csv
AREEEHGSGFDH,background_IGH_cdr3.csv
ATGIVVVPAAGWGRY,background_IGH_cdr3.csv
ASPDVVPAAIRTRYYYGMD,background_IGH_cdr3.csv
ASGDCSYDSCGYDVDY,background_IGH_cdr3.csv
ARVHYEILVGYSHLEY,background_IGH_cdr3.csv
AVAAGFWIGYYKDLYYYYGMDV,background_IGH_cdr3.csv
AGGASDAFDI,background_IGH_cdr3.csv
ATGKIEWLTIMAPNYFDY,background_IGH_cdr3.csv
ARGCSRSTTSDYDDSSVLEMCDAFDI,background_IGH_cdr3.csv
ARHYSALDH,background_IGH_cdr3.csv
ARDSSRQYGD,background_IGH_cdr3.csv
ALDDYGTYSH,background_IGH_cdr3.csv
ARSSRAFDI,background_IGH_cdr3.csv
ARDFNGDQFDP,background_IGH_cdr3.csv
AGTGCTVDY,background_IGH_cdr3.csv
ARDGDAYYYGSGRGGMDY,background_IGH_cdr3.csv
ARGSRSSWYDV,background_IGH_cdr3.csv
ARRGYSSSWNWYFDL,background_IGH_cdr3.csv
ARPGVCFSGWCYGAFDI,background_IGH_cdr3.csv
APLGSD,background_IGH_cdr3.csv
ARGKGDADIWSMDV,background_IGH_cdr3.csv
AR,background_IGH_cdr3.csv
VKEGGDV,background_IGH_cdr3.csv
MTNSNDYVLH,background_IGH_cdr3.csv
ARDYGD,background_IGH_cdr3.csv
ASTVAGGSGDLAAGSNMDV,background_IGH_cdr3.csv
ARHQIGSPPDY,background_IGH_cdr3.csv
ARAGT,background_IGH_cdr3.csv
AYYCALGYFD,background_IGH_cdr3.csv
VSIEERGHGLLCEADSSGSRFDY,background_IGH_cdr3.csv
SANDGGSGWSE,background_IGH_cdr3.csv
VRGPRIAAPQVYFYYGMDV,background_IGH_cdr3.csv
VQGGVGVAPAIRKFGS,background_IGH_cdr3.csv
ARERGFGEASGYYYYGMDV,background_IGH_cdr3.csv
DTAVYCARRSYYHGMDV,background_IGH_cdr3.csv
ARDGVTDYCGGDCYSNY,background_IGH_cdr3.csv
ERIGYSSGR,background_IGH_cdr3.csv
ARDSTSFDP,background_IGH_cdr3.csv
KSRGSEFLEWLL,background_IGH_cdr3.csv
ARGKGDADIWSMDV,background_IGH_cdr3.csv
RGRQMKQQLVRNLTT,background_IGH_cdr3.csv
ERRVVGGSYYPGL,background_IGH_cdr3.csv
ENGDTSGSGGRYR,background_IGH_cdr3.csv
ARARNGSGWYFGYYFDY,background_IGH_cdr3.csv
ARDGPTDQNSSGYYVDY,background_IGH_cdr3.csv
VSGYYAVAFYFDY,background_IGH_cdr3.csv
ARIRSFGRVGARPGVFDY,background_IGH_cdr3.csv
ARGEHYYDSSGYRWLSGRGNWFDP,background_IGH_cdr3.csv
ARHEGDQRSDWYFDL,background_IGH_cdr3.csv
V,background_IGH_cdr3.csv
ARAGYCSTHSCQYFDY,background_IGH_cdr3.csv
ARVVVAGVRYNWFDP,background_IGH_cdr3.csv
ARDASRGSSTSCHS,background_IGH_cdr3.csv
ARGPGTLEYSSAGY,background_IGH_cdr3.csv
ARGAGYDDWSGYYHYDFDY,background_IGH_cdr3.csv
ARDASNYYYGMDV,background_IGH_cdr3.csv
ARRSSSWPNLYCGMDY,background_IGH_cdr3.csv
GN,background_IGH_cdr3.csv
ARATVYFSGHGYYYGLDD,background_IGH_cdr3.csv
ARYGMDV,background_IGH_cdr3.csv
ARDPAA,background_IGH_cdr3.csv
YYCAEGPRTTSYYYYYSGMDV,background_IGH_cdr3.csv
ARDRRGMD,background_IGH_cdr3.csv
ARRDYDSSGSVDAFDI,background_IGH_cdr3.csv
ARVKLGALPAFDY,background_IGH_cdr3.csv
AKGPHYYDSSGYYLFEY,background_IGH_cdr3.csv
ARGYYWAIIDY,background_IGH_cdr3.csv
AKDHLAGRSGSYWAR,background_IGH_cdr3.csv
ARGRFPARPHEPFGI,background_IGH_cdr3.csv
ARKAGEKIDY,background_IGH_cdr3.csv
ARDPCSSTSCPNQSPIH,background_IGH_cdr3.csv
ARQRERGANYYYGMDV,background_IGH_cdr3.csv
ARNFWTPHYPSNWFDP,background_IGH_cdr3.csv
AVARTWFDA,background_IGH_cdr3.csv
ARNDGCWSGYSLSDY,background_IGH_cdr3.csv
LADACAYSRLLGA,background_IGH_cdr3.csv
ARAYDFLSGGYNHFDY,background_IGH_cdr3.csv
ARGGSGGYRLNDFDY,background_IGH_cdr3.csv
ERWEYYYGSGSTRGELLRYGR,background_IGH_cdr3.csv
TTDSGGSYSFYYYYGMDV,background_IGH_cdr3.csv
ARGTALDTAMVPAEYYYYYYGMDV,background_IGH_cdr3.csv
RGA,background_IGH_cdr3.csv
WFDP,background_IGH_cdr3.csv
GFDY,background_IGH_cdr3.csv
ARVSEKSSGDY,background_IGH_cdr3.csv
ARLGLAARRLDD,background_IGH_cdr3.csv
ARDSSGYSGDDY,background_IGH_cdr3.csv
ARVGDYGSGSQYNPLDF,background_IGH_cdr3.csv
ASGRGGFGGA,background_IGH_cdr3.csv
ARRSNWNDGSDY,background_IGH_cdr3.csv
ARVAVGVRFLEWLRRPRYGMDV,background_IGH_cdr3.csv
ATLTWEHDHDY,background_IGH_cdr3.csv
TAGIVVVPAADYYYYGMDV,background_IGH_cdr3.csv
GYFDY,background_IGH_cdr3.csv
AEYSGYYYYGMDV,background_IGH_cdr3.csv
ARGDFGRGAYDY,background_IGH_cdr3.csv
AHGVPPRY,background_IGH_cdr3.csv
AKVKQLERRGGTFSAFDI,background_IGH_cdr3.csv
ARSLWYDSSGYYAFDI,background_IGH_cdr3.csv
AGAGGNYRSGALDY,background_IGH_cdr3.csv
VYCAPAAGWFDP,background_IGH_cdr3.csv
ARDYSGSDSYYCDY,background_IGH_cdr3.csv
ARGGYRRLRFLEWLLLRHPYYYYGMDV,background_IGH_cdr3.csv
ARVDVRLGELSYDY,background_IGH_cdr3.csv
AREKAISSSCDYYYGMDV,background_IGH_cdr3.csv
EGVWGLLLLRLWTS,background_IGH_cdr3.csv
AAAAYYYGMDV,background_IGH_cdr3.csv
AHLGVYYYGMDV,background_IGH_cdr3.csv
ARIVVVPADWGYNWFDP,background_IGH_cdr3.csv
ARWDIVEVAAMIPEYFQH,background_IGH_cdr3.csv
ARMRSSCSYGD,background_IGH_cdr3.csv
ARSINYYYGMDV,background_IGH_cdr3.csv
AIQVVETAKDYDFWSGYYIGNWFDP,background_IGH_cdr3.csv
ARDLVVVEVPGATYDHISDAFEI,background_IGH_cdr3.csv
ATGPQQWERSPPIVH,background_IGH_cdr3.csv
ARSGYDYPFDY,background_IGH_cdr3.csv
ARHGNVPPNYYGSGSYQDWFDP,background_IGH_cdr3.csv
ARGRSGYYFDY,background_IGH_cdr3.csv
REPSAYYVSG,background_IGH_cdr3.csv
AKDYFSVVPAAIGVDGGYFDL,background_IGH_cdr3.csv
ARGGGSG,background_IGH_cdr3.csv
ARVGVGGSYWGFDY,background_IGH_cdr3.csv
ATGGGWD,background_IGH_cdr3.csv
EDSSTRGL,background_IGH_cdr3.csv
AKLHYYDSSGWDY,background_IGH_cdr3.csv
ARGTTDRATPD,background_IGH_cdr3.csv
ARVYSSGFPADCFDH,background_IGH_cdr3.csv
ASISSSWPNAFDI,background_IGH_cdr3.csv
EAQQQLGDLLVRP,background_IGH_cdr3.csv
FDY,background_IGH_cdr3.csv
ARQGEWGPGKPMVRGVRLRYFDL,background_IGH_cdr3.csv
ARVRAPAGMATGWFDP,background_IGH_cdr3.csv
AREKYSSGWSRGGPFDY,background_IGH_cdr3.csv
ARDLKAVPGFGIDC,background_IGH_cdr3.csv
ARVWSQY,background_IGH_cdr3.csv
ARSETDCTHVSCHKGWIVS,background_IGH_cdr3.csv
AKGYCSSTSCYGSY,background_IGH_cdr3.csv
AKGYCSSTSCYGSY,background_IGH_cdr3.csv
ARRIYSGSYHWLGD,background_IGH_cdr3.csv
ARGGVLWFGDLYYPFDS,background_IGH_cdr3.csv
LEDTAVYCAYDSSGYGLAMDV,background_IGH_cdr3.csv
ARRDIIVVTAARVRAFDI,background_IGH_cdr3.csv
ARQTEIAAAVDMHWYFD,background_IGH_cdr3.csv
AHRSYGSGSYDY,background_IGH_cdr3.csv
ARPRTMFAVVGYFDY,background_IGH_cdr3.csv
ERSAIMYQLRIRPRVVRP,background_IGH_cdr3.csv
ARRYFDY,background_IGH_cdr3.csv
RKRLTADS,background_IGH_cdr3.csv
ARGAVVDGFDV,background_IGH_cdr3.csv
DKAAHTV,background_IGH_cdr3.csv
ARHSYYDSSGVDY,background_IGH_cdr3.csv
QMNSLADTAVYYCARSGGGSRLEWLGDYYYGMDV,background_IGH_cdr3.csv
ARGESSSHAFDI,background_IGH_cdr3.csv
ARHNFGDFWCSTSCYTEGAPPDNWFDP,background_IGH_cdr3.csv
TTEGHPSVLPGDV,background_IGH_cdr3.csv
ARDGTTYYGMDV,background_IGH_cdr3.csv
ARADGTD,background_IGH_cdr3.csv
ARSRYYYGSSSYYGLDY,background_IGH_cdr3.csv
CASRYDSGDY,background_IGH_cdr3.csv
VRGEVAILVVPGATGGDF,background_IGH_cdr3.csv
ARDLGTGSAYYYYGMDV,background_IGH_cdr3.csv
FDY,background_IGH_cdr3.csv
ARGTTTPTDIVVAPDDSYYFDY,background_IGH_cdr3.csv
AREGTGIGWPGYFDY,background_IGH_cdr3.csv
ARRVRYYYGMDV,background_IGH_cdr3.csv
TAATVYCARSGGSCYFDY,background_IGH_cdr3.csv
ARDTAVPAAMWEGDYYGMDV,background_IGH_cdr3.csv
AKDPPRSGGDGAVDY,background_IGH_cdr3.csv
RNYYYYGMDV,background_IGH_cdr3.csv
ARGGVLWFGDLYYPFDS,background_IGH_cdr3.csv
ARSWGGCSSVSCYWAEYVPH,background_IGH_cdr3.csv
FDP,background_IGH_cdr3.csv
ERLWLCRYGWGYRL,background_IGH_cdr3.csv
RRPLQLPSPL,background_IGH_cdr3.csv
AKSPQDLVVITTALDY,background_IGH_cdr3.csv
ARGGIRWLDLHDAFDI,background_IGH_cdr3.csv
ARDQIVGAPFDY,background_IGH_cdr3.csv
EVGRYG,background_IGH_cdr3.csv
ARAGLADYCARD,background_IGH_cdr3.csv
AEDTVYYCADGGGSCYSVDY,background_IGH_cdr3.csv
ATWDCSGGSCYPFDY,background_IGH_cdr3.csv
ERTWVELLLRYGR,background_IGH_cdr3.csv
GRDDLIIEAGVDHYYGMDV,background_IGH_cdr3.csv
ASLEGFDGSGSYYNEAFDI,background_IGH_cdr3.csv
DGD,background_IGH_cdr3.csv
ARERGGRTRSSSLWSTGSDYYHGMDV,background_IGH_cdr3.csv
AREVFDP,background_IGH_cdr3.csv
ARGRELYYYGMDV,background_IGH_cdr3.csv
ETGSR,background_IGH_cdr3.csv
TAADTAAYYALPGSSWV,background_IGH_cdr3.csv
ARGPYWSSTRCRAIDY,background_IGH_cdr3.csv
ARLPKYYFDESAFDI,background_IGH_cdr3.csv
ADGGIYFYGMDV,background_IGH_cdr3.csv
ARPGDLRGSSSPDAFDI,background_IGH_cdr3.csv
ARGVAGGYFDY,background_IGH_cdr3.csv
AGGVSDH,background_IGH_cdr3.csv
VNLKPPSSGWYVGYYGMDV,background_IGH_cdr3.csv
AREEEHGSGFDH,background_IGH_cdr3.csv
ARDGGSSSRNYYYYGMDV,background_IGH_cdr3.csv
ARHAADFWSGYPLLAVAGTGGSFDY,background_IGH_cdr3.csv
AYYCAGLPAGMDV,background_IGH_cdr3.csv
ARSIKTPTYYYDSSGYWPKYYFDY,background_IGH_cdr3.csv
ARDYYGDAAALPGAFDI,background_IGH_cdr3.csv
ARGITMPGPSYWDY,background_IGH_cdr3.csv
ARGTTTPTDIVVAPDDSYYFDY,background_IGH_cdr3.csv
ATGPQQWELSPPIVH,background_IGH_cdr3.csv
ARGGDD,background_IGH_cdr3.csv
ARDRGYCTSRKCYTGNSATFDY,background_IGH_cdr3.csv
AKERLDSSKGLYYFDY,background_IGH_cdr3.csv
ARDSNDGFD,background_IGH_cdr3.csv
TRAYLPAATGAYNWFDP,background_IGH_cdr3.csv
ASITMVRGVMSPYYGMDV,background_IGH_cdr3.csv
RTSTEPRLV,background_IGH_cdr3.csv
AYAFDI,background_IGH_cdr3.csv
ASNYRSGWSLRPWYFDL,background_IGH_cdr3.csv
AREAKRRTGGRDY,background_IGH_cdr3.csv
ARDLHYFNYDSEYYFGS,background_IGH_cdr3.csv
ARDYYRAFDI,background_IGH_cdr3.csv
ARKGNFWSGSDV,background_IGH_cdr3.csv
ARDMNVRDSYGYFDY,background_IGH_cdr3.csv
ARAGLHMD,background_IGH_cdr3.csv
ARLRRGCSNQYYFDY,background_IGH_cdr3.csv
EIKNSYPFVLLRYGR,background_IGH_cdr3.csv
ARDSGESGNYFDY,background_IGH_cdr3.csv
ADLVVVLLLFPNGMDV,background_IGH_cdr3.csv
VKEGGDV,background_IGH_cdr3.csv
ERELRLLRL,background_IGH_cdr3.csv
ARPLDYGSYDLDV,background_IGH_cdr3.csv
LSLRMTSVTVADTATYYCARHYSALDH,background_IGH_cdr3.csv
ATGPQQWELSPPIVH,background_IGH_cdr3.csv
ARVDDYGGY,background_IGH_cdr3.csv
ARAWCGGDCYGGFRNWFDP,background_IGH_cdr3.csv
ARLYSD,background_IGH_cdr3.csv
ARADRFLEHLPHFQH,background_IGH_cdr3.csv
VKGYLGVYDAFDY,background_IGH_cdr3.csv
VRGPGRTAPEVNY,background_IGH_cdr3.csv
ACNALNYYYYGMDV,background_IGH_cdr3.csv
AKQRRTYCSSRTLRCYYYYGMDV,background_IGH_cdr3.csv
ARRPKSDFWAFNLPNMNDAFDI,background_IGH_cdr3.csv
VRGPGRTAPEVNY,background_IGH_cdr3.csv
ARDSPEEFLSGHKYSHYGLDV,background_IGH_cdr3.csv
ADAVYYATLHDAFD,background_IGH_cdr3.csv
ARDRVGFICSGGSCFPWSDAFDI,background_IGH_cdr3.csv
ARDTRSAIARRKNYYYYYGMDV,background_IGH_cdr3.csv
RVGWELHSTTT,background_IGH_cdr3.csv
ARAKAVAGTGLGGFDY,background_IGH_cdr3.csv
ARDPQYSYGCRGYDY,background_IGH_cdr3.csv
AHRIVVVPAAISDAFI,background_IGH_cdr3.csv
ARDRGTAARYFDY,background_IGH_cdr3.csv
ARQAPASAAAGSVDY,background_IGH_cdr3.csv
ASGAQD,background_IGH_cdr3.csv
RVGR,background_IGH_cdr3.csv
ARDWGGGITMIVEPMDV,background_IGH_cdr3.csv
ARHTQYSSSWYSEIDY,background_IGH_cdr3.csv
ARGFYQLLYRPDSGYYYYYYGMDV,background_IGH_cdr3.csv
ARDALAFDI,background_IGH_cdr3.csv
AREPPPSTSYCSSTSCYLGVAYGMDV,background_IGH_cdr3.csv
ARGRELDYYGMDV,background_IGH_cdr3.csv
ARGRVGKYIVVVVAATHDVFDY,background_IGH_cdr3.csv
AVRFWEWRYGAFDY,background_IGH_cdr3.csv
KRYNGLLLWSWLFGVS,background_IGH_cdr3.csv
ARRKGSNSRPWNWAFDI,background_IGH_cdr3.csv
ARGGCSSCGYYYYGMDV,background_IGH_cdr3.csv
ARGGIIVATEREFDY,background_IGH_cdr3.csv
ALVYYYGMDV,background_IGH_cdr3.csv
ALQAIT,background_IGH_cdr3.csv
RAVVVVAATQGGYDY,background_IGH_cdr3.csv
GPFD,background_IGH_cdr3.csv
AGSGGLDY,background_IGH_cdr3.csv
ARGHGFDI,background_IGH_cdr3.csv
ARYSTSDAVWY,background_IGH_cdr3.csv
ARLGF,background_IGH_cdr3.csv
ARDIRTNVSSGPA,background_IGH_cdr3.csv
ARTRNDSWGGPTQNYFDY,background_IGH_cdr3.csv
SNDY,background_IGH_cdr3.csv
ARSYQLLYDFDY,background_IGH_cdr3.csv
ERKPVGRPLLLRRVTS,background_IGH_cdr3.csv
ARHGLSIFGVVMNWFDP,background_IGH_cdr3.csv
ANIVVGRASNYDDAFDI,background_IGH_cdr3.csv
ARPWRPYYFDY,background_IGH_cdr3.csv
AKAILYRSTSDSSGWFNDY,background_IGH_cdr3.csv
ARDSGTYYPGYYYYGVDV,background_IGH_cdr3.csv
ARWEPF,background_IGH_cdr3.csv
ARRYCSSFDY,background_IGH_cdr3.csv
HGLCEVPGHYGMDV,background_IGH_cdr3.csv
ARYVGSVAGHFLGY,background_IGH_cdr3.csv
SSYPDIVVVPAQSRWFDP,background_IGH_cdr3.csv
ALPCITVREMGGAFDI,background_IGH_cdr3.csv
ARTKWLVPGGDY,background_IGH_cdr3.csv
ARGYRLGFWSGYSDTYYYYGMDV,background_IGH_cdr3.csv
ARSAPCSTTSCYQDGMDA,background_IGH_cdr3.csv
AKGDYDFWSGYHH,background_IGH_cdr3.csv
ARDGRVPKAVGDPFGVVPRGMDV,background_IGH_cdr3.csv
ARGKDYFDSTGYLIDY,background_IGH_cdr3.csv
ARSAAADPQLDY,background_IGH_cdr3.csv
ARVGGGEAAGAGYYYGMDV,background_IGH_cdr3.csv
ARYGMDV,background_IGH_cdr3.csv
CARPVFTALG,background_IGH_cdr3.csv
ARGPPITIFGVVTWGPGYGMDV,background_IGH_cdr3.csv
ARGADSGDY,background_IGH_cdr3.csv
ARGVVPAMSNYYYYGMDV,background_IGH_cdr3.csv
ARDLGSYDYVWGSYRTNQYYFDY,background_IGH_cdr3.csv
AVYYCARVIVPDAFD,background_IGH_cdr3.csv
EGYPWD,background_IGH_cdr3.csv
TRIQLWWLLLLRYGR,background_IGH_cdr3.csv
AREPYYGSGSYSNDY,background_IGH_cdr3.csv
ARIVPALYFVVVVAATRSSWYFDL,background_IGH_cdr3.csv
GRLFPDDILTGYDYYFDY,background_IGH_cdr3.csv
ARVGRKSRSYTY,background_IGH_cdr3.csv
ARVFVYVGPLVDAI,background_IGH_cdr3.csv
ARWVEDGGNCFDY,background_IGH_cdr3.csv
VRDSLQYCRRTSCYEHDY,background_IGH_cdr3.csv
NGY,background_IGH_cdr3.csv
ARPTGD,background_IGH_cdr3.csv
CARPLSSCD,background_IGH_cdr3.csv
AKGLPSRYFDS,background_IGH_cdr3.csv
AVFGYYDY,background_IGH_cdr3.csv
ARRGGHPFDP,background_IGH_cdr3.csv
AVYYAVSGGF,background_IGH_cdr3.csv
ARDAAGPGLTDD,background_IGH_cdr3.csv
ATGPQQWELSPPIVH,background_IGH_cdr3.csv
DARGVLRYFDWFRRSSPMPG,background_IGH_cdr3.csv
D,background_IGH_cdr3.csv
AREGKKKIAGAPAAYYGMDV,background_IGH_cdr3.csv
AGPLNRYSGYDSYYYYGMDV,background_IGH_cdr3.csv
STAADAVYARRVGATNWDP,background_IGH_cdr3.csv
ARGTTIAVLGY,background_IGH_cdr3.csv
GLVR,background_IGH_cdr3.csv
EPGYYGVELVRP,background_IGH_cdr3.csv
TTDLSGSYYGDY,background_IGH_cdr3.csv
AREGYNSGLVDY,background_IGH_cdr3.csv
ARVRRSRGPVMQYFQH,background_IGH_cdr3.csv
ARGESGYLLSDDTAVYYCARGGGYDY,background_IGH_cdr3.csv
YCAGLMYDFWSGYPGNWDP,background_IGH_cdr3.csv
VRQIRPLEQ,background_IGH_cdr3.csv
GLLCEDPVADFDY,background_IGH_cdr3.csv
WDYYYGMDV,background_IGH_cdr3.csv
TREKARSAAGWAGYAGAFDI,background_IGH_cdr3.csv
ESNGPNELFSEWLWRRLRYGR,background_IGH_cdr3.csv
ARGGYYYGMDV,background_IGH_cdr3.csv
ARDGTYGSGGDCYFDF,background_IGH_cdr3.csv
ARPPF,background_IGH_cdr3.csv
ARHEDSSSLGYFQH,background_IGH_cdr3.csv
ARPSYCSSTSCCWLDAFDI,background_IGH_cdr3.csv
ARLEDTAMVRDY,background_IGH_cdr3.csv
ARDVGYSDAFDI,background_IGH_cdr3.csv
ARGQGPYWGQGTLWCNKYYADSVKGRFTISRDNSKNTLYLQMNSLRAEDTAVYYCARGGGAAGPLVFDY,background_IGH_cdr3.csv
ARDRSSSAGRYYYYYGMDV,background_IGH_cdr3.csv
TTVWVLENYYDSSGYYDPGAFDI,background_IGH_cdr3.csv
RGYGSGVDY,background_IGH_cdr3.csv
YYCARCTSCNQQLVSNYYYYYGMDV,background_IGH_cdr3.csv
ERSICGRYGR,background_IGH_cdr3.csv
ARAPYSSGWTPLDY,background_IGH_cdr3.csv
ARGGYCGGDCQQTKKTEYFQH,background_IGH_cdr3.csv
ARVFELGMD,background_IGH_cdr3.csv
ARGGSRSYGRLLSGKDDY,background_IGH_cdr3.csv
ARVGYGGYEELDY,background_IGH_cdr3.csv
ARAQNYFDSSGYYENLSFDS,background_IGH_cdr3.csv
EMRKGTLLRYGR,background_IGH_cdr3.csv
AKDITFSGSYGPMGN,background_IGH_cdr3.csv
ARGVVPAASDH,background_IGH_cdr3.csv
VRASPRMTHAFDV,background_IGH_cdr3.csv
ARREYCSGGRCYYYPMFDY,background_IGH_cdr3.csv
LKLTSVTAADAVYHCANSDSGVHRY,background_IGH_cdr3.csv
ESGVHRLWTTFAVVPLGR,background_IGH_cdr3.csv
ARDLSSWYGGDDY,background_IGH_cdr3.csv
AREICSSTSCSTYYFDY,background_IGH_cdr3.csv
AREGRYYDSSGYGAFDI,background_IGH_cdr3.csv
ARDPPPYDFWSGYLIS,background_IGH_cdr3.csv
ARQPSRYSPLDY,background_IGH_cdr3.csv
ARARCSRTSCFFDY,background_IGH_cdr3.csv
TAADTAVYYCARDLCSSC,background_IGH_cdr3.csv
ARDADYSGSYSDAFDI,background_IGH_cdr3.csv
WFDP,background_IGH_cdr3.csv
AKHRLLDY,background_IGH_cdr3.csv
ARRDAFDI,background_IGH_cdr3.csv
AEGYCSSTSCYLIHDY,background_IGH_cdr3.csv
ARDDSGDVDY,background_IGH_cdr3.csv
AFDY,background_IGH_cdr3.csv
ARSMVRGVISYYYYGMDV,background_IGH_cdr3.csv
ARDLYWSGND,background_IGH_cdr3.csv
AYGMDV,background_IGH_cdr3.csv
ARRRAAGADI,background_IGH_cdr3.csv
ARDGD,background_IGH_cdr3.csv
ARLLWVVVDRYCYFDY,background_IGH_cdr3.csv
ARGRHYGSGSFLKY,background_IGH_cdr3.csv
AAGDIVLMVYATIFDI,background_IGH_cdr3.csv
ARLAMYCSGWCYGNGIDD,background_IGH_cdr3.csv
ARRNGSSWYQGYYFDY,background_IGH_cdr3.csv
ARHTGYGDYYFDY,background_IGH_cdr3.csv
ARHYDGDYGDY,background_IGH_cdr3.csv
AHSGYGGIAAAY,background_IGH_cdr3.csv
ARSYYDFWSGYPKFDY,background_IGH_cdr3.csv
ADRTSGSCYPFDY,background_IGH_cdr3.csv
ASSWGYVTDY,background_IGH_cdr3.csv
ERLLRFLEWLLLL,background_IGH_cdr3.csv
ARQGRIPAY,background_IGH_cdr3.csv
ARGSRRITMVVVAAFDY,background_IGH_cdr3.csv
ARDSHIAAGGYAFDY,background_IGH_cdr3.csv
ARGYAGSPDYYYGMDV,background_IGH_cdr3.csv
ARGRELYYYGMDV,background_IGH_cdr3.csv
ARERGY,background_IGH_cdr3.csv
ARVPGGVVTGDYFDY,background_IGH_cdr3.csv
ERGGNSELLLLYGR,background_IGH_cdr3.csv
ARGYDFWSGPYYGMDV,background_IGH_cdr3.csv
AKMGSEGPYNWFDP,background_IGH_cdr3.csv
ARANCCSSCYGRDFDY,background_IGH_cdr3.csv
EVVVIGRFGL,background_IGH_cdr3.csv
ARGPHRGRGSSGWYVDY,background_IGH_cdr3.csv
AEMWELQTLM,background_IGH_cdr3.csv
AKGQSDFGVLTSYGMDV,background_IGH_cdr3.csv
ARIGLGSYYGMDV,background_IGH_cdr3.csv
DY,background_IGH_cdr3.csv
ERSPKSVFRL,background_IGH_cdr3.csv
AREDRLDYDFWSGLSPWYYGMDV,background_IGH_cdr3.csv
ARGAMVRGIGYYGMV,background_IGH_cdr3.csv
ARDRYTLEPYSSGWLLDAVG,background_IGH_cdr3.csv
ARLSRGGWYFDL,background_IGH_cdr3.csv
MTRTSSTAYMLSSRSDDTAVYYCARGYYDFWSYYIGYYYYGMDA,background_IGH_cdr3.csv
ARDPWSGYLRYYYYGMDV,background_IGH_cdr3.csv
ARIRYYRRIAAAGYYFDY,background_IGH_cdr3.csv
AETGKGMD,background_IGH_cdr3.csv
ETRGVRFLEWLRL,background_IGH_cdr3.csv
ARDGSGYYYGNLDY,background_IGH_cdr3.csv
ARWD,background_IGH_cdr3.csv
ADAVRSYSSGYY,background_IGH_cdr3.csv
ASCDRGSSTSCYLGDAFDI,background_IGH_cdr3.csv
ARDQEYDLTSRYLDY,background_IGH_cdr3.csv
ARVLGYYYAMDV,background_IGH_cdr3.csv
ERRWIQLWLLRL,background_IGH_cdr3.csv
ARDGGSGVRYFDY,background_IGH_cdr3.csv
YGDYGDDVDY,background_IGH_cdr3.csv
LCGVRF,background_IGH_cdr3.csv
AREEGSTSCYEGLGFDF,background_IGH_cdr3.csv
APQVTTD,background_IGH_cdr3.csv
ARLRGGYGSGSPLYYYYYGMDV,background_IGH_cdr3.csv
ARDPIKSSELEISTGFDY,background_IGH_cdr3.csv
AVYQSTYYFDS,background_IGH_cdr3.csv
A,background_IGH_cdr3.csv
ARDPAYNAYGIDY,background_IGH_cdr3.csv
GV,background_IGH_cdr3.csv
ARWVFDY,background_IGH_cdr3.csv
REDGVQTTT,background_IGH_cdr3.csv
ASYWFDP,background_IGH_cdr3.csv
ASPVIAGMDV,background_IGH_cdr3.csv
ARVTTDY,background_IGH_cdr3.csv
ARGF,background_IGH_cdr3.csv
ATDEWMATGANLDH,background_IGH_cdr3.csv
AALLQQDY,background_IGH_cdr3.csv
ARGMGVGMGYGTPNCYYYGMDV,background_IGH_cdr3.csv
ARYCSGGSCDGVVGY,background_IGH_cdr3.csv
VRDRTAVAGVGIDY,background_IGH_cdr3.csv
ASSCSGSCFDY,background_IGH_cdr3.csv
ARLGLLGCYYDY,background_IGH_cdr3.csv
ADY,background_IGH_cdr3.csv
TDLPRVDY,background_IGH_cdr3.csv
ARAAWELSPIGDY,background_IGH_cdr3.csv
ARHSGYCSGGSCYHLYYYYYGMDV,background_IGH_cdr3.csv
AKDISRFSGAAAGRGYFDL,background_IGH_cdr3.csv
AKGKGSANSAMARSYYYGMDV,background_IGH_cdr3.csv
ARIDYFDY,background_IGH_cdr3.csv
ARGPYASESTQHFRASAATSYFDY,background_IGH_cdr3.csv
ERWDRFLDWFNGL,background_IGH_cdr3.csv
ASDGS,background_IGH_cdr3.csv
AHDY,background_IGH_cdr3.csv
VKAAGWELRNWYFDL,background_IGH_cdr3.csv
AEYYPYYYYGMDV,background_IGH_cdr3.csv
ARDVSGVPASN,background_IGH_cdr3.csv
AKVYSNSWWGIDY,background_IGH_cdr3.csv
AGGRSGGVVTVYYYGMDV,background_IGH_cdr3.csv
ARALEPLVGAHLYNWFDP,background_IGH_cdr3.csv
AIQNTADNNEASPTYYDFWSGYYAP,background_IGH_cdr3.csv
WFDY,background_IGH_cdr3.csv
ARGVQLAF,background_IGH_cdr3.csv
ARSWGVDY,background_IGH_cdr3.csv
ARGGAFGSV,background_IGH_cdr3.csv
ARDQGAAAGFDY,background_IGH_cdr3.csv
AGEWLNYYYYGMDV,background_IGH_cdr3.csv
AREGGACGGDCYSSRWGDAFDI,background_IGH_cdr3.csv
ARYGDYVFSGWFGMDP,background_IGH_cdr3.csv
KKLGVAAGSLLLLLLLRYGR,background_IGH_cdr3.csv
TTDRDWFDP,background_IGH_cdr3.csv
ATPKTRVGATSASPFDY,background_IGH_cdr3.csv
ARGEVVAATWFDP,background_IGH_cdr3.csv
ARGGHYYDSSGYLQGGAFDI,background_IGH_cdr3.csv
AYGG,background_IGH_cdr3.csv
ALTYYYDSSGYYYGSKEANWYFDL,background_IGH_cdr3.csv
ARSFYGMD,background_IGH_cdr3.csv
ASPAFTDSSAY,background_IGH_cdr3.csv
ARQLGYGFDLLDAFI,background_IGH_cdr3.csv
ASQRYGSGSYYFDY,background_IGH_cdr3.csv
ASRGVRGFIIGQIWLDP,background_IGH_cdr3.csv
AKDFEGAVVVAAQADY,background_IGH_cdr3.csv
ASRAQWGSSACYYYYGMDV,background_IGH_cdr3.csv
ARVGGVTGYYYIDY,background_IGH_cdr3.csv
AKLSISHYYGMDV,background_IGH_cdr3.csv
ARRIVVTLLSFDY,background_IGH_cdr3.csv
ARDSSWWYYYYGMDV,background_IGH_cdr3.csv
ARVGIKLGSEYYYYGMDV,background_IGH_cdr3.csv
ASPMNAAAAEYENYYYYGMDV,background_IGH_cdr3.csv
AHRPHYGGNSDAFDI,background_IGH_cdr3.csv
ARDRCSFWSGYRYYYYGMDV,background_IGH_cdr3.csv
ARIRSFGRVGARPGVFDY,background_IGH_cdr3.csv
ARQWCSSTSCQMGLGYYYYGMDV,background_IGH_cdr3.csv
ERGSQLVQLVRP,background_IGH_cdr3.csv
ARDRGGSGSYYNVYFDI,background_IGH_cdr3.csv
GREGGFDAFAI,background_IGH_cdr3.csv
VRRRGDGTRDF,background_IGH_cdr3.csv
VRVPAADWYFDL,background_IGH_cdr3.csv
MDY,background_IGH_cdr3.csv
GGPYNWNSRDYYYGMDV,background_IGH_cdr3.csv
ERRIRGRILLRYGR,background_IGH_cdr3.csv
ARSLSRGGAFDI,background_IGH_cdr3.csv
ARRYVPHEPVPEAELCDRRGHGCVLLCEYVRAFD,background_IGH_cdr3.csv
ANCYD,background_IGH_cdr3.csv
ARGDSVVVVPAAIRTPPHFDY,background_IGH_cdr3.csv
ERKRRWQLLVLRYGR,background_IGH_cdr3.csv
AKSPQDLVVITTALDY,background_IGH_cdr3.csv
VGFDY,background_IGH_cdr3.csv
ASGKTGDFDY,background_IGH_cdr3.csv
ARRKYYGFGELLS,background_IGH_cdr3.csv
ARHSPHFDSGSYFDY,background_IGH_cdr3.csv
ARDSVDTAMFDF,background_IGH_cdr3.csv
ARARWAGGSGSYYRLDY,background_IGH_cdr3.csv
ARGGAPDHVLHMGGDAFDI,background_IGH_cdr3.csv
EKQRELLPLLVLRS,background_IGH_cdr3.csv
RGGWVLWRGSG,background_IGH_cdr3.csv
AREKNDFD,background_IGH_cdr3.csv
ARRRVAAIGY,background_IGH_cdr3.csv
ARDRLYGSSGYGYFDF,background_IGH_cdr3.csv
ARDWGNSRNRQIGNSSDWSGGGGC,background_IGH_cdr3.csv
ARAWDLGSSYARDFDY,background_IGH_cdr3.csv
VRDDWSCTGSNCYRVIH,background_IGH_cdr3.csv
LGALPGLTIFGVVIETRPCTTLTT,background_IGH_cdr3.csv
AYYGD,background_IGH_cdr3.csv
ERSCRGILLLS,background_IGH_cdr3.csv
DY,background_IGH_cdr3.csv
AGVDTATVVYYGDV,background_IGH_cdr3.csv
ARNRYYDTSGYYTNDAFDI,background_IGH_cdr3.csv
ARDLLNAGCDYYGMDV,background_IGH_cdr3.csv
ARGRYD,background_IGH_cdr3.csv
ACLSTAGWGNPGKYRSGWYSDY,background_IGH_cdr3.csv
AREKVSRDGYISYYYGMDV,background_IGH_cdr3.csv
ARQVPTTIFWSYDAFDI,background_IGH_cdr3.csv
RLDTTTTVWTS,background_IGH_cdr3.csv
ARVGAVEYDAFDI,background_IGH_cdr3.csv
ARRVAVGPPYYFDS,background_IGH_cdr3.csv
TRDCTSCLPPYYYYGMDV,background_IGH_cdr3.csv
ARGVDFAVVFDY,background_IGH_cdr3.csv
ARDRVEYYGMD,background_IGH_cdr3.csv
QWLPNYYYGM,background_IGH_cdr3.csv
AREESGWLNGRFYGMGRCDY,background_IGH_cdr3.csv
ARAKIVSDCSDNFDY,background_IGH_cdr3.csv
ARGGSSGYYYDVNWFDP,background_IGH_cdr3.csv
ARGPSYDILTGGMDV,background_IGH_cdr3.csv
ARGGSSSRERWFDP,background_IGH_cdr3.csv
ARTRATSNCVWGSYRQIFDY,background_IGH_cdr3.csv
ARITIFGDAFDI,background_IGH_cdr3.csv
VGGVAIRF,background_IGH_cdr3.csv
EPTGIRNEYSSSSSLVRP,background_IGH_cdr3.csv
ANHYGRITIFGGNIGDDAFDI,background_IGH_cdr3.csv
ARVYTRNCGGDCLNKPGDWFFDL,background_IGH_cdr3.csv
ARVGSVLVVGVTRDSFDY,background_IGH_cdr3.csv
ARGRIYYDSSGYSPSSVFDP,background_IGH_cdr3.csv
ARVMFGVVLSSYDY,background_IGH_cdr3.csv
VLQISSLKAEDTAVYYCARDRLNWFMDP,background_IGH_cdr3.csv
ESSI,background_IGH_cdr3.csv
AKAHYYDSSGYPDAFDI,background_IGH_cdr3.csv
ARVAMPVVGATRLYGIDI,background_IGH_cdr3.csv
ARVKDAGVSAYCAFDF,background_IGH_cdr3.csv
ARRVPAAVGYYWFD,background_IGH_cdr3.csv
ARALEWYDAFDI,background_IGH_cdr3.csv
DAKNLYLNSAEDTAVYYCAVARNAFI,background_IGH_cdr3.csv
ARDGDGDNRRPYYQYGMDV,background_IGH_cdr3.csv
ATGLNQLVHG,background_IGH_cdr3.csv
ARRGWSRDADI,background_IGH_cdr3.csv
ARQLLAVAGSYNWFDP,background_IGH_cdr3.csv
ERSLPVWFGELSSLVRP,background_IGH_cdr3.csv
ARDGGWLGYYGFDV,background_IGH_cdr3.csv
ARDRGCD,background_IGH_cdr3.csv
ARGIGYYYGMDV,background_IGH_cdr3.csv
ATVSDYYYYGMDV,background_IGH_cdr3.csv
AYLD,background_IGH_cdr3.csv
ARDNGVAPRLLDY,background_IGH_cdr3.csv
AREEIVVVPAAILTDYYYGMDV,background_IGH_cdr3.csv
ARVAPTVTSSPYISLPSTYGMDV,background_IGH_cdr3.csv
AREGGRYYYDSSGYGHYYFDY,background_IGH_cdr3.csv
ARIRHRCPDSRCPRPTPYDPCDK,background_IGH_cdr3.csv
ARVLRYFDWLLSTRPPYGMDV,background_IGH_cdr3.csv
AAAGYWY,background_IGH_cdr3.csv
ARGPPGDVLASFDY,background_IGH_cdr3.csv
ERWHSSSSPA,background_IGH_cdr3.csv
ARCIDY,background_IGH_cdr3.csv
ERG,background_IGH_cdr3.csv
ARGTGTTLDYGMDV,background_IGH_cdr3.csv
ASPASVGFYGGLDY,background_IGH_cdr3.csv
HTIAAAGGRVLLIS,background_IGH_cdr3.csv
DGMDV,background_IGH_cdr3.csv
ARGRVRDGYPAGAFI,background_IGH_cdr3.csv
ATEDNNGCFQVLRQ,background_IGH_cdr3.csv
ARVGGVRDCSSTSCS,background_IGH_cdr3.csv
ARDDRAIQH,background_IGH_cdr3.csv
Y,background_IGH_cdr3.csv
AREIRYCSSTSCSTSSWYYYYGMDV,background_IGH_cdr3.csv
TKDRYCDGGYCPTDY,background_IGH_cdr3.csv
AKDPIVPGYFDY,background_IGH_cdr3.csv
SNIRGFGWAPTDAFI,background_IGH_cdr3.csv
ARDVRGVPFRDFDY,background_IGH_cdr3.csv
DSTSTAYSAYYCAGHAAGLDY,background_IGH_cdr3.csv
ASMLWLRGRRGAFDI,background_IGH_cdr3.csv
AKGSYYYGSRTYYLLN,background_IGH_cdr3.csv
ARADNSGYDPFDF,background_IGH_cdr3.csv
ASLEAGSYAYYYYGMDV,background_IGH_cdr3.csv
ASGVGAAAAGSETSDY,background_IGH_cdr3.csv
TMNSLAEDTAVYCARSVDAI,background_IGH_cdr3.csv
ARDHAGGKRAVDY,background_IGH_cdr3.csv
ARGSVGYGDY,background_IGH_cdr3.csv
ARQKFRYIIGRSFFDY,background_IGH_cdr3.csv
ATSGTPFQH,background_IGH_cdr3.csv
HGLRRGEGSGSYPQGPWTTTTVWTS,background_IGH_cdr3.csv
ARVGLYYDFWNARNSYLDS,background_IGH_cdr3.csv
ARDPVYGSGAYGMDV,background_IGH_cdr3.csv
RQVAPPSST,background_IGH_cdr3.csv
ERSRAWLQFLRA,background_IGH_cdr3.csv
ARPSVAPGYYYYGMDV,background_IGH_cdr3.csv
ARDRRYNWNDDIYYYYYGMDV,background_IGH_cdr3.csv
AKDRSYSSSWYGVYYYGMDV,background_IGH_cdr3.csv
VRYFCTESTCHPDY,background_IGH_cdr3.csv
TRAAVMGPGGKSPSCAH,background_IGH_cdr3.csv
V,background_IGH_cdr3.csv
ARDGVAGRHGIDY,background_IGH_cdr3.csv
ARSVWFGELSLYYYGMDV,background_IGH_cdr3.csv
AMSREAYSSSWYAYYYGMDV,background_IGH_cdr3.csv
VKVDLMVGGPIGAMDV,background_IGH_cdr3.csv
TTWGSTNARLWSSGQWTFDI,background_IGH_cdr3.csv
AKGLPSRYFDS,background_IGH_cdr3.csv
AKDISVMVYAYFDYYGMDV,background_IGH_cdr3.csv
ARSSGGLY,background_IGH_cdr3.csv
ARSLTGVAF,background_IGH_cdr3.csv
AREYGDWAKDPLRIAAAGTGAFDI,background_IGH_cdr3.csv
GD,background_IGH_cdr3.csv
ARDSGY,background_IGH_cdr3.csv
F,background_IGH_cdr3.csv
ARDAPYDSSGYYPFDY,background_IGH_cdr3.csv
AGYYGMDV,background_IGH_cdr3.csv
ARGGAFDI,background_IGH_cdr3.csv
AGCSGCDY,background_IGH_cdr3.csv
RQSRSPQRRRDTTNTTTTVWTS,background_IGH_cdr3.csv
ARGDFD,background_IGH_cdr3.csv
ARDIGGPPTILHNYGMDV,background_IGH_cdr3.csv
ARGGIVVVTAEDWYFDL,background_IGH_cdr3.csv
ARGAHDSSGSTPGY,background_IGH_cdr3.csv
YYCYGMDV,background_IGH_cdr3.csv
ARESGSHPLWFDP,background_IGH_cdr3.csv
AITEIGDIVVVPAAMAGYYYGMDV,background_IGH_cdr3.csv
ARCGSCYSSSMDV,background_IGH_cdr3.csv
TSGGVPATTYYYYGMDV,background_IGH_cdr3.csv
PFDY,background_IGH_cdr3.csv
AREDTIGGYYFDY,background_IGH_cdr3.csv
ARLPAVSATTDAFDF,background_IGH_cdr3.csv
ARAKSGYFRFDP,background_IGH_cdr3.csv
ARGCSGGSCYFYYYYGMDV,background_IGH_cdr3.csv
ARAGLFWHYGMDVWGFAADAVYYAAGFGYGMDV,background_IGH_cdr3.csv
VRGPGRTAPEVNY,background_IGH_cdr3.csv
ARDYGAYIHAVDI,background_IGH_cdr3.csv
AEDTAVYYCARATVYYYD,background_IGH_cdr3.csv
ARDQSTYYMDV,background_IGH_cdr3.csv
ARLDLIVGRDY,background_IGH_cdr3.csv
ASLPLDIVVVVAATPGQAFDI,background_IGH_cdr3.csv
AEGSGGSCLD,background_IGH_cdr3.csv
ARYSGFTDY,background_IGH_cdr3.csv
AHNVRGDDFWSGRYYYGMDV,background_IGH_cdr3.csv
ARDRRLYGDYGNSNFDYYSGMDV,background_IGH_cdr3.csv
ARGREDWNDVPYYDS,background_IGH_cdr3.csv
ARDALEGFLELSYGMDV,background_IGH_cdr3.csv
AKSSGWYGGDNAFDI,background_IGH_cdr3.csv
ERGVVKLL,background_IGH_cdr3.csv
REAGYQLLAGLPMVLIA,background_IGH_cdr3.csv
AREVPAAKITTLDY,background_IGH_cdr3.csv
ADRAEELVRGYYYGMDV,background_IGH_cdr3.csv
ATAVYCARYD,background_IGH_cdr3.csv
AKSPQDLVVITTALDY,background_IGH_cdr3.csv
ARGPLVGALAGLDY,background_IGH_cdr3.csv
ARSSAADAVYYCAWGSSGRYQH,background_IGH_cdr3.csv
ATSSNHYDFWSGYFNYYYYYGMDV,background_IGH_cdr3.csv
D,background_IGH_cdr3.csv
ARDWSDYSSSSTLQFDY,background_IGH_cdr3.csv
ARAKTKSGPTPDS,background_IGH_cdr3.csv
ARDTG,background_IGH_cdr3.csv
ARHSPAEYYYDILTGRAPPAEYFQH,background_IGH_cdr3.csv
ARDPVHSSSLADDY,background_IGH_cdr3.csv
REGSGHNTTTT,background_IGH_cdr3.csv
INDY,background_IGH_cdr3.csv
ARARGMVRGARDAFDI,background_IGH_cdr3.csv
ARGPYSYGRTFDY,background_IGH_cdr3.csv
ARRPDVVLAYYYGTLDV,background_IGH_cdr3.csv
ARAVDRTFDY,background_IGH_cdr3.csv
ARGSLAEAAAFDI,background_IGH_cdr3.csv
YD,background_IGH_cdr3.csv
ARHGSLPGGYYFDY,background_IGH_cdr3.csv
ARHGDEGEDPFDI,background_IGH_cdr3.csv
ARRAFDY,background_IGH_cdr3.csv
ARLLLDY,background_IGH_cdr3.csv
ARAAMVRGVHLYYFDY,background_IGH_cdr3.csv
DRSAAVGTQHPYCP,background_IGH_cdr3.csv
REAFTIFGVVHIILTT,background_IGH_cdr3.csv
ARADWVTPPGGVDY,background_IGH_cdr3.csv
ARHVGNQFDFWSGLGTLSAFDI,background_IGH_cdr3.csv
ASIYSDVDFYYYYGMDV,background_IGH_cdr3.csv
ARDGGVTDDAFDI,background_IGH_cdr3.csv
YPAT,background_IGH_cdr3.csv
ARGGDSGGYYYYGMDV,background_IGH_cdr3.csv
VGTRYNSGWFPGYFFDL,background_IGH_cdr3.csv
ARDGGSMLFSYYGMDV,background_IGH_cdr3.csv
ARNGYSGSCYWFDP,background_IGH_cdr3.csv
EIGPRLLWFGELFTSKLLLLRYGR,background_IGH_cdr3.csv
AKEAGDGDVDY,background_IGH_cdr3.csv
CARAGGIVVVPAAIRGGV,background_IGH_cdr3.csv
ARAISCSCLRTPPKGSYYYYGMDV,background_IGH_cdr3.csv
ARVTATIDY,background_IGH_cdr3.csv
ARDYGMDV,background_IGH_cdr3.csv
ARHRLRSGSYYLNHFDY,background_IGH_cdr3.csv
SNVAVAGAADY,background_IGH_cdr3.csv
ATSGTPFEY,background_IGH_cdr3.csv
ARHKGDYYDSSGHDAFDI,background_IGH_cdr3.csv
DRSAAVGTQPPYCP,background_IGH_cdr3.csv
ERPKGSSSSSILL,background_IGH_cdr3.csv
ARHDKESSSSPDIDY,background_IGH_cdr3.csv
AREGLLAEDTAVYYCAEGLEIGAGIDY,background_IGH_cdr3.csv
ASLSGENGDYYYYGMDV,background_IGH_cdr3.csv
ARKPSTYYDSGGYFDH,background_IGH_cdr3.csv
AGYYDSGAPD,background_IGH_cdr3.csv
QCVLLTTPVPWT,background_IGH_cdr3.csv
AGPNSSGWSGDY,background_IGH_cdr3.csv
ETGVQYGR,background_IGH_cdr3.csv
ARENYYDSSGYYYFDY,background_IGH_cdr3.csv
ARNVCGYGDYFDY,background_IGH_cdr3.csv
ERPRYL,background_IGH_cdr3.csv
ASGRDSEYSSSSRGDY,background_IGH_cdr3.csv
YKTGL,background_IGH_cdr3.csv
ATSGTPFQH,background_IGH_cdr3.csv
ARDSEVPAAMAPDY,background_IGH_cdr3.csv
AREDMGERRTADTFDI,background_IGH_cdr3.csv
ATSPPYAFDI,background_IGH_cdr3.csv
AGGDY,background_IGH_cdr3.csv
AKWTSSGRQSRGFVESTFDY,background_IGH_cdr3.csv
ASWAANLDADI,background_IGH_cdr3.csv
ETKRDGLLLLRYGR,background_IGH_cdr3.csv
ARAFRSGNSPDAFDI,background_IGH_cdr3.csv
ARGRTAAGMIWFDP,background_IGH_cdr3.csv
ARLAERWLQWVGGY,background_IGH_cdr3.csv
ARWDYDSNDAFDI,background_IGH_cdr3.csv
ARVVVDANYYYGMDV,background_IGH_cdr3.csv
ARSGDAFDI,background_IGH_cdr3.csv
ARGRELYYYGMDV,background_IGH_cdr3.csv
ARDVGGMKNYYYGMDV,background_IGH_cdr3.csv
ATELGELAS,background_IGH_cdr3.csv
AGEEEHGSGFEH,background_IGH_cdr3.csv
AGVGDTAID,background_IGH_cdr3.csv
ARGSRGMDV,background_IGH_cdr3.csv
ARPEVRVESSRAPDY,background_IGH_cdr3.csv
AVGYYYYYGMDV,background_IGH_cdr3.csv
AKDQARLRWQPHD,background_IGH_cdr3.csv
ARVSGQLSYYFDY,background_IGH_cdr3.csv
ADLSSRLGWFDH,background_IGH_cdr3.csv
APRGVYDY,background_IGH_cdr3.csv
ATHAPDDGLSSPLAI,background_IGH_cdr3.csv
EGWLLRGR,background_IGH_cdr3.csv
ARGGSTSCWGGHFDH,background_IGH_cdr3.csv
AIVVVA,background_IGH_cdr3.csv
ARGGIYDSSSWLAPAVDY,background_IGH_cdr3.csv
AREDMGERRTADTFDI,background_IGH_cdr3.csv
ARHADLRTGKIVRRSAFDI,background_IGH_cdr3.csv
AKSPQDLVVITTALDY,background_IGH_cdr3.csv
ARGGGSSTSCLAFDP,background_IGH_cdr3.csv
VRRWG,background_IGH_cdr3.csv
TTDGGFYDSSGYYYPDAFAL,background_IGH_cdr3.csv
AAKTKSGPTPDS,background_IGH_cdr3.csv
ARRSLLWLDP,background_IGH_cdr3.csv
RPIAMVVST,background_IGH_cdr3.csv
ARVAAWD,background_IGH_cdr3.csv
ARDLGLSSPWYFDL,background_IGH_cdr3.csv
AKGSYYYGSRTYYLLN,background_IGH_cdr3.csv
ARGNSKLGIVVVPYYFDY,background_IGH_cdr3.csv
ECSTSPLRYGR,background_IGH_cdr3.csv
ARVSD,background_IGH_cdr3.csv
TKDRQQLVTGYFDT,background_IGH_cdr3.csv
AKAAGQQSSGYSGFDY,background_IGH_cdr3.csv
ARDRDPLWFGESTQPRGAFDI,background_IGH_cdr3.csv
ARNRLLRDPFDV,background_IGH_cdr3.csv
ARDAEAYGDPCDY,background_IGH_cdr3.csv
ERGTRS,background_IGH_cdr3.csv
TTSLVLNWEINDY,background_IGH_cdr3.csv
DTYAGSYFGY,background_IGH_cdr3.csv
AQSYDSSGYHHDAFDI,background_IGH_cdr3.csv
ARRYQLPPYYSNLD,background_IGH_cdr3.csv
ARVGDRDGYRILSY,background_IGH_cdr3.csv
AGYDAFDI,background_IGH_cdr3.csv
ARDFQTYYYDSSGPSAFDI,background_IGH_cdr3.csv
VRDDWSCTGSNCYRVIDH,background_IGH_cdr3.csv
ARDLRSRTYSSEFY,background_IGH_cdr3.csv
ARETVTYNWFDP,background_IGH_cdr3.csv
ARGLDYYDSRADPVEGYGMDV,background_IGH_cdr3.csv
ARDGGVPVVYFDV,background_IGH_cdr3.csv
ARYGYYYYGMDV,background_IGH_cdr3.csv
ARSSYWYFDL,background_IGH_cdr3.csv
ARSSYGMDV,background_IGH_cdr3.csv
AELKTIFGVVISGGATDNWFDP,background_IGH_cdr3.csv
ERFRAVAGRRWILVLRS,background_IGH_cdr3.csv
ARGSMAVVHYFDY,background_IGH_cdr3.csv
ARGSVTISGAYAFDY,background_IGH_cdr3.csv
ARVGIGTVVTFDY,background_IGH_cdr3.csv
AGAFDI,background_IGH_cdr3.csv
ETSGANDYGDPRLLVLRS,background_IGH_cdr3.csv
ARLAYYYGMD,background_IGH_cdr3.csv
ARGGDYYAD,background_IGH_cdr3.csv
ARILPTDAI,background_IGH_cdr3.csv
ARRGDDGSGYPDY,background_IGH_cdr3.csv
ARYSGAFD,background_IGH_cdr3.csv
AGGSYLDY,background_IGH_cdr3.csv
ARG,background_IGH_cdr3.csv
ARAHPAHLVPAAIYYYYYGMDV,background_IGH_cdr3.csv
ARDGY,background_IGH_cdr3.csv
AREERQLIMGDYYYYGMDV,background_IGH_cdr3.csv
ARVSVGATALDY,background_IGH_cdr3.csv
ERSPKSVFRL,background_IGH_cdr3.csv
ARFGVRTMIVTEIDY,background_IGH_cdr3.csv
ARRLGVVVPAASTGIRSYGMDV,background_IGH_cdr3.csv
ARKVGTLRLEWYRFDP,background_IGH_cdr3.csv
TRDGWTRTRATTDYYNDMDV,background_IGH_cdr3.csv
AGSYYYYGMDV,background_IGH_cdr3.csv
AKDGGGSGYYDY,background_IGH_cdr3.csv
AQYWSGYYYYGMDV,background_IGH_cdr3.csv
AREVARVRTGYCSSTSCYKVPYYYGMDV,background_IGH_cdr3.csv
ASTGGKRNDFWSGLDSYGMDV,background_IGH_cdr3.csv
KRLLLLWFADLLSTK,background_IGH_cdr3.csv
ARVPGGLFGDCSSTSCYYYFDY,background_IGH_cdr3.csv
ARHYSALDH,background_IGH_cdr3.csv
CGD,background_IGH_cdr3.csv
ARHYSALDH,background_IGH_cdr3.csv
VKGEAEQLVLFYYYYGMDV,background_IGH_cdr3.csv
DV,background_IGH_cdr3.csv
ADYSYGPQGVDY,background_IGH_cdr3.csv
GTGRL,background_IGH_cdr3.csv
ARRGVGIDYYGSGSYYNRLPHYYYYGMDV,background_IGH_cdr3.csv
ARSRAKQLTLSFFYEMDV,background_IGH_cdr3.csv
ARSFAFD,background_IGH_cdr3.csv
HVGVWFD,background_IGH_cdr3.csv
ERYGR,background_IGH_cdr3.csv
AKDRMSIAAEGRDDAFDI,background_IGH_cdr3.csv
ARDYFDY,background_IGH_cdr3.csv
ERPYKLGELVLLFYGR,background_IGH_cdr3.csv
ARNVAGTMGFDY,background_IGH_cdr3.csv
ARVGGGNSGRRSAFDI,background_IGH_cdr3.csv
ARDYCSSTSWDNYYYYGMDV,background_IGH_cdr3.csv
GNLDA,background_IGH_cdr3.csv
ARSSRTYYFD,background_IGH_cdr3.csv
ARLNQASPYYYYGMDV,background_IGH_cdr3.csv
ARYGSSSSPKFDY,background_IGH_cdr3.csv
ARSGYCDGSCYFDY,background_IGH_cdr3.csv
ARENQVLRFLEWLSYYYYGMDV,background_IGH_cdr3.csv
ARENQVLRFLEWLSYYYYGMDV,background_IGH_cdr3.csv
VKEGGDV,background_IGH_cdr3.csv
RTWAGDLTRPCTVEVLGWD,background_IGH_cdr3.csv
ARHGYSYGLDFDY,background_IGH_cdr3.csv
ARGLRVLVANYFDI,background_IGH_cdr3.csv
AKTPTNGID,background_IGH_cdr3.csv
ARRDNWNDVLNI,background_IGH_cdr3.csv
ELRYGR,background_IGH_cdr3.csv
ARVREDCDYYGLDD,background_IGH_cdr3.csv
ARCGNRGCNRFDY,background_IGH_cdr3.csv
ARLSKFLDY,background_IGH_cdr3.csv
ARVAATDY,background_IGH_cdr3.csv
ARGAKSSF,background_IGH_cdr3.csv
ARHLSEYSSSQGFDY,background_IGH_cdr3.csv
ARDSGNSLGWWSFDY,background_IGH_cdr3.csv
KTKNGWLRLRYGR,background_IGH_cdr3.csv
ARVAYKYAFES,background_IGH_cdr3.csv
ASLTYYYDSSGYYYGSKEANWYFDL,background_IGH_cdr3.csv
ASYDGGSYPYYYYYGMDV,background_IGH_cdr3.csv
ARSGVGCSSTSCYTGYYYYYGMDV,background_IGH_cdr3.csv
SSSTYGSGSYFDY,background_IGH_cdr3.csv
ARAWCGGDCYGGFRNWFDP,background_IGH_cdr3.csv
AG,background_IGH_cdr3.csv
ARGSVRGVIIGFD,background_IGH_cdr3.csv
EMATIK,background_IGH_cdr3.csv
ARVSSSLGRYYYYGMDV,background_IGH_cdr3.csv
AKVGGEWELLDY,background_IGH_cdr3.csv
DAYYCAGF,background_IGH_cdr3.csv
AGRSFWFDSSGYDY,background_IGH_cdr3.csv
AKGLPSRYFDS,background_IGH_cdr3.csv
EGLLPCCYCGLHLVRP,background_IGH_cdr3.csv
TRSFTPAIRGKAFDY,background_IGH_cdr3.csv
VAADAVYAGAVAVRVSNWFDP,background_IGH_cdr3.csv
LCRGRYF,background_IGH_cdr3.csv
ARDGRIAVAGLDY,background_IGH_cdr3.csv
APVTTAD,background_IGH_cdr3.csv
AEIVGATPFDY,background_IGH_cdr3.csv
GRDAMSRADAGGSIVLVPAAIGDY,background_IGH_cdr3.csv
AKGRRGSGFSHYLDS,background_IGH_cdr3.csv
ASREWLLSTFDP,background_IGH_cdr3.csv
ARGHQYYDFWSGYWIYGMDV,background_IGH_cdr3.csv
ARHYSALDH,background_IGH_cdr3.csv
ARDDETRLSRVTMVRGVINLDY,background_IGH_cdr3.csv
Y,background_IGH_cdr3.csv
TTGSDWVYWYFDL,background_IGH_cdr3.csv
VFDWSGPYAFDI,background_IGH_cdr3.csv
ARDPCSYHRNWNYFKDY,background_IGH_cdr3.csv
ASDSTAAIPENFD,background_IGH_cdr3.csv
ERSQLRLVEWFLLLLRYGL,background_IGH_cdr3.csv
ARPKRNCNGPHYYYYGMDV,background_IGH_cdr3.csv
ARDGSGHHNWNSAFDI,background_IGH_cdr3.csv
V,background_IGH_cdr3.csv
ASVADNSTWYVPY,background_IGH_cdr3.csv
ARDYPYTRGVDS,background_IGH_cdr3.csv
ARSCNGYYYGMDV,background_IGH_cdr3.csv
VYATGGGTVEDWFDP,background_IGH_cdr3.csv
ARDRVRWDLHHSSGWYHGMDV,background_IGH_cdr3.csv
ERSSYEEGSCYYSLCL,background_IGH_cdr3.csv
ATYGRGDV,background_IGH_cdr3.csv
ESKRRTTSWYRQLVRP,background_IGH_cdr3.csv
ARRRVPWLDYYYGMDV,background_IGH_cdr3.csv
ELRYGR,background_IGH_cdr3.csv
ARDVVVVAGTGLFDY,background_IGH_cdr3.csv
EGVYQADR,background_IGH_cdr3.csv
ARHSYSSSSGWFDP,background_IGH_cdr3.csv
DTFRIRGFGR,background_IGH_cdr3.csv
EQQLVCELLLRYGR,background_IGH_cdr3.csv
ARDGGEDIVPYYYYGMDV,background_IGH_cdr3.csv
ARDATLVATTTDYYLGMDV,background_IGH_cdr3.csv
AKDSRDIMYYYDSSGSHYHLYYFDY,background_IGH_cdr3.csv
ARDVTEGLGEGLYAFDI,background_IGH_cdr3.csv
ASLFGSYDSRVPSRMDV,background_IGH_cdr3.csv
ARVPPEGQNKHFPDDYSNYFTEDAFDI,background_IGH_cdr3.csv
SSWYAQRGQGLFRLPDPYFDY,background_IGH_cdr3.csv
ARADDFGY,background_IGH_cdr3.csv
ARVEGDYYDPLGPGRYGMDV,background_IGH_cdr3.csv
TRSHYSDSGTSGY,background_IGH_cdr3.csv
ARAFLEWLSYC,background_IGH_cdr3.csv
ASPGGYNYFDY,background_IGH_cdr3.csv
ERSSPYDFWSG,background_IGH_cdr3.csv
V,background_IGH_cdr3.csv
ARHVGGSRWDY,background_IGH_cdr3.csv
TSRGYGDYVDY,background_IGH_cdr3.csv
ARDSVGGYVWGHYYGFDY,background_IGH_cdr3.csv
ATDEAFDY,background_IGH_cdr3.csv
ATTRAEVTAFGVVTHAFDI,background_IGH_cdr3.csv
AGVLGSGSPSLSGMDV,background_IGH_cdr3.csv
ARDQASYDFWSGYYYGGTFDY,background_IGH_cdr3.csv
SVTAATAVYYARAFDI,background_IGH_cdr3.csv
ARAYSSSWDY,background_IGH_cdr3.csv
ATWPRYYYRSGSCSDYFDC,background_IGH_cdr3.csv
AKVAANFAHY,background_IGH_cdr3.csv
AKEYGGDSSWSLHYFDY,background_IGH_cdr3.csv
ARQGNWSGPYCFDY,background_IGH_cdr3.csv
TRERSGSYFLWGY,background_IGH_cdr3.csv
ERCR,background_IGH_cdr3.csv
ANHTAVTQPDY,background_IGH_cdr3.csv
ARLSGVGCSSTSCYTRYYYYYGMDV,background_IGH_cdr3.csv
ATMRCGSPVGY,background_IGH_cdr3.csv
TTDVYYDSSGYYITITPEDY,background_IGH_cdr3.csv
ARSGVRAASYSYGMDV,background_IGH_cdr3.csv
AREKYSGWSRGGPFDY,background_IGH_cdr3.csv
ARDAVGYSGYDGMDV,background_IGH_cdr3.csv
ERDYPSVLLWFGELRRRYGR,background_IGH_cdr3.csv
AREVAAGDY,background_IGH_cdr3.csv
ASDG,background_IGH_cdr3.csv
HDYSRGYGMD,background_IGH_cdr3.csv
AKGAGWSGSYDY,background_IGH_cdr3.csv
ARGAPTPSTAVVPAALYFDY,background_IGH_cdr3.csv
ARHKGAFI,background_IGH_cdr3.csv
AKGSLASCSRVTCYPFDL,background_IGH_cdr3.csv
V,background_IGH_cdr3.csv
SSLSPDYGDNILYFDC,background_IGH_cdr3.csv
AKDTSGYYGMDV,background_IGH_cdr3.csv
LTT,background_IGH_cdr3.csv
ARAAEQVASGWFDS,background_IGH_cdr3.csv
ARHRGSYHHYYYGMDV,background_IGH_cdr3.csv
AKENTHPPDDYFDY,background_IGH_cdr3.csv
ARGRDGYGAFDY,background_IGH_cdr3.csv
AKKAGGMDV,background_IGH_cdr3.csv
ERSPKSVFRL,background_IGH_cdr3.csv
ARGKGDADIWSMDV,background_IGH_cdr3.csv
AGKQLGGFYFYGMDV,background_IGH_cdr3.csv
ARGGMVRGVYHQHDGFDI,background_IGH_cdr3.csv
ARDRLGSSWYWFD,background_IGH_cdr3.csv
ARDRSGYYFTYDFDF,background_IGH_cdr3.csv
ARLYHDSSGKDDAFDI,background_IGH_cdr3.csv
ARRSMVRRYGMDV,background_IGH_cdr3.csv
ARCKMGYSSSSADY,background_IGH_cdr3.csv
ARVGIANYD,background_IGH_cdr3.csv
DY,background_IGH_cdr3.csv
AREGGYGSSTSCLSTYYYYGMDV,background_IGH_cdr3.csv
EWGVVRP,background_IGH_cdr3.csv
ARGPRQQLVSPHFDY,background_IGH_cdr3.csv
ARDRAPYNYYDTSY,background_IGH_cdr3.csv
ATGGYDFWSGYRHSLHYGMDV,background_IGH_cdr3.csv
AGPW,background_IGH_cdr3.csv
ARDRGACFRSSTSCYIY,background_IGH_cdr3.csv
ARDSASAFDI,background_IGH_cdr3.csv
ARDPDGSTSCQFDY,background_IGH_cdr3.csv
ARGRELYYYGMDV,background_IGH_cdr3.csv
ARDRSSSWWSYFDY,background_IGH_cdr3.csv
KAVAG,background_IGH_cdr3.csv
ARCGVDTSGRYHGNFDY,background_IGH_cdr3.csv
AVYYCARDLEWLYYYYGMDV,background_IGH_cdr3.csv
TRGRPFLSYQLFSPPQYYSMDL,background_IGH_cdr3.csv
DV,background_IGH_cdr3.csv
ARRDQVGYYYYGMDV,background_IGH_cdr3.csv
STAAAVCAKGSYDLDFD,background_IGH_cdr3.csv
INLYVNSLKTEDTGVYYCTTNVLPRV,background_IGH_cdr3.csv
ATDPTYYFRSGYWYFDY,background_IGH_cdr3.csv
ARVGVTFGGENWYFDL,background_IGH_cdr3.csv
ARVTKIVVTSPDAFDI,background_IGH_cdr3.csv
ARAARGREGGVVLRFLEWSANHYYYYGMDV,background_IGH_cdr3.csv
ARDLFCGNGVCYGWFDP,background_IGH_cdr3.csv
ARVSSGYILH,background_IGH_cdr3.csv
ARDAYYYDSSGYLGPPITDAFDI,background_IGH_cdr3.csv
AKDTPFGVFVGEVLGTHSYFAMDV,background_IGH_cdr3.csv
AITKY,background_IGH_cdr3.csv
AREYLSGMDY,background_IGH_cdr3.csv
ETRRQLVPL,background_IGH_cdr3.csv
ARGCSSTSCRCF,background_IGH_cdr3.csv
VGDDLALRGLSDR,background_IGH_cdr3.csv
APYGDYERYFDL,background_IGH_cdr3.csv
AREGAAGYDY,background_IGH_cdr3.csv
ARREGANYYGMDV,background_IGH_cdr3.csv
AREESISCGLD,background_IGH_cdr3.csv
ARDVGVKDGMDV,background_IGH_cdr3.csv
ARAFRGGNYADFDF,background_IGH_cdr3.csv
NYVIR,background_IGH_cdr3.csv
ARPARKPDY,background_IGH_cdr3.csv
TRHGDSLDRTWIQLWDWFDP,background_IGH_cdr3.csv
AERRGYYYYYGMDV,background_IGH_cdr3.csv
TVYYCALGSSLNID,background_IGH_cdr3.csv
ARGECSSAYYWFDY,background_IGH_cdr3.csv
ARDRVDFWSGYYRGDDAFDI,background_IGH_cdr3.csv
ARDWAHGSSSNYGMDV,background_IGH_cdr3.csv
AAAPSGLDAFDI,background_IGH_cdr3.csv
AKGLERPVAIDAFDI,background_IGH_cdr3.csv
ARAGGDYSGNSGFDY,background_IGH_cdr3.csv
ARAGCCSGSSCYSDY,background_IGH_cdr3.csv
ARGYDD,background_IGH_cdr3.csv
TDREILVLRS,background_IGH_cdr3.csv
ARGDGPPTDY,background_IGH_cdr3.csv
ARLPKYYFDESAFDI,background_IGH_cdr3.csv
AGIVGVDY,background_IGH_cdr3.csv
ATGLNQLVHG,background_IGH_cdr3.csv
ARVQLERRGQAYGMDV,background_IGH_cdr3.csv
DV,background_IGH_cdr3.csv
ARERRFVVVVAASSGVDY,background_IGH_cdr3.csv
ARDRQQLGWFDP,background_IGH_cdr3.csv
ARDYGAYGSAMDD,background_IGH_cdr3.csv
ERRPSYGL,background_IGH_cdr3.csv
AKDARDGYNFGY,background_IGH_cdr3.csv
ARGTTTPTDIVVVSGASYYFGY,background_IGH_cdr3.csv
ARDKEGAVGGY,background_IGH_cdr3.csv
RSYDWFRQFSKLVRP,background_IGH_cdr3.csv
ECRVLL,background_IGH_cdr3.csv
ARAVHTCYYGMDV,background_IGH_cdr3.csv
AGGGSGPIYYYGMDV,background_IGH_cdr3.csv
ERVASTRLRYFDWLSNILRALLLLRYGR,background_IGH_cdr3.csv
ARGIQGGGNWYSYYYGDY,background_IGH_cdr3.csv
ATAYYGSSYNVPFDP,background_IGH_cdr3.csv
ATGSWIPSLLEPYYFDY,background_IGH_cdr3.csv
EWLLLLRYGR,background_IGH_cdr3.csv
AREPDSGYGMDV,background_IGH_cdr3.csv
ASRPPTSIASPFHFPLDY,background_IGH_cdr3.csv
GRWGQVLLLLLRYGR,background_IGH_cdr3.csv
ARGGPYYDSLSGYGWLDY,background_IGH_cdr3.csv
ARDRNAWSGGSYYGMDV,background_IGH_cdr3.csv
AGVAMPTLIDY,background_IGH_cdr3.csv
YYVYYYGMDV,background_IGH_cdr3.csv
ARGGYCTIDY,background_IGH_cdr3.csv
ARLDLIVGRDY,background_IGH_cdr3.csv
ENELLGVRELVRP,background_IGH_cdr3.csv
ASLLTYNWNYGDQLFDY,background_IGH_cdr3.csv
ERGIEWLPSSPKLVRP,background_IGH_cdr3.csv
ARDNWSYGDAFDI,background_IGH_cdr3.csv
AHRPGESYYYDNYYDSSGDEFDY,background_IGH_cdr3.csv
ARGEGGSPSYFDL,background_IGH_cdr3.csv
ASDLVAAAGTGYYYYYGMDV,background_IGH_cdr3.csv
AKDPASSIAAPDWFDS,background_IGH_cdr3.csv
Y,background_IGH_cdr3.csv
ARDKTIVPAGATLPGYYYYYGMDV,background_IGH_cdr3.csv
ERSPKSVFRL,background_IGH_cdr3.csv
ARGSVVHTNPLDY,background_IGH_cdr3.csv
AKDLSIVVVSDAFDI,background_IGH_cdr3.csv
RPSTFGTS,background_IGH_cdr3.csv
ARDPGLSAFDN,background_IGH_cdr3.csv
ARVGSRNYGYGNSIAAAGIRDY,background_IGH_cdr3.csv
TYYDSSGYYGSKEAWYFDL,background_IGH_cdr3.csv
ARGEFD,background_IGH_cdr3.csv
RKVLEWLLTT,background_IGH_cdr3.csv
TRIRITMVRGVLQLVRP,background_IGH_cdr3.csv
AREGGRSGAGASDI,background_IGH_cdr3.csv
ARGGRIVGALNANYGMDV,background_IGH_cdr3.csv
ARVLWGDFDY,background_IGH_cdr3.csv
ARMDLVYCYEGVIDI,background_IGH_cdr3.csv
SGTGYCSGGSCWKEEGAFEI,background_IGH_cdr3.csv
AREQRGGYYYYGMDV,background_IGH_cdr3.csv
ARIGLGMGTRRWYVGFDS,background_IGH_cdr3.csv
SGYDI,background_IGH_cdr3.csv
ARHPRQLGPGDAFDI,background_IGH_cdr3.csv
ARRVELYYGMDV,background_IGH_cdr3.csv
AVYYSSWYGL,background_IGH_cdr3.csv
ARARGGNVPFDS,background_IGH_cdr3.csv
GTSDSKNLADTAVYYCARGEGLSPWYGPGYFDY,background_IGH_cdr3.csv
AKETHTSGYYYQGGSDY,background_IGH_cdr3.csv
ARDY,background_IGH_cdr3.csv
PKDGCDFELLWFGVATFDY,background_IGH_cdr3.csv
ARGYYYGSGEDPDP,background_IGH_cdr3.csv
VRDGGNYWYFL,background_IGH_cdr3.csv
AARPATD,background_IGH_cdr3.csv
ARVFLDGGGRVCYFDY,background_IGH_cdr3.csv
ARARQLWFDP,background_IGH_cdr3.csv
ARTYYYDSSGYYYFIHDYYYGMDV,background_IGH_cdr3.csv
AVRSGP,background_IGH_cdr3.csv
AREGWRTRAAAGPEEPFQH,background_IGH_cdr3.csv
ARDWNGYCDYPY,background_IGH_cdr3.csv
ARQGLIYRKSSGPTTGCDY,background_IGH_cdr3.csv
ARETGFAVVGSIDY,background_IGH_cdr3.csv
ARDHQTVVGAARYGMD,background_IGH_cdr3.csv
ARDEGWSHSSSSFNYYGMDV,background_IGH_cdr3.csv
AGGSGCYDY,background_IGH_cdr3.csv
DTAVYYCARLTRTIYGMDV,background_IGH_cdr3.csv
ARVQDRFYGD,background_IGH_cdr3.csv
AKGLPSRYFDS,background_IGH_cdr3.csv
ATPRVSNGWYEDY,background_IGH_cdr3.csv
ARGGYLYAFDI,background_IGH_cdr3.csv
ARLRAGNAFDI,background_IGH_cdr3.csv
ARDRRYNWNDDIYYYYYGMDV,background_IGH_cdr3.csv
ARGREYRTSYSKSATSPFDC,background_IGH_cdr3.csv
AGGTGDV,background_IGH_cdr3.csv
AKQWLGRWGDYFDY,background_IGH_cdr3.csv
ARTDGGWFDY,background_IGH_cdr3.csv
AKGLPSRYFDS,background_IGH_cdr3.csv
ARDPMVRGEESDY,background_IGH_cdr3.csv
ATSGTPFEY,background_IGH_cdr3.csv
VRSLLDPSGWYSD,background_IGH_cdr3.csv
ERNGMVRGA,background_IGH_cdr3.csv
ERMVRL,background_IGH_cdr3.csv
AKDQRGIVVVPMLDGG,background_IGH_cdr3.csv
Y,background_IGH_cdr3.csv
ARVSKNSLNETAVYCARMYYYGSGRGWDL,background_IGH_cdr3.csv
AREARIVQSIAARPLYYYGMDV,background_IGH_cdr3.csv
ARGVLYGMDV,background_IGH_cdr3.csv
ARGSRGGMDI,background_IGH_cdr3.csv
ARDSGDLGDAFDI,background_IGH_cdr3.csv
ARWGYSSSWYSYYGMDY,background_IGH_cdr3.csv
ARTYVGVIPAFYYYYGMDV,background_IGH_cdr3.csv
AGRPRDYSTTDAFDI,background_IGH_cdr3.csv
EQGASIPAATLLLLLLRYGR,background_IGH_cdr3.csv
ARDLGGGSGWYFDL,background_IGH_cdr3.csv
ARDSSRGSDYGGNSVGWFDP,background_IGH_cdr3.csv
ARVFDY,background_IGH_cdr3.csv
ARAVVTLHNDFWSGYDSNYDY,background_IGH_cdr3.csv
DTAYYCADLYFGDFDY,background_IGH_cdr3.csv
ARPTIGGWYD,background_IGH_cdr3.csv
ASPGVTTLIASPNAFDI,background_IGH_cdr3.csv
VTAADTAVYYCACGYGFHY,background_IGH_cdr3.csv
ERSPKSVFRL,background_IGH_cdr3.csv
ARAAAWELPLVLWFD,background_IGH_cdr3.csv
ARDGFLEPLYGMDV,background_IGH_cdr3.csv
AKSDTYGYYGYGMDV,background_IGH_cdr3.csv
ARGYYYGSGRFDP,background_IGH_cdr3.csv
ARLKTPWAFDI,background_IGH_cdr3.csv
EGDCQVLLRYGR,background_IGH_cdr3.csv
ARGNYWFDP,background_IGH_cdr3.csv
ARQVFHGSGNYQDY,background_IGH_cdr3.csv
ARGSLPGEYYYYYGIDV,background_IGH_cdr3.csv
ARRDYDSSGTDAFDI,background_IGH_cdr3.csv
ARARYSCSGFDH,background_IGH_cdr3.csv
AYGF,background_IGH_cdr3.csv
ARIVVVAAHYYYYGMDV,background_IGH_cdr3.csv
ARDALLIAAAGNRPPPHYFDY,background_IGH_cdr3.csv
ANDYYDSSGYPHLDFDD,background_IGH_cdr3.csv
AREDRLDYDFWSGLSLWYYGMDD,background_IGH_cdr3.csv
ASPSPGSSAPWYYGMDV,background_IGH_cdr3.csv
MD,background_IGH_cdr3.csv
AGSDGVDW,background_IGH_cdr3.csv
LDY,background_IGH_cdr3.csv
AKDPPAPIEGIVVVEDY,background_IGH_cdr3.csv
AGRELYYYGMDV,background_IGH_cdr3.csv
ARRGYGYDY,background_IGH_cdr3.csv
ARDAPAGGHYGLDY,background_IGH_cdr3.csv
ADGIDY,background_IGH_cdr3.csv
AGSRVYFDY,background_IGH_cdr3.csv
ARDPGVVAVAATLDGFDY,background_IGH_cdr3.csv
TAVYYCAYTD,background_IGH_cdr3.csv
ARGGRVSPPKQQLVH,background_IGH_cdr3.csv
ARTTSQLVVVHAFDI,background_IGH_cdr3.csv
ARELGDSSGWYGASAGAFDI,background_IGH_cdr3.csv
H,background_IGH_cdr3.csv
LKSVTAADTAVYCAPTAATSD,background_IGH_cdr3.csv
RGD,background_IGH_cdr3.csv
TDTSTSTAYMERSLRSDDTAVYARYSGYLAYFQH,background_IGH_cdr3.csv
ESPRSI,background_IGH_cdr3.csv
ARDPYSGSYSLFDY,background_IGH_cdr3.csv
ARPPGGGLLSVDY,background_IGH_cdr3.csv
ARDEGSVVVPAAQPWRGWFDP,background_IGH_cdr3.csv
EWSSGWYQGPGGL,background_IGH_cdr3.csv
AREKGITLGDLSYYFDY,background_IGH_cdr3.csv
TTAGRTVTRAFDI,background_IGH_cdr3.csv
AKDLAPGGLYPYYYGMDV,background_IGH_cdr3.csv
DD,background_IGH_cdr3.csv
EYLRFLEWLPGLLL,background_IGH_cdr3.csv
ARGVEVVKGADI,background_IGH_cdr3.csv
ARGEGGSPSYFDS,background_IGH_cdr3.csv
AGVGDSLRRQPADY,background_IGH_cdr3.csv
ASVGSSGYGPYSLDY,background_IGH_cdr3.csv
ARPVY,background_IGH_cdr3.csv
ARDYGMDV,background_IGH_cdr3.csv
ARADTIFGVVTTYRYGMDV,background_IGH_cdr3.csv
AKDPVVDYGDNYYYYGMDV,background_IGH_cdr3.csv
ARRPERWD,background_IGH_cdr3.csv
ESPGLLLYGL,background_IGH_cdr3.csv
ARGLGYCTNGVCYRDAFDI,background_IGH_cdr3.csv
AKFPTRVFGY,background_IGH_cdr3.csv
AREGDPRTTSYYYYYSGMDV,background_IGH_cdr3.csv
VKLGYCSGGACFGHDY,background_IGH_cdr3.csv
AYYWNYGD,background_IGH_cdr3.csv
ARGLTMIVVVAFDI,background_IGH_cdr3.csv
ARDLGGSSGWYRGWSRFDP,background_IGH_cdr3.csv
ARDQYGYYYGMDV,background_IGH_cdr3.csv
ARDEDYGVGGGYLKFDY,background_IGH_cdr3.csv
ESYRYRSGDDLLLLRYGR,background_IGH_cdr3.csv
ARDGD,background_IGH_cdr3.csv
AREGELAFDF,background_IGH_cdr3.csv
ARQAIFDDGMDV,background_IGH_cdr3.csv
RKVVRTT,background_IGH_cdr3.csv
ARVLPYDSSGWYDREDY,background_IGH_cdr3.csv
ERGGRSGSYYHGL,background_IGH_cdr3.csv
ARAVDYYDSSGYFGAFDI,background_IGH_cdr3.csv
DTVGYSRL,background_IGH_cdr3.csv
SRVHADYNYVGMDV,background_IGH_cdr3.csv
D,background_IGH_cdr3.csv
ARAKTKSGPTPDS,background_IGH_cdr3.csv
VKSHRFDL,background_IGH_cdr3.csv
ARESSAAAGPKPYYFDY,background_IGH_cdr3.csv
TTGGGSYYGRDY,background_IGH_cdr3.csv
ARDGNTAMAP,background_IGH_cdr3.csv
VTAADTTVYYCAREGGAAD,background_IGH_cdr3.csv
ARETIGWEPAANAFDI,background_IGH_cdr3.csv
ARRITMVRGVILEPRDV,background_IGH_cdr3.csv
ARAFRRVDTAMAWFGY,background_IGH_cdr3.csv
AREGVTTSGRYYYYYGMDV,background_IGH_cdr3.csv
ARVPTGVIAAIGTDY,background_IGH_cdr3.csv
ARGQQQLVLPRGFDAFDI,background_IGH_cdr3.csv
ERPTEFVLLLLRYGR,background_IGH_cdr3.csv
AKEVQGAVDY,background_IGH_cdr3.csv
HCSSCHR,background_IGH_cdr3.csv
ASHPSGYSESYFDY,background_IGH_cdr3.csv
ASGRYYDYVWGSYRSSGMDV,background_IGH_cdr3.csv
ARVGVVTVDYYGMDV,background_IGH_cdr3.csv
ARAERRGYIYGIPRPLFDY,background_IGH_cdr3.csv
ARGGDECGRSCYGIDY,background_IGH_cdr3.csv
ARPGWGYCSSYTCYAFDY,background_IGH_cdr3.csv
AARGYCSSTSCYSGYFDL,background_IGH_cdr3.csv
AREGYCSSTSCDYYYYGLDV,background_IGH_cdr3.csv
ARLGVATIVFDY,background_IGH_cdr3.csv
ARSVYGSGYLGWYYLDF,background_IGH_cdr3.csv
ARGKFRYSSSSSYYYGMDV,background_IGH_cdr3.csv
ARDSSGYSAFDI,background_IGH_cdr3.csv
ARAVAGTLSYGY,background_IGH_cdr3.csv
AKGKGSSWRDPFDL,background_IGH_cdr3.csv
ARYGD,background_IGH_cdr3.csv
FDY,background_IGH_cdr3.csv
ARAYHGSGSNVNAFDI,background_IGH_cdr3.csv
ARDQVCGGDCYSFPEGAGIYYYYGMDV,background_IGH_cdr3.csv
ARIQFPYYYDSSGSSWFDP,background_IGH_cdr3.csv
EGLL,background_IGH_cdr3.csv
ATSGNPFQH,background_IGH_cdr3.csv
ADGDSSGYDY,background_IGH_cdr3.csv
AARGAFDI,background_IGH_cdr3.csv
ARGQRDYTTAASRENDAFDI,background_IGH_cdr3.csv
V,background_IGH_cdr3.csv
REGVRGSTT,background_IGH_cdr3.csv
AKGTSAVAGTSYRYYYYGMDV,background_IGH_cdr3.csv
ARLGGYDTEEIGLKRPSRDAFDI,background_IGH_cdr3.csv
ARRSAGSDSYYWGCYYFDY,background_IGH_cdr3.csv
ARQRGDYDIEYWYFDL,background_IGH_cdr3.csv
ARDQVKTGLDDNYYHHGMDV,background_IGH_cdr3.csv
HYYCYGLDV,background_IGH_cdr3.csv
ARGPMTTIVVVPAARYAPYYYYGMDV,background_IGH_cdr3.csv
VTGYYGMDV,background_IGH_cdr3.csv
ARSAPCSTTSCYQDGMDA,background_IGH_cdr3.csv
AGFGAYFDN,background_IGH_cdr3.csv
ARGRVDYYGMDV,background_IGH_cdr3.csv
ERARTLLLRYGR,background_IGH_cdr3.csv
AEVGDDFWSGYYYYYYGMDV,background_IGH_cdr3.csv
ARDRYYYVRSSCRYWFDY,background_IGH_cdr3.csv
VGAIYGMDV,background_IGH_cdr3.csv
ARWQGWLLRGYFDY,background_IGH_cdr3.csv
ARAGGGATFVGKDAFRF,background_IGH_cdr3.csv
ARSRAKQLTLSFFYEMDV,background_IGH_cdr3.csv
ARPSGVVARDQRHGMDV,background_IGH_cdr3.csv
AKVRNVDSGYDDG,background_IGH_cdr3.csv
ARTLRPLDSFDF,background_IGH_cdr3.csv
AEYVAFDI,background_IGH_cdr3.csv
ARGLYSTSLDWFDY,background_IGH_cdr3.csv
ARAFRSGYYFDY,background_IGH_cdr3.csv
ARHSGYFDY,background_IGH_cdr3.csv
ARTPSPGGGLLSVDY,background_IGH_cdr3.csv
ATGSAFDI,background_IGH_cdr3.csv
ETPEAVRFLEWLLKGGLLLRYGR,background_IGH_cdr3.csv
GRLPPKRSSTRD,background_IGH_cdr3.csv
AKGGGGVIADSMDV,background_IGH_cdr3.csv
ARRGTVSPVLMADY,background_IGH_cdr3.csv
ARLGGYYDSGTLGAFDI,background_IGH_cdr3.csv
ADTAVYVRGD,background_IGH_cdr3.csv
SGQHLQLAYSYYGGLDV,background_IGH_cdr3.csv
ARGDSSTCYYGLDY,background_IGH_cdr3.csv
ARIGHGSGSPDFDY,background_IGH_cdr3.csv
TYDFWSGYFDY,background_IGH_cdr3.csv
ARAGRGDDPYGMFDV,background_IGH_cdr3.csv
VVWGAFWGMDV,background_IGH_cdr3.csv
VRTDRNFVSGMDV,background_IGH_cdr3.csv
ARHTTGQQLVQQYYYYGMDV,background_IGH_cdr3.csv
ARDPHPVPAAHFPLYYYYYGMDV,background_IGH_cdr3.csv
ERCGLEWELRL,background_IGH_cdr3.csv
ARQGGQH,background_IGH_cdr3.csv
ARDSRPNYSSGWYYFDY,background_IGH_cdr3.csv
ARDFGDAFDI,background_IGH_cdr3.csv
ARAPVGAGWFDS,background_IGH_cdr3.csv
ARARFYCTNGVCYNNGEYYFDY,background_IGH_cdr3.csv
AIYSSGWSTEVHDADI,background_IGH_cdr3.csv
ASVPSVARGSGSVWDQTRIILKKSVDY,background_IGH_cdr3.csv
ARGGVQGLGWPDP,background_IGH_cdr3.csv
ARVPTDD,background_IGH_cdr3.csv
ARIYCGGDCYDYYYYGMDV,background_IGH_cdr3.csv
ARGRGYIRFLEWLPPYYYYYGMDV,background_IGH_cdr3.csv
TAYCARLATVGIVYYYGMD,background_IGH_cdr3.csv
ARHHKSWGNARITMFGVVTTYTDAFDI,background_IGH_cdr3.csv
AGDYPIRLDV,background_IGH_cdr3.csv
ARCSSTSCQMGLGYYYYGMDV,background_IGH_cdr3.csv
ETTVGAELVLRS,background_IGH_cdr3.csv
ARDPMGATWDYNYYGMDV,background_IGH_cdr3.csv
ARGGTVVVPAAIATPNWFDP,background_IGH_cdr3.csv
KSRVTMSVTSKQFSLKLSSVTAADTAVYYCARSLYPRY,background_IGH_cdr3.csv
ARGKTVFAVVAATTCAFDI,background_IGH_cdr3.csv
LKTDTNQLSDTAYYCARSYFDY,background_IGH_cdr3.csv
ARDPLWFGELPTQRGY,background_IGH_cdr3.csv
ARGGGWSTKSKKYYFDY,background_IGH_cdr3.csv
ARVGTSPHNWFDP,background_IGH_cdr3.csv
ARMVGGARGYYYGMDV,background_IGH_cdr3.csv
ARHYALDH,background_IGH_cdr3.csv
D,background_IGH_cdr3.csv
ATVCGDCYWLDY,background_IGH_cdr3.csv
DI,background_IGH_cdr3.csv
ERLGGLLLLLRFVRL,background_IGH_cdr3.csv
AQAWGEFRPGNWYFD,background_IGH_cdr3.csv
ARDKARVGWFDP,background_IGH_cdr3.csv
ARAYSGSTYYYGMDV,background_IGH_cdr3.csv
ARDRVAAAGDY,background_IGH_cdr3.csv
ARAYSGD,background_IGH_cdr3.csv
ESGSCSSLLLRYGR,background_IGH_cdr3.csv
ARDLNYYDSSYYGAGCLDY,background_IGH_cdr3.csv
ARGAVIGAFDI,background_IGH_cdr3.csv
ARISKLSGWYRFDP,background_IGH_cdr3.csv
ARHYSALDH,background_IGH_cdr3.csv
ARLSETTRRGALDY,background_IGH_cdr3.csv
AREMERYDFWSATEPEYGYGYGMDV,background_IGH_cdr3.csv
ARLPKYYDESAD,background_IGH_cdr3.csv
ARDAVTTTTFDGMDV,background_IGH_cdr3.csv
TS,background_IGH_cdr3.csv
ARDSDCSSTSCYGYYYYYYGMDV,background_IGH_cdr3.csv
ARDQRGD,background_IGH_cdr3.csv
ADFSGYSDY,background_IGH_cdr3.csv
AAPGGTNY,background_IGH_cdr3.csv
EAYCAGYA,background_IGH_cdr3.csv
ARFASTPFNWWYFDL,background_IGH_cdr3.csv
ARVMELAVTSCGIDY,background_IGH_cdr3.csv
ARHYSALDH,background_IGH_cdr3.csv
ERSDYVCGLVLRS,background_IGH_cdr3.csv
ARDWRLIAGGYFDH,background_IGH_cdr3.csv
ARDCYDCGGYDFDF,background_IGH_cdr3.csv
ARGIVGATIWGAFDI,background_IGH_cdr3.csv
ARGHDCRRLECFDY,background_IGH_cdr3.csv
ARGLSEYSSSSEVTQFDP,background_IGH_cdr3.csv
ADVAAWATWYFDL,background_IGH_cdr3.csv
ARGVASDYYYLGLDV,background_IGH_cdr3.csv
ARDAPLAVWSSYLTQPSHAEYYYGMDV,background_IGH_cdr3.csv
ARGLSSSWNPPYYFDY,background_IGH_cdr3.csv
ERFLLWSGFS,background_IGH_cdr3.csv
AKGNWGDY,background_IGH_cdr3.csv
ARED,background_IGH_cdr3.csv
ERYGRVRP,background_IGH_cdr3.csv
ARYD,background_IGH_cdr3.csv
ASKGHYYDSSGYYYFDY,background_IGH_cdr3.csv
AGWASDGFD,background_IGH_cdr3.csv
ARVDYDY,background_IGH_cdr3.csv
ARSVYDRGWFDP,background_IGH_cdr3.csv
ESRRLRFLEWLPICRPPRAPGR,background_IGH_cdr3.csv
ASSQWAHYYYYGMDV,background_IGH_cdr3.csv
ARGRYDSSGYYVDY,background_IGH_cdr3.csv
ARVGLYYDLWNARNSYLDS,background_IGH_cdr3.csv
ARVVTTLDLYFDY,background_IGH_cdr3.csv
ARVGSGSSSLLYYFDY,background_IGH_cdr3.csv
ARRSGYSAHDAFDI,background_IGH_cdr3.csv
ARDQLGSLGYDFD,background_IGH_cdr3.csv
VLDD,background_IGH_cdr3.csv
AEWTAAGTRIDWDP,background_IGH_cdr3.csv
EGASGDGRVRL,background_IGH_cdr3.csv
ARAFVSVTTSFDY,background_IGH_cdr3.csv
ARCGDP,background_IGH_cdr3.csv
ARRGYYYDSSGYTFDY,background_IGH_cdr3.csv
TAVCARPRGVGSYLEYFDS,background_IGH_cdr3.csv
SRLSKWGGLLWFGELVGGQYYFDY,background_IGH_cdr3.csv
ARGFSSW,background_IGH_cdr3.csv
ASAAPRERYYYGSGRGYYYGMDV,background_IGH_cdr3.csv
ARDSCSSTSCPGGYYGMDV,background_IGH_cdr3.csv
ARDAYKSTKDGVGLDDGFDV,background_IGH_cdr3.csv
AKEEMMKDSSGYVFGPDYYYGMDV,background_IGH_cdr3.csv
ARGHTSWSGYYSLYYYYGMDV,background_IGH_cdr3.csv
ANAVHSYGKGSSYYGMDV,background_IGH_cdr3.csv
AREDAYWGDFDY,background_IGH_cdr3.csv
ARVVRDSDRLADYNFSPDL,background_IGH_cdr3.csv
ARSRRGSYSAFDY,background_IGH_cdr3.csv
AREGCSSTSCYRGHWIWFGELRGYFDY,background_IGH_cdr3.csv
ATSGRPAPIYGEGMYDS,background_IGH_cdr3.csv
ETLG,background_IGH_cdr3.csv
ARQPPGGGGPPYFDY,background_IGH_cdr3.csv
ARDLPIFGVVIIYDYYYGMDV,background_IGH_cdr3.csv
ARHLNYFDY,background_IGH_cdr3.csv
AWPNSGDH,background_IGH_cdr3.csv
EIEV,background_IGH_cdr3.csv
ARDVTGSD,background_IGH_cdr3.csv
AGHSFPYGVDL,background_IGH_cdr3.csv
AREPRSEGPGPLLVTMIVPDI,background_IGH_cdr3.csv
ARTCITRDADY,background_IGH_cdr3.csv
ARVSGAVFGSGFDF,background_IGH_cdr3.csv
AREGCSGNYGFDD,background_IGH_cdr3.csv
ARAGGLWFDP,background_IGH_cdr3.csv
ARDWAHGSSSNYGMDV,background_IGH_cdr3.csv
ARDTVGATGYYYGMDV,background_IGH_cdr3.csv
ARGEGLDTAMADYYYYGMDV,background_IGH_cdr3.csv
ARGGSGSYYYGMDV,background_IGH_cdr3.csv
ADGIYYMWFD,background_IGH_cdr3.csv
ARSGRGYYYDSRHRTTPRGQKPHNWFDP,background_IGH_cdr3.csv
ARDSRRMTTVSPWFDP,background_IGH_cdr3.csv
ARESPSTSPYNWNPYDAFDI,background_IGH_cdr3.csv
ESYAGEGVNSTHTKLLLLRYGR,background_IGH_cdr3.csv
AKVRGADSSPDY,background_IGH_cdr3.csv
ARTRSGRGGFPRGD,background_IGH_cdr3.csv
ARGRASSRSSYYYYGMDV,background_IGH_cdr3.csv
AKDDWDYYDTSGPFDY,background_IGH_cdr3.csv
ARGPVLISSSSADDDY,background_IGH_cdr3.csv
ARGGAAGIYSSGWYDY,background_IGH_cdr3.csv
TGTGVGVRY,background_IGH_cdr3.csv
ARGGD,background_IGH_cdr3.csv
AYYID,background_IGH_cdr3.csv
EKWGCPSTRCAKKEGVLLLRYGR,background_IGH_cdr3.csv
FDY,background_IGH_cdr3.csv
ARELGD,background_IGH_cdr3.csv
ARETGTHHGSYYDY,background_IGH_cdr3.csv
VVGTPPPDI,background_IGH_cdr3.csv
AWF,background_IGH_cdr3.csv
REGVGVVVPAAILPRTAIFGVVITTTTTVWTS,background_IGH_cdr3.csv
I,background_IGH_cdr3.csv
ARESYYDVWSGYRNWFDP,background_IGH_cdr3.csv
ARRITIIGADGFD,background_IGH_cdr3.csv
ARVRRSWETRRQSYSDY,background_IGH_cdr3.csv
AKTGMIRATGLMDV,background_IGH_cdr3.csv
AKTAVDIVWDWFDP,background_IGH_cdr3.csv
EKWGCPSSRCAKKEGVLLLRYGR,background_IGH_cdr3.csv
TTGSDWVYWYFD,background_IGH_cdr3.csv
ARLRSRGEYSSNWFDP,background_IGH_cdr3.csv
ARDLQGAVATAVGRFDY,background_IGH_cdr3.csv
ATASQSEIFGVVRKSFDY,background_IGH_cdr3.csv
ATGLNQRVHG,background_IGH_cdr3.csv
RWFDP,background_IGH_cdr3.csv
ARIPTSIAAAGGGGYYYGMDV,background_IGH_cdr3.csv
ARDGSYYSFDY,background_IGH_cdr3.csv
RKTNWPNFGVVTVWTS,background_IGH_cdr3.csv
AKDIGSIGLLDC,background_IGH_cdr3.csv
ARLCDVAAVFYGIDV,background_IGH_cdr3.csv
ARVEQLPSYYYYGMDV,background_IGH_cdr3.csv
ARANRENLNAFDI,background_IGH_cdr3.csv
AKVDGSSYLTYYYYYGMD,background_IGH_cdr3.csv
ARGFFIAAASATALEYFQH,background_IGH_cdr3.csv
ARDAAGGTNYYYGMDV,background_IGH_cdr3.csv
VRGGTQGYCSGGSCRSGRAKYAVDM,background_IGH_cdr3.csv
ARGYGD,background_IGH_cdr3.csv
AQEGSGELRPIDWYFDL,background_IGH_cdr3.csv
ARHYSALDH,background_IGH_cdr3.csv
AGDPGPAAESSWFDP,background_IGH_cdr3.csv
ARGSYDTIFGVVMKGGDY,background_IGH_cdr3.csv
EFCPRL,background_IGH_cdr3.csv
ARDGSGRWLQAWFDY,background_IGH_cdr3.csv
EVRGTT,background_IGH_cdr3.csv
EELRLGEFSVFWFRL,background_IGH_cdr3.csv
AREPSGVVTPHFDY,background_IGH_cdr3.csv
AREYSSSRIDY,background_IGH_cdr3.csv
ARDSGKCFDH,background_IGH_cdr3.csv
ARGVASD,background_IGH_cdr3.csv
ARDNGYCSSTSCLYFDY,background_IGH_cdr3.csv
ARDLEAAADTTFDY,background_IGH_cdr3.csv
TTDLGLVQFGGSFDDH,background_IGH_cdr3.csv
ASTAAAGKRPFDY,background_IGH_cdr3.csv
ARPSKTGNVGHDAFDI,background_IGH_cdr3.csv
ARWGYD,background_IGH_cdr3.csv
ARDYGMDV,background_IGH_cdr3.csv
ASSGGF,background_IGH_cdr3.csv
ARAYYDILTGYYYFDY,background_IGH_cdr3.csv
ARHYSALDH,background_IGH_cdr3.csv
ARQVGD,background_IGH_cdr3.csv
EKWGCPSSRGAKKEGVLLLRYGR,background_IGH_cdr3.csv
ANLQAIT,background_IGH_cdr3.csv
AKRGAYYDSSGYLIGY,background_IGH_cdr3.csv
AKLISSSFVFDY,background_IGH_cdr3.csv
SRDLKYQAWGFDF,background_IGH_cdr3.csv
ATAEGKRIYDFWSQPYWFDP,background_IGH_cdr3.csv
EDVVELRAGRVPRL,background_IGH_cdr3.csv
YYGMD,background_IGH_cdr3.csv
ERLRFLEWLFRL,background_IGH_cdr3.csv
ADAADY,background_IGH_cdr3.csv
ARDYYGSSGYYSYAFDI,background_IGH_cdr3.csv
TLTPGYRFGPDY,background_IGH_cdr3.csv
ARDLRAVGFSEFPGVYFDY,background_IGH_cdr3.csv
ARVWDY,background_IGH_cdr3.csv
DV,background_IGH_cdr3.csv
ARGDRKVVPVVQDLRRLRTYWYFDL,background_IGH_cdr3.csv
ERWGGTTLRRVRL,background_IGH_cdr3.csv
ARFPMVRGVEDYYYGMDV,background_IGH_cdr3.csv
AGQLRDRYYGMDV,background_IGH_cdr3.csv
ECLGRSCLLRC,background_IGH_cdr3.csv
ASPSRSGWYSYYLDY,background_IGH_cdr3.csv
ATEPNYYDSSGGSAFDI,background_IGH_cdr3.csv
RYYYYGMDV,background_IGH_cdr3.csv
ARHVYSSGWYDRGEGLRVPLDY,background_IGH_cdr3.csv
ARGKGDADIWSMDV,background_IGH_cdr3.csv
ARDNEQQV,background_IGH_cdr3.csv
ARAWDSGSYYWYFDL,background_IGH_cdr3.csv
ANSGPQGGY,background_IGH_cdr3.csv
ARDDPNRSRRPY,background_IGH_cdr3.csv
AKDMDGCGESLLSGGFDY,background_IGH_cdr3.csv
ARPGSYYFDY,background_IGH_cdr3.csv
ARDYDASILWFGESPPRYGMDV,background_IGH_cdr3.csv
ARHVKKGLIAVAGSGWNY,background_IGH_cdr3.csv
ARGHDCSSWTYYYGMDV,background_IGH_cdr3.csv
ARDHGSGWYGTDY,background_IGH_cdr3.csv
AQVDG,background_IGH_cdr3.csv
ESGW,background_IGH_cdr3.csv
ARLPADYDYGMDV,background_IGH_cdr3.csv
ARLYGD,background_IGH_cdr3.csv
ARGLPYSSD,background_IGH_cdr3.csv
ESYNGGLL,background_IGH_cdr3.csv
ARVFGGSSPSPDY,background_IGH_cdr3.csv
ARDFRGFGPAAIPGGIGLDAFDI,background_IGH_cdr3.csv
ASEGSPGTGY,background_IGH_cdr3.csv
ARQAGGGYDPQTPLEAFDV,background_IGH_cdr3.csv
ETLLGTRP,background_IGH_cdr3.csv
RDGIAVLTVCAS,background_IGH_cdr3.csv
ARDSYRVAGASTFDY,background_IGH_cdr3.csv
APSVVTATAVYYAVSGD,background_IGH_cdr3.csv
ARGGSGFCDGFDI,background_IGH_cdr3.csv
ARHFVSRHEDFFDY,background_IGH_cdr3.csv
ARVLYDTSSTGDWLDP,background_IGH_cdr3.csv
AKSHGLAVTTDSSGYSYYFDY,background_IGH_cdr3.csv
ARDTGYSYGYACDY,background_IGH_cdr3.csv
ALRGDY,background_IGH_cdr3.csv
ARDEGGHGMDV,background_IGH_cdr3.csv
ARVFGSSGLYYYYGMDV,background_IGH_cdr3.csv
SGGSCCPSNLVRP,background_IGH_cdr3.csv
ARGPSGTYVNY,background_IGH_cdr3.csv
AGSVFD,background_IGH_cdr3.csv
LREDTAVYCIYSNY,background_IGH_cdr3.csv
ARAGWSDY,background_IGH_cdr3.csv
ARSPVATMITNWFDP,background_IGH_cdr3.csv
ADRGATPRVRNRGSSDY,background_IGH_cdr3.csv
ADGGSYYYGMDV,background_IGH_cdr3.csv
ARATVMDY,background_IGH_cdr3.csv
AKVNRDYVWGSQDY,background_IGH_cdr3.csv
ARRERLTGPEENWFDP,background_IGH_cdr3.csv
ARHRHYYDSSGYSSVWFDP,background_IGH_cdr3.csv
AKRVWELFYYGD,background_IGH_cdr3.csv
GRYYAWSGYDTPYFDY,background_IGH_cdr3.csv
ARDPRRKVVLLGYNSYYGMDV,background_IGH_cdr3.csv
ARDGSSSSRDAFDI,background_IGH_cdr3.csv
EQS,background_IGH_cdr3.csv
ARGLRGDFDY,background_IGH_cdr3.csv
ARRGTVSPVLMADY,background_IGH_cdr3.csv
EVGL,background_IGH_cdr3.csv
RGSGQQLGGPSLLLLLRYGR,background_IGH_cdr3.csv
ARHPRTSWSFDY,background_IGH_cdr3.csv
AKASYGPSSSCFDY,background_IGH_cdr3.csv
ARDRQWLRDY,background_IGH_cdr3.csv
ERALRLF,background_IGH_cdr3.csv
VKGYDTYGYASFDN,background_IGH_cdr3.csv
AD,background_IGH_cdr3.csv
ARDLGS,background_IGH_cdr3.csv
ARAGGYYGMDV,background_IGH_cdr3.csv
ERLPGLLLLRYGR,background_IGH_cdr3.csv
TGNWNRQLVRP,background_IGH_cdr3.csv
GGSGWYDAFDI,background_IGH_cdr3.csv
ERSTSWENRRREILLLLLRYGR,background_IGH_cdr3.csv
AREGGGIVVVTAGFDY,background_IGH_cdr3.csv
AIHTLGDFCSSTSCYTEGAPPDNWFDP,background_IGH_cdr3.csv
ARGVVPAAIVWVGGAFDI,background_IGH_cdr3.csv
ARDKTGECTSTSCYYYGMDV,background_IGH_cdr3.csv
ARGGSGKGGIASFDY,background_IGH_cdr3.csv
YGMDV,background_IGH_cdr3.csv
ETYRSGCENSIFGVGLDPVLLRYGR,background_IGH_cdr3.csv
ARRHGGPNCSSTSWEYGMDV,background_IGH_cdr3.csv
ERGLLGR,background_IGH_cdr3.csv
ARSYYDFWSGYPNFDY,background_IGH_cdr3.csv
ARARVLRFLEWPIGPFDY,background_IGH_cdr3.csv
AGYDGDSGGFDY,background_IGH_cdr3.csv
ARHPRGNWNHAGYFDY,background_IGH_cdr3.csv
ATSGRPAPIYGEGMYDS,background_IGH_cdr3.csv
ARSLVVAGRSPGV,background_IGH_cdr3.csv
ARIVVVTNPGFECYFDY,background_IGH_cdr3.csv
ARDGNRNKRIAAATTGMDV,background_IGH_cdr3.csv
ESSNCTPVRYGR,background_IGH_cdr3.csv
VHSRDEGY,background_IGH_cdr3.csv
AGGRAVAGIRWVDP,background_IGH_cdr3.csv
ASDPPLDTVALEYFDL,background_IGH_cdr3.csv
ARAWCGGDCYGGFRNWFDP,background_IGH_cdr3.csv
ARRTATSANGSGVFDP,background_IGH_cdr3.csv
ARDGEDYGMDI,background_IGH_cdr3.csv
KSSSSTSCYNQL,background_IGH_cdr3.csv
ARPRGRVDY,background_IGH_cdr3.csv
ALGGFGDYGMDV,background_IGH_cdr3.csv
ESLR,background_IGH_cdr3.csv
SRDNSKNTLYLQMNSLRAEDTAVYYCALY,background_IGH_cdr3.csv
ARTYDSSGYDY,background_IGH_cdr3.csv
IVGPTQTV,background_IGH_cdr3.csv
GPAPATCLLLLRRSGR,background_IGH_cdr3.csv
ASLYSSSSGY,background_IGH_cdr3.csv
ARTYYYDSSGYYYFIHDYYYGMDV,background_IGH_cdr3.csv
ADVPPD,background_IGH_cdr3.csv
ARLAVAGSLVEAFDI,background_IGH_cdr3.csv
ARRYSSGWSIRVVDAFDI,background_IGH_cdr3.csv
ERASYGSSASCYKELLLRYGR,background_IGH_cdr3.csv
ARDGMDV,background_IGH_cdr3.csv
AGV,background_IGH_cdr3.csv
FSLDSVSTAYLQISSLKAEDTAVYYCARSDYYYYGMDV,background_IGH_cdr3.csv
AAVYYCIGNAF,background_IGH_cdr3.csv
MDV,background_IGH_cdr3.csv
ARGVVLVPAAQRKREYYYYGMDV,background_IGH_cdr3.csv
ARTSARGGYFDGVDY,background_IGH_cdr3.csv
ATRVAGPDY,background_IGH_cdr3.csv
ARVASSSWYFDN,background_IGH_cdr3.csv
AKGDDSWYWGPLDY,background_IGH_cdr3.csv
AREYIAAAGTALYYYYGMDV,background_IGH_cdr3.csv
AKGLPSRYFDS,background_IGH_cdr3.csv
TRSPNLSLK,background_IGH_cdr3.csv
ARGDCSNGGGAFCLDY,background_IGH_cdr3.csv
ARYSRSGEACYYFDY,background_IGH_cdr3.csv
EGEVLPGRGQLVRP,background_IGH_cdr3.csv
EKSTRAAYWEWSGLKASDTAMYYGARHPRSGFTHSEWPSYWHFDL,background_IGH_cdr3.csv
TATTAYYCGRLPPKRSSTRD,background_IGH_cdr3.csv
ASEGEGGSCSAPGAFDI,background_IGH_cdr3.csv
ARAPGLYSGSYYYYYYGMDV,background_IGH_cdr3.csv
EGSSILFTRRVGLEKGTIVGVVAGGLLLRYGR,background_IGH_cdr3.csv
AKGDSVRVVIGGMDV,background_IGH_cdr3.csv
EGLLPLGWNYLLLRYGR,background_IGH_cdr3.csv
TRSCSTTGCPNRSAFDI,background_IGH_cdr3.csv
ARTRLNWGYSGYDRRNGMDV,background_IGH_cdr3.csv
ARDLGYRD,background_IGH_cdr3.csv
FDP,background_IGH_cdr3.csv
ARTRYSSGWRDAYDV,background_IGH_cdr3.csv
ARAPGAYNWFDP,background_IGH_cdr3.csv
CFRSGLLGGYYGMDV,background_IGH_cdr3.csv
AGGSDTAAVTSSGLDY,background_IGH_cdr3.csv
ARGYCSGGSCHYTILDAFDI,background_IGH_cdr3.csv
ARSLSSDGFDY,background_IGH_cdr3.csv
ARTDRGVTAIVTDY,background_IGH_cdr3.csv
GGRL,background_IGH_cdr3.csv
ASPGWGFDP,background_IGH_cdr3.csv
ASLAVAGNFGMVRRFDV,background_IGH_cdr3.csv
ASHPGVVGNI,background_IGH_cdr3.csv
ARVPPRAPPIVVVPAATQDRRYYYYGMDV,background_IGH_cdr3.csv
AVGGVLLCETLGGEIQLWRDY,background_IGH_cdr3.csv
GYDFWNDYKSSDAMDV,background_IGH_cdr3.csv
RAVVAAAFDI,background_IGH_cdr3.csv
VD,background_IGH_cdr3.csv
ARDSSSCYCFDL,background_IGH_cdr3.csv
ARDWAHGSSSNYGMDV,background_IGH_cdr3.csv
ARHAEQLALDY,background_IGH_cdr3.csv
ARVVTTRFAFDI,background_IGH_cdr3.csv
AELPSDY,background_IGH_cdr3.csv
ARACSCSGAFD,background_IGH_cdr3.csv
AREIVVVVAAGCYYYGMDV,background_IGH_cdr3.csv
ARVKSQGLRYYDSSGRTRPSYHLDY,background_IGH_cdr3.csv
AYCARGYYVWGSRLFDY,background_IGH_cdr3.csv
ALDTAGHA,background_IGH_cdr3.csv
ARTYYHD,background_IGH_cdr3.csv
ARGRSASYDSSGWADS,background_IGH_cdr3.csv
YAEYYYGMDV,background_IGH_cdr3.csv
VRRFGKPYNWFDP,background_IGH_cdr3.csv
ARSYLLLRYFDWLLALDVRTLCFDS,background_IGH_cdr3.csv
AGGSGGYKVWPFDY,background_IGH_cdr3.csv
ETLLGTRP,background_IGH_cdr3.csv
AAGNFDFWTWWY,background_IGH_cdr3.csv
ARSHAERGHSYGASFPDY,background_IGH_cdr3.csv
ARPLGTTMIVVVITNDFDY,background_IGH_cdr3.csv
ARRDA,background_IGH_cdr3.csv
ARVVYF,background_IGH_cdr3.csv
ADRPRQYYFDY,background_IGH_cdr3.csv
ARGFTVDV,background_IGH_cdr3.csv
ARDRIAAAGTFVCDY,background_IGH_cdr3.csv
ATDLEIHFDY,background_IGH_cdr3.csv
ARVRGAIVGLRPYYYGMDV,background_IGH_cdr3.csv
ASRCWGSYGIDY,background_IGH_cdr3.csv
ARDYYPGGSSLYCYFDY,background_IGH_cdr3.csv
ARDGDYYGSGSYQTTPDY,background_IGH_cdr3.csv
VQGGVGVAPAIRKFGS,background_IGH_cdr3.csv
AKWYYISGSYSH,background_IGH_cdr3.csv
AKDSSLSQGASLGTEDTAVYYCARDRSGLSQYQLLNYYYYGMDV,background_IGH_cdr3.csv
ARGGLERVDFDY,background_IGH_cdr3.csv
GTL,background_IGH_cdr3.csv
ARHYDSSGYYYFDY,background_IGH_cdr3.csv
VTADTAVYYCARLGLLWEYYY,background_IGH_cdr3.csv
ARVPALEYCSSSPAAAGTSSYWFDA,background_IGH_cdr3.csv
AKDIARGYRNYGMDV,background_IGH_cdr3.csv
RKPTTVPEQP,background_IGH_cdr3.csv
ARAVSSTSGGDYDCGIDY,background_IGH_cdr3.csv
ATGPQQWELSPPIVH,background_IGH_cdr3.csv
ASYYSTGSPAALTS,background_IGH_cdr3.csv
CCFD,background_IGH_cdr3.csv
ARGRCGCRSTRCQMITAFDI,background_IGH_cdr3.csv
ARVGYDFWSGYYYYYYGMDV,background_IGH_cdr3.csv
AREGPSGDYSNFNYYYGMDV,background_IGH_cdr3.csv
ARLVVVTVDAFDI,background_IGH_cdr3.csv
ARQMPPGLRGKSIAVAGTSLYAFDI,background_IGH_cdr3.csv
VKGTRDKLQNLRAEDTAVYCAM,background_IGH_cdr3.csv
ARREVAAGSGIYPPYFL,background_IGH_cdr3.csv
ARTGRDYYFDY,background_IGH_cdr3.csv
ARDIGVDYYYYGMDV,background_IGH_cdr3.csv
ARSYDSSGYE,background_IGH_cdr3.csv
ARGGASWWGYFD,background_IGH_cdr3.csv
TGSGWL,background_IGH_cdr3.csv
ARDYFDSSGGSHDVVVS,background_IGH_cdr3.csv
ARDGIGSNFCYCFDY,background_IGH_cdr3.csv
VTATYYKAAGRD,background_IGH_cdr3.csv
ETSSTSCYTALLLLRYGR,background_IGH_cdr3.csv
ARNYDILTGYWS,background_IGH_cdr3.csv
ARQAGATDAFDI,background_IGH_cdr3.csv
AKVPESHRSLGTAPGQWLNYYYGFDV,background_IGH_cdr3.csv
VYAVGTAREYSSSSGNHNFDY,background_IGH_cdr3.csv
ARVPAYHGYSYGGVDY,background_IGH_cdr3.csv
ASGGGFYDSSRFDY,background_IGH_cdr3.csv
EAVYYCARGGYYGD,background_IGH_cdr3.csv
AGRYYYSGRRDY,background_IGH_cdr3.csv
ARGRDGLLGWYGFDV,background_IGH_cdr3.csv
DQSIRGSL,background_IGH_cdr3.csv
ETAGTGGELLLRYGR,background_IGH_cdr3.csv
ARSRYDFWSDKPEHFHH,background_IGH_cdr3.csv
AKGGDSSSPFLRVVYGMDV,background_IGH_cdr3.csv
YLDV,background_IGH_cdr3.csv
RELGVDRAVWTS,background_IGH_cdr3.csv
ARSGYDLYGMDV,background_IGH_cdr3.csv
ARDDSGYADY,background_IGH_cdr3.csv
TPPPTLLSS,background_IGH_cdr3.csv
ARVVEGNGGNSGALPQKGKRKNWFDP,background_IGH_cdr3.csv
ARLSENSSSDYLYFDY,background_IGH_cdr3.csv
AKGDGTWIQLWLAIDY,background_IGH_cdr3.csv
ATRDGYNLQPYYYYGMDV,background_IGH_cdr3.csv
ARVLTNDYSNYEDNWVDP,background_IGH_cdr3.csv
ARYGSAYFDY,background_IGH_cdr3.csv
AHTDPLQNDYGDYGDAFDI,background_IGH_cdr3.csv
AL,background_IGH_cdr3.csv
AHRQTWDYDFWSGYCGPKCWFDI,background_IGH_cdr3.csv
AKDLCSGGSCPLDY,background_IGH_cdr3.csv
ARSSREAPNWFDP,background_IGH_cdr3.csv
ARHIQQLSWVDY,background_IGH_cdr3.csv
ARHDIKFSFSEFSPPQTHDS,background_IGH_cdr3.csv
AREGDLWYGDV,background_IGH_cdr3.csv
D,background_IGH_cdr3.csv
AREYSSSLDY,background_IGH_cdr3.csv
ARRGSRYKFDY,background_IGH_cdr3.csv
MDV,background_IGH_cdr3.csv
YGD,background_IGH_cdr3.csv
ARQQYDWYFDL,background_IGH_cdr3.csv
ARDGSTDVDVYSNYGGGYYYYYGMDV,background_IGH_cdr3.csv
ARHNPYGGPSLGYFDL,background_IGH_cdr3.csv
ARDPPPEYCSSTSCYVLGAFDI,background_IGH_cdr3.csv
ARDRGFDY,background_IGH_cdr3.csv
Y,background_IGH_cdr3.csv
VGSGANYYYYGMDV,background_IGH_cdr3.csv
ARAPTYGSGYGFDY,background_IGH_cdr3.csv
ARGGVRGVYFDY,background_IGH_cdr3.csv
Y,background_IGH_cdr3.csv
ADSGYRNR,background_IGH_cdr3.csv
AREVRILETTMLYDV,background_IGH_cdr3.csv
ARRDYYYGMDV,background_IGH_cdr3.csv
FD,background_IGH_cdr3.csv
AGAPGAFDI,background_IGH_cdr3.csv
ARGRELYYYGMDV,background_IGH_cdr3.csv
ARITIGWGAEFDY,background_IGH_cdr3.csv
ARDPVCSSTSCFLFDY,background_IGH_cdr3.csv
AKRSAFDI,background_IGH_cdr3.csv
ARWGYFDY,background_IGH_cdr3.csv
ARDGVATASGFDY,background_IGH_cdr3.csv
DP,background_IGH_cdr3.csv
ARQAVAGTYWFDP,background_IGH_cdr3.csv
ARDRGCGGDCIFATFDY,background_IGH_cdr3.csv
AKSRGTRPLLPPRVVPTAFDY,background_IGH_cdr3.csv
ARDIVNSGSGSYSLAY,background_IGH_cdr3.csv
ARPSGWGVVHFDY,background_IGH_cdr3.csv
ERQFEDC,background_IGH_cdr3.csv
AKVESDVVVVVVASTYALDM,background_IGH_cdr3.csv
ARGGFAERRETYYYYGMDV,background_IGH_cdr3.csv
ARVAKDCGGDCWVYFDY,background_IGH_cdr3.csv
ARDAPLAVWSSYLTQPSHAEYYYGMDV,background_IGH_cdr3.csv
ARRVVHGAFDI,background_IGH_cdr3.csv
ARLGLRAIFGVVTADYGVDH,background_IGH_cdr3.csv
ARDNWSYGDAFDI,background_IGH_cdr3.csv
ARIGVDDRGHGFDI,background_IGH_cdr3.csv
ARGYSSSWD,background_IGH_cdr3.csv
GDFDY,background_IGH_cdr3.csv
TYYCARTS,background_IGH_cdr3.csv
GRLPPKRSSTRD,background_IGH_cdr3.csv
ATKKTGGNFLTAPRSKNWFDP,background_IGH_cdr3.csv
ARVFCLRQVLVAISNWFD,background_IGH_cdr3.csv
ARDLRPDIVVVPAAPAEYFQH,background_IGH_cdr3.csv
ATTGSSIAASLDAFDI,background_IGH_cdr3.csv
AAVYALCDVTAVFGIDV,background_IGH_cdr3.csv
ARARRGIAAASFDY,background_IGH_cdr3.csv
ETGESYFDSVG,background_IGH_cdr3.csv
ARGSVLVID,background_IGH_cdr3.csv
AYGLWD,background_IGH_cdr3.csv
AREASGRNEITGPLVDY,background_IGH_cdr3.csv
AREGGGSCWDDIGLGDY,background_IGH_cdr3.csv
ELLLLRYGR,background_IGH_cdr3.csv
ASKGPDGSGTICPFY,background_IGH_cdr3.csv
ERGRWWLVRQLVRP,background_IGH_cdr3.csv
ARGRELYYYGMDV,background_IGH_cdr3.csv
ATGGYGSGSSPGYYYYYGMDV,background_IGH_cdr3.csv
ARGGDIVVVVAAHPPGADAFDI,background_IGH_cdr3.csv
ARDSFRSWTH,background_IGH_cdr3.csv
RELSHIVVVTAIHTPRTTGSTP,background_IGH_cdr3.csv
AKGQSDFGVLTSYGMDV,background_IGH_cdr3.csv
DP,background_IGH_cdr3.csv
SYHYYDGMDA,background_IGH_cdr3.csv
AKEVGGTVAVVDY,background_IGH_cdr3.csv
SDTVYAGTCGD,background_IGH_cdr3.csv
ELL,background_IGH_cdr3.csv
ARGRSSPIYYGMDV,background_IGH_cdr3.csv
AEGD,background_IGH_cdr3.csv
ARTSGSYSDYYYGMDF,background_IGH_cdr3.csv
ARDFAVVARPGTDFDY,background_IGH_cdr3.csv
ARGTDYY,background_IGH_cdr3.csv
ARGPPFGGKGDGGVGGPFDY,background_IGH_cdr3.csv
ARDYCGGSGGYYWFDH,background_IGH_cdr3.csv
ARVVVAIVRNWFDP,background_IGH_cdr3.csv
ARDGPGWGITQDAFDY,background_IGH_cdr3.csv
ARGRGVRAYYYYYGMDV,background_IGH_cdr3.csv
ERWPAQWLFLRL,background_IGH_cdr3.csv
ARDTPAVGVVGCWDY,background_IGH_cdr3.csv
ARGGDILTGYYGFDL,background_IGH_cdr3.csv
AKDQGDS,background_IGH_cdr3.csv
SGQHLQLAYSYYGGLDV,background_IGH_cdr3.csv
ARDYYDGSGYSKSFDF,background_IGH_cdr3.csv
AREANDFWSGYYEFYGPYGMDV,background_IGH_cdr3.csv
ATTFRQGHNY,background_IGH_cdr3.csv
AKCSGNYYGD,background_IGH_cdr3.csv
QRALQYSRSKLVRL,background_IGH_cdr3.csv
ARGGGVVGPGCYYYGIDY,background_IGH_cdr3.csv
ERPQWEPRL,background_IGH_cdr3.csv
ARHEKGTKSFQTPFYYGMDV,background_IGH_cdr3.csv
ARGTGYYGGSSYFDY,background_IGH_cdr3.csv
ARHRTGGSSGRYCMDY,background_IGH_cdr3.csv
ARRVTAVDSYYYGMDV,background_IGH_cdr3.csv
ARRGGYFEFLFDY,background_IGH_cdr3.csv
ARELGSWTYYYGMDV,background_IGH_cdr3.csv
ARESGRHP,background_IGH_cdr3.csv
ERR,background_IGH_cdr3.csv
ASPLPLWFGELLVYYYGMDV,background_IGH_cdr3.csv
ARVSPWSGSWFDP,background_IGH_cdr3.csv
ATGPQQWELSPPIVH,background_IGH_cdr3.csv
ARDTMVRAEDY,background_IGH_cdr3.csv
ARAGGTFGVVIIEEPGLFSN,background_IGH_cdr3.csv
ARDGRSGDQYFDY,background_IGH_cdr3.csv
DTAYYCARWVGFY,background_IGH_cdr3.csv
AKGLPSRYFDS,background_IGH_cdr3.csv
ARDRMEECSSNDCSSY,background_IGH_cdr3.csv
ARDRGTCGVDY,background_IGH_cdr3.csv
ARDRDDCSSSSCGYYYYGIDV,background_IGH_cdr3.csv
ERCEGGDYHDSGSCYLERYGR,background_IGH_cdr3.csv
ETRWTQLVRP,background_IGH_cdr3.csv
AEGGAD,background_IGH_cdr3.csv
ARGVRTSYYRYD,background_IGH_cdr3.csv
ARDGWSPYYYYYGMDV,background_IGH_cdr3.csv
AKRGAVAGWGYYYGMDV,background_IGH_cdr3.csv
LPPRLCITVRESGDDY,background_IGH_cdr3.csv
ARDLVHGSSSMEGFDY,background_IGH_cdr3.csv
KGWFD,background_IGH_cdr3.csv
ARSGYDSVDY,background_IGH_cdr3.csv
AKGLPSRYFDS,background_IGH_cdr3.csv
ARLGYCGGGSCGYYFDY,background_IGH_cdr3.csv
VRGEGYGPYYFDF,background_IGH_cdr3.csv
TTTIFGVVDY,background_IGH_cdr3.csv
AKGLPSRYFDS,background_IGH_cdr3.csv
DAFDI,background_IGH_cdr3.csv
ARDWPGRDYPGSGSGPNSYYGMDV,background_IGH_cdr3.csv
LNLAEDTAVYYCARYYM,background_IGH_cdr3.csv
LYGD,background_IGH_cdr3.csv
ARDYYDSSGYVGDWFDP,background_IGH_cdr3.csv
ARQAARPPYPFDY,background_IGH_cdr3.csv
ARVPPRAPPIVVVPAATQDRRYYYYGMDV,background_IGH_cdr3.csv
LKGGWGSIYDY,background_IGH_cdr3.csv
ARVYYYFGSGWNNFDY,background_IGH_cdr3.csv
ARHDLSFTVILDL,background_IGH_cdr3.csv
EGLLLRYGR,background_IGH_cdr3.csv
DIKGYCRPNSLLLLLLRYGR,background_IGH_cdr3.csv
ARTNEVVPAARRSLELADWDFDL,background_IGH_cdr3.csv
ESAG,background_IGH_cdr3.csv
ARGLGVSSGAFDI,background_IGH_cdr3.csv
ARDWCRQPQYYLDY,background_IGH_cdr3.csv
ARENRHCGSNPCFNDC,background_IGH_cdr3.csv
ARVGYSSGYD,background_IGH_cdr3.csv
ARAWGYSSSWYSDY,background_IGH_cdr3.csv
ARQGIADMGCGDCYFDYYGMDV,background_IGH_cdr3.csv
ARTRYSSGWRDAYDV,background_IGH_cdr3.csv
ARDPRYCSSTSCCYFDY,background_IGH_cdr3.csv
ARSPYGD,background_IGH_cdr3.csv
AAYYDSSGYY,background_IGH_cdr3.csv
ARPGYCSSTNCDAFDI,background_IGH_cdr3.csv
VTQTWSEY,background_IGH_cdr3.csv
DRSAAVGTQPPYCP,background_IGH_cdr3.csv
GKDEFYYGSGRLSVGY,background_IGH_cdr3.csv
REVRGGPISSSALTT,background_IGH_cdr3.csv
ARDLGDCSAHSWCYFDY,background_IGH_cdr3.csv
ARGSAVRGSDYYIF,background_IGH_cdr3.csv
V,background_IGH_cdr3.csv
AKDFGYNWNDGLDY,background_IGH_cdr3.csv
TTGLLLRYGR,background_IGH_cdr3.csv
ERYRGSWYGL,background_IGH_cdr3.csv
ARGGGMRTAWFDP,background_IGH_cdr3.csv
ERGSCRSGRLLLRYGR,background_IGH_cdr3.csv
DRSAAVGTQAPYCP,background_IGH_cdr3.csv
ELSAARDRPEGVRLARAMD,background_IGH_cdr3.csv
ARDGGEDIVPYYYYGMDV,background_IGH_cdr3.csv
ERGRGGGSCVS,background_IGH_cdr3.csv
EGGKTQLRYGR,background_IGH_cdr3.csv
ARDMGPRPAANPRTIDY,background_IGH_cdr3.csv
ARVGHWVFDI,background_IGH_cdr3.csv
ARDVTVLDCYGMDD,background_IGH_cdr3.csv
QKGRGH,background_IGH_cdr3.csv
ARLSTVVSPFSY,background_IGH_cdr3.csv
EREMATQRRHPILLLRYGR,background_IGH_cdr3.csv
ADRRLYGDGNSNFDYYSGMDV,background_IGH_cdr3.csv
ARVRRGGDWRGDFDY,background_IGH_cdr3.csv
ARDGEGVGFGELLVDAFDI,background_IGH_cdr3.csv
ARQMAVAETWFDP,background_IGH_cdr3.csv
ARGTDGGDNSYYYGMDV,background_IGH_cdr3.csv
ARRGPYGAFDI,background_IGH_cdr3.csv
ARHPGSGKYWGVDY,background_IGH_cdr3.csv
ARASSISGYSIDF,background_IGH_cdr3.csv
ARHDIKFSFSEFSPPQTHDS,background_IGH_cdr3.csv
ESRGLATDRRGRVLRS,background_IGH_cdr3.csv
KLYTGKFDY,background_IGH_cdr3.csv
AKDKVPAAFYYYYGMDV,background_IGH_cdr3.csv
ADAVYYCARRSGT,background_IGH_cdr3.csv
AREEGGMDV,background_IGH_cdr3.csv
ARGRGRQLLFKAFDI,background_IGH_cdr3.csv
TAYCARVRRETRRQFYSD,background_IGH_cdr3.csv
AKGRRDVYDRYFYGMDV,background_IGH_cdr3.csv
AGSGSLDY,background_IGH_cdr3.csv
DV,background_IGH_cdr3.csv
ARNDFWSGYSFDY,background_IGH_cdr3.csv
AGPTDYWSGDPSLNKPKYGMDV,background_IGH_cdr3.csv
ARGITMAVGMSCFDY,background_IGH_cdr3.csv
ARRAVAGQDWFDP,background_IGH_cdr3.csv
MTSVTATAYYARNDFWSKNWFDP,background_IGH_cdr3.csv
AREIVVVAAGCCCMDY,background_IGH_cdr3.csv
EIVAGSVSGL,background_IGH_cdr3.csv
ARWGNWY,background_IGH_cdr3.csv
ARDAGFPTSFYFDY,background_IGH_cdr3.csv
ARGKPFSTDYYGSGSYAEYFQH,background_IGH_cdr3.csv
ARIARQLVEY,background_IGH_cdr3.csv
ATSGTPFQH,background_IGH_cdr3.csv
ARQEVGDSSGDY,background_IGH_cdr3.csv
AQEVGDSSGLDY,background_IGH_cdr3.csv
AKDRLRSVAVIQ,background_IGH_cdr3.csv
ALYACVFDY,background_IGH_cdr3.csv
ERKRGSSSVLLRNGR,background_IGH_cdr3.csv
ARNDFDY,background_IGH_cdr3.csv
ERPSESLGQEQLQLVRR,background_IGH_cdr3.csv
ARAHIVVVID,background_IGH_cdr3.csv
AADTAYCAGYF,background_IGH_cdr3.csv
GTDTSELLTAVYCAIYWYL,background_IGH_cdr3.csv
ATGNYGDKGDHDY,background_IGH_cdr3.csv
ARMVAAGNYWFDL,background_IGH_cdr3.csv
GMDV,background_IGH_cdr3.csv
AKGGWRTATVMNYFDY,background_IGH_cdr3.csv
ATSGTPFQH,background_IGH_cdr3.csv
ARGPRRVPVAGTEYFDH,background_IGH_cdr3.csv
TREEI,background_IGH_cdr3.csv
ARSPPAYYDFWSGSTRYYYYGMDV,background_IGH_cdr3.csv
ANGADIAARAVMDV,background_IGH_cdr3.csv
AKSPQDLVVITTALDY,background_IGH_cdr3.csv
REGEGQWLACTGSTP,background_IGH_cdr3.csv
YPYDAFDI,background_IGH_cdr3.csv
SNFWSGYYRLLRYGR,background_IGH_cdr3.csv
ARGKDAFD,background_IGH_cdr3.csv
ARHYDSSGIGNDLVRGFDP,background_IGH_cdr3.csv
ARRRPSYYYGSGRGAFD,background_IGH_cdr3.csv
AGSGTNRGFDY,background_IGH_cdr3.csv
ARGSSWDPITISY,background_IGH_cdr3.csv
ARSGYDWYYGMDD,background_IGH_cdr3.csv
ARGWIAGY,background_IGH_cdr3.csv
ARDLGQWLADAGYWYFDL,background_IGH_cdr3.csv
AKDDGVDY,background_IGH_cdr3.csv
ARDGSSGYYGYYGMDV,background_IGH_cdr3.csv
AILSGIAVAVDAFDI,background_IGH_cdr3.csv
TATAVYYCAYG,background_IGH_cdr3.csv
PQLLRYGR,background_IGH_cdr3.csv
ARAPDSSGRLWDCYFDY,background_IGH_cdr3.csv
RELEASTLTT,background_IGH_cdr3.csv
RHRVCKYGMDV,background_IGH_cdr3.csv
ARDYGCSSGWYAFDY,background_IGH_cdr3.csv
ERSPKSVFRL,background_IGH_cdr3.csv
ARAPSHSVAPAKIMNAEDTAYYCARGPRFLEWGYYYGMDV,background_IGH_cdr3.csv
AKDIEWIEVPTG,background_IGH_cdr3.csv
ARDGSGSYSGNDY,background_IGH_cdr3.csv
ARGGFYSSSSNGF,background_IGH_cdr3.csv
TTDRYYYDSSGYSGY,background_IGH_cdr3.csv
LLYCGSAFDI,background_IGH_cdr3.csv
ASLDIVVVPAALDPPLNWFDP,background_IGH_cdr3.csv
ARSGWSKF,background_IGH_cdr3.csv
TTQLITMVRENDY,background_IGH_cdr3.csv
ARHKDVLTGHGAFDI,background_IGH_cdr3.csv
ARSWGGGYDPYFDY,background_IGH_cdr3.csv
ARGRELYYYGMDV,background_IGH_cdr3.csv
ARGPKRSTSCYYCFDY,background_IGH_cdr3.csv
AKDGGGCSSTSCYLADLPWGGWFDP,background_IGH_cdr3.csv
AKY,background_IGH_cdr3.csv
ARGSSSWGLTRYPYFDY,background_IGH_cdr3.csv
ARGQGSRIQH,background_IGH_cdr3.csv
LWL,background_IGH_cdr3.csv
AKTVRVGRALYGMDV,background_IGH_cdr3.csv
AKDRSRVTVALTYGMDV,background_IGH_cdr3.csv
ARRIYGV,background_IGH_cdr3.csv
ARTFSGSWGRYFDY,background_IGH_cdr3.csv
AKCLGRFEAY,background_IGH_cdr3.csv
ARCWMVRGGGGY,background_IGH_cdr3.csv
AKDTIQAVVVPAARRYYYYGMDV,background_IGH_cdr3.csv
ERWHCGRSICYEVSSGLLRFGR,background_IGH_cdr3.csv
ARVVGIAAAATLWLTKKTNYYYYGMDV,background_IGH_cdr3.csv
ARDPPDRLDGMDV,background_IGH_cdr3.csv
ARLGVRDSSGYS,background_IGH_cdr3.csv
AKSRGTRPLLPPRVVPTAFDY,background_IGH_cdr3.csv
ERFERCRLQRREEL,background_IGH_cdr3.csv
ESQNGQLA,background_IGH_cdr3.csv
EGVVPRYGR,background_IGH_cdr3.csv
ARDRKGYYGGGYYYGSDY,background_IGH_cdr3.csv
ARDDYYYGMDD,background_IGH_cdr3.csv
EMLTAATVWTT,background_IGH_cdr3.csv
ARRDPSNAFDF,background_IGH_cdr3.csv
AREKSDRAIKAVAGTIWWLDP,background_IGH_cdr3.csv
ARQDPAGCSSTSCYTGLMYYFDY,background_IGH_cdr3.csv
EWTGDRGL,background_IGH_cdr3.csv
ARFSGGLLYYAFDI,background_IGH_cdr3.csv
ARGNGDYDY,background_IGH_cdr3.csv
A,background_IGH_cdr3.csv
ARGNNAWYYFDS,background_IGH_cdr3.csv
ELLGSHCGSGNSS,background_IGH_cdr3.csv
ARHYSALDH,background_IGH_cdr3.csv
YGMDV,background_IGH_cdr3.csv
ESQLRSLLLLLLRYGR,background_IGH_cdr3.csv
ARRADYDGQ,background_IGH_cdr3.csv
ARRPTKGGD,background_IGH_cdr3.csv
VREDAARFDP,background_IGH_cdr3.csv
AKGGYGMAARFDP,background_IGH_cdr3.csv
ARGSWIQLWYNWFDP,background_IGH_cdr3.csv
ARRVGATNWFDP,background_IGH_cdr3.csv
YVIGYGMDV,background_IGH_cdr3.csv
AGERAYCSSASCRSSSRAFDI,background_IGH_cdr3.csv
ASPGTVVVPAARLSHYYYYGMDV,background_IGH_cdr3.csv
ARDSGTYYPGYYYYGVDV,background_IGH_cdr3.csv
DASGSYYPGL,background_IGH_cdr3.csv
ARDSDSFDY,background_IGH_cdr3.csv
AVQRDSLVVATTLFDY,background_IGH_cdr3.csv
ERGQLLLTVFLVVGRTRL,background_IGH_cdr3.csv
ARRSGLDYYGMDI,background_IGH_cdr3.csv
ARDRGDTAMGNYYYYYGMDV,background_IGH_cdr3.csv
ARGRVRGVVPRYLFDY,background_IGH_cdr3.csv
GRSGGGGELVRP,background_IGH_cdr3.csv
RSRYCSSTSCP,background_IGH_cdr3.csv
ESGAAGKPAGQ,background_IGH_cdr3.csv
TLDF,background_IGH_cdr3.csv
ARAKTKSGPTPDS,background_IGH_cdr3.csv
AKDTGLAVAGPEWFDY,background_IGH_cdr3.csv
ARPDFWSYKP,background_IGH_cdr3.csv
ARRGIDYGV,background_IGH_cdr3.csv
WYYYYGFDY,background_IGH_cdr3.csv
ARDPRSGSSSGYYYYGMDV,background_IGH_cdr3.csv
AKDWQQLVLGAFDY,background_IGH_cdr3.csv
ASLQSFLAVTYDWYFDL,background_IGH_cdr3.csv
ARIWFGDSRRYDAFDI,background_IGH_cdr3.csv
ARATGD,background_IGH_cdr3.csv
ARRSSGYSA,background_IGH_cdr3.csv
ARGSWAFDI,background_IGH_cdr3.csv
GSKWIPSRWRQLLLLRYVR,background_IGH_cdr3.csv
TAQPAYCGADCFLY,background_IGH_cdr3.csv
ARVRGQQRVLDY,background_IGH_cdr3.csv
ARVDIGYYGD,background_IGH_cdr3.csv
ARPAALDY,background_IGH_cdr3.csv
AKGGIFGVVIAFDY,background_IGH_cdr3.csv
ARGTNWGSVGRYFDL,background_IGH_cdr3.csv
ARWLRDQYFDY,background_IGH_cdr3.csv
ARGGIVVVPAAKRVRYYGMDV,background_IGH_cdr3.csv
ARVHGYYGMDV,background_IGH_cdr3.csv
AKGVATVGPGWFDY,background_IGH_cdr3.csv
APGYWYGKVRP,background_IGH_cdr3.csv
ARETASCYRTTTSYYGMDV,background_IGH_cdr3.csv
ARQRGGEMGYYYDSSGYSPFDY,background_IGH_cdr3.csv
ARQGDRWYDSPSQRWFDP,background_IGH_cdr3.csv
ARGGPGGNPYYYYGMDVWGQGTTVMNSLAEDTAVYYCARGGSGRDYYYYGMDV,background_IGH_cdr3.csv
ARGRGYCSGGNCYPGPLDY,background_IGH_cdr3.csv
ARGDGNGVVPI,background_IGH_cdr3.csv
ARDNDSSGWFWSNYYYGMDV,background_IGH_cdr3.csv
ARDFGVVTYYYYGMDV,background_IGH_cdr3.csv
YYCARTLAAAWFDP,background_IGH_cdr3.csv
ARGYGLDV,background_IGH_cdr3.csv
TTHTYYDFWSGYFFDY,background_IGH_cdr3.csv
AIVVC,background_IGH_cdr3.csv
ARELQTRIAASDY,background_IGH_cdr3.csv
ARHYSADH,background_IGH_cdr3.csv
ARDVENRRFLDASYSLDP,background_IGH_cdr3.csv
ARGRELYYYGMDV,background_IGH_cdr3.csv
ARESQVGALCWYFDI,background_IGH_cdr3.csv
ARLIMVRGYSYYYGMDV,background_IGH_cdr3.csv
ARWGRTCSSCSFDY,background_IGH_cdr3.csv
ARPCSLYYYGD,background_IGH_cdr3.csv
AKDPTYYYDSSGYSWAFDI,background_IGH_cdr3.csv
AREGRNNWNYDAFDI,background_IGH_cdr3.csv
EANGSGRNLVRP,background_IGH_cdr3.csv
ARHGYSSSYYYYGMDV,background_IGH_cdr3.csv
ARRGGATSGWCAHYYYYGMDV,background_IGH_cdr3.csv
ARHRSVGGFDY,background_IGH_cdr3.csv
AKDTSIAARPDGDDYYYGMDV,background_IGH_cdr3.csv
ARDSSYYYGD,background_IGH_cdr3.csv
AKDKDQYYDFWSGYYSAWFDP,background_IGH_cdr3.csv
ARHAAAGDHND,background_IGH_cdr3.csv
AERTGKVRF,background_IGH_cdr3.csv
ARGRVVVPAAIFGVDTAMVTSSPFDY,background_IGH_cdr3.csv
VRALKSVTSFGTEY,background_IGH_cdr3.csv
ARDPIAAAGGY,background_IGH_cdr3.csv
ARVLLGEYYDCWSGSSPIPFDY,background_IGH_cdr3.csv
RKRVMPVASSRATSLT,background_IGH_cdr3.csv
AQRGETSTAARPPWFDT,background_IGH_cdr3.csv
AQFWSGYFPDS,background_IGH_cdr3.csv
ARGRSASYDSSGWADS,background_IGH_cdr3.csv
ARVGYSYGYGMFY,background_IGH_cdr3.csv
AKGRRDVYDRYFYGMDV,background_IGH_cdr3.csv
ASLNYYGMDV,background_IGH_cdr3.csv
ESLLLLRYGR,background_IGH_cdr3.csv
ARNGVVVPAARYYYGMDV,background_IGH_cdr3.csv
YYGMDV,background_IGH_cdr3.csv
WQQGSLVP,background_IGH_cdr3.csv
AQQLVFSYGMDV,background_IGH_cdr3.csv
ARTRFGELPEY,background_IGH_cdr3.csv
ARDVPKWGGKQ,background_IGH_cdr3.csv
ARDSTGGQKFD,background_IGH_cdr3.csv
ARHEADHPDTSGSPQAFDF,background_IGH_cdr3.csv
ARDGGGYTSDYDAFDI,background_IGH_cdr3.csv
ARRYGD,background_IGH_cdr3.csv
ARVDIDY,background_IGH_cdr3.csv
ARQGRRSLLGDWYFDL,background_IGH_cdr3.csv
ARVAPAGSVRRRSKDWYCDL,background_IGH_cdr3.csv
ARTVVVVVTYD,background_IGH_cdr3.csv
ADRTGGDV,background_IGH_cdr3.csv
ERWATFGVVKLLLLLRYGR,background_IGH_cdr3.csv
ARRTSGSGSPIDY,background_IGH_cdr3.csv
ARALCSSSSFWSDYYYGMDV,background_IGH_cdr3.csv
TTDPMIVVVKNSQYGMDV,background_IGH_cdr3.csv
ARDDLSGGSCYVIDY,background_IGH_cdr3.csv
ARSSWFDY,background_IGH_cdr3.csv
ARAGSSSCFYYYYYGMDV,background_IGH_cdr3.csv
AKERRATVTNPQVDY,background_IGH_cdr3.csv
SRVTYSNGSYAEYFQY,background_IGH_cdr3.csv
DTAVYYCGGD,background_IGH_cdr3.csv
ATSGTPFQH,background_IGH_cdr3.csv
ARAWCGGDCYGGFRNWFDP,background_IGH_cdr3.csv
GMDV,background_IGH_cdr3.csv
SVTAAAVYYCAYSPAAGTSSYWFDP,background_IGH_cdr3.csv
ARYGGTMDY,background_IGH_cdr3.csv
ARSGVGASGSCFDY,background_IGH_cdr3.csv
ATSGTPFQH,background_IGH_cdr3.csv
ARDLHAIPGVGIDS,background_IGH_cdr3.csv
AKDYGGNRWYFL,background_IGH_cdr3.csv
ARDPSSHD,background_IGH_cdr3.csv
TFKVGAIDY,background_IGH_cdr3.csv
ARGGKRDDGYKSHFDY,background_IGH_cdr3.csv
ARRDA,background_IGH_cdr3.csv
ERFVGSSYYGGL,background_IGH_cdr3.csv
ASLAGGGPYYYGMDV,background_IGH_cdr3.csv
ARARFYCVD,background_IGH_cdr3.csv
TREAYDFWSGVYYYYYGMDV,background_IGH_cdr3.csv
ARHGRVYCSGTSCYARARLFDL,background_IGH_cdr3.csv
HSTSGGRLLLLRYGR,background_IGH_cdr3.csv
ARDLATIVVAGTRVDY,background_IGH_cdr3.csv
ARGSSLRQKTTQKNRAGSSWYKNWFDP,background_IGH_cdr3.csv
AKDMMQLWLDGEYYYGMDV,background_IGH_cdr3.csv
ARVGVY,background_IGH_cdr3.csv
AGD,background_IGH_cdr3.csv
ETRHGEPCTNGGL,background_IGH_cdr3.csv
ARDWMLNWFDL,background_IGH_cdr3.csv
ARATIWSGYYGMDV,background_IGH_cdr3.csv
ARREGMADFDI,background_IGH_cdr3.csv
ARNHRGYSGDYLTIDY,background_IGH_cdr3.csv
AKERLDSSKGYYFDY,background_IGH_cdr3.csv
AKDVTGYYDSSGYYADACDI,background_IGH_cdr3.csv
ARSGSVGFDY,background_IGH_cdr3.csv
ARGGSCYGVWCAFDI,background_IGH_cdr3.csv
ARDSTGGLFDY,background_IGH_cdr3.csv
ARDCSSTGCRVSTYFDY,background_IGH_cdr3.csv
ARDYSGHYTPPSYGADV,background_IGH_cdr3.csv
ASFDYYDSSGYSTLGAFDI,background_IGH_cdr3.csv
KNSYLQMNSLAEDTAVYYCARDGYSGD,background_IGH_cdr3.csv
ARAVVGTSDYFDY,background_IGH_cdr3.csv
ARDGFIYHTGMGV,background_IGH_cdr3.csv
ARRGDY,background_IGH_cdr3.csv
KRELRVHGL,background_IGH_cdr3.csv
ARDEDLYDKPFDY,background_IGH_cdr3.csv
ARGVVVAAYPSP,background_IGH_cdr3.csv
AAAADY,background_IGH_cdr3.csv
QFNYYGMDY,background_IGH_cdr3.csv
ARSTYTAYSPFDY,background_IGH_cdr3.csv
ARGHWYYGMDV,background_IGH_cdr3.csv
ARQPTIFGVATADY,background_IGH_cdr3.csv
ARDYDSSGWRDGFD,background_IGH_cdr3.csv
KRGVRYSGHRLVPRS,background_IGH_cdr3.csv
ARALGGEGYIYYFDS,background_IGH_cdr3.csv
AREFGEYQLLWAYNYYYYGMDV,background_IGH_cdr3.csv
ARGSKASYYDSSGYYYYFDY,background_IGH_cdr3.csv
TTGRGY,background_IGH_cdr3.csv
AREGDPRTTSYYYYYSGMDV,background_IGH_cdr3.csv
ARHYSALDH,background_IGH_cdr3.csv
AGGTPTPTDIVVAPDDSYYFDY,background_IGH_cdr3.csv
ARDAYGSSLDWFDP,background_IGH_cdr3.csv
AKSPQDLVVITTALDY,background_IGH_cdr3.csv
ARDPPVGNWYD,background_IGH_cdr3.csv
ASPSDWGYSGYDFGAVAGFDLALDY,background_IGH_cdr3.csv
ARDLGPIAARPPLDY,background_IGH_cdr3.csv
ARVDNVVVVAVNDAFDI,background_IGH_cdr3.csv
AKDLINTQNNGYGMGV,background_IGH_cdr3.csv
ARNPLYSNYVDY,background_IGH_cdr3.csv
VCLYGGFDP,background_IGH_cdr3.csv
RGYDFSGYYGNWFDP,background_IGH_cdr3.csv
ARDLHYFNYDSEYYFGS,background_IGH_cdr3.csv
AKDPSERSRPVDH,background_IGH_cdr3.csv
DV,background_IGH_cdr3.csv
IDSKNTYLMNSLRAEDTAVYYCARATGGGNGYFDY,background_IGH_cdr3.csv
AKGLDWLSNYFDY,background_IGH_cdr3.csv
ARGRSASYDSSGWADS,background_IGH_cdr3.csv
ARDVRGEGYYDSSSNSQGMDY,background_IGH_cdr3.csv
AKEKYYDSSGSLGY,background_IGH_cdr3.csv
ARNFQH,background_IGH_cdr3.csv
ATVLSPVGGGGWFDP,background_IGH_cdr3.csv
AKGQSDFGVLTSYGMDV,background_IGH_cdr3.csv
SWHGTSVDY,background_IGH_cdr3.csv
AKDRRAATPDYFDE,background_IGH_cdr3.csv
ARERDAFYI,background_IGH_cdr3.csv
ARHRGYYDFWSLGMDV,background_IGH_cdr3.csv
ARGAGCSSTSCYFDY,background_IGH_cdr3.csv
ARDRGDGCGIDF,background_IGH_cdr3.csv
ARRGFDLGYGMDV,background_IGH_cdr3.csv
ALAVAGTPFDC,background_IGH_cdr3.csv
ARHEKGTKSFQTPFYYGMDV,background_IGH_cdr3.csv
ARLAVAGPRY,background_IGH_cdr3.csv
PGYYYGMDV,background_IGH_cdr3.csv
ARDHGGSYIDLDY,background_IGH_cdr3.csv
ARGAVVPAATWWFDP,background_IGH_cdr3.csv
ADS,background_IGH_cdr3.csv
ARVKLSSSWSNYFDY,background_IGH_cdr3.csv
SVDTSKNLLSAADTAVYYCARGGGSWFD,background_IGH_cdr3.csv
ARGTTTMVSGDLFD,background_IGH_cdr3.csv
ARGLAIYYYGSGYYGHYGMDV,background_IGH_cdr3.csv
ARQFGEFVYYYGMDV,background_IGH_cdr3.csv
AREVLRIAVAAAAFDY,background_IGH_cdr3.csv
FDY,background_IGH_cdr3.csv
AHSDYYGMV,background_IGH_cdr3.csv
AGEGGY,background_IGH_cdr3.csv
ARQVGITVSSPGFDY,background_IGH_cdr3.csv
ARDRSRGGAARLDYYYYGMDV,background_IGH_cdr3.csv
ARQGPVVVAATWNWFDP,background_IGH_cdr3.csv
ARTLLSNTWYKRRFDP,background_IGH_cdr3.csv
ARGGVPAAIPIHLNYFDY,background_IGH_cdr3.csv
ASPTGQLVDSAFAY,background_IGH_cdr3.csv
ARSVVRVTMIVVVEDGFDY,background_IGH_cdr3.csv
AKDVLLFD,background_IGH_cdr3.csv
AKVLGPKIVVVPAVADAFDI,background_IGH_cdr3.csv
ERSRGFRY,background_IGH_cdr3.csv
ARRSTGDNYDYGMDV,background_IGH_cdr3.csv
SKGDYRLDF,background_IGH_cdr3.csv
AKDSWKVGYFDY,background_IGH_cdr3.csv
ARRGTPQDAIHAFDI,background_IGH_cdr3.csv
ERLYDSSRRYGR,background_IGH_cdr3.csv
ARASADCSGYGYYGGD,background_IGH_cdr3.csv
ARDTPDGDYALGYYYGMDV,background_IGH_cdr3.csv
THRLQSIKVPGGVS,background_IGH_cdr3.csv
AKTGIIRATGLMDV,background_IGH_cdr3.csv
EQRGLLVR,background_IGH_cdr3.csv
ARGTVGLGFDY,background_IGH_cdr3.csv
ADLGSYYYYGMDV,background_IGH_cdr3.csv
GMTF,background_IGH_cdr3.csv
TTDSLSSSTSCLGSWYFDL,background_IGH_cdr3.csv
AKDKSGALYYDFWSVPYPCFDY,background_IGH_cdr3.csv
ARRAAAAGWYYYGMDV,background_IGH_cdr3.csv
TSTGYCSGGSCWKEEGAFDI,background_IGH_cdr3.csv
TKEGRDIELLWFGVATFDY,background_IGH_cdr3.csv
ERKRRISWYDGR,background_IGH_cdr3.csv
ARRGIAAAGVDDY,background_IGH_cdr3.csv
ARAGIVGAYLTPDAFDI,background_IGH_cdr3.csv
ARGSGWPYYFDY,background_IGH_cdr3.csv
ERCGGGL,background_IGH_cdr3.csv
ARDPSDPPRYYDFWSGYLNYYYYYGMDV,background_IGH_cdr3.csv
AKDGSGELPSPYGMDV,background_IGH_cdr3.csv
ARLEDLEYSSSSPSSY,background_IGH_cdr3.csv
AA,background_IGH_cdr3.csv
ARDASYDSSMGSVGY,background_IGH_cdr3.csv
ARGHDSSGYTFDY,background_IGH_cdr3.csv
TDSVDTAMVGLLLLLRYGR,background_IGH_cdr3.csv
ARPRGAWGGYSGGLDY,background_IGH_cdr3.csv
ARTVAGAFDY,background_IGH_cdr3.csv
ARRRPDGCSGCYFD,background_IGH_cdr3.csv
TRQIMTILWTTDVFDI,background_IGH_cdr3.csv
ARESSAAAGPNPYYFDY,background_IGH_cdr3.csv
ARGRGYRISGYYYGMDV,background_IGH_cdr3.csv
ARTQASIAEGDWFDP,background_IGH_cdr3.csv
ARLHFPPPNKRITIFLGAFDI,background_IGH_cdr3.csv
ARDSYGSGGDAMDI,background_IGH_cdr3.csv
AVPAARSVVDY,background_IGH_cdr3.csv
ARRAAEFDF,background_IGH_cdr3.csv
ERSPKSVFRL,background_IGH_cdr3.csv
ARHDWSGYYDHFDY,background_IGH_cdr3.csv
ARDGRVPKAVGDPFGVVPRGMDV,background_IGH_cdr3.csv
ARVQILYYDFWSGARNV,background_IGH_cdr3.csv
ERQQLVL,background_IGH_cdr3.csv
ARGDCRHYGGDY,background_IGH_cdr3.csv
ARLGDNYITPSWFDP,background_IGH_cdr3.csv
ALERAEDTAVYYCARATGGYSMDY,background_IGH_cdr3.csv
ATPRGRGVGF,background_IGH_cdr3.csv
ARGHHCSSSCYLYYYYYGMDV,background_IGH_cdr3.csv
VHRSYFDY,background_IGH_cdr3.csv
ARDLGFTSCYIGIYYYYGMDV,background_IGH_cdr3.csv
ARHLGGRSNSWYFDY,background_IGH_cdr3.csv
ERDSSWSAEL,background_IGH_cdr3.csv
AKAKTPLRTPGGNYVDY,background_IGH_cdr3.csv
ARTRVTTADY,background_IGH_cdr3.csv
ANVDYAARDY,background_IGH_cdr3.csv
GRSDGMDV,background_IGH_cdr3.csv
EYWGVWGEA,background_IGH_cdr3.csv
AKDRLSGSSGSYYHYYYGMDV,background_IGH_cdr3.csv
ARVLRIDVARWSDGFDM,background_IGH_cdr3.csv
AGGPIWSGSLGAFDI,background_IGH_cdr3.csv
AISMLHGYYYYGMDV,background_IGH_cdr3.csv
ARIGSKRRMITFGGADSRLGYGMDV,background_IGH_cdr3.csv
ARGVRGYVESSGYYYLGDY,background_IGH_cdr3.csv
ANGPYGDYGEN,background_IGH_cdr3.csv
AREAGDTAMVGYYYYGMDV,background_IGH_cdr3.csv
ARQGYDSSGYYHPFSEHFDY,background_IGH_cdr3.csv
ARGAAGMDV,background_IGH_cdr3.csv
ARDPGYYYGSYIDY,background_IGH_cdr3.csv
ARGRSPRGSSWFRGMIGAFDI,background_IGH_cdr3.csv
ARDVLGSTSPAGAGKNWFDP,background_IGH_cdr3.csv
GPAPATCLLLLRRSGR,background_IGH_cdr3.csv
ARGIGGGLERLFLQCFDY,background_IGH_cdr3.csv
AKRPLEGGGGMDV,background_IGH_cdr3.csv
VGIAAATLWLTKKNYYYGMDV,background_IGH_cdr3.csv
ARLGVEHQVPHL,background_IGH_cdr3.csv
ARYPIVVVLGGYYFDY,background_IGH_cdr3.csv
ARSAPCSTTSCYQDGMDA,background_IGH_cdr3.csv
ARHPPPFDCGGDCYVLGYAFDI,background_IGH_cdr3.csv
ATFGVGLSEDTAVYYCAPVPVAGYGMDV,background_IGH_cdr3.csv
AKDSRGFWNGFDY,background_IGH_cdr3.csv
ARDRSGFWSGYSAVYGMDV,background_IGH_cdr3.csv
ARDQMVAEWFDP,background_IGH_cdr3.csv
ARGYFWSGPKAYGMDV,background_IGH_cdr3.csv
AKDQGCDP,background_IGH_cdr3.csv
ARSGYCSSTSCYKFYYGMDD,background_IGH_cdr3.csv
AKGHT,background_IGH_cdr3.csv
AREGGYCSSTSCYMYNWFDY,background_IGH_cdr3.csv
SGEAGAAEGRAFDY,background_IGH_cdr3.csv
ARDEQADYDILTGSYPDY,background_IGH_cdr3.csv
ARDSFGAATTGYFYYYYGMDV,background_IGH_cdr3.csv
ARGRRYTAMGTYWYFDL,background_IGH_cdr3.csv
ASHYYDSSGHLDY,background_IGH_cdr3.csv
ARGLYCSSTSCYGPYCGGDCYWYFDL,background_IGH_cdr3.csv
TTAIAAGTRRPRGIFDY,background_IGH_cdr3.csv
AKEGNTIGVDNTDADY,background_IGH_cdr3.csv
AREP,background_IGH_cdr3.csv
AREGYLDY,background_IGH_cdr3.csv
AREGVFATSYFDY,background_IGH_cdr3.csv
AGKMPPGLRGRSIAVAGTSSYAFDI,background_IGH_cdr3.csv
TSASELWHYYYYGMDV,background_IGH_cdr3.csv
AKDEEVAIRPYGMDV,background_IGH_cdr3.csv
TRGFVLRSRYYYDSSGLVGAFDI,background_IGH_cdr3.csv
ARGVYYDSSGYPYFDY,background_IGH_cdr3.csv
ARDLGGAYCDSSGYYYAFDI,background_IGH_cdr3.csv
ARNTAGYFD,background_IGH_cdr3.csv
ARTRRSLDSFDF,background_IGH_cdr3.csv
ARDGAYYDFWSGYYEAHYGMDV,background_IGH_cdr3.csv
VQGGVGVAPAIRKFGS,background_IGH_cdr3.csv
ARHDIKFSFSEFSPPQTHDS,background_IGH_cdr3.csv
AKVGARGYSYGFCGH,background_IGH_cdr3.csv
ASRPYFCDSSDCYYRLDY,background_IGH_cdr3.csv
ARHVSKDSGLGLWFGELFQDY,background_IGH_cdr3.csv
TDPSHPKKWFDP,background_IGH_cdr3.csv
ATRIHTHGRQGVAINYYYYGMDV,background_IGH_cdr3.csv
ARQSSGGVY,background_IGH_cdr3.csv
AKDQVGVVLSFDY,background_IGH_cdr3.csv
AVGASGD,background_IGH_cdr3.csv
ARGGYDYYGIDI,background_IGH_cdr3.csv
EGGRTLGL,background_IGH_cdr3.csv
ARDNDDSIKRDAFDI,background_IGH_cdr3.csv
ASICESSTSCLLGDGMDV,background_IGH_cdr3.csv
ARDQTYYGFWWARQLDAFDI,background_IGH_cdr3.csv
VATAVYYCAGPTD,background_IGH_cdr3.csv
VADAYYCAGQAGASFDY,background_IGH_cdr3.csv
ARDFKDAYYDFWSGCYNGDYFQH,background_IGH_cdr3.csv
ARDGDFLESRGNFDY,background_IGH_cdr3.csv
ANDITNIVVVPAATDGY,background_IGH_cdr3.csv
ARDSLAGFCGSSYYDGLDV,background_IGH_cdr3.csv
RETRTTRSTP,background_IGH_cdr3.csv
ARVDG,background_IGH_cdr3.csv
ARVGTSPHNWFDP,background_IGH_cdr3.csv
AKCWNSYDY,background_IGH_cdr3.csv
ARLQRRTQSDYTWGRRLVPYHHRTDDSLHV,background_IGH_cdr3.csv
KRLCTRTPVLLRYGR,background_IGH_cdr3.csv
ARAEADPDHFGVVVAAGGFDY,background_IGH_cdr3.csv
AKGSYYYGSRTYYLLN,background_IGH_cdr3.csv
ARNRLLRDPFDV,background_IGH_cdr3.csv
VRGPGRTAPEVNY,background_IGH_cdr3.csv
ESRTGRGLLLLLFGP,background_IGH_cdr3.csv
VRGRGELAPFDY,background_IGH_cdr3.csv
TTDRYYYDSSGYSGY,background_IGH_cdr3.csv
ARQMPPGLRGKSIAVAGTSLYAFDI,background_IGH_cdr3.csv
ARGWSGQFDY,background_IGH_cdr3.csv
ARDRESERTYYDFWRGFDP,background_IGH_cdr3.csv
ASKNDICSGGSCYRWIGYNYYYGMDV,background_IGH_cdr3.csv
ARSSWFD,background_IGH_cdr3.csv
ARVAEWDY,background_IGH_cdr3.csv
ARAESYCSSTSCHWYFDL,background_IGH_cdr3.csv
ARPSGRGSQDWFDS,background_IGH_cdr3.csv
ARNGWFGEIAPLDY,background_IGH_cdr3.csv
VTADTYQWLVVWSRSYYDY,background_IGH_cdr3.csv
ASWGYYDSSGYYDLDY,background_IGH_cdr3.csv
GIAARGSYWYFDL,background_IGH_cdr3.csv
TTDQPIVVVPAIQSNYYYYGMDV,background_IGH_cdr3.csv
ENKRGGSYPGLVRP,background_IGH_cdr3.csv
TGLYCSDY,background_IGH_cdr3.csv
ARGKSGGLGLHYYYGFDV,background_IGH_cdr3.csv
ARIYYSSGRYYFDY,background_IGH_cdr3.csv
ARDCDY,background_IGH_cdr3.csv
ERRGRAAGALLLLLRNGR,background_IGH_cdr3.csv
AKVGSVGGWNWFDP,background_IGH_cdr3.csv
TTTSRYNWNHYYFDH,background_IGH_cdr3.csv
AYGVGMDV,background_IGH_cdr3.csv
ESSLL,background_IGH_cdr3.csv
TTIQHDYGDYGRLD,background_IGH_cdr3.csv
ARYY,background_IGH_cdr3.csv
ARKGVRFLEWTQIDY,background_IGH_cdr3.csv
ARVSVRGVFDY,background_IGH_cdr3.csv
VKPVSGCRAFDI,background_IGH_cdr3.csv
ATVLRMAAFDY,background_IGH_cdr3.csv
ARGGDYDYWRGYFLDY,background_IGH_cdr3.csv
AKALVGTANGWFFFVLAS,background_IGH_cdr3.csv
RRWPL,background_IGH_cdr3.csv
ERGGVRP,background_IGH_cdr3.csv
ARGAAASSGATSYHFDY,background_IGH_cdr3.csv
AKDLSAVLGDAGERGWFDP,background_IGH_cdr3.csv
AESGVTIGVVIKALPNWFDP,background_IGH_cdr3.csv
ARDRYYGSGSYGMDV,background_IGH_cdr3.csv
ARTHLSSSGTSFEDY,background_IGH_cdr3.csv
AKDGGDYY,background_IGH_cdr3.csv
GLLRYGR,background_IGH_cdr3.csv
ARGGHYYDSSGYSAGFDY,background_IGH_cdr3.csv
ARGRSGYYDFWSGYPPSYYYYGMDV,background_IGH_cdr3.csv
AREDSSWCGAPVFDY,background_IGH_cdr3.csv
AREGVAIPDFDY,background_IGH_cdr3.csv
ENTQYSSWGRGLLLRGR,background_IGH_cdr3.csv
ETKAAADVRP,background_IGH_cdr3.csv
ARHPRQLGPWDAFI,background_IGH_cdr3.csv
EIGRGTSCPGLLRLLRYGR,background_IGH_cdr3.csv
ARVDGAPFFTGSGRYYPNWFDS,background_IGH_cdr3.csv
ARYGDYPGGDY,background_IGH_cdr3.csv
ARGLGHD,background_IGH_cdr3.csv
ARHLPHDYGARDAFDI,background_IGH_cdr3.csv
ASIGIFGILISGHPQGYYGMDV,background_IGH_cdr3.csv
ARDRSGSYRHAGENWFDP,background_IGH_cdr3.csv
ARDVAAAGTYFFDY,background_IGH_cdr3.csv
GRELY,background_IGH_cdr3.csv
RGILS,background_IGH_cdr3.csv
ARDNRLWFGELLFGDWFDP,background_IGH_cdr3.csv
ARRFSYYYYGMDV,background_IGH_cdr3.csv
ARAWCGGDCYGGFRNWFDP,background_IGH_cdr3.csv
ARAGGYFDY,background_IGH_cdr3.csv
ARAWCGGDCYGGFRNWFDP,background_IGH_cdr3.csv
AKGWA,background_IGH_cdr3.csv
ARQGSWGAVNWYFDY,background_IGH_cdr3.csv
ARVSGFGELYYNWFDP,background_IGH_cdr3.csv
ARAASTLAYCGGDCYSYWYFDL,background_IGH_cdr3.csv
AGIAAD,background_IGH_cdr3.csv
YDGMDV,background_IGH_cdr3.csv
ARAPTWTGTD,background_IGH_cdr3.csv
EIPRWLHLLRYGR,background_IGH_cdr3.csv
ARDLLGVRG,background_IGH_cdr3.csv
ARDGRYSYTTTGMDV,background_IGH_cdr3.csv
REILRPTMIVVVIRP,background_IGH_cdr3.csv
ASVKLGST,background_IGH_cdr3.csv
ARDFGPRLELRAGIDY,background_IGH_cdr3.csv
ARHGNWNVGKY,background_IGH_cdr3.csv
ARGRELYYYGMDV,background_IGH_cdr3.csv
AKRKGSTPDTDYYGMDV,background_IGH_cdr3.csv
TTNVLPRV,background_IGH_cdr3.csv
ARFTEPPLQVPAARWVFRGDYYYYYGMDV,background_IGH_cdr3.csv
ATGDS,background_IGH_cdr3.csv
VRHPQVPNDFYLGYVV,background_IGH_cdr3.csv
ARGHRIVVVPAAMKGYYYYGMDV,background_IGH_cdr3.csv
ESGRTLLLRYGR,background_IGH_cdr3.csv
ARGSRYCSSSSCSYGMDY,background_IGH_cdr3.csv
ARVLVNGEPVENGYIYFYGMDV,background_IGH_cdr3.csv
AYSDY,background_IGH_cdr3.csv
KCWSR,background_IGH_cdr3.csv
ARDQGDGDY,background_IGH_cdr3.csv
ARGQN,background_IGH_cdr3.csv
ARDLGSSWGYPYFDY,background_IGH_cdr3.csv
ARGGGYGGNSFY,background_IGH_cdr3.csv
ARGRELYYYGMDV,background_IGH_cdr3.csv
TRFGDYATAPFGG,background_IGH_cdr3.csv
ARREGDYSSDAFAI,background_IGH_cdr3.csv
ARLPPGYETDTAYYYYYYGMDV,background_IGH_cdr3.csv
ARDYGMDV,background_IGH_cdr3.csv
ARNNLEISPRGIYYYYGLDV,background_IGH_cdr3.csv
APIAAFDI,background_IGH_cdr3.csv
ARVKPPSIDYYGSGGYDY,background_IGH_cdr3.csv
ARERTMIVVPRGPCDY,background_IGH_cdr3.csv
ARVGLYGSGSYSLDYGMDV,background_IGH_cdr3.csv
AAGNFDFWTWWY,background_IGH_cdr3.csv
ARGRVRGYDY,background_IGH_cdr3.csv
ARPRVWL,background_IGH_cdr3.csv
D,background_IGH_cdr3.csv
ARVGSDYSNGEVN,background_IGH_cdr3.csv
TVLYNFDYVGGG,background_IGH_cdr3.csv
ARTGVGYFD,background_IGH_cdr3.csv
ARSPDYYYYGMDV,background_IGH_cdr3.csv
D,background_IGH_cdr3.csv
ARGGEGLCSGGSCFPHYNWFDP,background_IGH_cdr3.csv
VRGEVASLVVPGATGGDF,background_IGH_cdr3.csv
REMV,background_IGH_cdr3.csv
ARQEGAGYSLYCFDY,background_IGH_cdr3.csv
ARVGGEYWSSTSCYSGEIDY,background_IGH_cdr3.csv
AKDRVVLLARYFDY,background_IGH_cdr3.csv
ARETGGIAAAGTSTNYYYYGMDV,background_IGH_cdr3.csv
ARGRSNGYRQTPFYVLIRPGFDY,background_IGH_cdr3.csv
AKDGIAVAGLGYNWFDP,background_IGH_cdr3.csv
ELRLRSDDTAVYYCARDRVEDIVILPAGIQYYYYGMDV,background_IGH_cdr3.csv
ARHPPPFDCGGDCYVLGYAFDI,background_IGH_cdr3.csv
AKGLPSRYFS,background_IGH_cdr3.csv
AFDY,background_IGH_cdr3.csv
ARHVYCSSTSCPSFDI,background_IGH_cdr3.csv
HRVSAMEQPEGRGHRRVLLCESWNGGYESDY,background_IGH_cdr3.csv
ARRLLWFGAMIYAFDI,background_IGH_cdr3.csv
ARYYDSSGYY,background_IGH_cdr3.csv
AAEFSSGKDY,background_IGH_cdr3.csv
ARDYCGRVSTSCHFDY,background_IGH_cdr3.csv
AKEGIATAVYAFDF,background_IGH_cdr3.csv
ARAPLRYYYYGMDV,background_IGH_cdr3.csv
ARDSLVDCNGDY,background_IGH_cdr3.csv
ENVLRLMEQRLLRFGL,background_IGH_cdr3.csv
AMSIAARQVWWVGYYFDY,background_IGH_cdr3.csv
AKCIVVVPATPDAFDI,background_IGH_cdr3.csv
AKTITFDY,background_IGH_cdr3.csv
ARDDGVLGFWSGLATPLGY,background_IGH_cdr3.csv
ARTEVGRWLDP,background_IGH_cdr3.csv
ARRKAGVGAPIDY,background_IGH_cdr3.csv
AKTTASG,background_IGH_cdr3.csv
ATYGYGYYYSYGMDV,background_IGH_cdr3.csv
ATGTTKY,background_IGH_cdr3.csv
YQD,background_IGH_cdr3.csv
RGAVTAADTAGYYCASETTVTTSRWPSVNGFDP,background_IGH_cdr3.csv
RDIRTARRSTVWTS,background_IGH_cdr3.csv
ARGSYV,background_IGH_cdr3.csv
AKDMVVVLGAILYYDGMDV,background_IGH_cdr3.csv
AG,background_IGH_cdr3.csv
REILSIAARMCSAGCSTP,background_IGH_cdr3.csv
ARVYSSSWYPAYFDY,background_IGH_cdr3.csv
ERSGWYRVLLLRYGR,background_IGH_cdr3.csv
ARQDCGSSSGWEAFDI,background_IGH_cdr3.csv
ARDAYSGGYFESYFDY,background_IGH_cdr3.csv
ARGAYYDSSGYFGYYFDY,background_IGH_cdr3.csv
AGEANYYYDSSGYRKPYYYYGMDV,background_IGH_cdr3.csv
ARGFGSSWLNAFDI,background_IGH_cdr3.csv
ARQGGSAVAGHDYYMDV,background_IGH_cdr3.csv
ATLEGVNWYFDL,background_IGH_cdr3.csv
ARPPYSGSAYYYGMDV,background_IGH_cdr3.csv
ARGPYSSSWYRMGNAFDI,background_IGH_cdr3.csv
AKLPMITFGGDYYYGMDV,background_IGH_cdr3.csv
ARNPDQPGFVWYFDL,background_IGH_cdr3.csv
VTAATAYCTTPTVSYYFY,background_IGH_cdr3.csv
AREIAVDQVDY,background_IGH_cdr3.csv
ARVIEGTAQQFD,background_IGH_cdr3.csv
ARDPVKYDSSDTAMLDY,background_IGH_cdr3.csv
AHLLV,background_IGH_cdr3.csv
SVWGF,background_IGH_cdr3.csv
ARDPLWFGELPTQRGY,background_IGH_cdr3.csv
VQGGVGVAPAIRKFGS,background_IGH_cdr3.csv
EKWGCPSTRCAKKEGVLLLRYGR,background_IGH_cdr3.csv
ARELRGGWAQGDFDI,background_IGH_cdr3.csv
ARGLAYYRNCSSTSCYTGGNWFDP,background_IGH_cdr3.csv
ARSSSQTVATRGYYYYYGMDV,background_IGH_cdr3.csv
AKDQQYYGSGCYTN,background_IGH_cdr3.csv
ARVGGNQQVYFYYGMDV,background_IGH_cdr3.csv
ARHGRYCSSTYGND,background_IGH_cdr3.csv
ARGFEGGG,background_IGH_cdr3.csv
ARDRDCSSD,background_IGH_cdr3.csv
AKGLPSRYFDS,background_IGH_cdr3.csv
FDY,background_IGH_cdr3.csv
SRGKGSGGYFEYYFDY,background_IGH_cdr3.csv
ARDNYWSSLSYYYCAMDV,background_IGH_cdr3.csv
ARENVVRYSCYYGIDV,background_IGH_cdr3.csv
AKDVGSGWPEGADK,background_IGH_cdr3.csv
ARGYGKNAFDI,background_IGH_cdr3.csv
ARGGGSRGYDFAGY,background_IGH_cdr3.csv
ERSGGGATIPPVRP,background_IGH_cdr3.csv
RA,background_IGH_cdr3.csv
ARGSGFY,background_IGH_cdr3.csv
AVAAYYAGDESRGDY,background_IGH_cdr3.csv
LNSSSEGATDAFDI,background_IGH_cdr3.csv
ARPSDGDSTVAIYDYGMDV,background_IGH_cdr3.csv
AVDNGGDY,background_IGH_cdr3.csv
ARDGCGGLDY,background_IGH_cdr3.csv
ARRVAVAHAFDI,background_IGH_cdr3.csv
ARLHCSSTSCSYAFDI,background_IGH_cdr3.csv
ARVQLERRGVYYFDY,background_IGH_cdr3.csv
ARVQYCSGGSCRPNYYYGMDV,background_IGH_cdr3.csv
ARGLVLWFGELLLGTYYYYGMDV,background_IGH_cdr3.csv
VRDAGRYPNWYFDL,background_IGH_cdr3.csv
YYGMDV,background_IGH_cdr3.csv
KLSSVAADTAYYCARISHLVYG,background_IGH_cdr3.csv
ARWGLGD,background_IGH_cdr3.csv
ANLGRRRLRIIGGASVKGRFTISRDNKNSLYLQMNSLRAEDTALYYCASLEWNGYYDAFDN,background_IGH_cdr3.csv
SKGDYRLDF,background_IGH_cdr3.csv
ALPRQYCSGGSCYGDNYYYGMDV,background_IGH_cdr3.csv
AREAGMGYYYGMDV,background_IGH_cdr3.csv
ARGRQWLVRFLVGY,background_IGH_cdr3.csv
ARLYSYSSSPIDH,background_IGH_cdr3.csv
VRGGTQGYCSGGSCRSGRAKYAVDM,background_IGH_cdr3.csv
ASERYYDYVWGSYRSSGMDV,background_IGH_cdr3.csv
SRHISRYYDYVWGSYRRPGGMDV,background_IGH_cdr3.csv
ARASGYSSGWYLWFD,background_IGH_cdr3.csv
RVATYYFDY,background_IGH_cdr3.csv
ARSFPKSPGFGEDGEY,background_IGH_cdr3.csv
VRGPGRTAPEVNY,background_IGH_cdr3.csv
ESRLGYCSGGSFLRYGR,background_IGH_cdr3.csv
AKTGIIRATGLMDV,background_IGH_cdr3.csv
HPPLGSSEDL,background_IGH_cdr3.csv
ARPKGGFWTY,background_IGH_cdr3.csv
LNWL,background_IGH_cdr3.csv
AFDI,background_IGH_cdr3.csv
ARGTMIIGVYYGIDV,background_IGH_cdr3.csv
ARGRSVLEWVRQAYFDY,background_IGH_cdr3.csv
ARKVPITMVPRKPQAFDY,background_IGH_cdr3.csv
AREARVRDADI,background_IGH_cdr3.csv
ARRRDYGDYVDY,background_IGH_cdr3.csv
AGGNYCSRADCDRYPFDY,background_IGH_cdr3.csv
ARGVYCSSTSYYCHDY,background_IGH_cdr3.csv
AIGYYDY,background_IGH_cdr3.csv
ARRYVVTGGVTRFD,background_IGH_cdr3.csv
ERGPRGSEPRAGDLLQRRYGR,background_IGH_cdr3.csv
ARETRTGTTECIALDY,background_IGH_cdr3.csv
ARVRVGPNFWSGYYDY,background_IGH_cdr3.csv
ARDSSHSSSWYSRYDY,background_IGH_cdr3.csv
ARDGGYYYYAFDI,background_IGH_cdr3.csv
ETFEFGRQWLVL,background_IGH_cdr3.csv
ARAICSTNCQRDY,background_IGH_cdr3.csv
ARDHGRSSSRGGYCYCFDY,background_IGH_cdr3.csv
RGGKGGL,background_IGH_cdr3.csv
ARFDPSPRAKPAAKELVGRDAFDI,background_IGH_cdr3.csv
ARDRRWGWGCYYFDY,background_IGH_cdr3.csv
ARAWCGGDCYGGFRNWFDP,background_IGH_cdr3.csv
TRSVGIRSSW,background_IGH_cdr3.csv
AGPSIGDSSDYYLFEY,background_IGH_cdr3.csv
AKDVVATASRYSQH,background_IGH_cdr3.csv
ARHWGLGAVVAAYDGMDV,background_IGH_cdr3.csv
EAEEDLWFGESRRL,background_IGH_cdr3.csv
VRQQAPTYYFDY,background_IGH_cdr3.csv
ARDPHSAYCGGDCYNGRFDP,background_IGH_cdr3.csv
ARLRYYYDSSGPLGYFDL,background_IGH_cdr3.csv
ARDRNTSMVGSDY,background_IGH_cdr3.csv
ARDRPDKMATMGRGAFDI,background_IGH_cdr3.csv
GMDV,background_IGH_cdr3.csv
ERSPKSVFRL,background_IGH_cdr3.csv
ARRNPWGVVTAIHDAFDI,background_IGH_cdr3.csv
ARDGIYGRRVVVVPAALDY,background_IGH_cdr3.csv
ARDLGLEEDH,background_IGH_cdr3.csv
YYYYGMDV,background_IGH_cdr3.csv
AREKGRFLEWLNNYYYYGMDV,background_IGH_cdr3.csv
ARGFGVMSY,background_IGH_cdr3.csv
EIQLWFDGGWVLLLRYGR,background_IGH_cdr3.csv
ARGYSGYDGAAFDI,background_IGH_cdr3.csv
ARDGNGYNFGAYFDY,background_IGH_cdr3.csv
ARQGMTGVRSGYIDYYYGMDV,background_IGH_cdr3.csv
ESCGICSSTSCYRL,background_IGH_cdr3.csv
ARVSSGSFMA,background_IGH_cdr3.csv
RNAFDI,background_IGH_cdr3.csv
KVVID,background_IGH_cdr3.csv
ARDLINGYGGTY,background_IGH_cdr3.csv
AKSPQDLVVITTALDY,background_IGH_cdr3.csv
TTGRISIFGVVWHYFDY,background_IGH_cdr3.csv
ARGG,background_IGH_cdr3.csv
ASTRGYCSSTSCQILYYYYGMDV,background_IGH_cdr3.csv
TRDEVFFPSHTFDV,background_IGH_cdr3.csv
ARDYTYYYDSGYYD,background_IGH_cdr3.csv
ARVAWDP,background_IGH_cdr3.csv
ARQWGAVVDY,background_IGH_cdr3.csv
MVH,background_IGH_cdr3.csv
ARDEPDDGSGSYLY,background_IGH_cdr3.csv
ARSGTACWGYFDY,background_IGH_cdr3.csv
ARDRYVGSPFDY,background_IGH_cdr3.csv
ARRLGWYRFDY,background_IGH_cdr3.csv
ARGVTAPQYWFDP,background_IGH_cdr3.csv
ARGGHYYDSSGYLQGGAFDI,background_IGH_cdr3.csv
ARGYSYGGY,background_IGH_cdr3.csv
LMTSVTVATATYCARHYSALDH,background_IGH_cdr3.csv
RHGQVRGRRVYF,background_IGH_cdr3.csv
VTAATAWGWFDP,background_IGH_cdr3.csv
ARGQTGEADY,background_IGH_cdr3.csv
AKGLVESGIDY,background_IGH_cdr3.csv
RPGSNTVWTS,background_IGH_cdr3.csv
ADFSAAPEYY,background_IGH_cdr3.csv
ARGVAITYGMDV,background_IGH_cdr3.csv
ESSGGL,background_IGH_cdr3.csv
ECMPGLVR,background_IGH_cdr3.csv
ASTWGDYGDLRPN,background_IGH_cdr3.csv
VRDHEGSGWYGDF,background_IGH_cdr3.csv
FDP,background_IGH_cdr3.csv
ARRMYWGSSTDDAFDI,background_IGH_cdr3.csv
ARRSGEMATESFDF,background_IGH_cdr3.csv
ELTAAPPTVWS,background_IGH_cdr3.csv
AKGIEELLWFGESPYYFDY,background_IGH_cdr3.csv
ARGDSSGWRSAFDI,background_IGH_cdr3.csv
ARKAEANYYGAGSPFDY,background_IGH_cdr3.csv
ARLGSGWYTGSH,background_IGH_cdr3.csv
AHSWGYSSSSPTLFDY,background_IGH_cdr3.csv
AQGYYYTMDV,background_IGH_cdr3.csv
ARGLYCSSTSCYGPYCGGDCYWYFDL,background_IGH_cdr3.csv
AKDTYNWNFGEKTKSPNSDFLGFDY,background_IGH_cdr3.csv
ERSPKSVFRL,background_IGH_cdr3.csv
ARWGYSTSYSLDY,background_IGH_cdr3.csv
VGDDFAGGGMD,background_IGH_cdr3.csv
ARDQMVAEWFDP,background_IGH_cdr3.csv
ARDYHNGRGYYFDY,background_IGH_cdr3.csv
ARDANPTDYYDSSKRGGRPTLRNWFDP,background_IGH_cdr3.csv
ARDNNASYD,background_IGH_cdr3.csv
ARERDGYYWYYAAFDY,background_IGH_cdr3.csv
AKLGTTGAFDI,background_IGH_cdr3.csv
ARQGHDDYACGDY,background_IGH_cdr3.csv
ARVGGDDFDF,background_IGH_cdr3.csv
RDGCSSTSCLGGVWFDP,background_IGH_cdr3.csv
LQNSLEDTAVYYCYSGRSH,background_IGH_cdr3.csv
ARQGEGGPGKPMVRGVRIRYFDL,background_IGH_cdr3.csv
ARGGPYYFDY,background_IGH_cdr3.csv
ARVFWEGDWSSTSCYEEVDP,background_IGH_cdr3.csv
ARLRWRGETGRDIVVVPAAITYRYWYFDL,background_IGH_cdr3.csv
VSQSGYDWERNFDH,background_IGH_cdr3.csv
ARLPAVSSQFDY,background_IGH_cdr3.csv
GMV,background_IGH_cdr3.csv
ARGNSYGPNDFQQLRGGWFDP,background_IGH_cdr3.csv
ARGHSSSVY,background_IGH_cdr3.csv
AKGMD,background_IGH_cdr3.csv
ARIGYSGAFDI,background_IGH_cdr3.csv
ARDRDYYSGAFDI,background_IGH_cdr3.csv
ARDSSRCSSGYVWGFDY,background_IGH_cdr3.csv
GMDV,background_IGH_cdr3.csv
ARGTPFDP,background_IGH_cdr3.csv
ARGGSYYGMDV,background_IGH_cdr3.csv
DDY,background_IGH_cdr3.csv
ASKAPPYQRLPSYYYYYYGMDV,background_IGH_cdr3.csv
ACDVEWGNDMDV,background_IGH_cdr3.csv
ETAEYYGSGRTWLSA,background_IGH_cdr3.csv
ARHQRGQWLVDY,background_IGH_cdr3.csv
ARGPHWADAFDI,background_IGH_cdr3.csv
ARISGIAARRRFWFDP,background_IGH_cdr3.csv
AKGSDY,background_IGH_cdr3.csv
AKDRGGYTYLALDY,background_IGH_cdr3.csv
ARDGRSSGDVDY,background_IGH_cdr3.csv
ARDMSFYNGRSGKQGFFDY,background_IGH_cdr3.csv
ARRSSGYDY,background_IGH_cdr3.csv
ATGPTILRYFSPFHH,background_IGH_cdr3.csv
ARMGYYD,background_IGH_cdr3.csv
ARDRFCGNGGCYGWFDP,background_IGH_cdr3.csv
TTDHPSYCGGDCYSY,background_IGH_cdr3.csv
ARARKQWLVRGFDY,background_IGH_cdr3.csv
AKGVAAF,background_IGH_cdr3.csv
ATSGTPFQH,background_IGH_cdr3.csv
AKSPQDLVVITTALDY,background_IGH_cdr3.csv
ARHNSCD,background_IGH_cdr3.csv
DSSSSGLLLLLRYGR,background_IGH_cdr3.csv
QGRDFDWLESRIGR,background_IGH_cdr3.csv
AREGDYYGSGYYENDAFDI,background_IGH_cdr3.csv
PHPFVLLRYGR,background_IGH_cdr3.csv
ARDLRPPEIVGVVILPVGGGPNRYYFDY,background_IGH_cdr3.csv
AKDSGLHNYGMDV,background_IGH_cdr3.csv
ARATRGGAGGGWFDY,background_IGH_cdr3.csv
ARKMDGRRWSADY,background_IGH_cdr3.csv
ARRYCSSTSCYRHEPPRLRYYYYGMDV,background_IGH_cdr3.csv
AVGGYGDV,background_IGH_cdr3.csv
ARGPFYYFDY,background_IGH_cdr3.csv
ADHDCSDTCVDY,background_IGH_cdr3.csv
ASEDIAQPYYYGMDV,background_IGH_cdr3.csv
ATHFTDFSFDF,background_IGH_cdr3.csv
AREYGGAAAGTHYYYYYGMDV,background_IGH_cdr3.csv
ARDLYDFWGRGVDY,background_IGH_cdr3.csv
AREGDPRTTSYYYYYSGMDV,background_IGH_cdr3.csv
ARGCDGTTVTSDY,background_IGH_cdr3.csv
ESPSPPAAGKVLLLRYGR,background_IGH_cdr3.csv
ARDHAGISWSSYYYGIDF,background_IGH_cdr3.csv
ARFPSLEYSSSSPAAAGTSSYWFDP,background_IGH_cdr3.csv
AKESGSSGGC,background_IGH_cdr3.csv
TREGIEYSSSAGWGDYFDY,background_IGH_cdr3.csv
LGTAADTAVYYCARLLLWLGESEPGDFDY,background_IGH_cdr3.csv
ASRSCYRSTSYYGMDV,background_IGH_cdr3.csv
ARDSGYYDILTGYYGWFDP,background_IGH_cdr3.csv
ARDGELETYYYGMDV,background_IGH_cdr3.csv
ARDPNPYVVVVPAAHYLFDY,background_IGH_cdr3.csv
ARYRHGYQLRRYYFDY,background_IGH_cdr3.csv
ASIAAGTV,background_IGH_cdr3.csv
GVLYYGMD,background_IGH_cdr3.csv
VGDDLALRGLSDR,background_IGH_cdr3.csv
ARERSGFRLGKPLRFDR,background_IGH_cdr3.csv
ARARGSGRGDQH,background_IGH_cdr3.csv
AQDIVVVPAAIGDYYGMDV,background_IGH_cdr3.csv
ARGRGNLNDY,background_IGH_cdr3.csv
ARNRLLRDPFDV,background_IGH_cdr3.csv
AADSPPTMIDHRAFDI,background_IGH_cdr3.csv
AREGGESCGPSYYYYGIDY,background_IGH_cdr3.csv
VATG,background_IGH_cdr3.csv
AKDIWGSFSRYYDL,background_IGH_cdr3.csv
ARACDQAGATATESWFDP,background_IGH_cdr3.csv
GIDH,background_IGH_cdr3.csv
ARDMVRGAQRSDAFDI,background_IGH_cdr3.csv
ARAESIVVVPAAVKYGMDV,background_IGH_cdr3.csv
ARRLGAAMVIAATGSGMDV,background_IGH_cdr3.csv
ARDDFWSYSSSYYYG,background_IGH_cdr3.csv
AGRCSSTSCSWYYYDV,background_IGH_cdr3.csv
Y,background_IGH_cdr3.csv
ARDHGFSGSARGYDFDY,background_IGH_cdr3.csv
ARDYWCSSGPGN,background_IGH_cdr3.csv
ASRIVISGLTGGDY,background_IGH_cdr3.csv
ARPSHSARTEYYFDY,background_IGH_cdr3.csv
ARHGVGAYGSGEQTDADI,background_IGH_cdr3.csv
ARGLRDYDILTGYYTGQYFDY,background_IGH_cdr3.csv
ARGRELYYYGMDV,background_IGH_cdr3.csv
ARIIGVRGVIINQATYYYYGMDV,background_IGH_cdr3.csv
APDGPDAFDI,background_IGH_cdr3.csv
ARGLAAVGGHGYYYYGMDV,background_IGH_cdr3.csv
VREDAARFDP,background_IGH_cdr3.csv
DTVYYCS,background_IGH_cdr3.csv
ARSSDTLVRGVNWFDP,background_IGH_cdr3.csv
ARGPSRLY,background_IGH_cdr3.csv
AGPPAIVVVPAAIFWFDP,background_IGH_cdr3.csv
ARDRQQLNLPYYYYYYYGMDV,background_IGH_cdr3.csv
AALYYGMDV,background_IGH_cdr3.csv
ATDIPRGYSGYENVRPFDY,background_IGH_cdr3.csv
ESEGVWFGEDVRYGR,background_IGH_cdr3.csv
AGSSPYYGMDV,background_IGH_cdr3.csv
ASGDY,background_IGH_cdr3.csv
GDY,background_IGH_cdr3.csv
ARRNRSSYDSSGRDY,background_IGH_cdr3.csv
ATAVYYARGS,background_IGH_cdr3.csv
ARDLGCGGDCSIRDWDYYYGMDV,background_IGH_cdr3.csv
ARDSIVAATRGYAFDY,background_IGH_cdr3.csv
TGAYVRP,background_IGH_cdr3.csv
AKGLPSRYFDS,background_IGH_cdr3.csv
ARETLLPTPHDGFDI,background_IGH_cdr3.csv
ARERVVMVRGVIITDYYCDY,background_IGH_cdr3.csv
ARKVALAGGYYHGMDV,background_IGH_cdr3.csv
AKEIVLKGDYGDQG,background_IGH_cdr3.csv
AGQGYSYGYYYYGMDV,background_IGH_cdr3.csv
AKSPQDLVVITTALDY,background_IGH_cdr3.csv
AKGFWWELLAFDI,background_IGH_cdr3.csv
ARDRGYSSSSGGAWFDP,background_IGH_cdr3.csv
AKDFAWAVAGTKHYYFDY,background_IGH_cdr3.csv
AGRLWFGLTFD,background_IGH_cdr3.csv
APGGYTKPD,background_IGH_cdr3.csv
TTYGVYAIPKYYYYGMDV,background_IGH_cdr3.csv
TCAGWIGYGMDV,background_IGH_cdr3.csv
RDDY,background_IGH_cdr3.csv
VRATEELTTLTTFGL,background_IGH_cdr3.csv
ARGEVALWFGKYGPDAFDI,background_IGH_cdr3.csv
ARDACSSGSYSFDY,background_IGH_cdr3.csv
ARGCSRSTTSDYYDSSVLEMCDAFDI,background_IGH_cdr3.csv
ASSQQLGPVEY,background_IGH_cdr3.csv
ARDLGMDV,background_IGH_cdr3.csv
ARGKGDADIWSMDV,background_IGH_cdr3.csv
AWPTD,background_IGH_cdr3.csv
ARDWSGRWYFDL,background_IGH_cdr3.csv
ARDQFPLDYDSSGPPLA,background_IGH_cdr3.csv
AKGLTMDSDGMDV,background_IGH_cdr3.csv
ARGDPLVVNSGSVAYYYGMDV,background_IGH_cdr3.csv
ARDAVGGYYGGMDV,background_IGH_cdr3.csv
ARDFNCSSTSCSDY,background_IGH_cdr3.csv
AKSPQDLVVITTALDY,background_IGH_cdr3.csv
DY,background_IGH_cdr3.csv
ESARSTIFWL,background_IGH_cdr3.csv
AKKISYGGNGGDYVDY,background_IGH_cdr3.csv
ARDRITTMIVEGGYFDY,background_IGH_cdr3.csv
ARVTWGYYD,background_IGH_cdr3.csv
AREETRAFDY,background_IGH_cdr3.csv
ERRGRAAGALLLLLRNGR,background_IGH_cdr3.csv
ARDGYDWSSCYGNFDY,background_IGH_cdr3.csv
ARHISRYYDYVWGSYRRPGGMDV,background_IGH_cdr3.csv
AVVYDFWSGYAADI,background_IGH_cdr3.csv
ARGYDVCSGTYGVEY,background_IGH_cdr3.csv
GGTISSNTLLMLTAVYYCFGYYYYGMDV,background_IGH_cdr3.csv
ARDLRRHSKLYDSSGYYRGGLDY,background_IGH_cdr3.csv
ELIRFLEWLLYYTGGYGR,background_IGH_cdr3.csv
ARGRLSVRGYSYGYRSALFDY,background_IGH_cdr3.csv
ARFHGGGF,background_IGH_cdr3.csv
VRVPAADWYFDL,background_IGH_cdr3.csv
YYARGPTTDIVVAPDDSYYFDY,background_IGH_cdr3.csv
ARERLAAALGAFDI,background_IGH_cdr3.csv
VRDSTKPAERYFDS,background_IGH_cdr3.csv
ARHSTYYPDY,background_IGH_cdr3.csv
RYSSWYWVLR,background_IGH_cdr3.csv
ARDRIQLWEYYYYYGLDV,background_IGH_cdr3.csv
ERRGNSWDTVVLLLRP,background_IGH_cdr3.csv
ARGPGDYGGKSPIDY,background_IGH_cdr3.csv
ARLNHDSGMD,background_IGH_cdr3.csv
ARHGGITVFGPSGYFDL,background_IGH_cdr3.csv
ARHRYWRIYGM,background_IGH_cdr3.csv
ERWLIQSDLLLLLCYGR,background_IGH_cdr3.csv
ARDGSY,background_IGH_cdr3.csv
ERPKLLRYGR,background_IGH_cdr3.csv
ARVRGGSTSTSLDF,background_IGH_cdr3.csv
ARGDSITMGRGYHNFDY,background_IGH_cdr3.csv
ESAGGSSDLLLRYGR,background_IGH_cdr3.csv
AKGRRGSGFSHYLDS,background_IGH_cdr3.csv
AGDRLGGTHDYYYNMDV,background_IGH_cdr3.csv
ANGSGSY,background_IGH_cdr3.csv
ARHIAAAGKGLYYYYGMDV,background_IGH_cdr3.csv
ARGMWGLRRTFDI,background_IGH_cdr3.csv
ARVVVVPAADYAFDI,background_IGH_cdr3.csv
ARHYSALDH,background_IGH_cdr3.csv
ARELAVAGTGWFDP,background_IGH_cdr3.csv
ARPGQDIVVVPADYYYYGMDV,background_IGH_cdr3.csv
ARDHHSKASWRYYYDSSGFDY,background_IGH_cdr3.csv
ARPRRGSYGDI,background_IGH_cdr3.csv
AGARWD,background_IGH_cdr3.csv
A,background_IGH_cdr3.csv
VAG,background_IGH_cdr3.csv
ARGMNWNDSY,background_IGH_cdr3.csv
ARVRFRDLDKLAYCGGDCYSLDY,background_IGH_cdr3.csv
ADTVYAGDV,background_IGH_cdr3.csv
AKGAEGDY,background_IGH_cdr3.csv
ARDPWDIVVVPAATDFDY,background_IGH_cdr3.csv
ARHGNQSPSSYYDFWSGYYTGYYYYYGMDV,background_IGH_cdr3.csv
AKRGAYYDSSGYLIGY,background_IGH_cdr3.csv
ARAPRGVVPAATQLNYYYYYGMDV,background_IGH_cdr3.csv
AKDRYDSSGYYGLYYYYYGMDV,background_IGH_cdr3.csv
ARSSCCYYYYGMDV,background_IGH_cdr3.csv
AKSKTGTPSDAYDI,background_IGH_cdr3.csv
ARHGCYDYGGNSCAFDI,background_IGH_cdr3.csv
ARRGAFDI,background_IGH_cdr3.csv
ARRTVTTSLDY,background_IGH_cdr3.csv
AREGLPNAFDI,background_IGH_cdr3.csv
ARHFPFREPALDY,background_IGH_cdr3.csv
ARSSLAFTYFDY,background_IGH_cdr3.csv
ARDVLGGVCHWDCNY,background_IGH_cdr3.csv
ATGPQQWELSPPIVH,background_IGH_cdr3.csv
ARDRLRYSSGWSAFDY,background_IGH_cdr3.csv
ARDHYSSAWYIDF,background_IGH_cdr3.csv
AGDGPGIAVAGTGREYFDL,background_IGH_cdr3.csv
ARDGTYNDFARIPGGMDV,background_IGH_cdr3.csv
NMYWPD,background_IGH_cdr3.csv
ARFCSSTSCYFDRFGASYGSDYYYGMDV,background_IGH_cdr3.csv
ARDPAVGDGYNLPFDY,background_IGH_cdr3.csv
EDGWTCLLLLRYGR,background_IGH_cdr3.csv
ARVGDYGSGSQYNPLDF,background_IGH_cdr3.csv
AKDQLRSWWGDRPRHDSSGYYYYYGMDV,background_IGH_cdr3.csv
ARGWRQPDYDSLTGDRTYVEPYYYYGMDV,background_IGH_cdr3.csv
ARLYYGSPYYYGMDV,background_IGH_cdr3.csv
AQEGSGELRPIDWYFDL,background_IGH_cdr3.csv
ARETRLDYCSSTSCPGEFDY,background_IGH_cdr3.csv
ARDEYGDYVGGAVPSPYYFDY,background_IGH_cdr3.csv
TYYATVPNAFI,background_IGH_cdr3.csv
EEELLLLRYGR,background_IGH_cdr3.csv
ARGTPTPTDIVVAPDDSYYFDY,background_IGH_cdr3.csv
DGRDYPGSGNGMDV,background_IGH_cdr3.csv
AREKSDRAIKAVAGTIWWLDP,background_IGH_cdr3.csv
DY,background_IGH_cdr3.csv
ARGGGCYCVDY,background_IGH_cdr3.csv
ARTLLSNTWYKRRFDP,background_IGH_cdr3.csv
LYLQSLRAEDAVYYCAD,background_IGH_cdr3.csv
AQSSYDILTGYHATYYFDY,background_IGH_cdr3.csv
ARASRADPSWDLDY,background_IGH_cdr3.csv
ARVIRSVTKSIFGVVITANYYGMDV,background_IGH_cdr3.csv
AKYSREATWVYYFDY,background_IGH_cdr3.csv
ERPATVDRL,background_IGH_cdr3.csv
AKDRGSAAAPEYYGMDV,background_IGH_cdr3.csv
ARGRSIEYGFDY,background_IGH_cdr3.csv
AGSYDSSSGGDPDY,background_IGH_cdr3.csv
ASYSSSSEDY,background_IGH_cdr3.csv
ARDREYRGGDADY,background_IGH_cdr3.csv
ARYGNYDSSGYLDY,background_IGH_cdr3.csv
ARVGGGEAAGAGYYYGMDV,background_IGH_cdr3.csv
EGRRWVLRG,background_IGH_cdr3.csv
ADILSYSGAIY,background_IGH_cdr3.csv
APYSGYYYYGMDV,background_IGH_cdr3.csv
AGYAYYDY,background_IGH_cdr3.csv
ARDSTIFGVGYFDY,background_IGH_cdr3.csv
ARDGYCSSTSCYNDAFDI,background_IGH_cdr3.csv
ERGSCYHRKGPYGL,background_IGH_cdr3.csv
AKPRGDAFDI,background_IGH_cdr3.csv
ARPAMAFD,background_IGH_cdr3.csv
ARLAGKDYGDSV,background_IGH_cdr3.csv
ARALQAAAGILDY,background_IGH_cdr3.csv
ARNAGDYGGFD,background_IGH_cdr3.csv
ARGNTVGVVIFDY,background_IGH_cdr3.csv
TRPYYDSSGYRDDAFDI,background_IGH_cdr3.csv
AQDVVVPAAIGDYYGMDV,background_IGH_cdr3.csv
ARLDYYESRQH,background_IGH_cdr3.csv
ARRGFDY,background_IGH_cdr3.csv
ADSSGYAFDI,background_IGH_cdr3.csv
RTAGSTTTTVWTS,background_IGH_cdr3.csv
ARD,background_IGH_cdr3.csv
ARDIGYW,background_IGH_cdr3.csv
ARFPSLEYSSSSPAAAGTSSYWFDP,background_IGH_cdr3.csv
ARDDFGGYCYGIDY,background_IGH_cdr3.csv
AKGGLYYYYGMDV,background_IGH_cdr3.csv
ARSWGGYSSVSCYWAEYFPH,background_IGH_cdr3.csv
ARSLLDYSQLPVIADTYYYYGMDV,background_IGH_cdr3.csv
ARGRRGNTYGFTKLDS,background_IGH_cdr3.csv
VYASVHD,background_IGH_cdr3.csv
ARSCSAFDI,background_IGH_cdr3.csv
ARGGSATCDRAKLDY,background_IGH_cdr3.csv
ARMVRGLY,background_IGH_cdr3.csv
ASRWRSGSYWANEYSNYESGAFDI,background_IGH_cdr3.csv
AGWRDGAFI,background_IGH_cdr3.csv
AKDWRGSTRRIWCGELSGVWMFDY,background_IGH_cdr3.csv
ARGGDIVVVPAAMTSAF,background_IGH_cdr3.csv
ARGPTQQLLGSY,background_IGH_cdr3.csv
ARAEGSCCGDY,background_IGH_cdr3.csv
ARIEVGGNYGIYFDY,background_IGH_cdr3.csv
ARGGAYYYYGMDV,background_IGH_cdr3.csv
ARGGGDGGNFD,background_IGH_cdr3.csv
ARGGDAFD,background_IGH_cdr3.csv
ETSPPVGATE,background_IGH_cdr3.csv
ARAHTPELLGAFDI,background_IGH_cdr3.csv
ARGGDSSGYYYFDY,background_IGH_cdr3.csv
AGYKRSSPAGIGAYYGMNI,background_IGH_cdr3.csv
ARECTGWYRGSWFDP,background_IGH_cdr3.csv
ARVAFDI,background_IGH_cdr3.csv
ARGYYDFWSGIYYYYGMDV,background_IGH_cdr3.csv
ARDREDGYKGVFDY,background_IGH_cdr3.csv
ARGGDYGDYYYYGMDV,background_IGH_cdr3.csv
EGMLL,background_IGH_cdr3.csv
FDP,background_IGH_cdr3.csv
GD,background_IGH_cdr3.csv
EDSPAPPAWTS,background_IGH_cdr3.csv
ASSVAPGSLWDQTRIILKKWFDY,background_IGH_cdr3.csv
ARFHLSSPYGMD,background_IGH_cdr3.csv
ARHIFGVYGMDV,background_IGH_cdr3.csv
AAFRRGDGPY,background_IGH_cdr3.csv
AREGAVITGAYLETVTTGSVDYYYGMDV,background_IGH_cdr3.csv
ARLSGNPGTLNQAGWFDP,background_IGH_cdr3.csv
AKKISGSPPRAYYGMDV,background_IGH_cdr3.csv
ARDSSLNCHHYDFDY,background_IGH_cdr3.csv
TLQMAEAVYYCALGWWDGAGAF,background_IGH_cdr3.csv
ARAKNVVVPAAKRYYYYYGMDV,background_IGH_cdr3.csv
ALDGYSSSSHYFQH,background_IGH_cdr3.csv
ARWGSYNSGLDY,background_IGH_cdr3.csv
ARDRVVVITLYYGLDV,background_IGH_cdr3.csv
WFDP,background_IGH_cdr3.csv
RDYDFWSGYTTTTTLWTS,background_IGH_cdr3.csv
AKAGISDY,background_IGH_cdr3.csv
GVLLGGD,background_IGH_cdr3.csv
ARERLSVLTGTLLY,background_IGH_cdr3.csv
ARGAVAPREYWYFDH,background_IGH_cdr3.csv
ARGSSGWYFDY,background_IGH_cdr3.csv
AREANDFWSGYYEFYGPYGMDV,background_IGH_cdr3.csv
AGVKGGVGDDYYYGMDV,background_IGH_cdr3.csv
KRRSSPE,background_IGH_cdr3.csv
ARVGPMATIILDFI,background_IGH_cdr3.csv
ARNGDT,background_IGH_cdr3.csv
ARDWAHGSSSNYGMDV,background_IGH_cdr3.csv
EGRSLRFLEWLGGL,background_IGH_cdr3.csv
ARSGGGD,background_IGH_cdr3.csv
AKDRSRVTVALTYGMDV,background_IGH_cdr3.csv
AYDSSGYFY,background_IGH_cdr3.csv
ARGPVDIVVVPAATANYYGMDV,background_IGH_cdr3.csv
ARDEEYSFDY,background_IGH_cdr3.csv
ARERKGDFWSGSGPLDY,background_IGH_cdr3.csv
ERRDFRFEWLLLRYGR,background_IGH_cdr3.csv
ARVKRFDWPFDAFDI,background_IGH_cdr3.csv
ARKGVVGMDV,background_IGH_cdr3.csv
HSHVQEPVLPEALCDRRGHGCVLLCERLSSPQAYGSRGDPFDP,background_IGH_cdr3.csv
ATLTGVVVPAASGSWDY,background_IGH_cdr3.csv
ARDLVGRLFVGSVDY,background_IGH_cdr3.csv
AREEYYYDSSAYYPYNWFDP,background_IGH_cdr3.csv
ARERYSSSWSLGFDY,background_IGH_cdr3.csv
ARDIARHYEILTGSYYYYYGMDV,background_IGH_cdr3.csv
AIKSLSYAFDI,background_IGH_cdr3.csv
ESSGLRYGR,background_IGH_cdr3.csv
ARGSVVVIAMNTDAFDI,background_IGH_cdr3.csv
ARSYGGSYGFDY,background_IGH_cdr3.csv
ARGLDY,background_IGH_cdr3.csv
AAGTRPPYYYDSSGGHPPTPAEYFQH,background_IGH_cdr3.csv
STALFEGNY,background_IGH_cdr3.csv
ERL,background_IGH_cdr3.csv
ARLWWWELLTGPFDI,background_IGH_cdr3.csv
ARAASYCSSTSCYHYYYYYYGMDV,background_IGH_cdr3.csv
YYVD,background_IGH_cdr3.csv
LPKGGWATVRGI,background_IGH_cdr3.csv
ARDDSY,background_IGH_cdr3.csv
ARLRVDTDDAFDI,background_IGH_cdr3.csv
AGSWDAFDI,background_IGH_cdr3.csv
ARVNNWFGELAI,background_IGH_cdr3.csv
ATQY,background_IGH_cdr3.csv
ARELQTRIAASDY,background_IGH_cdr3.csv
SGYND,background_IGH_cdr3.csv
HGSATQLLAQTTTTWTS,background_IGH_cdr3.csv
IIPYYGMDV,background_IGH_cdr3.csv
ARVLGGSYYWYFDL,background_IGH_cdr3.csv
TRAGTGGPFD,background_IGH_cdr3.csv
AVYAYGMDV,background_IGH_cdr3.csv
ARDPTNFWSGYYTGDY,background_IGH_cdr3.csv
KRRWLPLLLLLRYGR,background_IGH_cdr3.csv
AREPGIAARFDY,background_IGH_cdr3.csv
GGY,background_IGH_cdr3.csv
AREYDFWSGQNTRDNWFDP,background_IGH_cdr3.csv
ARDTSWERFDY,background_IGH_cdr3.csv
SRRDCSGGCYESLDS,background_IGH_cdr3.csv
GRAHTSTMTVFGVVNAPDY,background_IGH_cdr3.csv
AKKGDY,background_IGH_cdr3.csv
ARGRSSTSWSYWYYYGMDV,background_IGH_cdr3.csv
ARDTAIVLMVYAEGGYWFP,background_IGH_cdr3.csv
AKETDPLFTVAIDY,background_IGH_cdr3.csv
ARYYGGYYGYYYGMDV,background_IGH_cdr3.csv
AKYYGDV,background_IGH_cdr3.csv
ARACTRIAAATTTTTVWFDV,background_IGH_cdr3.csv
AGRYPAFDI,background_IGH_cdr3.csv
ARIMLGYSSSWYLGAFDI,background_IGH_cdr3.csv
ARTWSTSTACVAY,background_IGH_cdr3.csv
AKDWGGCSSTSCYEDAFDI,background_IGH_cdr3.csv
ARGTYDYVWGSYRE,background_IGH_cdr3.csv
ARVWDIVVVPTPGGAFDI,background_IGH_cdr3.csv
ARGLDSSGYYPTDPDAFDI,background_IGH_cdr3.csv
AKDQSPLYDSSGYT,background_IGH_cdr3.csv
EGGKGGGWYGL,background_IGH_cdr3.csv
AGAGWYD,background_IGH_cdr3.csv
SSGTFD,background_IGH_cdr3.csv
AQDHAMDV,background_IGH_cdr3.csv
ARAQKGSNYDFWSGYLNYYYGMDV,background_IGH_cdr3.csv
ARGDYCSSTSYGFGWFDS,background_IGH_cdr3.csv
ARGSNTDWFD,background_IGH_cdr3.csv
ARRVGGGDY,background_IGH_cdr3.csv
ARVYDFRSGYSDYFDY,background_IGH_cdr3.csv
AKLLKYWSHLVGATTWGGFDY,background_IGH_cdr3.csv
ASKVSGSTYPVDYYDYGMDV,background_IGH_cdr3.csv
GPAPATCLLLLRRSGR,background_IGH_cdr3.csv
DRSAAVGTQPPYCP,background_IGH_cdr3.csv
ARSAGSDY,background_IGH_cdr3.csv
YRY,background_IGH_cdr3.csv
AHSSYTAHRPYCSSTSCYTH,background_IGH_cdr3.csv
ARCSRRTRIAVAESVSNWFDP,background_IGH_cdr3.csv
VLTNMDPVTAYYCARIL,background_IGH_cdr3.csv
ER,background_IGH_cdr3.csv
ARKFL,background_IGH_cdr3.csv
ARLELLDAFDI,background_IGH_cdr3.csv
EHESVLLLL,background_IGH_cdr3.csv
ARSWSLARDGWFDP,background_IGH_cdr3.csv
EREWLRT,background_IGH_cdr3.csv
ARNWNYGTGMDV,background_IGH_cdr3.csv
ARGRFLEWLPYYFD,background_IGH_cdr3.csv
AKAYYYDAFDI,background_IGH_cdr3.csv
ARGSSSSEDYFDY,background_IGH_cdr3.csv
ARDPPMSWVSAAWFDP,background_IGH_cdr3.csv
APRWGMVRGD,background_IGH_cdr3.csv
ARECSGSYYFDY,background_IGH_cdr3.csv
ARRYYYDSSASRYGMDV,background_IGH_cdr3.csv
VRGEVAILVVPGATGGDF,background_IGH_cdr3.csv
ARDRTVTNIPDYFDY,background_IGH_cdr3.csv
ETPHCSSTSCHRGGL,background_IGH_cdr3.csv
RPYGPDS,background_IGH_cdr3.csv
AGENPRGGMDV,background_IGH_cdr3.csv
ARDRQAAARSHAFDI,background_IGH_cdr3.csv
AKDGGSGFDY,background_IGH_cdr3.csv
ARDGNDFYDSSGYPFDY,background_IGH_cdr3.csv
ARDRLILVGFCSTRYGMDV,background_IGH_cdr3.csv
AKVHGSGSFHMTDY,background_IGH_cdr3.csv
AWSEKWGSDY,background_IGH_cdr3.csv
ERFREVPAANWLLLLRYGR,background_IGH_cdr3.csv
ARVRVVFPGWLWYYGLDV,background_IGH_cdr3.csv
VYYLPYGVGSWDP,background_IGH_cdr3.csv
ARSSTDRISGSELDAFDI,background_IGH_cdr3.csv
WGLRPLLLCYES,background_IGH_cdr3.csv
ARDQIDV,background_IGH_cdr3.csv
ARAGRIAARRIFDY,background_IGH_cdr3.csv
EADLYQLLYPERMGNPPRHLRYGR,background_IGH_cdr3.csv
RASSGTRLGR,background_IGH_cdr3.csv
ARGRELYYYGMDV,background_IGH_cdr3.csv
ARRFDY,background_IGH_cdr3.csv
ARSSLRKVRGVITYYYGMDV,background_IGH_cdr3.csv
GGGWHILPCL,background_IGH_cdr3.csv
ASGHSSTLSRYGADV,background_IGH_cdr3.csv
ARDLDPPSSSMDV,background_IGH_cdr3.csv
ERLRFLLYGR,background_IGH_cdr3.csv
ARDPWSGYLRYYYYGMDV,background_IGH_cdr3.csv
DV,background_IGH_cdr3.csv
ARGLGVAAPPAFDF,background_IGH_cdr3.csv
AGTYGYRGGGLWEFYDY,background_IGH_cdr3.csv
EHYCGGDCRVLVLRS,background_IGH_cdr3.csv
ETLLGTRP,background_IGH_cdr3.csv
RGLEWFLLLLRYGR,background_IGH_cdr3.csv
ARISGTADY,background_IGH_cdr3.csv
ARAYYDTSGNYYFDY,background_IGH_cdr3.csv
ARGVWGYCSSTSCPYNWFDP,background_IGH_cdr3.csv
ELLL,background_IGH_cdr3.csv
ACHSSGYYYEWDAFDI,background_IGH_cdr3.csv
ARDEVTLAATNNFDY,background_IGH_cdr3.csv
KSLLQMSLAEAVYCAGYSWYD,background_IGH_cdr3.csv
AHWECTTASCYAFDI,background_IGH_cdr3.csv
ARASGGDY,background_IGH_cdr3.csv
VRGRVLR,background_IGH_cdr3.csv
AKGTATVVTLGRFDY,background_IGH_cdr3.csv
SCFDI,background_IGH_cdr3.csv
ARDPPGGSSGYYDPLFYYYGMDV,background_IGH_cdr3.csv
ARAPYSSSWYPYYFDY,background_IGH_cdr3.csv
ARDLSGYYDGMDV,background_IGH_cdr3.csv
ERSSRP,background_IGH_cdr3.csv
ARDQVSYGGGGYNYGFDY,background_IGH_cdr3.csv
ARPNSSSSGRDYGMDV,background_IGH_cdr3.csv
ASTSLMNY,background_IGH_cdr3.csv
AQGSGGWYYFDY,background_IGH_cdr3.csv
ASASVG,background_IGH_cdr3.csv
ARQSCNPYYGMDV,background_IGH_cdr3.csv
WYFDY,background_IGH_cdr3.csv
ERARTLLLRYGR,background_IGH_cdr3.csv
TQSYGSEFWL,background_IGH_cdr3.csv
ARGRELYYYGMDV,background_IGH_cdr3.csv
GMDV,background_IGH_cdr3.csv
ARLLYYYDSSGYYNDY,background_IGH_cdr3.csv
ARAAYYYGMDV,background_IGH_cdr3.csv
ATRDVWRAGYFAP,background_IGH_cdr3.csv
ARSNDDY,background_IGH_cdr3.csv
TYRAA,background_IGH_cdr3.csv
ERLYQWLVHPRP,background_IGH_cdr3.csv
ARDVGNYDFWSGSAFDI,background_IGH_cdr3.csv
ARSGVVLVPAAQRKREYYYYGMDV,background_IGH_cdr3.csv
ARTLRSLDSCDF,background_IGH_cdr3.csv
ARERVVVPAAIFGVDTAMVTSSPFDY,background_IGH_cdr3.csv
AREDVAAENGIDV,background_IGH_cdr3.csv
ERRNWGVITCRGV,background_IGH_cdr3.csv
ERSPKSVFRL,background_IGH_cdr3.csv
ARGFPGYGMDV,background_IGH_cdr3.csv
ARAGGPRRLGYYYYYYGMDV,background_IGH_cdr3.csv
ARHRSHAIFGVAGLLTGYYYYGMDV,background_IGH_cdr3.csv
ARWDY,background_IGH_cdr3.csv
ARFRCSGSCPLDY,background_IGH_cdr3.csv
ESRRRKVGVLRYGR,background_IGH_cdr3.csv
ARDPYYDLTGYYGTIFDY,background_IGH_cdr3.csv
ARGQRHYYGSGSSYCDH,background_IGH_cdr3.csv
ARELTVVPAVYYYYGMDV,background_IGH_cdr3.csv
ARRCSGCSLFDY,background_IGH_cdr3.csv
SSVTAATAVYYCARVRAGPF,background_IGH_cdr3.csv
ARLTGIAAAGI,background_IGH_cdr3.csv
TRGGYRYGEGYDAFDI,background_IGH_cdr3.csv
EWLQ,background_IGH_cdr3.csv
ESRWNSVPPLWFGL,background_IGH_cdr3.csv
AKDLAAMVRTAWTNGMDV,background_IGH_cdr3.csv
AKAGGDHSGAGRGQYWYD,background_IGH_cdr3.csv
ARVVTYYYGSGSYGPMDV,background_IGH_cdr3.csv
ARDGYRSYGMDV,background_IGH_cdr3.csv
ARSGVVLVPAAQRKREYYYYGMDV,background_IGH_cdr3.csv
EKILLRYGR,background_IGH_cdr3.csv
ARDRINF,background_IGH_cdr3.csv
ARLGYD,background_IGH_cdr3.csv
FPPFDY,background_IGH_cdr3.csv
AGGPGSSWEDPVYYSYYGMDV,background_IGH_cdr3.csv
GD,background_IGH_cdr3.csv
AALPISGSNFDY,background_IGH_cdr3.csv
ARGAQWFDP,background_IGH_cdr3.csv
ARELVPAKSYGIDF,background_IGH_cdr3.csv
EFPRGLGICLVLRS,background_IGH_cdr3.csv
ARKVAAFI,background_IGH_cdr3.csv
DV,background_IGH_cdr3.csv
ETRTGYCSSTSCYTSLLLLRYGR,background_IGH_cdr3.csv
ARISIRSLDY,background_IGH_cdr3.csv
ARDLINGYGGTY,background_IGH_cdr3.csv
ATWYSSGWWGSDAFDI,background_IGH_cdr3.csv
AREIMVVVIGFDYYYGMDV,background_IGH_cdr3.csv
ESSGMGAPKLVRS,background_IGH_cdr3.csv
ARGPSGWYPFHD,background_IGH_cdr3.csv
ARDLEDDSSGYGDY,background_IGH_cdr3.csv
ARAGRLHVYYYYYGMDV,background_IGH_cdr3.csv
ASDRYGGNPWGQDADI,background_IGH_cdr3.csv
ARGFD,background_IGH_cdr3.csv
ARGGGAAAAKEGDYYYYYAMDV,background_IGH_cdr3.csv
ARATRERTRGGSGSSFDY,background_IGH_cdr3.csv
AILRDIVDPTHYYYYYYGMDV,background_IGH_cdr3.csv
AKEHSGSSWYRGDAFDI,background_IGH_cdr3.csv
ARDPRYYDSPCAFDI,background_IGH_cdr3.csv
ARDGMVTALY,background_IGH_cdr3.csv
ARRLRAAPNIYFDY,background_IGH_cdr3.csv
ARDLARCRSTSCHGAITGTTRAFDI,background_IGH_cdr3.csv
ARGGSSSRERWFDP,background_IGH_cdr3.csv
ARARNNEYSSSGGRYFDL,background_IGH_cdr3.csv
ARGW,background_IGH_cdr3.csv
ARSEIVVVPADVNFDY,background_IGH_cdr3.csv
EKMVRGVKLRYGR,background_IGH_cdr3.csv
ARPTSCDGGFCRLDY,background_IGH_cdr3.csv
AKEKNDNGGNSDGFDY,background_IGH_cdr3.csv
ERR,background_IGH_cdr3.csv
ARGGGGYFHDY,background_IGH_cdr3.csv
ARVSSSIYGGNSEELYAFDI,background_IGH_cdr3.csv
ARGLTRIGPYYFDY,background_IGH_cdr3.csv
AGGGDSGSYRTFDY,background_IGH_cdr3.csv
ARDLLYYGSGNPDV,background_IGH_cdr3.csv
AFHTGGGELPQPQPNFDY,background_IGH_cdr3.csv
ARDRVVPAAPRAYWYFDL,background_IGH_cdr3.csv
ARDRDFVGFLKQPYYFDY,background_IGH_cdr3.csv
ARHGRVYCSGTSCYARARLFDL,background_IGH_cdr3.csv
ARDVKASSVWGGYCDY,background_IGH_cdr3.csv
ARSVGLTVTQFDY,background_IGH_cdr3.csv
ARSGGAFDI,background_IGH_cdr3.csv
ARDAVPGVTKVLDY,background_IGH_cdr3.csv
AREKTSGYYRKGYFQH,background_IGH_cdr3.csv
AREAKYYYDSSGYRKPYYYYGMDV,background_IGH_cdr3.csv
AGYCDGGCYDAFDF,background_IGH_cdr3.csv
ARGTGTTRVYYDYGMDV,background_IGH_cdr3.csv
ARQEGRPGAFDI,background_IGH_cdr3.csv
ACGD,background_IGH_cdr3.csv
AREYYYDSSGYYYGY,background_IGH_cdr3.csv
AKDLTPDSSGYYYDY,background_IGH_cdr3.csv
LDV,background_IGH_cdr3.csv
RRQSPYYGMDV,background_IGH_cdr3.csv
TRQLAD,background_IGH_cdr3.csv
ADFYV,background_IGH_cdr3.csv
AKAPLVVVAAALDY,background_IGH_cdr3.csv
ARDYYHGSGYPLFDY,background_IGH_cdr3.csv
ETSGTLL,background_IGH_cdr3.csv
SEDP,background_IGH_cdr3.csv
ARGGSSGGD,background_IGH_cdr3.csv
TRHSEAVPTVEWLYPLGYYGMDV,background_IGH_cdr3.csv
AKGLPSRYFDS,background_IGH_cdr3.csv
GSD,background_IGH_cdr3.csv
ARDLNYDDRSGYFFDY,background_IGH_cdr3.csv
ARDGVSDDRAGVGGMDV,background_IGH_cdr3.csv
EDSGSLS,background_IGH_cdr3.csv
ARSEKTGWYYYDSSGYPRGAFDI,background_IGH_cdr3.csv
ARAYSGTFDY,background_IGH_cdr3.csv
AREFDPRVQRSFLYGMDV,background_IGH_cdr3.csv
TRGPWNYDERSGSHALFGY,background_IGH_cdr3.csv
ARHAGGYHDYFDP,background_IGH_cdr3.csv
ARGVVNGSGTTDALDD,background_IGH_cdr3.csv
AGDY,background_IGH_cdr3.csv
RTAVPDADGFDV,background_IGH_cdr3.csv
AKDWSPYGDYLSLYYGMDV,background_IGH_cdr3.csv
ASAPGVVRGRGVPGYGMDV,background_IGH_cdr3.csv
AKDRGSAAAPEYYGMDV,background_IGH_cdr3.csv
HTVCAAAGTT,background_IGH_cdr3.csv
ARRYSSIRGWYGDP,background_IGH_cdr3.csv
DV,background_IGH_cdr3.csv
GSGSGNQILLLRYGR,background_IGH_cdr3.csv
AKDRDDSSGYLPGGDFQH,background_IGH_cdr3.csv
ERVVRLVRP,background_IGH_cdr3.csv
AKGRATTGTSYYYYGMDV,background_IGH_cdr3.csv
REGD,background_IGH_cdr3.csv
ARDLGGGYLD,background_IGH_cdr3.csv
TRDLSPVARPQFYYFYAMDV,background_IGH_cdr3.csv
ARGLGGTHIVLMVCATPNWFDS,background_IGH_cdr3.csv
ERWSNSSGWYPWL,background_IGH_cdr3.csv
VRGYTTHDF,background_IGH_cdr3.csv
ARVYVYYYYGMDV,background_IGH_cdr3.csv
ARDVVPAAITYYYYGMDV,background_IGH_cdr3.csv
ARYPAGEEYYFDY,background_IGH_cdr3.csv
ARGREIVVTAAKGDDYYYGMDV,background_IGH_cdr3.csv
VRDRTAVAGVGIDY,background_IGH_cdr3.csv
ARGLGSDLYYYYYGMDV,background_IGH_cdr3.csv
AREGDPRTTSYYYYYSGMDV,background_IGH_cdr3.csv
ARVRGVVDY,background_IGH_cdr3.csv
ARGPARERSYYLDV,background_IGH_cdr3.csv
ASVRVPAAMPPDYYYYGMDV,background_IGH_cdr3.csv
AREYGSGRYYSVLCSFDY,background_IGH_cdr3.csv
REGIQGGVWTS,background_IGH_cdr3.csv
ASGWGATLDAFDI,background_IGH_cdr3.csv
ARDLDPS,background_IGH_cdr3.csv
ETSFSKFPSCWGL,background_IGH_cdr3.csv
ARGYGSKDWFD,background_IGH_cdr3.csv
ARDCRLGTGIDA,background_IGH_cdr3.csv
YGMDV,background_IGH_cdr3.csv
ARDHITGTTAQSFDY,background_IGH_cdr3.csv
AEAAAAFD,background_IGH_cdr3.csv
ARADLLYGSGSSQTGFSHLLGGRHGLDV,background_IGH_cdr3.csv
AKGTWIQLID,background_IGH_cdr3.csv
ESLGPERGSEPRAGEIDLLLQRRYGR,background_IGH_cdr3.csv
AVRSGRGPVVRDTGDCCMGGGGLRSGGKVVDYWAGGSGRGPGVKDY,background_IGH_cdr3.csv
ARDITIFGVGGHCYYYGMDV,background_IGH_cdr3.csv
ARGAAT,background_IGH_cdr3.csv
ARHYSALDH,background_IGH_cdr3.csv
GDCSSTSCYKRPRILRYGR,background_IGH_cdr3.csv
AREVATGADF,background_IGH_cdr3.csv
ARTTVTTV,background_IGH_cdr3.csv
ARDSPGGGGYGGSSYYGMDV,background_IGH_cdr3.csv
ARVYD,background_IGH_cdr3.csv
ARALVWGGSYYPDAFDI,background_IGH_cdr3.csv
AGGSSSYSYAFDI,background_IGH_cdr3.csv
ERKIPDPWLLLLRELR,background_IGH_cdr3.csv
ARDRGDDFWSGFDY,background_IGH_cdr3.csv
ARAGGGSYFHFDY,background_IGH_cdr3.csv
AKDRAVPVTRSSYYYYGMDV,background_IGH_cdr3.csv
ARGEEHGSGFDH,background_IGH_cdr3.csv
ARGLDFDTYDYDSSGLKARTYYYYYGMDV,background_IGH_cdr3.csv
ATVYYCARVPIVYYYYGMDV,background_IGH_cdr3.csv
ARVRGSTDAFDI,background_IGH_cdr3.csv
VRGEVAILVVPGATGGDF,background_IGH_cdr3.csv
ARVNYSNYPFGMDV,background_IGH_cdr3.csv
ARADDSSGWPFDP,background_IGH_cdr3.csv
ARRVNGVGAPYYFDS,background_IGH_cdr3.csv
ARGYDSGYYLYCID,background_IGH_cdr3.csv
G,background_IGH_cdr3.csv
ARVVDYYYGMDV,background_IGH_cdr3.csv
ARDPGQLDLDY,background_IGH_cdr3.csv
ARDYGIWSGYSGIDV,background_IGH_cdr3.csv
ETVRFLLLLLRYGR,background_IGH_cdr3.csv
ARLRSGVIGWLVRDTVSYYFDY,background_IGH_cdr3.csv
ARYSAYYYDSSDKRTGGYYFDY,background_IGH_cdr3.csv
AWQGTLGSAYMELLRSDDTVYYCADF,background_IGH_cdr3.csv
ARDEYYSAFDY,background_IGH_cdr3.csv
ARDPHPVPAAHFPLYYYYYGMDV,background_IGH_cdr3.csv
ARLEFSISAVTGSCDY,background_IGH_cdr3.csv
ARGDY,background_IGH_cdr3.csv
ARGGAPAFDF,background_IGH_cdr3.csv
ARHRHYYDSSGYSSVWFDP,background_IGH_cdr3.csv
AIGQSGYLDY,background_IGH_cdr3.csv
AKGFWAVAGGNAFDI,background_IGH_cdr3.csv
ARGGYCGSAYYFDY,background_IGH_cdr3.csv
AATVTYYYYDV,background_IGH_cdr3.csv
ERSSGGYYDSGELGL,background_IGH_cdr3.csv
AGRWNGAFDWGGTYCGGGD,background_IGH_cdr3.csv
ARRYSSVSNGFDP,background_IGH_cdr3.csv
ARGVVVAARGIDV,background_IGH_cdr3.csv
ARQYRAAAGNPETWFDP,background_IGH_cdr3.csv
ARLLLGGVFDI,background_IGH_cdr3.csv
ESFWSGYYINSYGLGYGR,background_IGH_cdr3.csv
ARGRGQNIVVVPAAIGAFDI,background_IGH_cdr3.csv
AKDLGTRYDSSGYWDY,background_IGH_cdr3.csv
ARHLGGELSSGWYAFDF,background_IGH_cdr3.csv
ARGGDSSY,background_IGH_cdr3.csv
ARDRWTHYGDADI,background_IGH_cdr3.csv
ARGPLRVFSAYYYGMDD,background_IGH_cdr3.csv
TTEWGRMGPTF,background_IGH_cdr3.csv
ARASSSSWYGAVNYYYYGMDV,background_IGH_cdr3.csv
LLCEMPMGSHDAFDI,background_IGH_cdr3.csv
ARVNVVVPAAMTYGILDV,background_IGH_cdr3.csv
ARDIQGRWGCFAH,background_IGH_cdr3.csv
DY,background_IGH_cdr3.csv
ARLMAGVVVPTGDY,background_IGH_cdr3.csv
EKKSCITIFGVVYSKLVLRS,background_IGH_cdr3.csv
ASDSGGDY,background_IGH_cdr3.csv
ASEDPRGDYFDY,background_IGH_cdr3.csv
ARQWLDSYYYYGMDV,background_IGH_cdr3.csv
TTEWGRMGPTF,background_IGH_cdr3.csv
APVIADY,background_IGH_cdr3.csv
ARDEGGEDDPYCSSTSCVNWFDP,background_IGH_cdr3.csv
ARRDTQPGYGMDV,background_IGH_cdr3.csv
ARVGIAAGFDY,background_IGH_cdr3.csv
NLDTAYYCALVYYYGMDV,background_IGH_cdr3.csv
ALVQSVAPELAKTYYNDGMDV,background_IGH_cdr3.csv
ARDAPLAVWSSYLTQPSHAEYYYGMDV,background_IGH_cdr3.csv
ARDNEWGDYYGSGSYVDY,background_IGH_cdr3.csv
KSSSMVRGGGVLRS,background_IGH_cdr3.csv
ERELLRILLRYGR,background_IGH_cdr3.csv
ALGGAI,background_IGH_cdr3.csv
AAGNFDFWTWWY,background_IGH_cdr3.csv
GRVLDTSVSTYLQISSLKAEDTAVYYCARNEGPLFYE,background_IGH_cdr3.csv
AREITVGPGDCD,background_IGH_cdr3.csv
AREREGGADAFDI,background_IGH_cdr3.csv
ARDRGQQLGGRGWFDP,background_IGH_cdr3.csv
EYQLVRVVRP,background_IGH_cdr3.csv
AGVAAMYYYYYGMDV,background_IGH_cdr3.csv
ARGAVIRAGLHYYYYGMDV,background_IGH_cdr3.csv
ARGTPTVVQPDY,background_IGH_cdr3.csv
ARGTPTPTDIVVAPDDSYYFDY,background_IGH_cdr3.csv
GKVLRIYYFDY,background_IGH_cdr3.csv
ARHEAVAGAH,background_IGH_cdr3.csv
RGSYYDRGCY,background_IGH_cdr3.csv
ARDPREGEMATIT,background_IGH_cdr3.csv
TPYTYYYDSSGYYD,background_IGH_cdr3.csv
AKDCRLGGAFDI,background_IGH_cdr3.csv
EWWLLGGLLLRYGR,background_IGH_cdr3.csv
V,background_IGH_cdr3.csv
AKDYPDY,background_IGH_cdr3.csv
AVAY,background_IGH_cdr3.csv
AREGFYCSSTSCQSGGWFDP,background_IGH_cdr3.csv
ARGRDGYQECFDY,background_IGH_cdr3.csv
YLRYGL,background_IGH_cdr3.csv
VGYTTHDF,background_IGH_cdr3.csv
ARGYGDY,background_IGH_cdr3.csv
AWHAFHDYGVIDY,background_IGH_cdr3.csv
ARYDWSGSD,background_IGH_cdr3.csv
ARVYGKDYYSYGMDV,background_IGH_cdr3.csv
ARYDIYWLYRPDY,background_IGH_cdr3.csv
AKVGGEWELLDY,background_IGH_cdr3.csv
ARHTSVSAYDFWSGFSSPQYFDY,background_IGH_cdr3.csv
AASSTHDY,background_IGH_cdr3.csv
ARGKDIVVVPAANGVNCFDI,background_IGH_cdr3.csv
MSDTAVYLGGGVVITKFSDAFDI,background_IGH_cdr3.csv
ERLVPAVVATILLFGL,background_IGH_cdr3.csv
ARVSGRSATTNELDY,background_IGH_cdr3.csv
AIEMGMD,background_IGH_cdr3.csv
ARDLDSSAFDY,background_IGH_cdr3.csv
ARRVTYASEFDP,background_IGH_cdr3.csv
ARDLQCNGTSWFPVDY,background_IGH_cdr3.csv
ARDSGYYYGNTLDV,background_IGH_cdr3.csv
ARSPYDFWSGYHHQYFDY,background_IGH_cdr3.csv
ARDSTNMVRGTRHNWFDP,background_IGH_cdr3.csv
REGSAYGSGSYYIQKVSMTT,background_IGH_cdr3.csv
ARDTGVAGRGGGTVDY,background_IGH_cdr3.csv
AREWRSGNYYYYGMDV,background_IGH_cdr3.csv
YARQWPYGMDV,background_IGH_cdr3.csv
ASKTNYDWVDY,background_IGH_cdr3.csv
ARDCSSCYYYGMDV,background_IGH_cdr3.csv
RGTY,background_IGH_cdr3.csv
ARDFRARLRTVYKPRDQYQLQTGGAFDI,background_IGH_cdr3.csv
ARDTPTIVVVAAVMAPKPDAFDN,background_IGH_cdr3.csv
AKCSSRLYTGAFDP,background_IGH_cdr3.csv
AKDSAPMDDSSGYPDY,background_IGH_cdr3.csv
ARQATRGPDYGGKPTFDY,background_IGH_cdr3.csv
ARGRLEFGGVLDY,background_IGH_cdr3.csv
AREAGPSGGTNFCCYFDY,background_IGH_cdr3.csv
ARGD,background_IGH_cdr3.csv
ARIISLAAYDY,background_IGH_cdr3.csv
ARGVDGYGYYGYNWFDY,background_IGH_cdr3.csv
AREPQGTYDFWSGYRPSTTRYYGMDV,background_IGH_cdr3.csv
AKGYDSSGYYQHVVGVYFDY,background_IGH_cdr3.csv
AKDFWSLGYDFWRGGLDAFDI,background_IGH_cdr3.csv
ARQGYSGYGLTDAFDI,background_IGH_cdr3.csv
EKWGCPSTRCAKKEGVLLLRYGR,background_IGH_cdr3.csv
ERLEW,background_IGH_cdr3.csv
ERAGTNCSRSQL,background_IGH_cdr3.csv
EVSCGSSCP,background_IGH_cdr3.csv
ELR,background_IGH_cdr3.csv
ARTYYYMD,background_IGH_cdr3.csv
ARTGVVRCDGLDINPRDY,background_IGH_cdr3.csv
HGRVLSY,background_IGH_cdr3.csv
ARDQTRLFDY,background_IGH_cdr3.csv
EKSGLWCMLRL,background_IGH_cdr3.csv
EGTLVALL,background_IGH_cdr3.csv
ARHYSALDH,background_IGH_cdr3.csv
AEATGRELPDDYYDGMDV,background_IGH_cdr3.csv
ARGAYYYYGMDV,background_IGH_cdr3.csv
ERPMGRL,background_IGH_cdr3.csv
ARTSGL,background_IGH_cdr3.csv
DGYD,background_IGH_cdr3.csv
VSHNHSYFFDS,background_IGH_cdr3.csv
RGPQITMIVVVITWTT,background_IGH_cdr3.csv
AKSLADGYD,background_IGH_cdr3.csv
ARVSGLAGF,background_IGH_cdr3.csv
ARGTPTPTDIVVAPDDSYYFDY,background_IGH_cdr3.csv
ASLNFCSGDICLGREN,background_IGH_cdr3.csv
H,background_IGH_cdr3.csv
AKVPESHRSLGTAPGQWLNYYYGFDV,background_IGH_cdr3.csv
RADTVYYCAEGAVGYPDY,background_IGH_cdr3.csv
ARGTTMIVVVISTPFDY,background_IGH_cdr3.csv
ARDHTAMVAIDY,background_IGH_cdr3.csv
ARSCCLYYYYGMDV,background_IGH_cdr3.csv
ATGPQQWELSPPIVH,background_IGH_cdr3.csv
ARAGVMTTGAFDI,background_IGH_cdr3.csv
ARSHYNYDY,background_IGH_cdr3.csv
PAWF,background_IGH_cdr3.csv
ARGVYAIPKYYYYGMDV,background_IGH_cdr3.csv
ATSGTPRFEGGY,background_IGH_cdr3.csv
TS,background_IGH_cdr3.csv
ARDSSCEAVDY,background_IGH_cdr3.csv
KHLSLRMTSVTVADTATYYCARHYSALDH,background_IGH_cdr3.csv
ARGIMVLGVYWFDH,background_IGH_cdr3.csv
ARHDIKSFSEFSPPQTHDS,background_IGH_cdr3.csv
ADTAVYCARRGYAASWYDATFDA,background_IGH_cdr3.csv
VRGEVAILVVPGATGGDF,background_IGH_cdr3.csv
ARGCSTSCD,background_IGH_cdr3.csv
ARVAAAW,background_IGH_cdr3.csv
ARDVSGVPASN,background_IGH_cdr3.csv
AYHSGHYYYG,background_IGH_cdr3.csv
GPAPATCLLLLRRSGR,background_IGH_cdr3.csv
AKEISVGATFPFDY,background_IGH_cdr3.csv
ARDWGRRTLYFDY,background_IGH_cdr3.csv
ESGSKGFRYCSSTSCQVEWELLWL,background_IGH_cdr3.csv
ARDRVVVVAAELTFYYAFDI,background_IGH_cdr3.csv
AKRSVGAGTFDY,background_IGH_cdr3.csv
ARDPGFDY,background_IGH_cdr3.csv
ARQRSSSYYFD,background_IGH_cdr3.csv
AKDAMWVVAATGYYAMDV,background_IGH_cdr3.csv
ETLLGTRP,background_IGH_cdr3.csv
ARGEKYCASTSCYKRGYYFDY,background_IGH_cdr3.csv
ASRMNYDEKEDDAFDM,background_IGH_cdr3.csv
ARGRRYTAMGTYWYFDL,background_IGH_cdr3.csv
AKEGGGCSSTSCYLADLPWGGWFDP,background_IGH_cdr3.csv
AGGVVAN,background_IGH_cdr3.csv
ARDHGTSGTTRQIDY,background_IGH_cdr3.csv
ARGAGFYYDGGGASSCGFDY,background_IGH_cdr3.csv
ARDFPHIYASSPQDAFDI,background_IGH_cdr3.csv
YYCPYFWGYYYYYGMDV,background_IGH_cdr3.csv
WFGYFDY,background_IGH_cdr3.csv
ARDAIHCSSTSC,background_IGH_cdr3.csv
VREGYGDSTYWFDP,background_IGH_cdr3.csv
ARHGLCFCRSCSGDCYYYGIDY,background_IGH_cdr3.csv
ARAFDI,background_IGH_cdr3.csv
AREKENYYYYGDDV,background_IGH_cdr3.csv
ARAVGATTRAYFD,background_IGH_cdr3.csv
ATSGTPFEY,background_IGH_cdr3.csv
ARDLYCD,background_IGH_cdr3.csv
ESPLLWFELVRP,background_IGH_cdr3.csv
ARGGGYYGMDV,background_IGH_cdr3.csv
VYARWDY,background_IGH_cdr3.csv
ARGYYYFFY,background_IGH_cdr3.csv
AREVATVRGYGFDY,background_IGH_cdr3.csv
ARGMAVAATLAFD,background_IGH_cdr3.csv
ARGGVFGVVPAAKYYYYYGMDV,background_IGH_cdr3.csv
ARADLAFRGLLRLPIDY,background_IGH_cdr3.csv
ARDRWFWRHYYYYGMDV,background_IGH_cdr3.csv
AKGSY,background_IGH_cdr3.csv
ARDTPSSSTSCYLCYYYGMDV,background_IGH_cdr3.csv
AGGTREPDPPYYYYGMDV,background_IGH_cdr3.csv
TRGRTAGVGL,background_IGH_cdr3.csv
ARVVPGVGFDP,background_IGH_cdr3.csv
AKATVGELRSQTPYGMDV,background_IGH_cdr3.csv
ARFNTYSSSTSCYWVAFDI,background_IGH_cdr3.csv
TPDHDAFDI,background_IGH_cdr3.csv
ERLLPPGTYR,background_IGH_cdr3.csv
GRWRALHGRRFLEWLFPARL,background_IGH_cdr3.csv
ARGFGTFD,background_IGH_cdr3.csv
AKERYDGPRTLDY,background_IGH_cdr3.csv
ATSGTPFEY,background_IGH_cdr3.csv
ARVYSSYYFD,background_IGH_cdr3.csv
AIIPDPRLAVAEGNDAFDI,background_IGH_cdr3.csv
ARVRTVVVYAFDI,background_IGH_cdr3.csv
ARLVRFCSGGSCSYYFDYGMDV,background_IGH_cdr3.csv
ESTDSGGLR,background_IGH_cdr3.csv
ARVRGSSRWLRYFDV,background_IGH_cdr3.csv
ARGKQEAVAGTNQAWFD,background_IGH_cdr3.csv
REAPSSVWTS,background_IGH_cdr3.csv
ARILWFGDPVKDGNWFDP,background_IGH_cdr3.csv
ARVFVYVVVFVSSSWYLGPLVNDAFDI,background_IGH_cdr3.csv
ARSYDWRLYGMDV,background_IGH_cdr3.csv
ARWDQLYYYGD,background_IGH_cdr3.csv
ARGGEIAVAGHYYYGMDD,background_IGH_cdr3.csv
SWYAQRGQRGLFRLPDPYFDY,background_IGH_cdr3.csv
AVRDSRSD,background_IGH_cdr3.csv
ARGESDGWYTYGMDV,background_IGH_cdr3.csv
ARYHDSSGYLDQDY,background_IGH_cdr3.csv
AKRGDY,background_IGH_cdr3.csv
ARYMGSND,background_IGH_cdr3.csv
ERLWLPVRP,background_IGH_cdr3.csv
ARRGGYHLDI,background_IGH_cdr3.csv
TRDRNYDSWSAYSRHEAFDI,background_IGH_cdr3.csv
ARGLSSSWFDY,background_IGH_cdr3.csv
AREGFIYHTGMDV,background_IGH_cdr3.csv
AYRAAYYYMDV,background_IGH_cdr3.csv
ASLFPGY,background_IGH_cdr3.csv
ARADSGGINEYYYDSSGYYAPDL,background_IGH_cdr3.csv
ARLLVDWYFDL,background_IGH_cdr3.csv
KQKAADAYYCRTGIAAAGG,background_IGH_cdr3.csv
ESQVG,background_IGH_cdr3.csv
ARGGDHRDRAQYRRGGLDY,background_IGH_cdr3.csv
YYGMDV,background_IGH_cdr3.csv
EPVRLRYGR,background_IGH_cdr3.csv
AKAGAIAADPFDY,background_IGH_cdr3.csv
ARGKVVTTVDY,background_IGH_cdr3.csv
EFYSGSCPTK,background_IGH_cdr3.csv
ARGDY,background_IGH_cdr3.csv
ARPGAATPDY,background_IGH_cdr3.csv
ERLRRLV,background_IGH_cdr3.csv
ARDYYDRSRFDY,background_IGH_cdr3.csv
ARRDNWNDVLNI,background_IGH_cdr3.csv
ARVLGGFDY,background_IGH_cdr3.csv
AIDLGYPYGMLDYGSGSYYTMGGY,background_IGH_cdr3.csv
ARVRWVARDAFDI,background_IGH_cdr3.csv
RVIAVAGTPLTT,background_IGH_cdr3.csv
ARGMFDAFDY,background_IGH_cdr3.csv
ARRRPD,background_IGH_cdr3.csv
ARDGGSGWSYFQH,background_IGH_cdr3.csv
ARAGVYNWNDRGGFDY,background_IGH_cdr3.csv
ARDAADYCYGLDF,background_IGH_cdr3.csv
ENRTRGYSYGPNGRYGR,background_IGH_cdr3.csv
VGYCSSWLAGLVRP,background_IGH_cdr3.csv
AREEGYDY,background_IGH_cdr3.csv
AKARPAMIVVVTVFDY,background_IGH_cdr3.csv
ARGIVVITQTNGFDI,background_IGH_cdr3.csv
CYWSDY,background_IGH_cdr3.csv
ARQGPQSYDYSKYRGGLLANNYGMDV,background_IGH_cdr3.csv
ARDRDFWSGLGKYYFDY,background_IGH_cdr3.csv
RGHGCLLCESHTSVYYYD,background_IGH_cdr3.csv
ARSSGWYRAFDI,background_IGH_cdr3.csv
GDY,background_IGH_cdr3.csv
ARVCLHCGGDDKGFDY,background_IGH_cdr3.csv
ARHYSALDH,background_IGH_cdr3.csv
AKHGASRYFDL,background_IGH_cdr3.csv
ARGGFLGPITMVRGVINAFDY,background_IGH_cdr3.csv
ARVWALGPCSGSFDY,background_IGH_cdr3.csv
ARHSHYYDSSGYYVPMALDV,background_IGH_cdr3.csv
VKGEGYINLGFDR,background_IGH_cdr3.csv
ARRGGEQDAFDI,background_IGH_cdr3.csv
ATVTKYYYYYGMDV,background_IGH_cdr3.csv
ERQVLRFLEWLFRSLLRYGR,background_IGH_cdr3.csv
ARRGNRYCSSTSCSTTLYYYYYGMDV,background_IGH_cdr3.csv
VAATYYCARGGHDYDNWFDP,background_IGH_cdr3.csv
ARRGCVLNY,background_IGH_cdr3.csv
ARQFYHDTSRSSSYWYFDL,background_IGH_cdr3.csv
DYCSTCYYYGMDV,background_IGH_cdr3.csv
ARDCVCYMD,background_IGH_cdr3.csv
ARDRRPFWDGSGYYYYGLDV,background_IGH_cdr3.csv
ARGRYGYDY,background_IGH_cdr3.csv
TSPYCSSTSCYLDGYYYGMDV,background_IGH_cdr3.csv
LPYVLGSGGCGGRNWD,background_IGH_cdr3.csv
ARDPGGSSGCLDY,background_IGH_cdr3.csv
ARTYF,background_IGH_cdr3.csv
ARQGWGSSSLDY,background_IGH_cdr3.csv
ARDGSLDY,background_IGH_cdr3.csv
NPEVYGEL,background_IGH_cdr3.csv
ARVGLSGEYQLLYSLWEYYYFDY,background_IGH_cdr3.csv
ARQKFRYIIGRSFFDY,background_IGH_cdr3.csv
ARVTKIVVTISPDAFDI,background_IGH_cdr3.csv
RGGSLAADDKWFDP,background_IGH_cdr3.csv
TSYGMDD,background_IGH_cdr3.csv
ASETRGYSSSWYGGRPFDY,background_IGH_cdr3.csv
AKRGYLGAFDI,background_IGH_cdr3.csv
AAVYYARISGEGVRWD,background_IGH_cdr3.csv
D,background_IGH_cdr3.csv
ARDLLKGPRGVSWSGYLS,background_IGH_cdr3.csv
ESQLVCWQL,background_IGH_cdr3.csv
AKGQSDFGVLTSYGMDV,background_IGH_cdr3.csv
AGW,background_IGH_cdr3.csv
ARDSGYEVD,background_IGH_cdr3.csv
GRANYDSSGYYLDY,background_IGH_cdr3.csv
ARDGAVAATRYGMDV,background_IGH_cdr3.csv
ARRKTGGYDYGMDV,background_IGH_cdr3.csv
ERFGYGSIL,background_IGH_cdr3.csv
AYGSCYGFD,background_IGH_cdr3.csv
ARSRGQYGYYGIDV,background_IGH_cdr3.csv
ARVGDD,background_IGH_cdr3.csv
ARIVLRLLEWLPSGLGWFDP,background_IGH_cdr3.csv
SRVQNVDIVAPDRGYCGGDCYPPCVDY,background_IGH_cdr3.csv
TTGGDTRGIFGVVRCYYFDY,background_IGH_cdr3.csv
AREGGTYDSSGYLDY,background_IGH_cdr3.csv
ATGPQQWELSPPIVH,background_IGH_cdr3.csv
ASFDYYDSSGYSTLGAFDI,background_IGH_cdr3.csv
AGDFGVVPSLFDY,background_IGH_cdr3.csv
ARPMTTRVNYYGMDV,background_IGH_cdr3.csv
ARDYYGRTGFDY,background_IGH_cdr3.csv
ARDLRVVPAAIEYYYYYYGMDV,background_IGH_cdr3.csv
ARDVRGVLRWFEWLSRRDAFD,background_IGH_cdr3.csv
ARDAPYDSSGYYPFDY,background_IGH_cdr3.csv
WYD,background_IGH_cdr3.csv
ARGTPTPTDIVVAPDDSYYFDY,background_IGH_cdr3.csv
ARDGSCNVDAYYYYGIDV,background_IGH_cdr3.csv
ARDRRVNYSLYDFWSGFLAFDP,background_IGH_cdr3.csv
ARGDSGSY,background_IGH_cdr3.csv
ARVKSVGSSSWYEIGYFDL,background_IGH_cdr3.csv
AFGTGLYSGSYGFMDY,background_IGH_cdr3.csv
ARGRVYCSSTSCYGFFDY,background_IGH_cdr3.csv
VRDDWSCTGSNCCRVIDH,background_IGH_cdr3.csv
ARGYDSGYYPYYYYGDV,background_IGH_cdr3.csv
TWEREVLLLRYGR,background_IGH_cdr3.csv
ARVGSIGPKVDAFDL,background_IGH_cdr3.csv
AREVGATDY,background_IGH_cdr3.csv
ARGRKGRIAARPPERGWFDP,background_IGH_cdr3.csv
YCARDVTRSAT,background_IGH_cdr3.csv
ARGGGPRNDYYGMDV,background_IGH_cdr3.csv
ATRLLGGGNYSDTGGYES,background_IGH_cdr3.csv
ATSGTPFQH,background_IGH_cdr3.csv
AKGMMAPSHPLTNYYYYGMDV,background_IGH_cdr3.csv
AKGDSATHEGIHFQD,background_IGH_cdr3.csv
ASDTRGYSYLSGYYGMDV,background_IGH_cdr3.csv
AKAGATPPFDY,background_IGH_cdr3.csv
AKEDLSITMIVVVINPPDDY,background_IGH_cdr3.csv
ARDPQYQQGIAAAGSEGP,background_IGH_cdr3.csv
ARASLGSSSYGMDV,background_IGH_cdr3.csv
LYGMDV,background_IGH_cdr3.csv
ARVVLNRDTAMDPFDY,background_IGH_cdr3.csv
AEGSGSYYDYYYGMDV,background_IGH_cdr3.csv
ASGLRGAFDI,background_IGH_cdr3.csv
ARGGSSSRERWFDP,background_IGH_cdr3.csv
ADY,background_IGH_cdr3.csv
VTATYARYGSD,background_IGH_cdr3.csv
ESPRHAAVVTRSVGL,background_IGH_cdr3.csv
ARLEAGDNYYYGMDV,background_IGH_cdr3.csv
ARGYDY,background_IGH_cdr3.csv
KNLSLRMTSVTVADTATYYCARHYSALDH,background_IGH_cdr3.csv
ADGLVWKDGD,background_IGH_cdr3.csv
ADTAVYYCALTPRWPMGMYYFD,background_IGH_cdr3.csv
ARNRAASDYYYGMDV,background_IGH_cdr3.csv
ASLEGGGNSGNWYFDL,background_IGH_cdr3.csv
AREVVAPGYYYYGMDV,background_IGH_cdr3.csv
VGDDLALRGLSDR,background_IGH_cdr3.csv
ETLPVDYSKGVRLSLLLLRYGR,background_IGH_cdr3.csv
SLRSLLL,background_IGH_cdr3.csv
ARPGCTSLTCPYYFDF,background_IGH_cdr3.csv
AREEEHGSGFDH,background_IGH_cdr3.csv
ARLRWYFDP,background_IGH_cdr3.csv
ARDYGGFD,background_IGH_cdr3.csv
ARVDRVYDILTGYPQRNYYYGVDV,background_IGH_cdr3.csv
ESGGSCLLLLLRYGR,background_IGH_cdr3.csv
ERRGPRN,background_IGH_cdr3.csv
TRAWEWELLLDY,background_IGH_cdr3.csv
NEGKWAIVDSCRWLLLRYGR,background_IGH_cdr3.csv
ARTRIAAGYFDY,background_IGH_cdr3.csv
ARLRPTSQYDLSGYAGVDY,background_IGH_cdr3.csv
ARGGYWNYGGLFYYFDY,background_IGH_cdr3.csv
AYMLLRSDTAVYYCARGYSSDYYMDV,background_IGH_cdr3.csv
ARLGDYGDYFDY,background_IGH_cdr3.csv
AGIAVAGVDY,background_IGH_cdr3.csv
AKDIFIIPPGIAAAGTGGGFDY,background_IGH_cdr3.csv
ARSAPCSTTSCYQDGMDA,background_IGH_cdr3.csv
ARHGPYGFWAATDY,background_IGH_cdr3.csv
ARVPGATRGYYLDS,background_IGH_cdr3.csv
ARDWRIFGSADY,background_IGH_cdr3.csv
DP,background_IGH_cdr3.csv
AGDLWRPTGGA,background_IGH_cdr3.csv
ARESRADY,background_IGH_cdr3.csv
ARDLMGSGCFAYDI,background_IGH_cdr3.csv
ARDGLRYYDY,background_IGH_cdr3.csv
SLGAAMSLDSTANSLTLKSVTAATAMYFCARFWTPHYPSNWFDP,background_IGH_cdr3.csv
ARDSGWLDPWGKKYYYYGMDV,background_IGH_cdr3.csv
RDWLTTVWTS,background_IGH_cdr3.csv
AKSAVVVIAIGEYFDYGMDV,background_IGH_cdr3.csv
ARAWCGGDCYGGFRNWFDP,background_IGH_cdr3.csv
EREGYNWNYVVL,background_IGH_cdr3.csv
ARDLPPRVVAATPFYYYGIDY,background_IGH_cdr3.csv
AVVIGMDV,background_IGH_cdr3.csv
ARRIYYDSPVGAFDI,background_IGH_cdr3.csv
ARDSRYSYGPTPQPY,background_IGH_cdr3.csv
DTAVYYCARSYGMDV,background_IGH_cdr3.csv
ARGRDSSGWCYADAFDY,background_IGH_cdr3.csv
ESGWLLRYGR,background_IGH_cdr3.csv
TWV,background_IGH_cdr3.csv
RLGPLLLLRG,background_IGH_cdr3.csv
ERNPGTTRL,background_IGH_cdr3.csv
ARVRGSYYPDAFDI,background_IGH_cdr3.csv
ARFASTPFDWWYFDL,background_IGH_cdr3.csv
ARGFGWQNWFDP,background_IGH_cdr3.csv
AKDRGSAAAPEYYGMDV,background_IGH_cdr3.csv
ARAGGGYDNGDF,background_IGH_cdr3.csv
AKDHEGYNLPDFDY,background_IGH_cdr3.csv
AGNVNYYDSSEFDP,background_IGH_cdr3.csv
ERFSRGFFKWSQILPLRFGR,background_IGH_cdr3.csv
EWLSILGAQFR,background_IGH_cdr3.csv
ARHSGMWTGSYSSTLGDRSSED,background_IGH_cdr3.csv
AYG,background_IGH_cdr3.csv
RDWDIVVVVAAGTTLTT,background_IGH_cdr3.csv
ETWGRRWLRMGL,background_IGH_cdr3.csv
ARDIWEEAPASIPMYYFDY,background_IGH_cdr3.csv
ARANTPMGSKPIYYYYSMDV,background_IGH_cdr3.csv
ARAIAAADAQSEYFRH,background_IGH_cdr3.csv
ARPVSPAAHYYDSSGEM,background_IGH_cdr3.csv
AKDISRFSGAAAGRGYFDL,background_IGH_cdr3.csv
ARDPCYSNYGGCYYYYGMDV,background_IGH_cdr3.csv
ARGSWDDSFDF,background_IGH_cdr3.csv
VKDGNYNDLDH,background_IGH_cdr3.csv
AAVYYARGSSRNY,background_IGH_cdr3.csv
ASVRVVPAAMPYPDYYYYGMDV,background_IGH_cdr3.csv
ARDETMISFQH,background_IGH_cdr3.csv
ARAGVIFGVVITYYFDY,background_IGH_cdr3.csv
ARDA,background_IGH_cdr3.csv
ARDGWLLEGPKSRSPLRGMDV,background_IGH_cdr3.csv
ARLAGTTFDY,background_IGH_cdr3.csv
AKGYEVHYFDY,background_IGH_cdr3.csv
AKDKSPYLLLPSYFDY,background_IGH_cdr3.csv
DY,background_IGH_cdr3.csv
ARHATGPTIGGRGFDY,background_IGH_cdr3.csv
AKEITIFGVENV,background_IGH_cdr3.csv
AKGVNYDFWSGYGY,background_IGH_cdr3.csv
AKGRRGSGFSHYLDS,background_IGH_cdr3.csv
ARGLDAFDI,background_IGH_cdr3.csv
ARDLPHAIFGVVAYSGMD,background_IGH_cdr3.csv
ARIRKRGDSDGLGY,background_IGH_cdr3.csv
ARGGPSSSLDY,background_IGH_cdr3.csv
ARAQNYFDSSGYYENLSFDS,background_IGH_cdr3.csv
EGCRGGRLLLLRYGR,background_IGH_cdr3.csv
ARGMVRGASCYYYGMDV,background_IGH_cdr3.csv
ARVFWEGYCTSTSCYEEVDP,background_IGH_cdr3.csv
ARERSDDYGGNLGTDYFDY,background_IGH_cdr3.csv
ARHKSYGHSSNYDAFNI,background_IGH_cdr3.csv
AKYYDSSGYYFSGGMDV,background_IGH_cdr3.csv
ARDGGRSVGATSGAADFDY,background_IGH_cdr3.csv
ARDLMVAIAAVYFFDH,background_IGH_cdr3.csv
AIEPRWVAGDYFDC,background_IGH_cdr3.csv
AKDGAAMGLFDY,background_IGH_cdr3.csv
ARDKPLAAYY,background_IGH_cdr3.csv
ARVTADTAYCARGCD,background_IGH_cdr3.csv
AVYGSGSYYNY,background_IGH_cdr3.csv
AREAPGENWFDP,background_IGH_cdr3.csv
AAGNFDFWTWWY,background_IGH_cdr3.csv
ARYDYSDH,background_IGH_cdr3.csv
ARIPMVRVIIEGVLLR,background_IGH_cdr3.csv
ARGGYSSYNWSYFDY,background_IGH_cdr3.csv
ARADYASDGKTLYYYGMDV,background_IGH_cdr3.csv
ARLDGNGNYEGFRNVFDI,background_IGH_cdr3.csv
ARGGVANGFDY,background_IGH_cdr3.csv
TKAAGVGRELSPFDY,background_IGH_cdr3.csv
TTTRL,background_IGH_cdr3.csv
ATDSGGCLYGDV,background_IGH_cdr3.csv
KAGSKRTSDSKNTLLQMNLRAEDTAVYYCASVAGDY,background_IGH_cdr3.csv
VAATCYIDY,background_IGH_cdr3.csv
ARDSGWSYKDAFDI,background_IGH_cdr3.csv
ARDRVGGLFADILTGYYSY,background_IGH_cdr3.csv
ARLGDFWSGTDNWFDP,background_IGH_cdr3.csv
AGCRGCRDYGVSYGVDV,background_IGH_cdr3.csv
HVQPEAELDRRRGCVLEGVSTSCGGMDV,background_IGH_cdr3.csv
VYCARPYWYYYYGMDV,background_IGH_cdr3.csv
ARGDSVVVVPAAIRTPPHLDY,background_IGH_cdr3.csv
ARGHYDGY,background_IGH_cdr3.csv
AKTQGYYDY,background_IGH_cdr3.csv
ARGGSPSFGYYDSSGYYCYFDY,background_IGH_cdr3.csv
ARGDDHDAFDI,background_IGH_cdr3.csv
ARGYFQH,background_IGH_cdr3.csv
ARYGGPGGGSFDP,background_IGH_cdr3.csv
AKPQDLVVITTALDY,background_IGH_cdr3.csv
AEDEIGAAIDY,background_IGH_cdr3.csv
AKSPQDLVVITTALDY,background_IGH_cdr3.csv
ATNTESSYHGY,background_IGH_cdr3.csv
ARGEYSSWFDY,background_IGH_cdr3.csv
ARDVGPGGWFDP,background_IGH_cdr3.csv
ARHVRAYCSGGSCSHLYGMDV,background_IGH_cdr3.csv
ARSLSSIAARPYFQH,background_IGH_cdr3.csv
ARRGTTRSDY,background_IGH_cdr3.csv
AERYVLPL,background_IGH_cdr3.csv
ESQGQLFRRL,background_IGH_cdr3.csv
ARDGSGSYYFDY,background_IGH_cdr3.csv
ARRYFSSTSCYRHEPPRLRYYYYGMDV,background_IGH_cdr3.csv
ARGLRWGVVTPLEY,background_IGH_cdr3.csv
AKTVRVGRALYGMDV,background_IGH_cdr3.csv
ASSSPSGGYFDY,background_IGH_cdr3.csv
ERLPFVLRERYGR,background_IGH_cdr3.csv
ARPRNTYYDYYGMDD,background_IGH_cdr3.csv
ARGGGSSSCCGGLDF,background_IGH_cdr3.csv
AGGD,background_IGH_cdr3.csv
AKERITMIVVAVYRSGIDY,background_IGH_cdr3.csv
ARVVGGAVTYYYYAMDV,background_IGH_cdr3.csv
TATAASYYGDV,background_IGH_cdr3.csv
ARVLAAFD,background_IGH_cdr3.csv
ARDIRFLQMNLEDTAVYYCARDDIGGYD,background_IGH_cdr3.csv
ARQGPQAYDYSNYRGGLLANNYGMDV,background_IGH_cdr3.csv
EEAYSFE,background_IGH_cdr3.csv
ARAKGTWGWFDP,background_IGH_cdr3.csv
ARGVVGAFDY,background_IGH_cdr3.csv
VYCARGAAG,background_IGH_cdr3.csv
ATRWGSGSYPKPLSYYYYYGMDV,background_IGH_cdr3.csv
ARGGCYGDS,background_IGH_cdr3.csv
REATRGPWAGSNP,background_IGH_cdr3.csv
AKVPFERAVAGPYGDAFDI,background_IGH_cdr3.csv
AIYGSGSFYDAFDI,background_IGH_cdr3.csv
EYFLR,background_IGH_cdr3.csv
ARGRENGGEPTDFNWFDP,background_IGH_cdr3.csv
HYRSTSRPDAFDI,background_IGH_cdr3.csv
ARVRRDDAFDI,background_IGH_cdr3.csv
ARTRFPRYCSSTSCYTPEVY,background_IGH_cdr3.csv
ARSWGGYD,background_IGH_cdr3.csv
AKGQSDFGVLTSYGMDV,background_IGH_cdr3.csv
ARGTDSGYSYDLGFDY,background_IGH_cdr3.csv
ARGAVQLGYSVDY,background_IGH_cdr3.csv
ARGVTIGVDY,background_IGH_cdr3.csv
AKDGYYYGSGPTQFDY,background_IGH_cdr3.csv
VTAADAVYYADY,background_IGH_cdr3.csv
ARCGSDSSPSGYYYSGIDY,background_IGH_cdr3.csv
GGGSVPYDFWSGYSYYYYYYGMDV,background_IGH_cdr3.csv
ARHDIKFSFSEFSPPQTHDS,background_IGH_cdr3.csv
ARSGVVPAAKWIHQPYGMDV,background_IGH_cdr3.csv
ARDYGGCWGGDFFDY,background_IGH_cdr3.csv
ARHVMYSSSWSETQVNAFDI,background_IGH_cdr3.csv
ARVGYCSGCYDY,background_IGH_cdr3.csv
FDY,background_IGH_cdr3.csv
ETNRGQYLLLLRYGR,background_IGH_cdr3.csv
ARVPDDY,background_IGH_cdr3.csv
ARHSSGPFDY,background_IGH_cdr3.csv
AGYSWLGDNYYYYYGMDV,background_IGH_cdr3.csv
ARSCSPAHYDYYYYGMDV,background_IGH_cdr3.csv
RGRGVEGGGSYYSTTTTVWTS,background_IGH_cdr3.csv
ARAEGADCYFYYWLDV,background_IGH_cdr3.csv
ARDCGPGGDCYDHTAYLSSTRYYYYYGMDV,background_IGH_cdr3.csv
GRGQGLAAQDV,background_IGH_cdr3.csv
AKV,background_IGH_cdr3.csv
ARGVNVATGDYFDY,background_IGH_cdr3.csv
ARPIVLRQLWLFDY,background_IGH_cdr3.csv
ARRSSSSGTWST,background_IGH_cdr3.csv
ASYGMDV,background_IGH_cdr3.csv
ARVSIAVATDCFDY,background_IGH_cdr3.csv
RDIGT,background_IGH_cdr3.csv
ALRRVRGDY,background_IGH_cdr3.csv
ARRAIAAARGYWYFDL,background_IGH_cdr3.csv
AGF,background_IGH_cdr3.csv
AKDRSRVTVALTYGMDV,background_IGH_cdr3.csv
ARDLGLEEDH,background_IGH_cdr3.csv
TVL,background_IGH_cdr3.csv
ARDKGIAAPTKAPDVFPIISGCRHPKDNSPVVLACLITGYHPTSVTVTWY,background_IGH_cdr3.csv
EGATYYSGYLRTSPRSNQLLRYGR,background_IGH_cdr3.csv
ARGPDYYYYYGMDV,background_IGH_cdr3.csv
ARDGGSSEYGMDV,background_IGH_cdr3.csv
ARLQVVAAIMRGYFDY,background_IGH_cdr3.csv
ARPQRYYCDSSGAH,background_IGH_cdr3.csv
ARRHGGPNCSSTSCEYGMDV,background_IGH_cdr3.csv
GYYCAR,background_IGH_cdr3.csv
ARESVWSDYWSYSHGLDV,background_IGH_cdr3.csv
AKSGGEPLGYYGMDV,background_IGH_cdr3.csv
D,background_IGH_cdr3.csv
ARGGERYYDFWSGYYFDY,background_IGH_cdr3.csv
SRGPRYCSRTSCQWRPPPGNYGMDV,background_IGH_cdr3.csv
ARHLLRRLEWEEDAFDI,background_IGH_cdr3.csv
RWSGRLVLRS,background_IGH_cdr3.csv
ERFFVRGVWSGTRGLVLRS,background_IGH_cdr3.csv
ATDPLEWSIDY,background_IGH_cdr3.csv
ARDSSCSSSICYGAFDI,background_IGH_cdr3.csv
GMDV,background_IGH_cdr3.csv
ETSRRCTLLLVRYGL,background_IGH_cdr3.csv
ARDQMVAEWFDP,background_IGH_cdr3.csv
ARITKEWRRSGESTEYYYGMDV,background_IGH_cdr3.csv
RERVRRGPTTTTVWTS,background_IGH_cdr3.csv
ARTRITMIRGVVTPHYFDY,background_IGH_cdr3.csv
ERGQLVQVRP,background_IGH_cdr3.csv
ARDRRDFWSSYYSDYYYGMDV,background_IGH_cdr3.csv
GLKDYFDY,background_IGH_cdr3.csv
GFDY,background_IGH_cdr3.csv
ARDRGYCTSRKCYTGNSATFDY,background_IGH_cdr3.csv
ARGGAWPRDDFDY,background_IGH_cdr3.csv
ARAIAAADASEYFRH,background_IGH_cdr3.csv
AREARDQVWWEWFDP,background_IGH_cdr3.csv
ARLIVVVTVPQYWYFDL,background_IGH_cdr3.csv
ARARTGGALTSIKRYYYGSGPSNDGMDV,background_IGH_cdr3.csv
AKDRPPYCGGDCYSDY,background_IGH_cdr3.csv
ARISKAAATPGARDY,background_IGH_cdr3.csv
ARDASGVDRVAVAQHYYYYYGMDV,background_IGH_cdr3.csv
ESGYLVLRYGR,background_IGH_cdr3.csv
ARGSFGGVIIRRRYFDY,background_IGH_cdr3.csv
ATKPSSSWVFDY,background_IGH_cdr3.csv
AKGSYYYGSRTYYLN,background_IGH_cdr3.csv
ARHGHCSSTSCSFDY,background_IGH_cdr3.csv
ARDQGYYDFWSGYYRYYYGMDV,background_IGH_cdr3.csv
ARGRKLSHWYFDL,background_IGH_cdr3.csv
ARRTSGSGSPIDY,background_IGH_cdr3.csv
TTARYGSSWYFGYYFDY,background_IGH_cdr3.csv
AREVGAISRRGDAFDY,background_IGH_cdr3.csv
ARDFGVVITGGSYYAYGMDY,background_IGH_cdr3.csv
TAVYYCARQVAFDI,background_IGH_cdr3.csv
ARADSWTGTSYYGMDV,background_IGH_cdr3.csv
ARGGGYFNT,background_IGH_cdr3.csv
ASHGWKRVTGGLWSGYSPLYYFDY,background_IGH_cdr3.csv
ARDSLASSWYNWFDP,background_IGH_cdr3.csv
ATGSELRAAEYFQH,background_IGH_cdr3.csv
ARGNGRYQLLSFNWFDP,background_IGH_cdr3.csv
ARGYGYYDY,background_IGH_cdr3.csv
TQAAGVGRELSPFDY,background_IGH_cdr3.csv
AVSSERGDDYYGMDV,background_IGH_cdr3.csv
ARALAFRLGATIGQNYYYYGMDV,background_IGH_cdr3.csv
VTAVYCARSLRAIV,background_IGH_cdr3.csv
YCARCSSTSCSSAYGYYYGMDV,background_IGH_cdr3.csv
ARGPGGLPGIDYYYYGMDV,background_IGH_cdr3.csv
ARELAGMQPDGSFDY,background_IGH_cdr3.csv
ARPLVGD,background_IGH_cdr3.csv
ARGEGGYCSSTSCLSAFDP,background_IGH_cdr3.csv
AKAGGGVIADSMDV,background_IGH_cdr3.csv
AWAD,background_IGH_cdr3.csv
ARSLRVYDFWSGYRPNWFDY,background_IGH_cdr3.csv
EESGEYLLLLRYGR,background_IGH_cdr3.csv
ARGYSSYYGDY,background_IGH_cdr3.csv
ATDGVVPAATFFDY,background_IGH_cdr3.csv
APDSGYDSY,background_IGH_cdr3.csv
ERRGPRN,background_IGH_cdr3.csv
ARKLYLPRRLDDYVGGSYRYTGEGRCYYYFGMDV,background_IGH_cdr3.csv
ATLNIVVVPAAIRSPPYYYGMDV,background_IGH_cdr3.csv
ARDYWYSGFDHCFDY,background_IGH_cdr3.csv
ARDRRYCRSTSCYPEYPATHYYYYGMDV,background_IGH_cdr3.csv
ARGSSNYYYYGD,background_IGH_cdr3.csv
ARGKGI,background_IGH_cdr3.csv
ARGIGATTDY,background_IGH_cdr3.csv
GAFDI,background_IGH_cdr3.csv
ARHEEERVVVTATLRDYYYGMDV,background_IGH_cdr3.csv
ARGSVRGVFDI,background_IGH_cdr3.csv
TIVPYTLEGIYGGNSL,background_IGH_cdr3.csv
ARGHYYDSSGYSVY,background_IGH_cdr3.csv
ARHESLPYCSGGSCYPFDY,background_IGH_cdr3.csv
ARGHPGIVVPWFDP,background_IGH_cdr3.csv
ASYPAAGSSWGN,background_IGH_cdr3.csv
ARDRHYFNYDSEYYFGS,background_IGH_cdr3.csv
ARGRELYYYGMDV,background_IGH_cdr3.csv
ARTGSAYRSSSWWGGYGMDV,background_IGH_cdr3.csv
PSPYS,background_IGH_cdr3.csv
ARDSSWLYYYDSSGKIGAFDI,background_IGH_cdr3.csv
ARVAGFD,background_IGH_cdr3.csv
ARRWVGSSGNYYYDGMDV,background_IGH_cdr3.csv
ARGGGYSIDY,background_IGH_cdr3.csv
AREGTVGVSCFDY,background_IGH_cdr3.csv
ARRRGWSWDENAFDI,background_IGH_cdr3.csv
EISGPPGPPAPLLLRYGR,background_IGH_cdr3.csv
AKDLGFLEWLKGYYYGMDV,background_IGH_cdr3.csv
AKDSGYSSSWY,background_IGH_cdr3.csv
ARALW,background_IGH_cdr3.csv
MAVVRDL,background_IGH_cdr3.csv
ARLGKSTMGVGNDY,background_IGH_cdr3.csv
GYDY,background_IGH_cdr3.csv
ESLFVGSGYWALLLRYGR,background_IGH_cdr3.csv
ASSPYDSSGRSCFDF,background_IGH_cdr3.csv
ARVDIAARPDCAFDI,background_IGH_cdr3.csv
GRFHLLYTTGVDYYSGVDV,background_IGH_cdr3.csv
LY,background_IGH_cdr3.csv
ARELETPTFRDWLDS,background_IGH_cdr3.csv
AKDADTEYSSWYTVGDY,background_IGH_cdr3.csv
ARDLTGGAGTDYYYYYGMDV,background_IGH_cdr3.csv
ARDEGYSYEKFDD,background_IGH_cdr3.csv
ARSGVVLVPAAQRKREYYYYGMDV,background_IGH_cdr3.csv
ARVGGPYFDY,background_IGH_cdr3.csv
ARVVTPY,background_IGH_cdr3.csv
GLLEGYYYYGMDV,background_IGH_cdr3.csv
AKGLPSRYFDS,background_IGH_cdr3.csv
ARGTSVDTAMVPAEYYYYYYGMDV,background_IGH_cdr3.csv
ATYCSSTSTYYYYYGMDV,background_IGH_cdr3.csv
ARGWGSSHTLDIP,background_IGH_cdr3.csv
ARMHGGNYGMDV,background_IGH_cdr3.csv
AKEPGIAAAGNFDY,background_IGH_cdr3.csv
AREEEHGSGFDH,background_IGH_cdr3.csv
ARFVRSLEWVPGQYYFDY,background_IGH_cdr3.csv
ARDRMENCSSNDCSSY,background_IGH_cdr3.csv
AKVPGLRLGESPATSYFDY,background_IGH_cdr3.csv
ARVWQVFDY,background_IGH_cdr3.csv
ARDPFVVPAAYNWFDP,background_IGH_cdr3.csv
ARFLNDFWSGRTLFNRNAFDI,background_IGH_cdr3.csv
ADSPLQQLVRDDAFDI,background_IGH_cdr3.csv
ARELVRSTPLYNWFDP,background_IGH_cdr3.csv
LGSDDTAVYYCARVDYDFWSGPINWFDP,background_IGH_cdr3.csv
RDMTWEVGATPYLTT,background_IGH_cdr3.csv
ARDLSCGGPDTAIDN,background_IGH_cdr3.csv
AKSPQDLVVITTALDY,background_IGH_cdr3.csv
AKEPADHIVGATRSSFDY,background_IGH_cdr3.csv
ARDRRSGPRALDC,background_IGH_cdr3.csv
ARGGYNYGY,background_IGH_cdr3.csv
TRDRRDYYDSSGGAFDI,background_IGH_cdr3.csv
ARCGKHSSSWYVDY,background_IGH_cdr3.csv
ARDSGSTSSYYYYGMDV,background_IGH_cdr3.csv
AKVGATVVSRAAYYYGMDV,background_IGH_cdr3.csv
ARVKRGIFGVAYRYWFDP,background_IGH_cdr3.csv
ARDRYDSSGYSSSYWYFDL,background_IGH_cdr3.csv
ARAIQWTGSTAFDYYYGMDV,background_IGH_cdr3.csv
AGHLGSLFPFDY,background_IGH_cdr3.csv
ARLGGDMDIVVVPAAIDH,background_IGH_cdr3.csv
AREDRRNSGSYYGWFDP,background_IGH_cdr3.csv
ARAGGASYYDFWSAAFCYYGMDV,background_IGH_cdr3.csv
ASDVEMATINAFDI,background_IGH_cdr3.csv
ARGGLGSWGWYSLLLDL,background_IGH_cdr3.csv
ARRDRVAVAADYYGMDV,background_IGH_cdr3.csv
AGRRIYDFWSGEP,background_IGH_cdr3.csv
ARIRLRIQNYGMDV,background_IGH_cdr3.csv
ARSVPARDH,background_IGH_cdr3.csv
ARAVAGV,background_IGH_cdr3.csv
ARLDKEKYYYYGMDV,background_IGH_cdr3.csv
EKWGCPSTRCAKKEGVLLLRYGR,background_IGH_cdr3.csv
AASYSNYGIFDY,background_IGH_cdr3.csv
EISSSSWALLLRYGR,background_IGH_cdr3.csv
ARSGATGPSQGDDALDV,background_IGH_cdr3.csv
ARGGGGVDY,background_IGH_cdr3.csv
AR,background_IGH_cdr3.csv
TRDQGGWYPYYVDY,background_IGH_cdr3.csv
AADTAVYYCVRHVGYSGWLDH,background_IGH_cdr3.csv
ATSGTPFQH,background_IGH_cdr3.csv
ARGRVAATCFDL,background_IGH_cdr3.csv
AREGDRRTTSYYYYDSGMDG,background_IGH_cdr3.csv
GLLRYGR,background_IGH_cdr3.csv
AGFDY,background_IGH_cdr3.csv
AREEYYYDSSAYYPYNWFDP,background_IGH_cdr3.csv
ARKGVRFLEWTQIDY,background_IGH_cdr3.csv
ARRGCSNGVCFDY,background_IGH_cdr3.csv
AREGVRKVFGMIVVVNAFDI,background_IGH_cdr3.csv
ARGAAGPLSGFDY,background_IGH_cdr3.csv
ARSARRITIFGVARSMDV,background_IGH_cdr3.csv
ARGGYGSSGFDY,background_IGH_cdr3.csv
ARHKTGYSSSWYRGGEYYYYGMDV,background_IGH_cdr3.csv
ARHYSALDH,background_IGH_cdr3.csv
ARHHGYEYYYGMDV,background_IGH_cdr3.csv
AKGGWIWGAGDH,background_IGH_cdr3.csv
TTGPVVTVAGATTY,background_IGH_cdr3.csv
ATVGVSGDAFDI,background_IGH_cdr3.csv
AKEDGYVDY,background_IGH_cdr3.csv
AKSAVVVIAIGEYFDY,background_IGH_cdr3.csv
ARDHHPEPDDFWSGSGVGWFDP,background_IGH_cdr3.csv
AEPYYYDY,background_IGH_cdr3.csv
LSVTATAVYCRPPRT,background_IGH_cdr3.csv
I,background_IGH_cdr3.csv
YFDL,background_IGH_cdr3.csv
ASDYGAYIHAFDI,background_IGH_cdr3.csv
ATRLSTREYYFDY,background_IGH_cdr3.csv
R,background_IGH_cdr3.csv
ARDGVYGAFDF,background_IGH_cdr3.csv
TGGSD,background_IGH_cdr3.csv
AKSKVVAASPRLYYYYGMDV,background_IGH_cdr3.csv
ARGSKLGLATFPLPSFDY,background_IGH_cdr3.csv
ERSSYEEGSCYYSLCL,background_IGH_cdr3.csv
ARDRSGDYSIWYFDL,background_IGH_cdr3.csv
QGTYDFWSGYRPSTTRYYGMDV,background_IGH_cdr3.csv
AGYQRSSPSGIGDYYGMNI,background_IGH_cdr3.csv
ADRYTLALDY,background_IGH_cdr3.csv
ARGQLLREGFQH,background_IGH_cdr3.csv
ARVSCWSGGHYDFDY,background_IGH_cdr3.csv
AGYFDH,background_IGH_cdr3.csv
ARSHDTYYYDSSGYYYWFDY,background_IGH_cdr3.csv
ERWGPGTIRHFLLLLRYGR,background_IGH_cdr3.csv
ARQLGLDGMDV,background_IGH_cdr3.csv
AREEEHGSGFDH,background_IGH_cdr3.csv
ERKVSSWFRILHGL,background_IGH_cdr3.csv
ARDAPLAVWSSYLTQPSHAEYYYGMDV,background_IGH_cdr3.csv
ARPIVVVPAAALWSTPKYYYYYGMDV,background_IGH_cdr3.csv
ARGVGSSSYLYDY,background_IGH_cdr3.csv
ERPYGGDRIRYGR,background_IGH_cdr3.csv
ARDEYGYYSNDAFDI,background_IGH_cdr3.csv
ERSPKSVFRL,background_IGH_cdr3.csv
ARDYSNYEGDYYYYGMDV,background_IGH_cdr3.csv
ARDSGTYYPGYYYYGVDV,background_IGH_cdr3.csv
ARRGELWNAFDI,background_IGH_cdr3.csv
ERKGRIGYGR,background_IGH_cdr3.csv
VYYDY,background_IGH_cdr3.csv
ARASQGQLRAFAFDI,background_IGH_cdr3.csv
ARDDGDQGFDY,background_IGH_cdr3.csv
ARRGVGIDYYGSGSYYNRLPHYYYYGMDV,background_IGH_cdr3.csv
AKDISSHYYDSSGYYYPSAFDI,background_IGH_cdr3.csv
ARPSRGSSTSYYYYGMDV,background_IGH_cdr3.csv
V,background_IGH_cdr3.csv
ARRPTGPD,background_IGH_cdr3.csv
ESGGSFGVWLLLLRYGR,background_IGH_cdr3.csv
EIGPAALQLVRP,background_IGH_cdr3.csv
AKDLSSSTTSGYRYFYYGMDV,background_IGH_cdr3.csv
ARHGGLLPRGLQAAGGYFDL,background_IGH_cdr3.csv
ARQEGWQLATVVARGTPLDY,background_IGH_cdr3.csv
AKDPTSA,background_IGH_cdr3.csv
AASDY,background_IGH_cdr3.csv
REGQQLATT,background_IGH_cdr3.csv
ARGQGDGSSGDDDYVDY,background_IGH_cdr3.csv
ARGFGGWDYMDV,background_IGH_cdr3.csv
ARQYGGGNFIAAHYGMDV,background_IGH_cdr3.csv
ASWSGYPT,background_IGH_cdr3.csv
ASYYYYGMDV,background_IGH_cdr3.csv
ERSGWYLLLLRYGR,background_IGH_cdr3.csv
NRSSSTSCSGELLLLRYGR,background_IGH_cdr3.csv
ARDRSSSRYSRFDY,background_IGH_cdr3.csv
VAADAVYARRDYWGVD,background_IGH_cdr3.csv
ARLGGYSSGWFDY,background_IGH_cdr3.csv
ERSPKSVFRL,background_IGH_cdr3.csv
VAYCAGSSCLP,background_IGH_cdr3.csv
EIGYSSYGSAYGR,background_IGH_cdr3.csv
RLVVSGLRL,background_IGH_cdr3.csv
ARSGDYSGMTTFD,background_IGH_cdr3.csv
ERQEVRWLPRTRYGR,background_IGH_cdr3.csv
ARAVVPCWCFDY,background_IGH_cdr3.csv
ARGRGIVPADITWGRHWFDP,background_IGH_cdr3.csv
ATAVYCARGWYYYGMDV,background_IGH_cdr3.csv
REFFSTVVDVFATLTT,background_IGH_cdr3.csv
ARENYNNSSEKWYFDL,background_IGH_cdr3.csv
AGADP,background_IGH_cdr3.csv
ARNGFGENFDYGMDV,background_IGH_cdr3.csv
ARSSYGSGSYYEVRLRYFDL,background_IGH_cdr3.csv
ASSLAVTVVRGILL,background_IGH_cdr3.csv
ARGGDSGPFDY,background_IGH_cdr3.csv
AGVTPVRYYYGMDV,background_IGH_cdr3.csv
AKDRPSHRMRASEIDY,background_IGH_cdr3.csv
ARDTTGIAARYFDY,background_IGH_cdr3.csv
ARPGAG,background_IGH_cdr3.csv
YCSSTFGMDV,background_IGH_cdr3.csv
ARGYCSSTSCYDPLYYYYYGMDV,background_IGH_cdr3.csv
ARVKGYGILTGYYRAGAFDL,background_IGH_cdr3.csv
ARGYVMIVVVTDYFDY,background_IGH_cdr3.csv
ARDPPDRLDGMDV,background_IGH_cdr3.csv
ARGHRHYYGSGSSYCDH,background_IGH_cdr3.csv
AGDIVVVPAAIPYNWFDP,background_IGH_cdr3.csv
AHRGTYYDSSGAAFDY,background_IGH_cdr3.csv
VQGGVGVAPAIRKFGS,background_IGH_cdr3.csv
ARGMTDYYYGMV,background_IGH_cdr3.csv
ARRDNVDAFDI,background_IGH_cdr3.csv
AREGSTSKPARTYYDILGELDY,background_IGH_cdr3.csv
TKDRYCDGGYCPTDY,background_IGH_cdr3.csv
ARDLIRVSRNWFDP,background_IGH_cdr3.csv
ARDPPVGYLSWYFDL,background_IGH_cdr3.csv
YGMDV,background_IGH_cdr3.csv
ARDVFAD,background_IGH_cdr3.csv
ARVGTGTTVDY,background_IGH_cdr3.csv
HRVLRYGR,background_IGH_cdr3.csv
ARVPADYLWDGSGGFDH,background_IGH_cdr3.csv
AKDTYRVVPAAIVDY,background_IGH_cdr3.csv
ARHPSNYDSSGHDAFDI,background_IGH_cdr3.csv
AKVLRGASIDMLFDS,background_IGH_cdr3.csv
AITYIGNYRGGFDY,background_IGH_cdr3.csv
ERGGQWRTRL,background_IGH_cdr3.csv
AGRGDY,background_IGH_cdr3.csv
ARREEGPYYYDSSGYYLGAFDI,background_IGH_cdr3.csv
ARIVYYGMDV,background_IGH_cdr3.csv
ASEAPPYQLLPSYYYYYGMDV,background_IGH_cdr3.csv
AIQNTWADNNEASPTYYDFWSGYYAP,background_IGH_cdr3.csv
NLQMNLVDDTAYFCAKRATNANEH,background_IGH_cdr3.csv
ARSGYYGSSPEGGYYYYGMDV,background_IGH_cdr3.csv
EGCSLLLRYGR,background_IGH_cdr3.csv
AKDMAEVVIPHYYYCMDV,background_IGH_cdr3.csv
ARLSALYGGNSGAVDY,background_IGH_cdr3.csv
ALSLGSCYPRYYGMDV,background_IGH_cdr3.csv
ARGGGGFDP,background_IGH_cdr3.csv
ARSSSD,background_IGH_cdr3.csv
ARPGRTGGRWEANNWFDP,background_IGH_cdr3.csv
AQTSYYDTSGYYSLDY,background_IGH_cdr3.csv
ARDACSYYDCGGSYFDY,background_IGH_cdr3.csv
AKSPNFDWLPHDY,background_IGH_cdr3.csv
ARVRTVHQYGMDV,background_IGH_cdr3.csv
ARGGYGGSDY,background_IGH_cdr3.csv
ARISSSYGGGFDY,background_IGH_cdr3.csv
GRLPPKRSSTRD,background_IGH_cdr3.csv
ARLYGM,background_IGH_cdr3.csv
ARYSSGLDY,background_IGH_cdr3.csv
ANLYYGMV,background_IGH_cdr3.csv
ARGLVGSVTYPLYARYSYYAMDV,background_IGH_cdr3.csv
ARGRELYYYGMDV,background_IGH_cdr3.csv
AKDTAMVLPPSDDYMDV,background_IGH_cdr3.csv
AKGRRATSYYFDY,background_IGH_cdr3.csv
ARSYGGSIHYYYYGMDV,background_IGH_cdr3.csv
ESSGTPKLVRP,background_IGH_cdr3.csv
AREEEHGSGFDH,background_IGH_cdr3.csv
ARRTTTIVD,background_IGH_cdr3.csv
ARYDGYW,background_IGH_cdr3.csv
ARDTDYFEGSRTSCYLGKGRVFDY,background_IGH_cdr3.csv
ARDRREMVSATSYWYFDL,background_IGH_cdr3.csv
ARNDSGYSGLDV,background_IGH_cdr3.csv
AILEGG,background_IGH_cdr3.csv
KLGIRGYGH,background_IGH_cdr3.csv
AKQVGYSSSWGCMDV,background_IGH_cdr3.csv
TNFREQLVSIWENYGMDV,background_IGH_cdr3.csv
ATGTRNGVCLY,background_IGH_cdr3.csv
ARSPVEVDY,background_IGH_cdr3.csv
ARCESSSDSD,background_IGH_cdr3.csv
ARYDY,background_IGH_cdr3.csv
ARDFSSGWHGY,background_IGH_cdr3.csv
ASGTDYFDY,background_IGH_cdr3.csv
ASSEY,background_IGH_cdr3.csv
GSPPDVLLWFGEIIPTQLVRP,background_IGH_cdr3.csv
ARVVVAGAFDY,background_IGH_cdr3.csv
ARDIVGAGGYYPYGMDF,background_IGH_cdr3.csv
CYSEYFQH,background_IGH_cdr3.csv
YRDAYCASYDSSGYVY,background_IGH_cdr3.csv
AKETYYDILTGFSGVDY,background_IGH_cdr3.csv
ARRMAVGLYDY,background_IGH_cdr3.csv
ESSSL,background_IGH_cdr3.csv
ARDLVVVVAVTDMTDAFDI,background_IGH_cdr3.csv
ASERLYGDYDY,background_IGH_cdr3.csv
ARGIVVVPAAMRPCDY,background_IGH_cdr3.csv
AKDIGLAVHYGMNV,background_IGH_cdr3.csv
AREFGEYQLLWAYNYYYYGMDV,background_IGH_cdr3.csv
AGSCDAFDI,background_IGH_cdr3.csv
TTGGGSYRLRGLGY,background_IGH_cdr3.csv
ARRSTTYGYGLSWFDP,background_IGH_cdr3.csv
ARDTEYQLLLSYYYYGMDV,background_IGH_cdr3.csv
AKGGHRYYYGMDV,background_IGH_cdr3.csv
AKSPQDLVVITTALDY,background_IGH_cdr3.csv
AKGDSRQWLVRPDY,background_IGH_cdr3.csv
ARGGSWGRSRCSSTSCYRGRRYYYYGMDV,background_IGH_cdr3.csv
SYD,background_IGH_cdr3.csv
ARLRVGAFDI,background_IGH_cdr3.csv
AKVPESHRSLGTAPGQWLNYYYGFDV,background_IGH_cdr3.csv
ARDKREYYDSGGCYPS,background_IGH_cdr3.csv
TRQLATFQDH,background_IGH_cdr3.csv
ARTGGATADHDAFDI,background_IGH_cdr3.csv
ARGTESSYMPWFDL,background_IGH_cdr3.csv
AKDTADYCSGLGNTFDY,background_IGH_cdr3.csv
AKQGIAAAMGDYYYYYGMDV,background_IGH_cdr3.csv
RYYMD,background_IGH_cdr3.csv
ARDLGGSIAVVGGDY,background_IGH_cdr3.csv
ARSLEYHDDY,background_IGH_cdr3.csv
VAATAVYCAPYYD,background_IGH_cdr3.csv
ARDGPSDSSGDCDY,background_IGH_cdr3.csv
ARSGPD,background_IGH_cdr3.csv
ARGFSGKRAQQHLPVDY,background_IGH_cdr3.csv
ARKGAGRVDF,background_IGH_cdr3.csv
ARDTMTKVAGTGYFQH,background_IGH_cdr3.csv
TDQIRLRRLVRP,background_IGH_cdr3.csv
ARSLTFGANYGDY,background_IGH_cdr3.csv
ARDRSYVNYGFWSGYKEGMDV,background_IGH_cdr3.csv
AISYGGPHYYYYGMDV,background_IGH_cdr3.csv
TRRDNDFWGSYATFDY,background_IGH_cdr3.csv
ARRGYCTSGVCPNWFD,background_IGH_cdr3.csv
ARRIVVVYFD,background_IGH_cdr3.csv
ARDLRDHDSSGYYYIDF,background_IGH_cdr3.csv
D,background_IGH_cdr3.csv
AGYWAGAASRYYYYGMDV,background_IGH_cdr3.csv
ARDWLSSSFDY,background_IGH_cdr3.csv
KTVQLFLVSDRP,background_IGH_cdr3.csv
ANPPNYDSSGYPHGMDV,background_IGH_cdr3.csv
AKGYMGGPLDY,background_IGH_cdr3.csv
ARAPKSIATGGRVADY,background_IGH_cdr3.csv
ARRHCDRTSCLDALDV,background_IGH_cdr3.csv
AKDPRGKDV,background_IGH_cdr3.csv
ASSSLGDYDFWSGSYWYFDL,background_IGH_cdr3.csv
ARTTAGDY,background_IGH_cdr3.csv
AAYD,background_IGH_cdr3.csv
ASIRIGGAFDI,background_IGH_cdr3.csv
ARAVPSRSCSGYYYGIDI,background_IGH_cdr3.csv
ARVVEQWLVRGYFDY,background_IGH_cdr3.csv
AKGYSSSSGY,background_IGH_cdr3.csv
DV,background_IGH_cdr3.csv
ARDVHSSGCYYVGGDH,background_IGH_cdr3.csv
ARTGDFH,background_IGH_cdr3.csv
ARRNPCNADN,background_IGH_cdr3.csv
ARGGTMVRGVIPRD,background_IGH_cdr3.csv
AAHPTGGAFDI,background_IGH_cdr3.csv
ARAGQVGCFDY,background_IGH_cdr3.csv
ASAGNSRGAFDY,background_IGH_cdr3.csv
ARYGSSDRTNWFD,background_IGH_cdr3.csv
ARGTPTPTDIVVAPDDSYYDY,background_IGH_cdr3.csv
ARDLDSSGYLFDY,background_IGH_cdr3.csv
ARGGYCSSSYGSVDC,background_IGH_cdr3.csv
ARDKYSGGSNWYYADY,background_IGH_cdr3.csv
AYDGAF,background_IGH_cdr3.csv
ARDLDRTGIFSY,background_IGH_cdr3.csv
ARDLDRGSFDY,background_IGH_cdr3.csv
ARGHYCSSTSCYKSPALDSNYPDPSYYYGMDV,background_IGH_cdr3.csv
ARPFGVVIVAGLDFD,background_IGH_cdr3.csv
AKEYYYDPKSYYYYGMDV,background_IGH_cdr3.csv
AKGLPSRYFDS,background_IGH_cdr3.csv
AREGGFWSGYAFDY,background_IGH_cdr3.csv
RRITIFVVIMYPTTTVWTS,background_IGH_cdr3.csv
ETWPNPVDTVDLQFQLVRP,background_IGH_cdr3.csv
AKEVSGLLVSARSVPVARHGDAFDI,background_IGH_cdr3.csv
TRDRWVVVRSGGDY,background_IGH_cdr3.csv
ARVRQQLPTYYFDY,background_IGH_cdr3.csv
ARAYWSGSNWFDP,background_IGH_cdr3.csv
ARLYYYDSSGYYPPADAFDI,background_IGH_cdr3.csv
ETGVQLWPPRL,background_IGH_cdr3.csv
ARGFRAAMAADSYYYYDYGMDV,background_IGH_cdr3.csv
VTAADTATFCARHHLLYGSGSFYH,background_IGH_cdr3.csv
EQSLWLPLLRYGR,background_IGH_cdr3.csv
ASLQSFLAVTYDWYFDL,background_IGH_cdr3.csv
LDTAVYCARDRRCDNANCYGGWVDF,background_IGH_cdr3.csv
RHDYYDGYKGYGMDV,background_IGH_cdr3.csv
GRFDYYDNGVYKGYGMDV,background_IGH_cdr3.csv
ARDTIFGVVRDADY,background_IGH_cdr3.csv
ERSRIFGVVIITGVVRP,background_IGH_cdr3.csv
ARGSTGIAAANDHDY,background_IGH_cdr3.csv
AAVYCSRL,background_IGH_cdr3.csv
ARASRRVLVPGTIGSPTRFDP,background_IGH_cdr3.csv
GYDSRQPL,background_IGH_cdr3.csv
TKGSGAARPYYFDS,background_IGH_cdr3.csv
ASSIAGDGGGMD,background_IGH_cdr3.csv
ARDTGVAAAAFDI,background_IGH_cdr3.csv
AREDFWGYYYYYGMDV,background_IGH_cdr3.csv
ARVQGLSGDYFGWQDYYYGMDV,background_IGH_cdr3.csv
ARGCYDL,background_IGH_cdr3.csv
ARDPCGLAVVVPAATYYYYYGMDV,background_IGH_cdr3.csv
VRGEVAILVVPGATGGDF,background_IGH_cdr3.csv
AKWGRMQEASHFDF,background_IGH_cdr3.csv
APNDPGY,background_IGH_cdr3.csv
AKDLIISQWLVQMGAFDI,background_IGH_cdr3.csv
AHAYCSGGRCYSGPFGRVTRDPYSFDY,background_IGH_cdr3.csv
ARLPKYYFDESAFDI,background_IGH_cdr3.csv
SRMAAYHFDY,background_IGH_cdr3.csv
ARARTTVTTELFDY,background_IGH_cdr3.csv
ARHYSALDH,background_IGH_cdr3.csv
AAA,background_IGH_cdr3.csv
ARDMITFGGVGYFDL,background_IGH_cdr3.csv
ARGLRQDDFWSGSGYYFDYGMDV,background_IGH_cdr3.csv
ARDWPGESDFDI,background_IGH_cdr3.csv
ERGWVRRHL,background_IGH_cdr3.csv
AKGLPSRYFDS,background_IGH_cdr3.csv
ARDGYCSSTSCYNDYYYGMDV,background_IGH_cdr3.csv
ATGPQQWELSPPVH,background_IGH_cdr3.csv
ARGRGLELPDY,background_IGH_cdr3.csv
ARHRLRPGPII,background_IGH_cdr3.csv
AHRDVVGVATGFDY,background_IGH_cdr3.csv
ARDLAPIAARPVGY,background_IGH_cdr3.csv
ARDLAPIAARPVGY,background_IGH_cdr3.csv
AGQLCRGTTCYFDF,background_IGH_cdr3.csv
AREIRYCSGGSCTPLFAFDI,background_IGH_cdr3.csv
ARGRYCSGGSCYFRVAEYFQH,background_IGH_cdr3.csv
ARMYDFWSGYGADS,background_IGH_cdr3.csv
ARGAGWYSDSWYALFDY,background_IGH_cdr3.csv
ARDRGDQLLLGAVWFDP,background_IGH_cdr3.csv
ARGADFWSGSLDDY,background_IGH_cdr3.csv
ASEEYVLLDFDWPYGSAFFDY,background_IGH_cdr3.csv
TTLTGSIDGYYFDY,background_IGH_cdr3.csv
AKDRYYSGSWTFDY,background_IGH_cdr3.csv
SHYSNRWD,background_IGH_cdr3.csv
ARDDSTAVGDY,background_IGH_cdr3.csv
ARVGGGGSNY,background_IGH_cdr3.csv
ATIREELLIGMDV,background_IGH_cdr3.csv
ARVGWLHLFDY,background_IGH_cdr3.csv
ARERGARCLDY,background_IGH_cdr3.csv
ARVERGNLDY,background_IGH_cdr3.csv
ARGDCGGDYFDY,background_IGH_cdr3.csv
ARVDYGDYFEDY,background_IGH_cdr3.csv
ARVSSIAAAGTRPLDY,background_IGH_cdr3.csv
YFDY,background_IGH_cdr3.csv
ASPVGAKAAFDI,background_IGH_cdr3.csv
ASSLRSGSYYFDY,background_IGH_cdr3.csv
ARHQQVVRRWELLANWFDP,background_IGH_cdr3.csv
ARPRYWNYYGMDV,background_IGH_cdr3.csv
ARGPKIIAARLGGFDY,background_IGH_cdr3.csv
ARHPDSGWLDY,background_IGH_cdr3.csv
ARGEKAVASYYFDY,background_IGH_cdr3.csv
ATLRLGEVFR,background_IGH_cdr3.csv
ASYRAGAVGVTSPFAY,background_IGH_cdr3.csv
RGSSSHTLDY,background_IGH_cdr3.csv
AGGDY,background_IGH_cdr3.csv
ARELYSSSSSFDY,background_IGH_cdr3.csv
AREYLWGAVAGIGPYYYYGMDV,background_IGH_cdr3.csv
AYGTLGRSAFDI,background_IGH_cdr3.csv
ASTLGAYDFWSGYYTDY,background_IGH_cdr3.csv
ARVRLDSSGSGCFDY,background_IGH_cdr3.csv
ERDACGGDCYSPLSGMGV,background_IGH_cdr3.csv
AKAIWLRGSGYYQMGFDY,background_IGH_cdr3.csv
ARRYSSSWYFDY,background_IGH_cdr3.csv
ATSGTPFQH,background_IGH_cdr3.csv
ARDLLPADNYCGGDCYSSTGDY,background_IGH_cdr3.csv
ASPLKMATTPGSFDY,background_IGH_cdr3.csv
ARHRSIAVAGPAC,background_IGH_cdr3.csv
ARGSYGYDRGKGSFDY,background_IGH_cdr3.csv
ARGDIVVVPAARLSDAFDI,background_IGH_cdr3.csv
ARLLGSSGCGYGFDY,background_IGH_cdr3.csv
AGPYTSARAGP,background_IGH_cdr3.csv
AREYGDGYNFDY,background_IGH_cdr3.csv
ARGRGAYYYDSSDTTQNKNYYYYGMDV,background_IGH_cdr3.csv
ARGSTFRIRSCYSY,background_IGH_cdr3.csv
ARGGGSYFFDY,background_IGH_cdr3.csv
EPEDSSSWYAPLLLLRYGR,background_IGH_cdr3.csv
ARGIAVAGTRDY,background_IGH_cdr3.csv
ARLPFVVVTVRLEPTGWFDP,background_IGH_cdr3.csv
ARDGELRYFDY,background_IGH_cdr3.csv
ARDSDYYGSGSPLYYYYYGMDV,background_IGH_cdr3.csv
AAQDRYCSSTSCVNYYYYGMDV,background_IGH_cdr3.csv
ARECSGGDGYFDY,background_IGH_cdr3.csv
ARGAYDSSGYSDY,background_IGH_cdr3.csv
ARDLTLGITDS,background_IGH_cdr3.csv
ARGIAVAGTRDY,background_IGH_cdr3.csv
ARLTGWTVHYYYGMDV,background_IGH_cdr3.csv
ARDKFGGSSYYFDY,background_IGH_cdr3.csv
ASLYYGSGSYYSDY,background_IGH_cdr3.csv
ATEWTDHAFDI,background_IGH_cdr3.csv
ASASSGWYVHY,background_IGH_cdr3.csv
AKDERVRFGELFH,background_IGH_cdr3.csv
AGDVSGLDAFDS,background_IGH_cdr3.csv
ARLFTIFGVVGVGMDV,background_IGH_cdr3.csv
ATTMVRGVMGGFDY,background_IGH_cdr3.csv
ARDWGEVATRAWGY,background_IGH_cdr3.csv
ARDRHGGYGYGYHLDY,background_IGH_cdr3.csv
ARNRRD,background_IGH_cdr3.csv
ARHSGASYGMDV,background_IGH_cdr3.csv
TRDRFWEGSTLIPRPNYDYYYGMDV,background_IGH_cdr3.csv
ARGSNYYGSGSYYNRIDY,background_IGH_cdr3.csv
ARGVTMVAVAITFDY,background_IGH_cdr3.csv
ARDTLRYSSGWYRGHGWFDP,background_IGH_cdr3.csv
ARGYCGTSSCYRFDQ,background_IGH_cdr3.csv
ARGGDDDIDY,background_IGH_cdr3.csv
ARLPVDCSSTSCSNWFDP,background_IGH_cdr3.csv
ARRATLFGDAGY,background_IGH_cdr3.csv
ARSPRDDAFDI,background_IGH_cdr3.csv
ATGLAAPDAFDI,background_IGH_cdr3.csv
ARPRYWNYYGMDV,background_IGH_cdr3.csv
ARVSSSINRGVIIDY,background_IGH_cdr3.csv
ARGNTVVVAAEAYYFDY,background_IGH_cdr3.csv
ARGAFFEVVAGPGFDY,background_IGH_cdr3.csv
AREWATAAAGLIDY,background_IGH_cdr3.csv
ARGSSSFDP,background_IGH_cdr3.csv
AKTSL,background_IGH_cdr3.csv
ARRGSRYSGSYYVF,background_IGH_cdr3.csv
ARAPYGDYYFDY,background_IGH_cdr3.csv
ASGSYDFWSRAWFAPRFDY,background_IGH_cdr3.csv
ARRITMIVDDAFDI,background_IGH_cdr3.csv
ARRAMATIIDY,background_IGH_cdr3.csv
ARFLRDSSSWYGFDY,background_IGH_cdr3.csv
AREGIAAAGTVDY,background_IGH_cdr3.csv
ARWVGMGNWFDP,background_IGH_cdr3.csv
SHGDSSTGGAFDY,background_IGH_cdr3.csv
ARTVEMATIIDY,background_IGH_cdr3.csv
AGQFCRGTTCYFDF,background_IGH_cdr3.csv
AMSGPTFWYFDL,background_IGH_cdr3.csv
ASLPRALGAFDI,background_IGH_cdr3.csv
ARQGYGSGWGYFDH,background_IGH_cdr3.csv
ARQESAHFDY,background_IGH_cdr3.csv
ARGPGEGFDY,background_IGH_cdr3.csv
AGHRTTVTTGYYFDY,background_IGH_cdr3.csv
ASHSSGWVRYLDY,background_IGH_cdr3.csv
ARGRWEGLATVIGDCMDV,background_IGH_cdr3.csv
ARLFIAARPSAFDY,background_IGH_cdr3.csv
ARGRFIITMVVTSGYEEGDDY,background_IGH_cdr3.csv
ARLVGRPDAFDI,background_IGH_cdr3.csv
ARGVEIHSDDYGMDV,background_IGH_cdr3.csv
ARGSNCDY,background_IGH_cdr3.csv
ARGRCGGDCCSDY,background_IGH_cdr3.csv
ASLWQLAPS,background_IGH_cdr3.csv
ARDRGALKLWLQYFDY,background_IGH_cdr3.csv
AREVSLGSSGINDY,background_IGH_cdr3.csv
ASFPTSGSYPIDY,background_IGH_cdr3.csv
ARPGGYPGSYYYYYGMDV,background_IGH_cdr3.csv
AKDRTSGDGLWYFDF,background_IGH_cdr3.csv
ASSNGGDYSDY,background_IGH_cdr3.csv
ARGGSTTAVVSASCCFDH,background_IGH_cdr3.csv
ARVGYSSGWATHIDY,background_IGH_cdr3.csv
ASISQWLVN,background_IGH_cdr3.csv
AKERGSAAAPEYYGMDV,background_IGH_cdr3.csv
AREEGGCSSSCCYRYYCFDY,background_IGH_cdr3.csv
ARHVDGSGSYFGNFDY,background_IGH_cdr3.csv
ARERTPSAWGPSYYFDY,background_IGH_cdr3.csv
ARGAAMWIRLRNWFDH,background_IGH_cdr3.csv
ARLPGGYYNNYYFDY,background_IGH_cdr3.csv
ATVLSSNYYFDY,background_IGH_cdr3.csv
ASQINYDFWSGSDY,background_IGH_cdr3.csv
ARVRKLVKPYDAFDI,background_IGH_cdr3.csv
ARGLYVLWFGELGGGY,background_IGH_cdr3.csv
AADLRESTGTTTRYYYYYGMDV,background_IGH_cdr3.csv
ARDGDSSGCSFDY,background_IGH_cdr3.csv
ARVVGDMVRERSYFDY,background_IGH_cdr3.csv
ARAAAGPFTYWFDP,background_IGH_cdr3.csv
AHRREYYFDY,background_IGH_cdr3.csv
ARHSGSGTYLFDY,background_IGH_cdr3.csv
ARGHVRSTSGSRTLRS,background_IGH_cdr3.csv
ARGVRSGRYYYYGMDV,background_IGH_cdr3.csv
ARLVGRPDAFDI,background_IGH_cdr3.csv
ARARRIVVVPAKTVAFDI,background_IGH_cdr3.csv
ARVYRRGSDAGFDY,background_IGH_cdr3.csv
ARSRLRGPNWFDP,background_IGH_cdr3.csv
ARGPNWNY,background_IGH_cdr3.csv
AKDFPDGSGYFAYYFDY,background_IGH_cdr3.csv
AAGNFDFWSWWY,background_IGH_cdr3.csv
ARGTKVAAGTFGFDY,background_IGH_cdr3.csv
ARHGDYDSLFFDY,background_IGH_cdr3.csv
ARAWGRGYGDYSP,background_IGH_cdr3.csv
ARGRILLGYYYGMDV,background_IGH_cdr3.csv
ASEPRYCTNGVCQREFWFDP,background_IGH_cdr3.csv
ASAPTLFPLVSCENSPSDTSSVAVGCLAQDFQ,background_IGH_cdr3.csv
ARVRWETKGYD,background_IGH_cdr3.csv
ARAVGATDYFDY,background_IGH_cdr3.csv
ARDRVVPAAILGY,background_IGH_cdr3.csv
ARDRVVPAAILGY,background_IGH_cdr3.csv
ARHAPPRGWPGYNGMDV,background_IGH_cdr3.csv
ARNNWNYELIDY,background_IGH_cdr3.csv
ARCVTVVTPGHYFDY,background_IGH_cdr3.csv
ASVDTAMGTSDY,background_IGH_cdr3.csv
ARGSLARSGSYCFDS,background_IGH_cdr3.csv
ARDRRYDYVQRSYYGMDV,background_IGH_cdr3.csv
ATRYSSSSKFDY,background_IGH_cdr3.csv
ARREPTAMAFDY,background_IGH_cdr3.csv
AHTPNYDFWSGLEYYFDY,background_IGH_cdr3.csv
ASGIYDILTAPN,background_IGH_cdr3.csv
ARLEPYYYGSGSRMASDGMDV,background_IGH_cdr3.csv
ARVSCSSISCYDA,background_IGH_cdr3.csv
ATAWDSGNYYDR,background_IGH_cdr3.csv
ARAGRGWFGESSRDY,background_IGH_cdr3.csv
ARIPRAARSGWFDP,background_IGH_cdr3.csv
VHLVYGSGNYNWFDS,background_IGH_cdr3.csv
ARQRNYVILTGQLYYFGY,background_IGH_cdr3.csv
ARTGAYYDYVWGSYY,background_IGH_cdr3.csv
ARKYHGSGSNLLFDY,background_IGH_cdr3.csv
AREGSSWSWSFDY,background_IGH_cdr3.csv
ARIMITFGGVAN,background_IGH_cdr3.csv
ARSIAARHPLDY,background_IGH_cdr3.csv
ARGGDPNYDFWSGYHPDY,background_IGH_cdr3.csv
ATSNWDYYFDY,background_IGH_cdr3.csv
ATVVGLSNWNPFDY,background_IGH_cdr3.csv
ARLLGSDAFDI,background_IGH_cdr3.csv
AADPTSSPGKGYCSGGSCYSP,background_IGH_cdr3.csv
ARVMAAMVSVNWFDP,background_IGH_cdr3.csv
ARLDRGWLQFD,background_IGH_cdr3.csv
ARDQGGFGELMADAFDI,background_IGH_cdr3.csv
ARRFSGGLFDY,background_IGH_cdr3.csv
AKEIHSSRGFDY,background_IGH_cdr3.csv
ARSVSPKAVYYDILTGYPTPYYYYGMDV,background_IGH_cdr3.csv
ARHFNGGSYHIDY,background_IGH_cdr3.csv
ARGEKAVASYYFDY,background_IGH_cdr3.csv
ARDAVRTGSDCYYFDY,background_IGH_cdr3.csv
ARGQQLTIDY,background_IGH_cdr3.csv
ARLAGLERRRDSRNFDY,background_IGH_cdr3.csv
ARTWVGASHAFDI,background_IGH_cdr3.csv
ARHQETAMVDD,background_IGH_cdr3.csv
ARVNYSNYPFGMDV,background_IGH_cdr3.csv
ARDPTGSDAFDI,background_IGH_cdr3.csv
TTDRGGVAGIVCY,background_IGH_cdr3.csv
AREVAAEGAFDY,background_IGH_cdr3.csv
ARAPPTGGFDY,background_IGH_cdr3.csv
ARAVSGSYHDY,background_IGH_cdr3.csv
AGGEKAVASYYFDY,background_IGH_cdr3.csv
ARGRYYDFWSGYYLWFDP,background_IGH_cdr3.csv
ETPGVRTSSGWSELVRP,background_IGH_cdr3.csv
ARQGAAADPVVYYYYGMDV,background_IGH_cdr3.csv
ARDLRSSGSSGY,background_IGH_cdr3.csv
AKDLSSGWYPGDFDY,background_IGH_cdr3.csv
TTEQIDY,background_IGH_cdr3.csv
ARARSGGDY,background_IGH_cdr3.csv
ASRYSSSPRDY,background_IGH_cdr3.csv
ARSNGGQGSYFDY,background_IGH_cdr3.csv
ATEPNYYDSSCGSAFDI,background_IGH_cdr3.csv
ASTNSGWYAGSFDY,background_IGH_cdr3.csv
ARIQYQLLGSYYYYGMDV,background_IGH_cdr3.csv
ARGPGCTSSTCPYYFDY,background_IGH_cdr3.csv
ARDGESSGWYDPFDY,background_IGH_cdr3.csv
ARHLDLGILFPFDC,background_IGH_cdr3.csv
AKEYLATVTTSDY,background_IGH_cdr3.csv
ARDLQVVPASPNCSGGSCYVGSAFDI,background_IGH_cdr3.csv
TTEGGVGATLDY,background_IGH_cdr3.csv
ARRVEPYYYGMDV,background_IGH_cdr3.csv
ARRYYDSSGWGPDGAFDI,background_IGH_cdr3.csv
ARRDTAMANCFDY,background_IGH_cdr3.csv
ARDFLWGGSYLRGRYFDL,background_IGH_cdr3.csv
ARDPPWDEGNAFDI,background_IGH_cdr3.csv
ARGLNWRSLYWYFDL,background_IGH_cdr3.csv
ARWDQQLTPKLDY,background_IGH_cdr3.csv
ARGPISGARSKWFDP,background_IGH_cdr3.csv
AGDLLPGNWYFDL,background_IGH_cdr3.csv
ADPGPYYDFWSGYTDAFDI,background_IGH_cdr3.csv
AKGRAVAGTFDY,background_IGH_cdr3.csv
AADPTSSPGKGYCSGGSCYSP,background_IGH_cdr3.csv
ARDLRQLGPEYYGMDV,background_IGH_cdr3.csv
TTGPFGLWYYDYVRGSYRSAKLDY,background_IGH_cdr3.csv
ATLLWFGELPDAFDI,background_IGH_cdr3.csv
DVSAVYYVGSGVIGSGNAVDI,background_IGH_cdr3.csv
AREGVAGRRFDP,background_IGH_cdr3.csv
ARGREDIVVVPAANTYYYYGMDV,background_IGH_cdr3.csv
ARSEDGSSSWYWAFDI,background_IGH_cdr3.csv
ARAPHYSSSWYTAVSAHDDV,background_IGH_cdr3.csv
ARHPGSMAVADNYFDY,background_IGH_cdr3.csv
ATESPNGMDV,background_IGH_cdr3.csv
ARQSGYCSGGSRGCAFDI,background_IGH_cdr3.csv
ARVGSVTTSFDY,background_IGH_cdr3.csv
ARVGSVTTSSSGRFDY,background_IGH_cdr3.csv
ARAGTALDAFDI,background_IGH_cdr3.csv
ARVAGSSGDYYYGMDY,background_IGH_cdr3.csv
ARQIEVARRFDS,background_IGH_cdr3.csv
ARRSSSRAATFDL,background_IGH_cdr3.csv
ASQLGYCSSTSCPPDY,background_IGH_cdr3.csv
AHRSSTSSDSFYYYYYGMDV,background_IGH_cdr3.csv
ATSATVVNGGRD,background_IGH_cdr3.csv
ARLGRNAFDI,background_IGH_cdr3.csv
ARGAYSYGPLDY,background_IGH_cdr3.csv
AKGAQWLVDI,background_IGH_cdr3.csv
ARRLLAVAATEDY,background_IGH_cdr3.csv
ARGPNWNY,background_IGH_cdr3.csv
ARSNYYGSGSYDL,background_IGH_cdr3.csv
ARAWLLWHGMDV,background_IGH_cdr3.csv
ARHGGLNSSSWYEGFDY,background_IGH_cdr3.csv
ARVSTVKGSLDWFDY,background_IGH_cdr3.csv
AHRRGLRQPDAFDI,background_IGH_cdr3.csv
ARIFFPPRAQRYGMDV,background_IGH_cdr3.csv
ARDDYYDSSGYFRGVDY,background_IGH_cdr3.csv
AKWRILEWLVY,background_IGH_cdr3.csv
AAHWGPGTFDY,background_IGH_cdr3.csv
ARHRDYGDYEELGWFDP,background_IGH_cdr3.csv
ARVRGSSSGQRIDY,background_IGH_cdr3.csv
ARTLHYYDSSGYYLYYFDS,background_IGH_cdr3.csv
ARYGFWNGSSWYEVFDY,background_IGH_cdr3.csv
ARGSLDIVVVPAATGYYYFDY,background_IGH_cdr3.csv
ARRSGRGSYLDS,background_IGH_cdr3.csv
ARRSGRGSYLQS,background_IGH_cdr3.csv
ARRSGRGSYLQS,background_IGH_cdr3.csv
ARAAARRLDY,background_IGH_cdr3.csv
AGQFCRGTTCYFDF,background_IGH_cdr3.csv
ARIDYYDSSGYIEYFQH,background_IGH_cdr3.csv
ARGRSRGTWVYYNGYGMDV,background_IGH_cdr3.csv
ARGIFGGYPPSGN,background_IGH_cdr3.csv
ARDGDGYSYGVYFDY,background_IGH_cdr3.csv
ARWVRIAAAGTIPLF,background_IGH_cdr3.csv
ARGSAGDCGGDCYPNYFDY,background_IGH_cdr3.csv
EAGLLRFLEWLPGGPQLVRP,background_IGH_cdr3.csv
ARCPTDSSGYYYMGSAMDV,background_IGH_cdr3.csv
AHSADGPYDFWSGYYPYYFDY,background_IGH_cdr3.csv
ARGENYNAFDI,background_IGH_cdr3.csv
TKEDY,background_IGH_cdr3.csv
ARLRYYYDSSGYPWYFDL,background_IGH_cdr3.csv
ARQGGAFDI,background_IGH_cdr3.csv
ARDYDFWSGDPNWFDP,background_IGH_cdr3.csv
ARVRPLLLMTTGWYFDL,background_IGH_cdr3.csv
ARGIRGGSSWYRIYGAFDI,background_IGH_cdr3.csv
ARRGGRSSYGCWSCSFDY,background_IGH_cdr3.csv
TTDRDDFWSGYYHGHFSHWQH,background_IGH_cdr3.csv
ARDPTSYDFWSGYRFHTNWFDP,background_IGH_cdr3.csv
ARAPNWNDGVFDY,background_IGH_cdr3.csv
ARRMEGGWLKRGRSGGMDV,background_IGH_cdr3.csv
ARGYYDFWSGYYDY,background_IGH_cdr3.csv
ARERGGPGNWFDP,background_IGH_cdr3.csv
ARGDLLPAAMADAFDI,background_IGH_cdr3.csv
ASLHILPSQA,background_IGH_cdr3.csv
ARDSSGWPRPGGESVPGAINLDY,background_IGH_cdr3.csv
ARLDAAKRGYDY,background_IGH_cdr3.csv
ARASDYDFWSGSPRGMDV,background_IGH_cdr3.csv
SITGEDSDFDY,background_IGH_cdr3.csv
ASQAVAGTFTSLGYFDL,background_IGH_cdr3.csv
ARGLHVLWFGELWGGY,background_IGH_cdr3.csv
ARDKYSLNWFDP,background_IGH_cdr3.csv
ARIKYGVGAYFDY,background_IGH_cdr3.csv
ARDRPGGSSSWYYNWGIDY,background_IGH_cdr3.csv
AKAGSGWETDY,background_IGH_cdr3.csv
ASRATLQLGYYGMDV,background_IGH_cdr3.csv
ASRATLQLGYYGGFDY,background_IGH_cdr3.csv
ARVPQY,background_IGH_cdr3.csv
ARDRLGGVAGYYYYGMDV,background_IGH_cdr3.csv
ARVRGSDSLDY,background_IGH_cdr3.csv
ARHVVGAHYGMDV,background_IGH_cdr3.csv
ARVYYGDYRNAFDI,background_IGH_cdr3.csv
ASFGNPSYGMDV,background_IGH_cdr3.csv
ARGASGSYGYWVDY,background_IGH_cdr3.csv
ARERASWLL,background_IGH_cdr3.csv
ECSSSDYYYRYGR,background_IGH_cdr3.csv
ARARLGSGCYFDY,background_IGH_cdr3.csv
ARGTGPQNWFDP,background_IGH_cdr3.csv
ARGYCGSNSCRYGPFDY,background_IGH_cdr3.csv
ARASMYYDYRSGYWFGYFDY,background_IGH_cdr3.csv
ARYQPRDYYYYYGMDV,background_IGH_cdr3.csv
ARGAGGFDY,background_IGH_cdr3.csv
ATHTDADYYVPLDN,background_IGH_cdr3.csv
ARGFIAARLCWFDP,background_IGH_cdr3.csv
ARGAFWSGIVAATIDY,background_IGH_cdr3.csv
ARGWASSLAY,background_IGH_cdr3.csv
ARGTFYGSAHPFDY,background_IGH_cdr3.csv
ARTAHEDYGDYELDY,background_IGH_cdr3.csv
ARAYCDFWSGYYEFDY,background_IGH_cdr3.csv
ASSIAGVVGVVTRFDY,background_IGH_cdr3.csv
ARDLDYVGAYYLDY,background_IGH_cdr3.csv
ASYEYSGSLHDY,background_IGH_cdr3.csv
ARGIVPAAIMVFDP,background_IGH_cdr3.csv
ARGGGVRRRRDYGMDG,background_IGH_cdr3.csv
ARGCCSSTSCYTRRIMDY,background_IGH_cdr3.csv
ARILIRKEAARIGNYYYGMDV,background_IGH_cdr3.csv
ARDSLWFGGEGDYYGFDV,background_IGH_cdr3.csv
AKSHGRGIVGATPRLRGYFDL,background_IGH_cdr3.csv
ARSFLGYVDV,background_IGH_cdr3.csv
AHTQQLVQFDY,background_IGH_cdr3.csv
AREDSSGFHDY,background_IGH_cdr3.csv
AKSEYQYDTRPLEYFQH,background_IGH_cdr3.csv
ARWAEVEMATISDYGMDD,background_IGH_cdr3.csv
ARRRGYSCHGYYFDY,background_IGH_cdr3.csv
TTDLKDYDFWSGYYTGITDTDAFDI,background_IGH_cdr3.csv
ASIHRGSDYYGMDV,background_IGH_cdr3.csv
ARHEEYQLPETGGVSYFDY,background_IGH_cdr3.csv
ARVSCNRYSCYAVAI,background_IGH_cdr3.csv
ARLMYSSGWYYMVGRNDAFDI,background_IGH_cdr3.csv
ARGTDRSPFDY,background_IGH_cdr3.csv
ARDRAIVVVPADPSWFDP,background_IGH_cdr3.csv
ARASSGCDY,background_IGH_cdr3.csv
ARTGYSYGYYFDY,background_IGH_cdr3.csv
ERCRGG,background_IGH_cdr3.csv
ARDLQWLDG,background_IGH_cdr3.csv
ATGSYRTHYFDY,background_IGH_cdr3.csv
ARDLRGFGIYGMDV,background_IGH_cdr3.csv
TTDLKDYDFWSGYYTGITDTDAFDI,background_IGH_cdr3.csv
ARGGGYCSGGSCYLDY,background_IGH_cdr3.csv
ARMGSGYGVYYYGMDV,background_IGH_cdr3.csv
ARQLDSGWSGYYYDYFDV,background_IGH_cdr3.csv
AHRRGAVAGTKGHRALFFDY,background_IGH_cdr3.csv
AHRGWLGFDY,background_IGH_cdr3.csv
AADDLSVGY,background_IGH_cdr3.csv
AHREDYYGSGNFDY,background_IGH_cdr3.csv
ARHEREGNYYYSGMDV,background_IGH_cdr3.csv
AREMVNLMVYAYGMDV,background_IGH_cdr3.csv
AWDAFPYYYDSSGYLRHPRRFDY,background_IGH_cdr3.csv
ARVASLAPFDP,background_IGH_cdr3.csv
ARVAYYDSSGYPGRLDY,background_IGH_cdr3.csv
ARERMATTPPYYYYGMDV,background_IGH_cdr3.csv
AQAEQQLVLRGFDP,background_IGH_cdr3.csv
ARYGWRDGAFDI,background_IGH_cdr3.csv
ARHGEASSGRMGDVHFDH,background_IGH_cdr3.csv
ARKHELGGWREDDAFDI,background_IGH_cdr3.csv
ARGRCDGGVHRNYSFDY,background_IGH_cdr3.csv
ASFSWSNHY,background_IGH_cdr3.csv
ARDVIAAAGTSRWFDP,background_IGH_cdr3.csv
ARDFDPRIATARFDP,background_IGH_cdr3.csv
AKDIRGAFDI,background_IGH_cdr3.csv
ARDSWLRDENWFDP,background_IGH_cdr3.csv
ARPRSSGWYYYGMDV,background_IGH_cdr3.csv
ARVGDIYYYYYGMDV,background_IGH_cdr3.csv
AGGDYDSSGYGGLLDY,background_IGH_cdr3.csv
ATIREELLIGMDV,background_IGH_cdr3.csv
ARDHDSRQRQYYFDY,background_IGH_cdr3.csv
AKVDCSGGSCSSPFDY,background_IGH_cdr3.csv
ARGHREVPAALDY,background_IGH_cdr3.csv
ARVGDLFRGSSCYGDFDY,background_IGH_cdr3.csv
ATSSWYSFKLDY,background_IGH_cdr3.csv
ARDWGRDGSGSYYNVEGVIREYYYYGMDV,background_IGH_cdr3.csv
ARDPGGGSYPANYFDY,background_IGH_cdr3.csv
ARERLYGCTYTFDY,background_IGH_cdr3.csv
ARQTGVPNCFDP,background_IGH_cdr3.csv
AREHAPYFIAAAGRD,background_IGH_cdr3.csv
ARDGYKHYGMDV,background_IGH_cdr3.csv
ARGKRAARVVAFDI,background_IGH_cdr3.csv
PLVSCENSPSDTSSVAVGCLAQDF,background_IGH_cdr3.csv
ATTHYGDYVYYFDY,background_IGH_cdr3.csv
ATDYDLFDI,background_IGH_cdr3.csv
ARVGSRSGWTGCWFDY,background_IGH_cdr3.csv
ARGPNWNY,background_IGH_cdr3.csv
ARHQQVVRRWELLANWFDP,background_IGH_cdr3.csv
AHRRWDRGDSEYFDL,background_IGH_cdr3.csv
ARHFWNGFDDFDY,background_IGH_cdr3.csv
ASGGIAARGAGY,background_IGH_cdr3.csv
ARSPIYHAFDI,background_IGH_cdr3.csv
ATGRRRFDP,background_IGH_cdr3.csv
ARHTTATVTSHGY,background_IGH_cdr3.csv
ARVPPPNLANFDH,background_IGH_cdr3.csv
ARGYVDTENWFDP,background_IGH_cdr3.csv
ARGSSSSWYGY,background_IGH_cdr3.csv
ARAHDYDFWSGYYHFDY,background_IGH_cdr3.csv
ARRGLYQYLENYYGMDV,background_IGH_cdr3.csv
AHHDYGGNLLFDY,background_IGH_cdr3.csv
ANERYQLLSYYFDY,background_IGH_cdr3.csv
ARESDY,background_IGH_cdr3.csv
ARGHDYGDSVG,background_IGH_cdr3.csv
ARGSLEPGISWYFDP,background_IGH_cdr3.csv
ARIVDDRANRANWFDP,background_IGH_cdr3.csv
ASAYYDCWSGYYEFDY,background_IGH_cdr3.csv
ARDRVGFLPIR,background_IGH_cdr3.csv
ARGPNYYDSSGCLNWFDP,background_IGH_cdr3.csv
ARDGGKWELPRHFDY,background_IGH_cdr3.csv
ARDGRGAAAGTTYYFDY,background_IGH_cdr3.csv
AKDSGYLTQFFDY,background_IGH_cdr3.csv
ARVSPASSGWRYYFDY,background_IGH_cdr3.csv
ARYGWRDGAFDI,background_IGH_cdr3.csv
ARGAMIDYGFDP,background_IGH_cdr3.csv
ARGREDIVVVPAANTYYYYGMDV,background_IGH_cdr3.csv
AKESRLNDI,background_IGH_cdr3.csv
ARYGAQYYDSSGYYYGEFDY,background_IGH_cdr3.csv
ARGRPTIFGVVRARWWFDP,background_IGH_cdr3.csv
ARHLKQQLRATTPRFDY,background_IGH_cdr3.csv
ARRGKHGSGSYGY,background_IGH_cdr3.csv
AGDVSGLDAFDI,background_IGH_cdr3.csv
ARDLLCSSGSPGNWYFDY,background_IGH_cdr3.csv
ERALRRL,background_IGH_cdr3.csv
GGGGVCSSTSCYSDPLRYGR,background_IGH_cdr3.csv
ASGTFNDDVWGSYRPFDV,background_IGH_cdr3.csv
ATWELGTSPC,background_IGH_cdr3.csv
EPVDPAAHPRPPGPELLLLRYGR,background_IGH_cdr3.csv
ARDLGIAVAGGYYYYGMDV,background_IGH_cdr3.csv
ARGQVNYYDSSGYYL,background_IGH_cdr3.csv
ARDYLAYGMDV,background_IGH_cdr3.csv
ARGRQLVSGWYVKYNWFDP,background_IGH_cdr3.csv
ASRDTAMDFDY,background_IGH_cdr3.csv
ARGVVHDC,background_IGH_cdr3.csv
TRDLHSARSGDFDY,background_IGH_cdr3.csv
ARRIFGVSPYFDY,background_IGH_cdr3.csv
ARQGYGSGWGYFDH,background_IGH_cdr3.csv
ARGASGSYLPNFDY,background_IGH_cdr3.csv
ARAHLPSRRWFDP,background_IGH_cdr3.csv
AIRGLSSSLGIGDY,background_IGH_cdr3.csv
ARGIFGGYPPSGN,background_IGH_cdr3.csv
ARDRPTYGDYGGYYYGMDV,background_IGH_cdr3.csv
ARRDGGDSVGAY,background_IGH_cdr3.csv
ARGRYCSGGSCYFRVAEYFEH,background_IGH_cdr3.csv
AREGFYYGSGSQTSHFDY,background_IGH_cdr3.csv
ASPARRGAAAANQFDY,background_IGH_cdr3.csv
ARDPIVPAARLSDAFDI,background_IGH_cdr3.csv
ARPLDY,background_IGH_cdr3.csv
ARSGVNRGSLDY,background_IGH_cdr3.csv
ARVASGAFFDY,background_IGH_cdr3.csv
AIGYYDFWSDYYPLDY,background_IGH_cdr3.csv
ASSRSSSGWYVRLLYFDY,background_IGH_cdr3.csv
ARIVDDRANRANWFDP,background_IGH_cdr3.csv
ARSPTWEGALMGSGYRIFDY,background_IGH_cdr3.csv
ARELYYDSSVGY,background_IGH_cdr3.csv
VRGSAGDCGGDCYPNYFDY,background_IGH_cdr3.csv
ARESLSGRRFDP,background_IGH_cdr3.csv
ARDKRYSYLSYFDY,background_IGH_cdr3.csv
TTLTGSIDGYYFDY,background_IGH_cdr3.csv
ARSSGYHLYDAFDI,background_IGH_cdr3.csv
ARDRGEVATRAWGY,background_IGH_cdr3.csv
ASTSKDEGLGVPYFDY,background_IGH_cdr3.csv
AKAQGMPPKGIAARFLAYYYYGMDV,background_IGH_cdr3.csv
AHSRAFGGKSPYFDY,background_IGH_cdr3.csv
ARGGTSDSGGYYCDS,background_IGH_cdr3.csv
SASAPTLFPLVSCENSPSDTSSVAVGCLAQDF,background_IGH_cdr3.csv
ARRLLWFDGLDY,background_IGH_cdr3.csv
AVEMTTPCDS,background_IGH_cdr3.csv
AREGAATDAFDI,background_IGH_cdr3.csv
ASSGSASAPTLFPLVSCENSPSDTSSVAVGCLAQDF,background_IGH_cdr3.csv
ARGAKITIFGVVKWGQNWFDP,background_IGH_cdr3.csv
ARAPWGYYYGSGSYYYFDY,background_IGH_cdr3.csv
ARHVVVATRQNGFDY,background_IGH_cdr3.csv
ARFKRCSSTSCPNDAFDI,background_IGH_cdr3.csv
AREARAVIQLWLLAH,background_IGH_cdr3.csv
ARGLLRYGGGGYFDY,background_IGH_cdr3.csv
ARVRPRSYSSSLGGFIDY,background_IGH_cdr3.csv
ARGHRKVYYYYYGMDV,background_IGH_cdr3.csv
AKDKRMGSGLAGYFDL,background_IGH_cdr3.csv
AGAPSPQLSSWYYFDS,background_IGH_cdr3.csv
AREQGGVYDFWSGDNADYYYGMDV,background_IGH_cdr3.csv
AKDNTPYSSSGSRWFDP,background_IGH_cdr3.csv
ARPPPLYSSSWYYFDY,background_IGH_cdr3.csv
ARGNMVRGGCFDS,background_IGH_cdr3.csv
AKSTGSLATEFDY,background_IGH_cdr3.csv
RQVRSSGNSAPLLST,background_IGH_cdr3.csv
ARGPTSSCYFDY,background_IGH_cdr3.csv
AKDLSSGWYPGDFDY,background_IGH_cdr3.csv
AKEVAVAGTLDY,background_IGH_cdr3.csv
ARRDTATDAFDI,background_IGH_cdr3.csv
ARVKSTVTTGIHTPTYYFDY,background_IGH_cdr3.csv
ARAPEFGSGNYGLDY,background_IGH_cdr3.csv
ASLAYSSSWYGRYFQH,background_IGH_cdr3.csv
ARDPAGRFYFDY,background_IGH_cdr3.csv
ARDAAAAPFRY,background_IGH_cdr3.csv
APPKAWNYMFDP,background_IGH_cdr3.csv
AKDPSSSWYEVNGYFQH,background_IGH_cdr3.csv
ASRSPAADY,background_IGH_cdr3.csv
AELTGDRGADY,background_IGH_cdr3.csv
ARIREGTTSNDIDY,background_IGH_cdr3.csv
ARQGYGSGWGYFDH,background_IGH_cdr3.csv
ARDGDTSDWNYWYVDF,background_IGH_cdr3.csv
ARDRSSYDILTGYVGDAFDI,background_IGH_cdr3.csv
ARYAPPYATDFWSAATDY,background_IGH_cdr3.csv
ARGGLGQQLRRSNYGMDV,background_IGH_cdr3.csv
ARILWCRGGDYYYGMDV,background_IGH_cdr3.csv
ASTAAGIDY,background_IGH_cdr3.csv
ASGVDSAYVGMDV,background_IGH_cdr3.csv
ARAFDSDGYWFIDY,background_IGH_cdr3.csv
ARGNVARQLVFGSWFDP,background_IGH_cdr3.csv
TTAPTKAPDVFPIISGCRHPKDNSPVVLACLITGYHPTSVTVTWY,background_IGH_cdr3.csv
ARGYYDFRSGYYFDY,background_IGH_cdr3.csv
ARAQAVCGAASLDY,background_IGH_cdr3.csv
ARGRGWFDP,background_IGH_cdr3.csv
AHSISCSSTSCYRWLYYYGMDV,background_IGH_cdr3.csv
ARGPPTLSGYYPRSFDY,background_IGH_cdr3.csv
ARGGVSAMGVNLVGYFDY,background_IGH_cdr3.csv
ARRTLSDTS,background_IGH_cdr3.csv
ARLSGYIVVVPAAGYNWFDP,background_IGH_cdr3.csv
ARIHYDISGTQKRSFDY,background_IGH_cdr3.csv
ARVGDPPYYFDY,background_IGH_cdr3.csv
ARLDRGWLQFD,background_IGH_cdr3.csv
ASSDKGARNY,background_IGH_cdr3.csv
ARGRREISGFDAYFDY,background_IGH_cdr3.csv
ARGASYRYSSGLPPYFDY,background_IGH_cdr3.csv
TRSGPTFWYFDL,background_IGH_cdr3.csv
ARSRDGYNRNRYYFDY,background_IGH_cdr3.csv
ASAGP,background_IGH_cdr3.csv
ARASDYDFWSGAYYFDY,background_IGH_cdr3.csv
ARLVGATTDY,background_IGH_cdr3.csv
ARGFEGGASDY,background_IGH_cdr3.csv
ARGPNWNY,background_IGH_cdr3.csv
ARPHGWRHYYYGMDV,background_IGH_cdr3.csv
ARFYTPIVRGMDV,background_IGH_cdr3.csv
ARGYGPGGHRGGAYGIDF,background_IGH_cdr3.csv
ARRTFSRVVSDWACYFDY,background_IGH_cdr3.csv
ARSSGDAFDI,background_IGH_cdr3.csv
ARGPYGDSPGY,background_IGH_cdr3.csv
ASRTAMVQIGAFDI,background_IGH_cdr3.csv
ARVPQY,background_IGH_cdr3.csv
ARTHPYGDYPTP,background_IGH_cdr3.csv
ARGPNWNY,background_IGH_cdr3.csv
ARAVDIVVVPAAIPDYPGYSSSWYSNDYGMDV,background_IGH_cdr3.csv
ATIREELLIGMDV,background_IGH_cdr3.csv
ARKGSSGWYEYHAFD,background_IGH_cdr3.csv
ARERSAAVAWFDP,background_IGH_cdr3.csv
ARDAVAACNCFDY,background_IGH_cdr3.csv
ARELNRGGKGVGYYYYGMDV,background_IGH_cdr3.csv
ARGYCSSTSCSNWFDP,background_IGH_cdr3.csv
ARGKVVPAATFDY,background_IGH_cdr3.csv
ARGFSMVRAPYAFDI,background_IGH_cdr3.csv
ARDLAVAGDTFDY,background_IGH_cdr3.csv
ARAKYSSRGVIDY,background_IGH_cdr3.csv
ARRRSGKNSGWDQGDFEN,background_IGH_cdr3.csv
ARGYDFWSGFDY,background_IGH_cdr3.csv
ASRSIAARPHAIDY,background_IGH_cdr3.csv
ASIAATGYFDY,background_IGH_cdr3.csv
AREGAATDAFDI,background_IGH_cdr3.csv
TRHGSSSWSEFDY,background_IGH_cdr3.csv
ARGGLGYCTNGVCSFDY,background_IGH_cdr3.csv
ARHASPQLVDY,background_IGH_cdr3.csv
ARRNWRYYYDP,background_IGH_cdr3.csv
ARSPVAARPHYFDY,background_IGH_cdr3.csv
AKAGERFTVAGHLDY,background_IGH_cdr3.csv
AHKKNYDFWSGYYTAQGGFDY,background_IGH_cdr3.csv
ARGMEQLVGCVGY,background_IGH_cdr3.csv
ARGANTWIQLWRPYYFDY,background_IGH_cdr3.csv
AWGSEDDAFDI,background_IGH_cdr3.csv
ARGGRVLRRAGHGGIDY,background_IGH_cdr3.csv
ARDRSIVPFDY,background_IGH_cdr3.csv
AADDLSVGY,background_IGH_cdr3.csv
ASATAGIAAAPLYGMDV,background_IGH_cdr3.csv
ARGRGVAYVYYFDY,background_IGH_cdr3.csv
ARGKKLLYPIAPFQH,background_IGH_cdr3.csv
ARDHVLGSSYDY,background_IGH_cdr3.csv
ARVGFRAMTSDY,background_IGH_cdr3.csv
ARGPPHSGSWFECFDY,background_IGH_cdr3.csv
ARFENV,background_IGH_cdr3.csv
ARDNYSSAPWFDH,background_IGH_cdr3.csv
ARDNYSSAHWFDP,background_IGH_cdr3.csv
VSRGYDY,background_IGH_cdr3.csv
AREAVAGTVLFDY,background_IGH_cdr3.csv
ARGRRVDIVAHYYYYGMDV,background_IGH_cdr3.csv
ARDGELRYFDY,background_IGH_cdr3.csv
ARGGGSYYYYYGLDV,background_IGH_cdr3.csv
ARGGGSSMGFDP,background_IGH_cdr3.csv
ARHFRSWNRWLQIPNYFDY,background_IGH_cdr3.csv
ASGLVDTAMVRFDY,background_IGH_cdr3.csv
ARYQQQLAMGVDY,background_IGH_cdr3.csv
ARRGGGGSYDGDKDYFDY,background_IGH_cdr3.csv
ARDGSGSYYDY,background_IGH_cdr3.csv
AREVIAALDY,background_IGH_cdr3.csv
ARVNYDSSGYYFVDD,background_IGH_cdr3.csv
AHFMGATPLHDAFDI,background_IGH_cdr3.csv
ARHSRDGYNVAY,background_IGH_cdr3.csv
ARGRRGLPAAIIAARAFDI,background_IGH_cdr3.csv
ARSIAARHDAFDI,background_IGH_cdr3.csv
ARSIAARHDAFDI,background_IGH_cdr3.csv
ARSCGYSYGCGNPYGMDV,background_IGH_cdr3.csv
ARFHWGESGYYVQYDY,background_IGH_cdr3.csv
ASASSGWYVHY,background_IGH_cdr3.csv
ARIPPEEVMINGYYGMDV,background_IGH_cdr3.csv
ATDGPSGSQDY,background_IGH_cdr3.csv
ARPRYWNYYGMDV,background_IGH_cdr3.csv
AREPGYSSGVDY,background_IGH_cdr3.csv
AREYWDGGYESGGAFDI,background_IGH_cdr3.csv
ARDKRYCSSTSCYKVDYYYGMDV,background_IGH_cdr3.csv
ARGDTAMAVHSYGMDV,background_IGH_cdr3.csv
ARVSSGYYYFDY,background_IGH_cdr3.csv
ARGGSSWYDY,background_IGH_cdr3.csv
ARTLIAAAGQFDY,background_IGH_cdr3.csv
ARVPLGPFFDY,background_IGH_cdr3.csv
AGLYRGYDT,background_IGH_cdr3.csv
ARDSSTSF,background_IGH_cdr3.csv
ARHEEYQLPETGGVSYFDY,background_IGH_cdr3.csv
ARSGGDYYFDY,background_IGH_cdr3.csv
ARGLGYCSGGSCYEWDY,background_IGH_cdr3.csv
ARGSSPLYYYYYGMDV,background_IGH_cdr3.csv
ARLLVPAAIRIYYYYGMDV,background_IGH_cdr3.csv
ARHVLPPSYYGGNSGASDY,background_IGH_cdr3.csv
AQSEQQLVLRGFDP,background_IGH_cdr3.csv
ARITIFGVVGSHYFDY,background_IGH_cdr3.csv
ARADNIAVAGTGFSDY,background_IGH_cdr3.csv
ARRCQIGAADYFDY,background_IGH_cdr3.csv
ARHGRNWGNFDY,background_IGH_cdr3.csv
ARDGDDYGYFDL,background_IGH_cdr3.csv
ARQWELGTDFDY,background_IGH_cdr3.csv
AREVYCSSTSCQYRWFDP,background_IGH_cdr3.csv
ARLGRNAFDI,background_IGH_cdr3.csv
ARGPNWNY,background_IGH_cdr3.csv
ATSYRFYDY,background_IGH_cdr3.csv
ARGPNWNY,background_IGH_cdr3.csv
ARHPIVYGMDV,background_IGH_cdr3.csv
AHRPRGASSSWYGVVYFDY,background_IGH_cdr3.csv
ARDPLRGTLFFTYGMDV,background_IGH_cdr3.csv
ARDLRDIVVVPAAS,background_IGH_cdr3.csv
AKGSRGAATGANFDY,background_IGH_cdr3.csv
AREARAMVRGTIDY,background_IGH_cdr3.csv
ARMIKRWRPDAFGI,background_IGH_cdr3.csv
ARGGTKIAAGRYWFDY,background_IGH_cdr3.csv
ARDFFPRITTA,background_IGH_cdr3.csv
ARGSFVAATQPSPFDY,background_IGH_cdr3.csv
ARSPHYYDFWSGYYDY,background_IGH_cdr3.csv
ARGPHDCSSSCSYCFDY,background_IGH_cdr3.csv
ATDSTTGDAFDI,background_IGH_cdr3.csv
ASLTGTTEGNFDY,background_IGH_cdr3.csv
ARGSDVVVVIAATPSSTPTVNYFDY,background_IGH_cdr3.csv
ATGYSGGYYYGMDV,background_IGH_cdr3.csv
ARAKGTMVRGVIDAIDY,background_IGH_cdr3.csv
ARDGFLGYCSSTSCYRRPPDDNWFDP,background_IGH_cdr3.csv
ARGPHITVVRRLFDY,background_IGH_cdr3.csv
ARGGGVRRRRDYGMDV,background_IGH_cdr3.csv
ARRIVYYDSSVPGVHFDY,background_IGH_cdr3.csv
ARGRGYGSRYYFDY,background_IGH_cdr3.csv
AKDLSSGWYPGDFDY,background_IGH_cdr3.csv
ATGPQQWELSPPIVH,background_IGH_cdr3.csv
HSSETRQLGL,background_IGH_cdr3.csv
ASPTNDCSGGSCYSGYFDY,background_IGH_cdr3.csv
EGWLLLWLVRP,background_IGH_cdr3.csv
ARDRVVPAAILGY,background_IGH_cdr3.csv
ARGDGPIQRSWYDY,background_IGH_cdr3.csv
ARARWSSDY,background_IGH_cdr3.csv
ARGPSYYYDSSGYYVA,background_IGH_cdr3.csv
ARHGDYDSSGYYYGIDY,background_IGH_cdr3.csv
ARGSEQIFGVVPIDY,background_IGH_cdr3.csv
ASQTGPKIGAYDY,background_IGH_cdr3.csv
SASAPTLFPLVSCENSPSDTSSVAVGCLAQDF,background_IGH_cdr3.csv
ARDASSGYSNNWFDP,background_IGH_cdr3.csv
ARLLRDSSGPVAFDI,background_IGH_cdr3.csv
ETGSRTDYGGNHQLVLRS,background_IGH_cdr3.csv
ARSLPETRY,background_IGH_cdr3.csv
ARQADASFDY,background_IGH_cdr3.csv
ARDLRMSSRALGY,background_IGH_cdr3.csv
ARERSWRTTETFDVSDI,background_IGH_cdr3.csv
ALLGSGYYYGY,background_IGH_cdr3.csv
ARCGVGNAFDI,background_IGH_cdr3.csv
ARNGRRLRRHGGFDP,background_IGH_cdr3.csv
AHDKYGSGSFDY,background_IGH_cdr3.csv
ARRRRSGDVRWIDP,background_IGH_cdr3.csv
ARDPIAAAGFDY,background_IGH_cdr3.csv
ARVDSSSSWRVPIPYYGMDV,background_IGH_cdr3.csv
ARGRTSMVRGIIILYLYYFDY,background_IGH_cdr3.csv
ARGSGLLPGIAVAGTRCFDY,background_IGH_cdr3.csv
ARGSGSLPGIAVAGTRWFDP,background_IGH_cdr3.csv
ARARYKSANFDY,background_IGH_cdr3.csv
ATYKSANFDY,background_IGH_cdr3.csv
YASGGMDV,background_IGH_cdr3.csv
ARLYSGDWYDT,background_IGH_cdr3.csv
ARGRDSGYGMDV,background_IGH_cdr3.csv
ARDLWSSGWYAFDY,background_IGH_cdr3.csv
ARSHYDSSGYYRPDAFDI,background_IGH_cdr3.csv
ARSRRKQLVHNKNWFDP,background_IGH_cdr3.csv
AHKGHRLWFGESREYNWFDP,background_IGH_cdr3.csv
VLGSSIANYFDY,background_IGH_cdr3.csv
ARERSWRTTETFDVADI,background_IGH_cdr3.csv
ARVGCSSTSCYVNWFDY,background_IGH_cdr3.csv
ARGSGSYLDY,background_IGH_cdr3.csv
ARWAEVEMATISDYGMDV,background_IGH_cdr3.csv
ARLDLIVGRDY,background_IGH_cdr3.csv
ARSSTIFGVVHVPVYNGFDP,background_IGH_cdr3.csv
AKDPKLGGDRFDY,background_IGH_cdr3.csv
ARGANTWIQLWRPYYFDY,background_IGH_cdr3.csv
ARVPYCSSTSCRWADV,background_IGH_cdr3.csv
ARIRETMITFGGV,background_IGH_cdr3.csv
ARGERCSSSGCYFDMDY,background_IGH_cdr3.csv
ARGGWFGELSLGFDY,background_IGH_cdr3.csv
ARGGFGDSVAMPDH,background_IGH_cdr3.csv
ARGPNWNY,background_IGH_cdr3.csv
ARAGLGSSWYGGNYYFDY,background_IGH_cdr3.csv
ARDLRRSGSYLTDYYYGMDV,background_IGH_cdr3.csv
ARGDGPIQRSCYDY,background_IGH_cdr3.csv
ARGVHAAIDDAFDI,background_IGH_cdr3.csv
ARGWAAPIKGWFDP,background_IGH_cdr3.csv
ARHAEYHHAGGHFDY,background_IGH_cdr3.csv
ARQGRYSADY,background_IGH_cdr3.csv
AHKLQYSSSGMN,background_IGH_cdr3.csv
ARTMIVWASPVFDY,background_IGH_cdr3.csv
AEREITMVGVGTFDY,background_IGH_cdr3.csv
ARGGPVLRLDMYYFDY,background_IGH_cdr3.csv
ASLRGGGYSQSSY,background_IGH_cdr3.csv
AADRYSSSWYSDYGMDV,background_IGH_cdr3.csv
ARGDYWGACYGWFDY,background_IGH_cdr3.csv
ARDLRVGVVVFDY,background_IGH_cdr3.csv
ARRPARVVVGTPFDY,background_IGH_cdr3.csv
ARLVEMATITRNSDYYGMDV,background_IGH_cdr3.csv
AAQDRYCSSTSCVNYYYYGMDV,background_IGH_cdr3.csv
APLPEAGPRRGWFDP,background_IGH_cdr3.csv
AKDLGSKGPRGYYYGMDV,background_IGH_cdr3.csv
ARLNWNYVYFDY,background_IGH_cdr3.csv
ATGYGSGSYSV,background_IGH_cdr3.csv
ARPFCSGTSCYYLYYYGMDV,background_IGH_cdr3.csv
ARDRVVPAAILGY,background_IGH_cdr3.csv
TRSGPTFWYFDL,background_IGH_cdr3.csv
ARTGTIMRRYYGMDV,background_IGH_cdr3.csv
ASRWNDGY,background_IGH_cdr3.csv
ARGKGSGSNYKNGFDY,background_IGH_cdr3.csv
AHRVSLISFCFDY,background_IGH_cdr3.csv
ARGVAAPESTAFDY,background_IGH_cdr3.csv
ARGRPTIFGVVRARWWFDP,background_IGH_cdr3.csv
ARLGAGLDI,background_IGH_cdr3.csv
AAGRLDYDSSGYSN,background_IGH_cdr3.csv
ARTMGDSSGSDY,background_IGH_cdr3.csv
ARTYYYYYYGMDV,background_IGH_cdr3.csv
ARDYGIFGVVPVGY,background_IGH_cdr3.csv
ARALGVLRFLEWFPPDY,background_IGH_cdr3.csv
ARVQSAVAGNRDYYYYGMDV,background_IGH_cdr3.csv
ARLVVGATDIDY,background_IGH_cdr3.csv
ARDGYCSSTSCYRRYYYGMDV,background_IGH_cdr3.csv
ARVYRSFYSSNHYFDY,background_IGH_cdr3.csv
ARVVVPAASYGMDV,background_IGH_cdr3.csv
ARGTRQQLWFDDWFDY,background_IGH_cdr3.csv
ASTSYYYDSSGYSNYYYYGMDV,background_IGH_cdr3.csv
ARDSCSSTSCYVSDI,background_IGH_cdr3.csv
AKGSASAPTLFPLVSCENSPSDTSSVAVGCLAQDF,background_IGH_cdr3.csv
ARREKWLVDY,background_IGH_cdr3.csv
AKDERVRFGELFH,background_IGH_cdr3.csv
WLVSR,background_IGH_cdr3.csv
ARSPKTYYDFWSGYLKGHGMDV,background_IGH_cdr3.csv
ARHRGGAGGGFDL,background_IGH_cdr3.csv
ARTSVADRDDY,background_IGH_cdr3.csv
AKDIGYCTNGVCYRGGLDY,background_IGH_cdr3.csv
ATGLAAPDAFDI,background_IGH_cdr3.csv
AREGGRGIVVDNWFDP,background_IGH_cdr3.csv
ARGSAEMATAWHFQH,background_IGH_cdr3.csv
ARGPAEVAMAWHFHH,background_IGH_cdr3.csv
AGEEPNYDFWSGLVY,background_IGH_cdr3.csv
ARGPTKGGNWSLDP,background_IGH_cdr3.csv
ARDQVSGAFDL,background_IGH_cdr3.csv
AHTQQLVQFDY,background_IGH_cdr3.csv
ARDEPIVATSGYAFDI,background_IGH_cdr3.csv
ARDSPIVGATH,background_IGH_cdr3.csv
ARDSWWQLVRAFDY,background_IGH_cdr3.csv
ARGLWLVDY,background_IGH_cdr3.csv
GVRFGWYLNAFDI,background_IGH_cdr3.csv
ARDWLDDYSNYVTLDAFDI,background_IGH_cdr3.csv
ARHRGGSYYFDY,background_IGH_cdr3.csv
ARADIVVVPAAIGYFQH,background_IGH_cdr3.csv
EVVIGSSTSCGWGLVRP,background_IGH_cdr3.csv
ARDLVTVATPRFDS,background_IGH_cdr3.csv
ARGSRPHSSFGHLDS,background_IGH_cdr3.csv
VLGRGRWAFDI,background_IGH_cdr3.csv
ARDVGAVAGT,background_IGH_cdr3.csv
TTARRRGSSDY,background_IGH_cdr3.csv
ARETDSYGTRFDY,background_IGH_cdr3.csv
ARIPLVLNIVVVPAAILDAFDI,background_IGH_cdr3.csv
ASSTYYDILTGYDQPLSPDY,background_IGH_cdr3.csv
ARAYYGDNWYFDL,background_IGH_cdr3.csv
ARDYYYGMDV,background_IGH_cdr3.csv
ARGVHTAIDDAFDI,background_IGH_cdr3.csv
ASPLKMATTPGSFDY,background_IGH_cdr3.csv
ASRDGANWGLDDY,background_IGH_cdr3.csv
ARTYCSSGHCYDAFDI,background_IGH_cdr3.csv
ARRLLDCLSQFDY,background_IGH_cdr3.csv
ARERRNYYDTLGLDY,background_IGH_cdr3.csv
ARDLRQLGPEYYGMDV,background_IGH_cdr3.csv
ARVMTYYDYVWGSYRQTLVY,background_IGH_cdr3.csv
ARLDLIVGRDY,background_IGH_cdr3.csv
ARDGDYGDYVGFFDY,background_IGH_cdr3.csv
ARHQIAAAGPFDP,background_IGH_cdr3.csv
APGGYFDY,background_IGH_cdr3.csv
ARQASGIGADY,background_IGH_cdr3.csv
LDGHYDTTGRTD,background_IGH_cdr3.csv
ATIREELLIGMDV,background_IGH_cdr3.csv
ERSPGDYVSTW,background_IGH_cdr3.csv
ASAPTLFPLVSCENSPSDTSSVAVGCLAQDF,background_IGH_cdr3.csv
ARQERGVVIKGPNWFDP,background_IGH_cdr3.csv
ARQPTNYYYGMDV,background_IGH_cdr3.csv
ARRAMIVVVIDDSAAFDI,background_IGH_cdr3.csv
ASGGYSYGPYFDY,background_IGH_cdr3.csv
ARGRGWFDP,background_IGH_cdr3.csv
ARALRTTIFGVVTALDAFDI,background_IGH_cdr3.csv
ARVGREPFESPSGSYWGGAFDI,background_IGH_cdr3.csv
ARQGTGGADY,background_IGH_cdr3.csv
ASSSIAARPLVY,background_IGH_cdr3.csv
ARGAGLGGIVVVAAAITFDY,background_IGH_cdr3.csv
ARRTYSMAAADFDY,background_IGH_cdr3.csv
ASHRAGAVGVTSPFAY,background_IGH_cdr3.csv
ARVEQQLDSLGLDY,background_IGH_cdr3.csv
ARYGWRDGAFDI,background_IGH_cdr3.csv
ASYSTGRAFDI,background_IGH_cdr3.csv
VHRRPGLWFDI,background_IGH_cdr3.csv
ARGPYSRSSGQWDDL,background_IGH_cdr3.csv
ARVGGRGYSSSYGLFDY,background_IGH_cdr3.csv
ASSGDFWSGYFSLGHYGMDV,background_IGH_cdr3.csv
ARDAGSCGRGYLNWFDY,background_IGH_cdr3.csv
ANERYQLLSYYFDY,background_IGH_cdr3.csv
ARDLRRSGSYLTDYYYGMDV,background_IGH_cdr3.csv
ARVPPYYDSSGFDY,background_IGH_cdr3.csv
AREKGIVGATFDY,background_IGH_cdr3.csv
ARGLRGVVPRLYYYFDL,background_IGH_cdr3.csv
ARGGIVVVPAAIRWFDP,background_IGH_cdr3.csv
ASSSRYLQWGLH,background_IGH_cdr3.csv
ARSNYYGSGSYSL,background_IGH_cdr3.csv
ARTHPYGDYPTP,background_IGH_cdr3.csv
ARTHPYGDYPTP,background_IGH_cdr3.csv
ARDNGDDVGH,background_IGH_cdr3.csv
AIFRNPSYGMDV,background_IGH_cdr3.csv
ARDSYGMDV,background_IGH_cdr3.csv
ARESSAGVHDAFDI,background_IGH_cdr3.csv
GRSGITIFGVVIIGLRYGR,background_IGH_cdr3.csv
AAAPSPQLSSWYYFDS,background_IGH_cdr3.csv
ARQKQWLLSS,background_IGH_cdr3.csv
ARCPLEESSGGDDY,background_IGH_cdr3.csv
AREGVRSYSGGWPNAFDI,background_IGH_cdr3.csv
ARGSQVGSTSQIDY,background_IGH_cdr3.csv
ATYGDYERYFDL,background_IGH_cdr3.csv
ARRICGGGSCHHDY,background_IGH_cdr3.csv
ARRLIRWFDP,background_IGH_cdr3.csv
ARDLSGSGSYFTLDWFDP,background_IGH_cdr3.csv
ARVGYSSGWATDSDY,background_IGH_cdr3.csv
ARDRDGSSWDYFDY,background_IGH_cdr3.csv
ARHISSSVWFDP,background_IGH_cdr3.csv
ARGGLGQQLRRSNYGMDV,background_IGH_cdr3.csv
ARGGLGQQLRWQLRYVFDY,background_IGH_cdr3.csv
LILPGGDGYYWGGRT,background_IGH_cdr3.csv
ARGPWLWQLVLPYYYGMDV,background_IGH_cdr3.csv
ARGGRRGSRWGYCFDY,background_IGH_cdr3.csv
VLGSSIANYFDY,background_IGH_cdr3.csv
ARGRFKIAAAGTGGVENWFDP,background_IGH_cdr3.csv
ARQIYGYGDYPLDF,background_IGH_cdr3.csv
ARGGRYCCGSRCRLGYCYGLDV,background_IGH_cdr3.csv
ARGAAVGGVIWFDY,background_IGH_cdr3.csv
ARGSGSLPGIAVAGTRWFDP,background_IGH_cdr3.csv
ARDAGAYGMDV,background_IGH_cdr3.csv
ARRGAARLGAFDI,background_IGH_cdr3.csv
ARGGRWGDGRYFDY,background_IGH_cdr3.csv
ARIVEMAAW,background_IGH_cdr3.csv
ARGGSGSRRYFDY,background_IGH_cdr3.csv
ARGPPVGNWFDP,background_IGH_cdr3.csv
ARDPELRFLEWLLLGYGMDV,background_IGH_cdr3.csv
ARGLHVLWFGELWGGY,background_IGH_cdr3.csv
ARGDYDYWSGQPDK,background_IGH_cdr3.csv
ARGPAATTIDY,background_IGH_cdr3.csv
ARHDVHAGESSDYFYYF,background_IGH_cdr3.csv
AKSHGRGIVGATPRLRGYFDL,background_IGH_cdr3.csv
ASLSGDYSPY,background_IGH_cdr3.csv
ARAYYGDNWYFDL,background_IGH_cdr3.csv
ARVPGSGVRGVSSQIDY,background_IGH_cdr3.csv
ARHGVGSGWFFDY,background_IGH_cdr3.csv
ARGGSYHNTKYFDY,background_IGH_cdr3.csv
ARGGSYHNTKYFDY,background_IGH_cdr3.csv
ARMGSGYGVYYYGMDV,background_IGH_cdr3.csv
ASRQQLLHYYYYGMDV,background_IGH_cdr3.csv
ARDRHFGSGTLAPFDP,background_IGH_cdr3.csv
ARGRPMGSGSYVGDV,background_IGH_cdr3.csv
ARPRYWNYYGMDV,background_IGH_cdr3.csv
TTYNRNYIYFDY,background_IGH_cdr3.csv
AGGVLDETFDY,background_IGH_cdr3.csv
ARVNYVAADGYDGFDY,background_IGH_cdr3.csv
AESGVTTTFDY,background_IGH_cdr3.csv
ARGGVVAATGYYFDY,background_IGH_cdr3.csv
ASRSIAARPHTIDY,background_IGH_cdr3.csv
ARWVRIAAAGTIPLF,background_IGH_cdr3.csv
ARAAESYDSSGYYHYYFDY,background_IGH_cdr3.csv
ARHVVQLWPKMRAFDY,background_IGH_cdr3.csv
ARDGSGSYYDY,background_IGH_cdr3.csv
VEGREDIVVVPAAIRDGTSIS,background_IGH_cdr3.csv
AHRTTNSYGLESDY,background_IGH_cdr3.csv
ARGDIREDSRDAFDI,background_IGH_cdr3.csv
ARDRSGGCCSYYYYYGMDV,background_IGH_cdr3.csv
ARETRLEAFDI,background_IGH_cdr3.csv
ARERAAWLL,background_IGH_cdr3.csv
ARGRGGGYYYGDFDY,background_IGH_cdr3.csv
ARDPTYGDYVGYFDY,background_IGH_cdr3.csv
AREEPVAGMEGLGDY,background_IGH_cdr3.csv
ASLEELDY,background_IGH_cdr3.csv
AREATWYGMDV,background_IGH_cdr3.csv
ARLGRNAFDI,background_IGH_cdr3.csv
ARASDYDFWSGAYYFDY,background_IGH_cdr3.csv
ESSYDFWSGYTLVQLVRP,background_IGH_cdr3.csv
ARGWWGYSNRWFWDY,background_IGH_cdr3.csv
ARGVVDRFDP,background_IGH_cdr3.csv
ARGPPRITIFGVVRRRGMDV,background_IGH_cdr3.csv
SRLWGAFDI,background_IGH_cdr3.csv
ARGGTVGSGCYYYGMDV,background_IGH_cdr3.csv
ARRTDFWPRDDWFDP,background_IGH_cdr3.csv
ANELYQRDNEYFQH,background_IGH_cdr3.csv
ARDQLSGARPFDY,background_IGH_cdr3.csv
ARALRTTIFGVVTALDAFDI,background_IGH_cdr3.csv
AGEHAPYFIAAAGRD,background_IGH_cdr3.csv
ARGADFWSGSLDDY,background_IGH_cdr3.csv
ARHNSNWGGWFDP,background_IGH_cdr3.csv
ARGRRVPAASH,background_IGH_cdr3.csv
ARDGSPRNAANYGMDV,background_IGH_cdr3.csv
ARDYYDLRKVWWFDP,background_IGH_cdr3.csv
ARIREGIPDAFDI,background_IGH_cdr3.csv
ASFGGPLVCHGDYLDY,background_IGH_cdr3.csv
AREGSSSCYNWFDY,background_IGH_cdr3.csv
ARRATGPYGFGMDY,background_IGH_cdr3.csv
ARIATGDGMDV,background_IGH_cdr3.csv
ARVKPAMVRGVVNWFDP,background_IGH_cdr3.csv
ARGEGVSGGDCGTYYGLDV,background_IGH_cdr3.csv
ARDLSLSIAARGWYFDY,background_IGH_cdr3.csv
ARGENYNAFDI,background_IGH_cdr3.csv
ARGFSMVRAPYAFDI,background_IGH_cdr3.csv
AHTYSSSSWFNQ,background_IGH_cdr3.csv
ARLNYYGSVILDY,background_IGH_cdr3.csv
ARTGGADFWSGYYPYFDY,background_IGH_cdr3.csv
AKDMGHGYEQVRNWVDP,background_IGH_cdr3.csv
ASIPGIAVAGTDY,background_IGH_cdr3.csv
ARQHLVSPVDY,background_IGH_cdr3.csv
ARGGSSSWHYYFDY,background_IGH_cdr3.csv
ARGSSIAAHWNYDY,background_IGH_cdr3.csv
ARCSGSNYCFIDY,background_IGH_cdr3.csv
ARGTIWFGELLSWLRLVRFDY,background_IGH_cdr3.csv
ASGGDGDYGDY,background_IGH_cdr3.csv
ARMGDRGGSYAGYI,background_IGH_cdr3.csv
ARRGRGDSSGYLLPPWYFDL,background_IGH_cdr3.csv
ERGRIQLWLRLLLLRYGR,background_IGH_cdr3.csv
AKGGDALPFDY,background_IGH_cdr3.csv
ASQNSSSWYMSEYYFDY,background_IGH_cdr3.csv
AADRYSSSWYSDYGMDV,background_IGH_cdr3.csv
ARTGSSGYFGY,background_IGH_cdr3.csv
ARDDYGDY,background_IGH_cdr3.csv
ASGLGSGLVDV,background_IGH_cdr3.csv
ARAVRAMEAYYYYGFDY,background_IGH_cdr3.csv
ASTGGAGEEYYYYGMDV,background_IGH_cdr3.csv
AKMNRWLQHFDY,background_IGH_cdr3.csv
ARGDYYDSSGYFDY,background_IGH_cdr3.csv
SHYSNRWD,background_IGH_cdr3.csv
ARGTVVAATCFDY,background_IGH_cdr3.csv
ARGRGGAAWWYFDL,background_IGH_cdr3.csv
RGIGTTGWLTT,background_IGH_cdr3.csv
ARDFMETTVTYFDY,background_IGH_cdr3.csv
ARAPRGYCSGGSCYRNWFDP,background_IGH_cdr3.csv
ARAD,background_IGH_cdr3.csv
ARGARGYYDSSALNPPVFDY,background_IGH_cdr3.csv
ARAYYGDNWYFDL,background_IGH_cdr3.csv
ASSEYYGSGTLRS,background_IGH_cdr3.csv
ARRGRSTGY,background_IGH_cdr3.csv
ARAQKRYYYCIDV,background_IGH_cdr3.csv
ARERVREIRYFDY,background_IGH_cdr3.csv
ARFLTMRFDY,background_IGH_cdr3.csv
ARAGCWGYSSASCAFDI,background_IGH_cdr3.csv
ALPIAAAGTEAGWFDP,background_IGH_cdr3.csv
AKDIVSCSSTSCYLGYGMDV,background_IGH_cdr3.csv
ARSIRSCYDSSGYSDGIDY,background_IGH_cdr3.csv
ARGLVYSSGWTDGLGRQNDY,background_IGH_cdr3.csv
ARGGVSDSRDSCYGFDY,background_IGH_cdr3.csv
ARGYYDFWSGYYDY,background_IGH_cdr3.csv
ARGYGGPYYFDY,background_IGH_cdr3.csv
ARGREDIVVVPAANTYYYYGMDV,background_IGH_cdr3.csv
AKDLPLTVTTGLEPSY,background_IGH_cdr3.csv
AKSHGRGIVGATPRLRGYFDL,background_IGH_cdr3.csv
ARTLAYYFDY,background_IGH_cdr3.csv
ARPEAVAGAM,background_IGH_cdr3.csv
ARGWAAPIKGWFDP,background_IGH_cdr3.csv
AAEPQQLGKDAFDI,background_IGH_cdr3.csv
ARGVEIHSDDYGMDV,background_IGH_cdr3.csv
ARPERDSSGWYFYYFDS,background_IGH_cdr3.csv
ARQPRDIVVVPGGMDV,background_IGH_cdr3.csv
AKDRRPLHFVVGATLDY,background_IGH_cdr3.csv
ARDRGSITIFGVIYVGMDV,background_IGH_cdr3.csv
ARVRGSSGYYYDFDY,background_IGH_cdr3.csv
EVGRGGDGYNFRLRYGR,background_IGH_cdr3.csv
ARQLVGVISFDP,background_IGH_cdr3.csv
ARPRYWNYYGMDV,background_IGH_cdr3.csv
ARVRKTNGWYFDL,background_IGH_cdr3.csv
ARLKSQISPADYFDY,background_IGH_cdr3.csv
ARLKSQISPADYFDY,background_IGH_cdr3.csv
ATSVMIVVVNTFLR,background_IGH_cdr3.csv
AVSFRIAARYYGMDV,background_IGH_cdr3.csv
AKAWEKRKYFQH,background_IGH_cdr3.csv
ARRYGYYYDSSGPTGYFDL,background_IGH_cdr3.csv
AKGPVPAAMPNWFDP,background_IGH_cdr3.csv
ARDDYGFDY,background_IGH_cdr3.csv
ARERYCSGGSCYPFYL,background_IGH_cdr3.csv
ARAVVPAAIVRAPLDY,background_IGH_cdr3.csv
ARDTLRDSSGGYRGHGWFDP,background_IGH_cdr3.csv
ASTRSSSSWGIIDY,background_IGH_cdr3.csv
ARHYYGSGSYSNPYYYYGMDV,background_IGH_cdr3.csv
ARGAKGFKSLLDY,background_IGH_cdr3.csv
ARGAKGFKSLLDY,background_IGH_cdr3.csv
ATVRLDYDSSGYSN,background_IGH_cdr3.csv
ATLFCGGNCRFDY,background_IGH_cdr3.csv
ARGFRPCDY,background_IGH_cdr3.csv
ARMESGSSPDY,background_IGH_cdr3.csv
AHGRYSGYDPPKGWFDP,background_IGH_cdr3.csv
ARHRLEAAIDQMGFDY,background_IGH_cdr3.csv
ARGRLRIAARSQTNGFDP,background_IGH_cdr3.csv
ARGGGSSMGFDP,background_IGH_cdr3.csv
ARVMGPPPTSEGGGTVDY,background_IGH_cdr3.csv
ARDYGQWLVRDAFDI,background_IGH_cdr3.csv
ARGYYSSGWEAFDF,background_IGH_cdr3.csv
ARDLAYCGGDCDSFGDY,background_IGH_cdr3.csv
AREGGWSGSYGAFDI,background_IGH_cdr3.csv
ATQKNQFSSYGMDV,background_IGH_cdr3.csv
AAGLTGVTLGFDY,background_IGH_cdr3.csv
AHSNGPLKSVAGSWMGIPFDP,background_IGH_cdr3.csv
ARELGARLGLSY,background_IGH_cdr3.csv
ARVIAWSDDNYFDY,background_IGH_cdr3.csv
ARSCGYSYGCGNPYGMDV,background_IGH_cdr3.csv
ASFSWSNHY,background_IGH_cdr3.csv
ARFWGFGVVSIDY,background_IGH_cdr3.csv
ARRGHISGFYIGGYYDY,background_IGH_cdr3.csv
ARGRGGGGSITGPADAFDI,background_IGH_cdr3.csv
AGEGVATIEFPDYYFDY,background_IGH_cdr3.csv
ARGGGVATIEFPDYYFDY,background_IGH_cdr3.csv
ARVRFSSYYYYYYGMDV,background_IGH_cdr3.csv
ARGRRYCWWFDD,background_IGH_cdr3.csv
ASALDGGADY,background_IGH_cdr3.csv
ARGGAGVASCYSRYFDY,background_IGH_cdr3.csv
ARYLRAFDI,background_IGH_cdr3.csv
ARDGSYYVGQGSDPFDY,background_IGH_cdr3.csv
ATGLWSQTAAGY,background_IGH_cdr3.csv
GKLWGY,background_IGH_cdr3.csv
ARGLGYCGGSGSYYYVVDY,background_IGH_cdr3.csv
AHTRRIAAAGTNFDY,background_IGH_cdr3.csv
ARPGTSLDAFDI,background_IGH_cdr3.csv
ARAASSNWFDP,background_IGH_cdr3.csv
ARDPSRGVVSYGMDV,background_IGH_cdr3.csv
AREVRTGTNFDC,background_IGH_cdr3.csv
ARVVGCSGGSCKYYSGMDV,background_IGH_cdr3.csv
AKDSYYYDSSGLFLHY,background_IGH_cdr3.csv
ARQGYVAWGWFDP,background_IGH_cdr3.csv
ARGISGSPQYNWFDP,background_IGH_cdr3.csv
ARGAAAQY,background_IGH_cdr3.csv
ATVGDGGSYFDY,background_IGH_cdr3.csv
ARDWKRGLARRYSDYGVDD,background_IGH_cdr3.csv
ARGEYSSSGELDY,background_IGH_cdr3.csv
AVDTLNRYCSSTSCYAKKFDP,background_IGH_cdr3.csv
AHSNITFGGVIAPPPRY,background_IGH_cdr3.csv
AHRLDSSGWDAFDI,background_IGH_cdr3.csv
AREEVPKWYFDL,background_IGH_cdr3.csv
ARQGRYSADY,background_IGH_cdr3.csv
ARTPIIATSYYFDY,background_IGH_cdr3.csv
ARHLAPGPLNWFDP,background_IGH_cdr3.csv
ARGFDSSGYSY,background_IGH_cdr3.csv
ASRTAMVQIGAFDI,background_IGH_cdr3.csv
ARRGDIGYGK,background_IGH_cdr3.csv
ASPRDILTGYRRFDY,background_IGH_cdr3.csv
AAESPGPAAITVGYHAFDI,background_IGH_cdr3.csv
ARPMARHDSGLYYFDS,background_IGH_cdr3.csv
AKGQAHTAKTNFDY,background_IGH_cdr3.csv
ARGPYDSSGYPGDY,background_IGH_cdr3.csv
TRDLHSARSGDFDY,background_IGH_cdr3.csv
ARRERGLRFLEWFDP,background_IGH_cdr3.csv
ARGIIAARAHWFDP,background_IGH_cdr3.csv
ARGRSRGGYPYWCFDH,background_IGH_cdr3.csv
AGSYGFRGMDV,background_IGH_cdr3.csv
ARGPISIAVRAYGFDY,background_IGH_cdr3.csv
ARGYYDFWNHPFDY,background_IGH_cdr3.csv
ARGRPGRTGGFDY,background_IGH_cdr3.csv
ARHFRRPYYFDY,background_IGH_cdr3.csv
TRDNELTTVGYSSSGGIIDY,background_IGH_cdr3.csv
ARDRAIVVVPADPSWFDP,background_IGH_cdr3.csv
ARGLDYYGSWNWFDY,background_IGH_cdr3.csv
ARGSAVSPYYFDY,background_IGH_cdr3.csv
ARKTRMDSLFDP,background_IGH_cdr3.csv
ARVVGAKIP,background_IGH_cdr3.csv
ARVGIARPVDQFDY,background_IGH_cdr3.csv
TTAPTKAPDVFPIISGCRHPKDNSPVVLACLITGYHPTSVTVTWY,background_IGH_cdr3.csv
ARGREGIRNFRHPSGKYYFDY,background_IGH_cdr3.csv
ARLRGGYSDY,background_IGH_cdr3.csv
ARDPDGIAATNWFDP,background_IGH_cdr3.csv
AGGSLDIVVVPAATGYYYFDY,background_IGH_cdr3.csv
ARGRDRSTHDAFDI,background_IGH_cdr3.csv
ASGTFNDDVWGSYRPFDV,background_IGH_cdr3.csv
ARFENV,background_IGH_cdr3.csv
ARVRDSCSSWGYFDV,background_IGH_cdr3.csv
ARLRSMVRGRPTFNDY,background_IGH_cdr3.csv
ARLRSMVRGRPTFNDY,background_IGH_cdr3.csv
AHTVVVPAGTGCAVDI,background_IGH_cdr3.csv
AHSLGRNLMSSGWYGGLTWFDP,background_IGH_cdr3.csv
TRSGPTFWYFDL,background_IGH_cdr3.csv
ARDLGSGALDI,background_IGH_cdr3.csv
ARLRGRGRYYYGSGSLDY,background_IGH_cdr3.csv
ASAPTLFPLVSCENSPSDTSSVAVGCLAQDF,background_IGH_cdr3.csv
ARGGDDGMDV,background_IGH_cdr3.csv
ARPRSGNHPGYFDY,background_IGH_cdr3.csv
ARDFLGYCSSTSCPDV,background_IGH_cdr3.csv
ASPSY,background_IGH_cdr3.csv
WYDY,background_IGH_cdr3.csv
ARILMVYAWFDP,background_IGH_cdr3.csv
DTSKKQFSLKVSSVTVTTNDS,background_IGH_cdr3.csv
ARMPGILGWSDAFDI,background_IGH_cdr3.csv
AREGTTAAGTNYYGLDF,background_IGH_cdr3.csv
ARGRWRLWVSTSFDY,background_IGH_cdr3.csv
ARTCGGDCYPYNWFDP,background_IGH_cdr3.csv
ATYGSGSMDV,background_IGH_cdr3.csv
VGGRFLERTLRFDP,background_IGH_cdr3.csv
RGEAAGPSIVVLAAAAPKVIILTT,background_IGH_cdr3.csv
ARVRVGYDMSRDAFDI,background_IGH_cdr3.csv
AHSLDTYYDFWSGETYYYGMDV,background_IGH_cdr3.csv
ARDPVPDGSGFSCDSFDY,background_IGH_cdr3.csv
ASLQRGYSSSSPD,background_IGH_cdr3.csv
AKGAQWLVDI,background_IGH_cdr3.csv
ARFRQNGAFDI,background_IGH_cdr3.csv
ARGLQAGGVTMSDDNFDY,background_IGH_cdr3.csv
ARIATGDGMDV,background_IGH_cdr3.csv
VRFVVVPAAES,background_IGH_cdr3.csv
ARPRYWNYYGMDV,background_IGH_cdr3.csv
ARGVLRFLEWLSDSFDY,background_IGH_cdr3.csv
ARGPDDLDY,background_IGH_cdr3.csv
ARDVDGELKAFDI,background_IGH_cdr3.csv
AREKQLASFHAEYFQH,background_IGH_cdr3.csv
TRSSRRLSISPHYSYGMDV,background_IGH_cdr3.csv
ARGIPTTPKIVMGDY,background_IGH_cdr3.csv
ARAAIFGRQGGYDC,background_IGH_cdr3.csv
ARGVSCYGIDY,background_IGH_cdr3.csv
ARPRYWNYYGMDV,background_IGH_cdr3.csv
ARNTGGFRPLDY,background_IGH_cdr3.csv
ARLRTLSRGRMYYYGSGSYYSVGPDY,background_IGH_cdr3.csv
AREPNNSLYSMDV,background_IGH_cdr3.csv
ARDPYPGPMTTVTMGWFDP,background_IGH_cdr3.csv
ARHGATIFGVVIHPRLVDY,background_IGH_cdr3.csv
ASTTENCSGGSCYFDD,background_IGH_cdr3.csv
ARGRAIITIFGVVKFDY,background_IGH_cdr3.csv
ARDGPEPSHIVVVIAIGADAFDI,background_IGH_cdr3.csv
ARQVGLGKWCFDL,background_IGH_cdr3.csv
AREGCYGNPWEGDH,background_IGH_cdr3.csv
ARAPTLYGKTGIQARSGGLFDY,background_IGH_cdr3.csv
ARGGTVAMDV,background_IGH_cdr3.csv
AKDRLGDCGAFDY,background_IGH_cdr3.csv
ARGLSRAELVAY,background_IGH_cdr3.csv
ARHPGSMAVADNYFDY,background_IGH_cdr3.csv
AKEVSGSYYGDYYYGMDV,background_IGH_cdr3.csv
TTVKLVRGTFDAFDI,background_IGH_cdr3.csv
ARCPTDSSGYYYMGSAMDV,background_IGH_cdr3.csv
ARVGLWKRLLLDY,background_IGH_cdr3.csv
ARDKVGAIDDAFDI,background_IGH_cdr3.csv
ARVAGSYSDSSGSDYDMDV,background_IGH_cdr3.csv
ARCGVGNAFDI,background_IGH_cdr3.csv
GYCGGDCLHGKIAY,background_IGH_cdr3.csv
ARGKRAARVVAFDI,background_IGH_cdr3.csv
ARAIIAARRATFDY,background_IGH_cdr3.csv
ARRAGVVTYWFDY,background_IGH_cdr3.csv
VLLPASPFDY,background_IGH_cdr3.csv
AREHFSNSWFYYFDS,background_IGH_cdr3.csv
ARDLGSGALDI,background_IGH_cdr3.csv
ARHWARLEWINWFDP,background_IGH_cdr3.csv
AHSPTVANSFGY,background_IGH_cdr3.csv
AHRNYGSGSYYNFDY,background_IGH_cdr3.csv
ARLIEMATSWYFDL,background_IGH_cdr3.csv
ARVITEMATAGGRWSFDY,background_IGH_cdr3.csv
ARARIWFGEGYYYGMDV,background_IGH_cdr3.csv
GKLWGY,background_IGH_cdr3.csv
ARHVGIAARLTHFDY,background_IGH_cdr3.csv
ATGIAVAGVDY,background_IGH_cdr3.csv
ARTTADAFDI,background_IGH_cdr3.csv
ARVPGSGVRGVSSQIDY,background_IGH_cdr3.csv
AREDDDSSGDPCDY,background_IGH_cdr3.csv
ARHSSLRSPFIN,background_IGH_cdr3.csv
AHSIGYYYDSSGYYYPDY,background_IGH_cdr3.csv
AHSIGYYYDSSGYYYPDY,background_IGH_cdr3.csv
ARNRRD,background_IGH_cdr3.csv
AGAVYGSSWLRYRDY,background_IGH_cdr3.csv
AREARAGIQLWLLAH,background_IGH_cdr3.csv
ARHDVHAGESSDYFYYF,background_IGH_cdr3.csv
ASYSTGRAFDI,background_IGH_cdr3.csv
ARRQWLLGLDGMDV,background_IGH_cdr3.csv
ARIQRELTFDY,background_IGH_cdr3.csv
ARIQRELTFDY,background_IGH_cdr3.csv
ARGFRVREIIYYGRGV,background_IGH_cdr3.csv
ARHFVRKMVRGVPIDY,background_IGH_cdr3.csv
ARGLVVVVATIMRRTDAFDI,background_IGH_cdr3.csv
ARGLVVVVATIMRRTDAFDI,background_IGH_cdr3.csv
ASGRDGYNSY,background_IGH_cdr3.csv
ARLPFRLRFLDGMDV,background_IGH_cdr3.csv
ARDIDY,background_IGH_cdr3.csv
ARGVRWTNFDY,background_IGH_cdr3.csv
ARDRPRDYLQYYYYGMDV,background_IGH_cdr3.csv
ARGVTMVRGVSADWFDP,background_IGH_cdr3.csv
AHGDYEPTSYNYGMDV,background_IGH_cdr3.csv
ARDLAAASDAFDI,background_IGH_cdr3.csv
AKDWM,background_IGH_cdr3.csv
ARGGGSSNGYFDY,background_IGH_cdr3.csv
ARGPYDSSGYPGDY,background_IGH_cdr3.csv
ARGRGTMVRNHDY,background_IGH_cdr3.csv
ARGRACSGSCQNYFDY,background_IGH_cdr3.csv
ARLESLGGGDAFDI,background_IGH_cdr3.csv
ARRATGPYGFDY,background_IGH_cdr3.csv
ARERSWRTTEAFDVSDI,background_IGH_cdr3.csv
AWRGYSYGYGDY,background_IGH_cdr3.csv
ARRGCSSTSCYDY,background_IGH_cdr3.csv
ARRATRFLGHAFDI,background_IGH_cdr3.csv
ARAVGATDYFDY,background_IGH_cdr3.csv
AKVIFSFCSSTSCYATDILYGDYEGIDY,background_IGH_cdr3.csv
ARIVGATLDWYFDH,background_IGH_cdr3.csv
ARGPRNDYYYYGIDV,background_IGH_cdr3.csv
ARGPLGRYCSSTSCGYV,background_IGH_cdr3.csv
AKGRGIEYYDFWSGYSKTTAGDAFDI,background_IGH_cdr3.csv
ARDSYGNNGYPIY,background_IGH_cdr3.csv
ARSLKVVPAAIYGMDV,background_IGH_cdr3.csv
ATGSSNDY,background_IGH_cdr3.csv
ARVIGWAEAFDI,background_IGH_cdr3.csv
ARAGDGSGSYSFA,background_IGH_cdr3.csv
ARHHLASGDY,background_IGH_cdr3.csv
ARSSCRSGGDWFDY,background_IGH_cdr3.csv
AREFSNSSPDAFDI,background_IGH_cdr3.csv
ARILESPRGYPHYYYYGMDV,background_IGH_cdr3.csv
ARDWDCGGDYLHYGMDV,background_IGH_cdr3.csv
ARDGGWAKLLYDAFDI,background_IGH_cdr3.csv
ARAPYNDAFDI,background_IGH_cdr3.csv
ARSGGTTLDY,background_IGH_cdr3.csv
AGQFCRGTTCYFDF,background_IGH_cdr3.csv
ARFSLGSGHGFDP,background_IGH_cdr3.csv
ARVAAARSPDY,background_IGH_cdr3.csv
ARAFSIRDSSGYLGYFDL,background_IGH_cdr3.csv
AKRQATTATRGVRP,background_IGH_cdr3.csv
ASPSY,background_IGH_cdr3.csv
ARDEGGAFDY,background_IGH_cdr3.csv
ARLGYSSRTNWFDP,background_IGH_cdr3.csv
VTHEVVTYFGD,background_IGH_cdr3.csv
ARGVYYGSSGYYDAFDY,background_IGH_cdr3.csv
ARGGRIGWCELLFCFDY,background_IGH_cdr3.csv
ARENAPYFIAAAGRD,background_IGH_cdr3.csv
ARRHYYDSSGYDY,background_IGH_cdr3.csv
ARGTVGGSSPLDY,background_IGH_cdr3.csv
ARHPIVYGMDV,background_IGH_cdr3.csv
ARGIGYLDP,background_IGH_cdr3.csv
ARGQRCSGGSCYLEGLHKDY,background_IGH_cdr3.csv
ARHRVRIVPPAPTEVDY,background_IGH_cdr3.csv
AREGSDRDDWYFDL,background_IGH_cdr3.csv
ARSEAAAGCDY,background_IGH_cdr3.csv
ALFGVVFY,background_IGH_cdr3.csv
ARRTPTIAVAGTYNWFDP,background_IGH_cdr3.csv
AHSYDFWSGLRNYYYYYYGMDV,background_IGH_cdr3.csv
TRRDYYDSSGNYGMDV,background_IGH_cdr3.csv
ARTLYPVAAAGSFDY,background_IGH_cdr3.csv
ARVPGSGVRGVSSQIDY,background_IGH_cdr3.csv
ASLGWLRDY,background_IGH_cdr3.csv
ARDLRLWYPKYGMDV,background_IGH_cdr3.csv
ARFFGVVSGGSGFDY,background_IGH_cdr3.csv
ARMENYDFWSGYYLYYYGMDV,background_IGH_cdr3.csv
ARRNWRYYYDP,background_IGH_cdr3.csv
ARCYYDSSGYQPPGY,background_IGH_cdr3.csv
ARHQIAAAGPFDP,background_IGH_cdr3.csv
ARDVRPAIDVWGSYLLDAFDI,background_IGH_cdr3.csv
ERSGRFLEWYPLLLLLRYGR,background_IGH_cdr3.csv
ARQSADYYDSSGYWGNWFDP,background_IGH_cdr3.csv
ARFYSNSIEY,background_IGH_cdr3.csv
ARDLRSGYAEGYGMDV,background_IGH_cdr3.csv
ARTVEMATIIDY,background_IGH_cdr3.csv
ARDIGSAGRAYYDSSGNSDY,background_IGH_cdr3.csv
AKAQGMHPKGIAARVHDYDYYGMDV,background_IGH_cdr3.csv
ARCNIVVVPAAIRPSGAFDP,background_IGH_cdr3.csv
VRDLLPLVAADNDDY,background_IGH_cdr3.csv
ARGQGRPVTKIRMDV,background_IGH_cdr3.csv
ARGGRGAGYDP,background_IGH_cdr3.csv
ARGKAMRY,background_IGH_cdr3.csv
ARGKDTMVRGVIEEIDY,background_IGH_cdr3.csv
AREATWYGMDV,background_IGH_cdr3.csv
ARFPPPRSWLRPTFDY,background_IGH_cdr3.csv
AKNRIAARPAGLGY,background_IGH_cdr3.csv
ARGATSCSSCGSCYYWFDH,background_IGH_cdr3.csv
ARYWDYGVVDY,background_IGH_cdr3.csv
ARDEPSGWSSRGMDV,background_IGH_cdr3.csv
ARWFSMVRAPYALDI,background_IGH_cdr3.csv
ARGGAAAGTDFDY,background_IGH_cdr3.csv
AREIHKFGVIRSGFDY,background_IGH_cdr3.csv
ATVGTSGSYLFDY,background_IGH_cdr3.csv
AREGDPRTTSYYYYYAGMDV,background_IGH_cdr3.csv
ASHGDHDYGDQV,background_IGH_cdr3.csv
SRGVAGGNNDYSYYPSWFDP,background_IGH_cdr3.csv
ARGPNWNY,background_IGH_cdr3.csv
ARRATGPYGFDY,background_IGH_cdr3.csv
AVEAVGFD,background_IGH_cdr3.csv
ARHEARPPGWLNYWYFDL,background_IGH_cdr3.csv
ARLIGGAVRVVAAVHYCFDY,background_IGH_cdr3.csv
ARDGDCSSTSCYAVDYYYYGMDV,background_IGH_cdr3.csv
ARGAVVRGCYSFDF,background_IGH_cdr3.csv
ATQKAWNFMFDP,background_IGH_cdr3.csv
ARGLAAAERGDDY,background_IGH_cdr3.csv
ARGAEMATIPYFDY,background_IGH_cdr3.csv
ARDPTSYDFWSGYRFHTNWFDP,background_IGH_cdr3.csv
ARDLDGGGDLN,background_IGH_cdr3.csv
ARGVRSAGVAANKFDY,background_IGH_cdr3.csv
ARVSITGTEVPYAFDY,background_IGH_cdr3.csv
ARGDEAPADRWFDY,background_IGH_cdr3.csv
ARGATIFGVVRGLFDY,background_IGH_cdr3.csv
ARKGDFWSGYLAWYYYGMDV,background_IGH_cdr3.csv
ARRKIVVVVAAFDAFDI,background_IGH_cdr3.csv
ARGRGSGPGGWFDP,background_IGH_cdr3.csv
ATPSRSGSPRGYYYGMDV,background_IGH_cdr3.csv
ARGPGLFANYYYYGMDV,background_IGH_cdr3.csv
ARQSWLVRLVLDWFDP,background_IGH_cdr3.csv
TRNLNYYGSGRRFGMDV,background_IGH_cdr3.csv
ARGTTGIAAAGGSEYFQH,background_IGH_cdr3.csv
ARGVKK,background_IGH_cdr3.csv
ARILEYSRGSSLDY,background_IGH_cdr3.csv
EYPRGLRFLEWLLYGL,background_IGH_cdr3.csv
ARHLAPGPLNWFDP,background_IGH_cdr3.csv
ARGAVGVGATKDLDY,background_IGH_cdr3.csv
ARQWNGAMVGFDP,background_IGH_cdr3.csv
ARSHSSGYCPDY,background_IGH_cdr3.csv
ARVLDGSYSDY,background_IGH_cdr3.csv
ARDKYSLNWFDP,background_IGH_cdr3.csv
ARDKYSLNWFDP,background_IGH_cdr3.csv
ARGENYNAFDI,background_IGH_cdr3.csv
ARRRGTGTTVFDY,background_IGH_cdr3.csv
ARRDTAMANDY,background_IGH_cdr3.csv
TTGRRT,background_IGH_cdr3.csv
ARDSLFSGDRVYYYYGMDV,background_IGH_cdr3.csv
ARGYYDFWSCYYAY,background_IGH_cdr3.csv
ARMYSSSEDDALSSDGYFDL,background_IGH_cdr3.csv
AINTKRWLQSPFDY,background_IGH_cdr3.csv
ARPRYWNYYGMDV,background_IGH_cdr3.csv
ARGKAAAGTDY,background_IGH_cdr3.csv
RGSSSHTLDY,background_IGH_cdr3.csv
ARMLSDGYFFGAFDI,background_IGH_cdr3.csv
ARDLNWGTDY,background_IGH_cdr3.csv
SDTENIAVLL,background_IGH_cdr3.csv
ARVYGDYEYDYYGMDV,background_IGH_cdr3.csv
AREDCSSTSCYRWFDP,background_IGH_cdr3.csv
ARGSMAAGTTHFDY,background_IGH_cdr3.csv
ARGGRWGDGRYFDY,background_IGH_cdr3.csv
AGQGYSYGYYYYGMDG,background_IGH_cdr3.csv
AHTPSYDSSGYDAFDI,background_IGH_cdr3.csv
ARVEAGPFDY,background_IGH_cdr3.csv
ARDVDGYVLYFDY,background_IGH_cdr3.csv
ATGPQQWELCPPIVH,background_IGH_cdr3.csv
AKDPASSIAAPNWFDS,background_IGH_cdr3.csv
ARESSRYFDWLFNFDY,background_IGH_cdr3.csv
ARGRAGATFDY,background_IGH_cdr3.csv
AHRHITGTFEN,background_IGH_cdr3.csv
ARHPRNSNAFDI,background_IGH_cdr3.csv
ARKTRMDSLFDP,background_IGH_cdr3.csv
ARETMQWLVQGDAFDI,background_IGH_cdr3.csv
ARTTPEVFDP,background_IGH_cdr3.csv
ARDKRISGSYGGNWFDY,background_IGH_cdr3.csv
ARGSSWYSVGMDV,background_IGH_cdr3.csv
ARHVDGSGSYFGNFDY,background_IGH_cdr3.csv
SRSIRSSDDSSGYSGGIDY,background_IGH_cdr3.csv
ARTYSSSYCFDY,background_IGH_cdr3.csv
ARGGGAEAGSCYWFDY,background_IGH_cdr3.csv
ARHRWGSPWYFDL,background_IGH_cdr3.csv
ARGSGRIAVANFDAFDY,background_IGH_cdr3.csv
AREQGGVYDFWSGDNADYYYGMDV,background_IGH_cdr3.csv
ARSNDGGITGTGFDY,background_IGH_cdr3.csv
ARASDYDFWSGAYYFDY,background_IGH_cdr3.csv
ARHHSVAVLDAFDI,background_IGH_cdr3.csv
ARLLQDVEWLYIDADY,background_IGH_cdr3.csv
ARARVAADAFDI,background_IGH_cdr3.csv
ATMTIPARSRGLDV,background_IGH_cdr3.csv
ARAPYNDAFDI,background_IGH_cdr3.csv
ARSPGYSYGYIDY,background_IGH_cdr3.csv
ARIFFPPRAQRYGMDV,background_IGH_cdr3.csv
ARIFFPPRAQRYGMDV,background_IGH_cdr3.csv
ATGLDYGDPNFNY,background_IGH_cdr3.csv
RDSIRGTMFGVVIIPRPTTLTT,background_IGH_cdr3.csv
ARQRDSSGRTGCGFDY,background_IGH_cdr3.csv
ASLAYSSSWYGRYFQH,background_IGH_cdr3.csv
ARDIGYGMDV,background_IGH_cdr3.csv
ARGVDGVQNGFDY,background_IGH_cdr3.csv
ARGVDQLPYTQDYYYGMDV,background_IGH_cdr3.csv
AGRIVGADY,background_IGH_cdr3.csv
ATTMLASPYYFDY,background_IGH_cdr3.csv
VHRRPGLWFDI,background_IGH_cdr3.csv
ARNIEMDV,background_IGH_cdr3.csv
ARGRFLERTLRFDP,background_IGH_cdr3.csv
ARPYYDFWSGYFFDI,background_IGH_cdr3.csv
ARSGYGYTRNGYYFDY,background_IGH_cdr3.csv
ARGKGYSSNWHFDY,background_IGH_cdr3.csv
SASAPTLFPLVSCENSPSDTSSVAVGCLAQDF,background_IGH_cdr3.csv
ARDAEPVAYCGGGCYWSDY,background_IGH_cdr3.csv
ARVRDYYDSSGYYSATSYWYFDL,background_IGH_cdr3.csv
VLRLVTGL,background_IGH_cdr3.csv
ARHAGIAVATISGFDY,background_IGH_cdr3.csv
AIQLGYCSSTSCYLDETEYYFDY,background_IGH_cdr3.csv
ARAGTVTCGRVGNWFDY,background_IGH_cdr3.csv
ARRGSGYDPLPFDY,background_IGH_cdr3.csv
ARSYSGSYGY,background_IGH_cdr3.csv
ARGPNWNY,background_IGH_cdr3.csv
ARREGYCSSTSCYGNWFDP,background_IGH_cdr3.csv
ARPVGLNWFDP,background_IGH_cdr3.csv
ARGSFHHINWFDP,background_IGH_cdr3.csv
ARAHGAWGLSFYVIDY,background_IGH_cdr3.csv
ARDIVPAAIVHYGFDF,background_IGH_cdr3.csv
ARGVLAAAGKYYFDY,background_IGH_cdr3.csv
ARGVVGAIDDAFDI,background_IGH_cdr3.csv
TRDQFFMIRGVILRAGLDL,background_IGH_cdr3.csv
AHSNITFGGVIAPPPRY,background_IGH_cdr3.csv
ARGPNWNY,background_IGH_cdr3.csv
ARYGGYSDAFDI,background_IGH_cdr3.csv
ARRYSSNWYVRYFDY,background_IGH_cdr3.csv
AGAQLLSGPYYFDY,background_IGH_cdr3.csv
ARGLGIAVAGKGTFDP,background_IGH_cdr3.csv
AHRRAYGDYYFDY,background_IGH_cdr3.csv
TRSGPTFWYFDL,background_IGH_cdr3.csv
ARESSVAGHGVFDY,background_IGH_cdr3.csv
ASGRWQLVSF,background_IGH_cdr3.csv
ARMAGTYDSANDPFDY,background_IGH_cdr3.csv
ARDIAAAGTGNWFDP,background_IGH_cdr3.csv
TTDWFEYYFDY,background_IGH_cdr3.csv
ARGLIAAAAIGD,background_IGH_cdr3.csv
ARAMVDNFDY,background_IGH_cdr3.csv
ARGASGSYLPNFDY,background_IGH_cdr3.csv
ASGGDGDYGDY,background_IGH_cdr3.csv
AKDASVGAFDY,background_IGH_cdr3.csv
ARDGRNGGNFDY,background_IGH_cdr3.csv
ARGSRDGYNQLPRYFDL,background_IGH_cdr3.csv
ARDEIVLMVYAETYGMDV,background_IGH_cdr3.csv
ARDAGNYGSSECTRDY,background_IGH_cdr3.csv
ARDGAAAGYYFDY,background_IGH_cdr3.csv
ATHFGEDFDY,background_IGH_cdr3.csv
AKDFLMVYVNYGMDV,background_IGH_cdr3.csv
ASASLEPGISWFDP,background_IGH_cdr3.csv
ARVAEDWLGGFDY,background_IGH_cdr3.csv
ARHSAPGIAARSYFDY,background_IGH_cdr3.csv
ARRTTGAQTYFDY,background_IGH_cdr3.csv
ARGRSGYSSSQLFDY,background_IGH_cdr3.csv
ASRFSGGSSALYYGMDV,background_IGH_cdr3.csv
ARQSEGWNGHAGSFDY,background_IGH_cdr3.csv
ARARGSSCFDY,background_IGH_cdr3.csv
ARDIPGDGVDY,background_IGH_cdr3.csv
ARTDY,background_IGH_cdr3.csv
ARGSSIRGMDY,background_IGH_cdr3.csv
ARQGLIQEFDY,background_IGH_cdr3.csv
ARFSSWGYVTDY,background_IGH_cdr3.csv
ARYNWKDHRIDY,background_IGH_cdr3.csv
ARVILGYQVSLGWAMDV,background_IGH_cdr3.csv
AREGHSGWDY,background_IGH_cdr3.csv
ARVAYYGSLIESHPYY,background_IGH_cdr3.csv
ARGLKWDYTGDY,background_IGH_cdr3.csv
ARGSGGSYLSPDY,background_IGH_cdr3.csv
PLVSCENSPSDTSSVAVGCLAQDF,background_IGH_cdr3.csv
AREGLGGIRVDY,background_IGH_cdr3.csv
AREEDGIRVDY,background_IGH_cdr3.csv
ARGEPGSSSCYCCFDY,background_IGH_cdr3.csv
ARYYSDSSGRSCYYFDY,background_IGH_cdr3.csv
ARDLLGFYYGMDD,background_IGH_cdr3.csv
ARRGAAATNYFDY,background_IGH_cdr3.csv
ARHGSGSYYDLDY,background_IGH_cdr3.csv
ARKSRRGGWYGVCFDY,background_IGH_cdr3.csv
ARRPDSSGWYEAGGDFDY,background_IGH_cdr3.csv
ARDLGQLLHWPEEGG,background_IGH_cdr3.csv
ARDLGQLRPEEGG,background_IGH_cdr3.csv
ARAAIFGRQGGYDC,background_IGH_cdr3.csv
ARPIVPDGYNDAFDI,background_IGH_cdr3.csv
ASPYCSSTSCLYGMDV,background_IGH_cdr3.csv
ASPSY,background_IGH_cdr3.csv
ARDESGANDAFDI,background_IGH_cdr3.csv
AHRAGVGANTFDY,background_IGH_cdr3.csv
SASAPTLFPLVSCENSPSDTSSVAVGCLAQDF,background_IGH_cdr3.csv
ARDLDYGLWYFDL,background_IGH_cdr3.csv
ARVITRVGGPSGAFDY,background_IGH_cdr3.csv
ASGGDGDYGDY,background_IGH_cdr3.csv
ARDSSGYYFRGSYYFDY,background_IGH_cdr3.csv
ARGLKWDYTGDY,background_IGH_cdr3.csv
ERPTVWSGYREGPRPPPVRP,background_IGH_cdr3.csv
ARGSGSYFWYFDV,background_IGH_cdr3.csv
ARAWADCSSTSCYTSDI,background_IGH_cdr3.csv
ARGETGDY,background_IGH_cdr3.csv
ARGGVVPAAILDY,background_IGH_cdr3.csv
GVRFGWYLNAFDI,background_IGH_cdr3.csv
AGRDKPRERPHSNCSSTSCYERGGLDY,background_IGH_cdr3.csv
ARGRFWSGYGWFDP,background_IGH_cdr3.csv
AHRLGDYVWGSYRYTAGFDY,background_IGH_cdr3.csv
ARVRKDGYNLVY,background_IGH_cdr3.csv
ARGVYYYDSSGYDY,background_IGH_cdr3.csv
HWIPAAPVGVAFDI,background_IGH_cdr3.csv
ARDKRPVRGVSWSYGFDY,background_IGH_cdr3.csv
ARAGLGSSWYGGNYYFDY,background_IGH_cdr3.csv
ARGQPYSTTPGY,background_IGH_cdr3.csv
ARGQPYSTTPGY,background_IGH_cdr3.csv
ARACWSNWNCFDY,background_IGH_cdr3.csv
ARRYCTNGVCYRSAFDI,background_IGH_cdr3.csv
ASGGRLGGAATRAAFDF,background_IGH_cdr3.csv
ARRTWCWNSSCCYAPYGFDF,background_IGH_cdr3.csv
VRLAKSLPPV,background_IGH_cdr3.csv
ARDQKLRWLNYCYFDY,background_IGH_cdr3.csv
ARIILYVEQQPGYWFDY,background_IGH_cdr3.csv
ARIILYVEQQPGYWFDY,background_IGH_cdr3.csv
ARDLRMSSRALGY,background_IGH_cdr3.csv
ALETGVSGLDY,background_IGH_cdr3.csv
GSKHYVGAFDI,background_IGH_cdr3.csv
ARRTPTIAVAGTYNWFDP,background_IGH_cdr3.csv
ARGGYSRSYYGIYYAFDY,background_IGH_cdr3.csv
AREDHDESGWYLDDAFDI,background_IGH_cdr3.csv
ARGPNWNY,background_IGH_cdr3.csv
ATGHATNGADY,background_IGH_cdr3.csv
ARGPNWNY,background_IGH_cdr3.csv
AHRREYYFDY,background_IGH_cdr3.csv
ARCPLEDSSGGDHFDY,background_IGH_cdr3.csv
ARCPLEDSSGGDDY,background_IGH_cdr3.csv
ARPRGGYSTYYFDY,background_IGH_cdr3.csv
ARPRGGYSTYYFDY,background_IGH_cdr3.csv
ARGYYDFWSGYYYYYYGMDV,background_IGH_cdr3.csv
ARGYYDFWSGYYYYYYGMDV,background_IGH_cdr3.csv
ARGKGRRRAPMDY,background_IGH_cdr3.csv
ARGRSVEATFLRYYYVDV,background_IGH_cdr3.csv
ARVKVGYWYFDL,background_IGH_cdr3.csv
VRLAKSLPPV,background_IGH_cdr3.csv
ARKEVKAVPAAHRWFDP,background_IGH_cdr3.csv
ARGVRIAARLFDY,background_IGH_cdr3.csv
ARRGGWLQPDYYYGMDV,background_IGH_cdr3.csv
ASLDRGYGLDV,background_IGH_cdr3.csv
ATYTGYCSSTSCYTKGGFDY,background_IGH_cdr3.csv
ATYTGYCSSTSCYTKGGFDY,background_IGH_cdr3.csv
ARLANYDFWSGYLDY,background_IGH_cdr3.csv
ARPGTRLDAFDI,background_IGH_cdr3.csv
ARDQRFGELLYY,background_IGH_cdr3.csv
ARDQGGLQDYPYYDFWSGPSDRHWYFDL,background_IGH_cdr3.csv
ARSHGGSYKAYYLDY,background_IGH_cdr3.csv
ARGLLDSYFDY,background_IGH_cdr3.csv
ARTGIMGIGGVRADRDGFDY,background_IGH_cdr3.csv
ARGKRAAAGPDY,background_IGH_cdr3.csv
ARHDVHAGESSDCFYYF,background_IGH_cdr3.csv
ASAPTLFPLVSCENSPSDTSSVAVGCLAQDFD,background_IGH_cdr3.csv
ARGSGSYLDY,background_IGH_cdr3.csv
ARGRGWISLDAFDI,background_IGH_cdr3.csv
AKDRWETPEAAFDI,background_IGH_cdr3.csv
ARYTGVGIAARHDY,background_IGH_cdr3.csv
ARQLFGETTVYFGY,background_IGH_cdr3.csv
ARDGTHGGAENWFDP,background_IGH_cdr3.csv
AREYCTNGVCDENWFDP,background_IGH_cdr3.csv
ARLGESPVGGWFDP,background_IGH_cdr3.csv
ARDDSSGYYYNWFDP,background_IGH_cdr3.csv
ARVDSSGYLDAFDI,background_IGH_cdr3.csv
ARGKAQGSTVLMVYAVGGPFDY,background_IGH_cdr3.csv
ARASLGSSWYGGNYYFDY,background_IGH_cdr3.csv
ARGHRKVYYYYYGMDV,background_IGH_cdr3.csv
ANSRIFGVVKD,background_IGH_cdr3.csv
ARGADDYSNYHWFDP,background_IGH_cdr3.csv
AKPMDTSSWSSPVDY,background_IGH_cdr3.csv
ARGAEIAVAGHYYYGMDV,background_IGH_cdr3.csv
ARGRGQGGGYCFDY,background_IGH_cdr3.csv
AKGNYYGSGSYLDAFDI,background_IGH_cdr3.csv
RVKVAVAVA,background_IGH_cdr3.csv
ARGHLHYYYYYGMDV,background_IGH_cdr3.csv
ARGWPSRGGVDY,background_IGH_cdr3.csv
ARGLTAVAGTSYYFDY,background_IGH_cdr3.csv
ARAWLGYSSSWLWDY,background_IGH_cdr3.csv
TRSKGAGDY,background_IGH_cdr3.csv
VIEVDGDDAFDI,background_IGH_cdr3.csv
ARGHSYVYFDY,background_IGH_cdr3.csv
ARHQGYSSSWYSY,background_IGH_cdr3.csv
ARARCSGAVATNGFDY,background_IGH_cdr3.csv
ARATGIAVAADCFDY,background_IGH_cdr3.csv
ARAPNWNY,background_IGH_cdr3.csv
ARHRSSSPLTIYNWFDP,background_IGH_cdr3.csv
ARGRGYIAVAGVDY,background_IGH_cdr3.csv
ARVIEEYCSGGSCENFDY,background_IGH_cdr3.csv
ARIPGLGDYYYYGMDV,background_IGH_cdr3.csv
ARGVRWTNFDY,background_IGH_cdr3.csv
GFRY,background_IGH_cdr3.csv
ARDPGWPGTFDY,background_IGH_cdr3.csv
AHSLPIVVVPAAIRSWFDP,background_IGH_cdr3.csv
ARILTGYFYFDY,background_IGH_cdr3.csv
ATLRLGEFFR,background_IGH_cdr3.csv
ARPRYWNYYGMDV,background_IGH_cdr3.csv
ARGAAGYYYYGMDV,background_IGH_cdr3.csv
ARAGLGSSWYGGNYYFDY,background_IGH_cdr3.csv
ARANYHLDRALDY,background_IGH_cdr3.csv
ARTILWNYQMDV,background_IGH_cdr3.csv
ASAKWELRLRRWVDP,background_IGH_cdr3.csv
ARTMATSV,background_IGH_cdr3.csv
ERDLTSGSRLA,background_IGH_cdr3.csv
ASAPTLFPLVSCENSPSDTSSVAVGCLAQDFD,background_IGH_cdr3.csv
ARVRGSSSGQRIDY,background_IGH_cdr3.csv
ARVPPPNLANFDH,background_IGH_cdr3.csv
ARHQDTAMVDY,background_IGH_cdr3.csv
ARDLLAYSSSSGGYNWFDP,background_IGH_cdr3.csv
ARDRRFLEWFYPPLDYYYGMDV,background_IGH_cdr3.csv
ARCGGWYRRTWIDY,background_IGH_cdr3.csv
ARGPNWNY,background_IGH_cdr3.csv
ARDGSSGWYILFDY,background_IGH_cdr3.csv
ARGVYYYDSSGYDY,background_IGH_cdr3.csv
ARGDLSNFDY,background_IGH_cdr3.csv
ATTGPTRGY,background_IGH_cdr3.csv
ARLDRGWLQFD,background_IGH_cdr3.csv
ARDQSIDNWFDP,background_IGH_cdr3.csv
ARGPPGALFPGY,background_IGH_cdr3.csv
ARFRQNGAFDI,background_IGH_cdr3.csv
ARRATRFGDAGY,background_IGH_cdr3.csv
ARADHCSSTSCYFY,background_IGH_cdr3.csv
LGSSSSGTDYGMDV,background_IGH_cdr3.csv
ARGGRYSYGYGYYYGMDV,background_IGH_cdr3.csv
AREGPITGSGRNLKHFDY,background_IGH_cdr3.csv
AKDLTVITGTSTFDY,background_IGH_cdr3.csv
ARGSPIVVAEVSLCADY,background_IGH_cdr3.csv
ARRVAIQRYFDWLPISDAFDI,background_IGH_cdr3.csv
ARRGQVAARFWFDP,background_IGH_cdr3.csv
ARDVEGIVGATFGEYYFDY,background_IGH_cdr3.csv
ARHLGDSGSWNDYFDY,background_IGH_cdr3.csv
ARGENYNAFDI,background_IGH_cdr3.csv
ARGPNWNY,background_IGH_cdr3.csv
ARGSIYYQYGMDV,background_IGH_cdr3.csv
ARGGSGSRRYFDY,background_IGH_cdr3.csv
ARLPVAMVYGMDV,background_IGH_cdr3.csv
ARDLGIQLDY,background_IGH_cdr3.csv
ARDRNGY,background_IGH_cdr3.csv
AKGFVGSGIAAAGTSGY,background_IGH_cdr3.csv
ARDPPVTTSPHG,background_IGH_cdr3.csv
ARHARVAAAAYCFDY,background_IGH_cdr3.csv
ARASWGAYQLLGGPLYYYYGMDV,background_IGH_cdr3.csv
ARENPTRYCSGGSCLWGGGYFDY,background_IGH_cdr3.csv
ARGPNWNY,background_IGH_cdr3.csv
ASARSSGWYYYYGMDV,background_IGH_cdr3.csv
ARGWYGGSGYTGWFDY,background_IGH_cdr3.csv
ARDTSDFVTPRFDY,background_IGH_cdr3.csv
TRRDYYDSSGNYGMDV,background_IGH_cdr3.csv
ARGAKVFGGMVGWFDY,background_IGH_cdr3.csv
ARQPEI,background_IGH_cdr3.csv
ARGRSSSWYRNLDY,background_IGH_cdr3.csv
ATIREELLIGMDV,background_IGH_cdr3.csv
ARGLCPEIYEEGTSCYIGYYYGMDV,background_IGH_cdr3.csv
ARLANYDFWSGYLGY,background_IGH_cdr3.csv
AKDRGSAAAPEYYGMDV,background_IGH_cdr3.csv
ARDRRWRGDY,background_IGH_cdr3.csv
ARGPAATTIDY,background_IGH_cdr3.csv
ARDVCSSTSCYTGSWYYYGMDV,background_IGH_cdr3.csv
ARESSAGVHDAFDI,background_IGH_cdr3.csv
ARDQLSGARPFDY,background_IGH_cdr3.csv
ARESDY,background_IGH_cdr3.csv
ARVGGSGYDGGDY,background_IGH_cdr3.csv
GTLTLLLWFVSTERILPA,background_IGH_cdr3.csv
MAGSGYDY,background_IGH_cdr3.csv
ARAFLWGGSYLRGRYFDL,background_IGH_cdr3.csv
ARGVAAAILTVDY,background_IGH_cdr3.csv
ARFRGAAIAAMYGLDY,background_IGH_cdr3.csv
ARDNGGPGYDYAVY,background_IGH_cdr3.csv
ARDNGGPGYDYAVY,background_IGH_cdr3.csv
ARSSGDAFDI,background_IGH_cdr3.csv
ASLRNAFDI,background_IGH_cdr3.csv
ARGFSMVRAPYAFDI,background_IGH_cdr3.csv
AGGAPGERFLEWLPVDPVRYYYYGMDV,background_IGH_cdr3.csv
ARGFSMVRAPYAFDI,background_IGH_cdr3.csv
ARAALSPMDV,background_IGH_cdr3.csv
ARQEYSYGIDY,background_IGH_cdr3.csv
ARGSFVVVAATSTGFDY,background_IGH_cdr3.csv
ARGRELGMEDY,background_IGH_cdr3.csv
ARGGGYYAGGCWFDY,background_IGH_cdr3.csv
ARGVRGVPPRFDP,background_IGH_cdr3.csv
ARGGSWEYPPNWFDP,background_IGH_cdr3.csv
ARESSDDVNCDY,background_IGH_cdr3.csv
ARGLGYCSGGSCYGWDY,background_IGH_cdr3.csv
ARGGHSGNCEAWAGTFDY,background_IGH_cdr3.csv
ARTYGGCNYAFDY,background_IGH_cdr3.csv
ARDGTRGYCSSTSCYRGGLFDY,background_IGH_cdr3.csv
TRHGFIGSYGPFDY,background_IGH_cdr3.csv
APEGYQLLNNWFDP,background_IGH_cdr3.csv
ARDRDYDWSGYYRYYYYGMDV,background_IGH_cdr3.csv
ARRVSSSWFTNWFVP,background_IGH_cdr3.csv
ARRDGYNHAYYGMDV,background_IGH_cdr3.csv
ARNRWGYSSGYYGMDV,background_IGH_cdr3.csv
ARETSGSFYYFDY,background_IGH_cdr3.csv
ARSGYCSGGSCLNWFDP,background_IGH_cdr3.csv
ARRYSSSWYFDY,background_IGH_cdr3.csv
ARGISGLGAGHDAFDY,background_IGH_cdr3.csv
ARTVVTPPGETFDP,background_IGH_cdr3.csv
ASLNFCSGDICLGREN,background_IGH_cdr3.csv
ARAYSRRAAAGGGPG,background_IGH_cdr3.csv
ARAEQWLLGKDGFDY,background_IGH_cdr3.csv
ASRDYSNYHPGY,background_IGH_cdr3.csv
ASSTTSGDTAMGLDY,background_IGH_cdr3.csv
ARGYSSSWYRY,background_IGH_cdr3.csv
ARILGNSNRDGAWFDS,background_IGH_cdr3.csv
ARGGWLQWL,background_IGH_cdr3.csv
ARAYYGDNWYFDL,background_IGH_cdr3.csv
ARDLDIGSYIDY,background_IGH_cdr3.csv
ARGTPNYYDSSGLGHYDAFDI,background_IGH_cdr3.csv
ARPQARTPDPGIQLWFSLGY,background_IGH_cdr3.csv
ARTVDIVVVPAAKGVNWFDP,background_IGH_cdr3.csv
AHIYLDVDTAMGGTGERIFDY,background_IGH_cdr3.csv
ARDLNVWGSYRYSL,background_IGH_cdr3.csv
ASMSSGLQYSFDY,background_IGH_cdr3.csv
ARDRRYYDFWSGYYEAIDY,background_IGH_cdr3.csv
ARDQRGSGWSVHYNWFDP,background_IGH_cdr3.csv
ARGIFGGYPPSGN,background_IGH_cdr3.csv
ARSGRHAIVAVPAAILDP,background_IGH_cdr3.csv
AAPVKWLVLSPDAFDI,background_IGH_cdr3.csv
ATDLQWLVGGSDS,background_IGH_cdr3.csv
ARGKIVVVNPDAFDI,background_IGH_cdr3.csv
SRDRAIVVVPADPSWFDP,background_IGH_cdr3.csv
ARPLGSELAVAGPNWFDP,background_IGH_cdr3.csv
ASSLSTGDYNYYYGMDV,background_IGH_cdr3.csv
ARVPPPNLANFDH,background_IGH_cdr3.csv
ARKGYGDYDY,background_IGH_cdr3.csv
ASQGEGDY,background_IGH_cdr3.csv
ARVLVGATLDY,background_IGH_cdr3.csv
ARGRRVPAASH,background_IGH_cdr3.csv
ARVFDLGGKVPAAISP,background_IGH_cdr3.csv
ARGVTGSSSYGLPSFDY,background_IGH_cdr3.csv
ASQKDVLWFGELLNAFDI,background_IGH_cdr3.csv
ETYSGYDEKLRYGR,background_IGH_cdr3.csv
ARDEPPKMYSGSYYSPFFDY,background_IGH_cdr3.csv
ARAAVGAKAPLGAFDI,background_IGH_cdr3.csv
AIREDCTNGVCSFDY,background_IGH_cdr3.csv
ARLPKYYFDERAFDI,background_IGH_cdr3.csv
ARGQGSVVPAAMGLHGFDP,background_IGH_cdr3.csv
AKDSGGVVGVVIVPYYGMDV,background_IGH_cdr3.csv
ARESLTNYHFDP,background_IGH_cdr3.csv
ARIEYSYGPNYYYYDGMDV,background_IGH_cdr3.csv
AGSTYYDILTGYDQPLSPDY,background_IGH_cdr3.csv
ARVVSSSWYYFDY,background_IGH_cdr3.csv
ARWGNIVVVPAAGNYYYGMDV,background_IGH_cdr3.csv
AHSTDFWSGYYAPFDY,background_IGH_cdr3.csv
ARGRGDCSNGVCYFDY,background_IGH_cdr3.csv
ARVVQLERHLAFDI,background_IGH_cdr3.csv
ARSRVVFVH,background_IGH_cdr3.csv
ARRGSGYDP,background_IGH_cdr3.csv
ARQEGDSSGWRYYFDY,background_IGH_cdr3.csv
AREDSSAGFDP,background_IGH_cdr3.csv
ARSHTVSRGYFDY,background_IGH_cdr3.csv
ARDRRGGYCGTAMDY,background_IGH_cdr3.csv
ARNRRD,background_IGH_cdr3.csv
ARHAEYSSSSPGD,background_IGH_cdr3.csv
ARHLRTRFYYYYGMDV,background_IGH_cdr3.csv
ARNWAKAAAADY,background_IGH_cdr3.csv
ARSYNFWNSDAFDI,background_IGH_cdr3.csv
ASPARRGAAAANQFDY,background_IGH_cdr3.csv
ARGGWLQWL,background_IGH_cdr3.csv
AKDKGDFGVADY,background_IGH_cdr3.csv
ARLLIRGTPCFDY,background_IGH_cdr3.csv
AGDWGSGWQLDY,background_IGH_cdr3.csv
ARHQVAAAGPFDL,background_IGH_cdr3.csv
ARHQIAAAGPFDP,background_IGH_cdr3.csv
AHRRGYGSGSPLRAPFDY,background_IGH_cdr3.csv
ARDRRGYARASYFDY,background_IGH_cdr3.csv
ARDLRGYSYGYYGMDV,background_IGH_cdr3.csv
AREGPEYCTNGVCYTLWYFDL,background_IGH_cdr3.csv
ARDGGLLGYSYGDY,background_IGH_cdr3.csv
AADRYSSSWYSDYGMDV,background_IGH_cdr3.csv
VLGRGRWAFDI,background_IGH_cdr3.csv
AGITVGHYFDY,background_IGH_cdr3.csv
ARRGGSSGWRYFDL,background_IGH_cdr3.csv
ARESHQIGRNWFDP,background_IGH_cdr3.csv
ASRDTYSGSSDY,background_IGH_cdr3.csv
ASALVEMATIDPPFDY,background_IGH_cdr3.csv
ARSSGRYYFDY,background_IGH_cdr3.csv
ANDDGH,background_IGH_cdr3.csv
ARLHDYVWGSYLDY,background_IGH_cdr3.csv
ARGFEGGASDY,background_IGH_cdr3.csv
ARRVLYCGSSCYGDFDY,background_IGH_cdr3.csv
ARRRSSGWYNIQSEFDY,background_IGH_cdr3.csv
ARVAVVVAATPQLFDY,background_IGH_cdr3.csv
ARDPESARVHFDY,background_IGH_cdr3.csv
AGGVAGKGVANWFDP,background_IGH_cdr3.csv
ARGPNWNY,background_IGH_cdr3.csv
AREAGDTSYLDL,background_IGH_cdr3.csv
ARVPRFLLDHARSYWYFDL,background_IGH_cdr3.csv
ARDLGNDFWSGYSRFYYGMDV,background_IGH_cdr3.csv
AHTRRIAAAGTNFDY,background_IGH_cdr3.csv
ARSSGDAFDI,background_IGH_cdr3.csv
ARGRGMMYAIFYRYGMDV,background_IGH_cdr3.csv
ARVAPPRFLEWLPYYYYGMDV,background_IGH_cdr3.csv
ARGEAEQQLVLLDY,background_IGH_cdr3.csv
ARAGLGSSWYGGNYYFDY,background_IGH_cdr3.csv
ARAGLGSSWYGGNYYFDY,background_IGH_cdr3.csv
ARRRVPSLHYYYGMDV,background_IGH_cdr3.csv
ASLSVDI,background_IGH_cdr3.csv
ARGSRYYDYY,background_IGH_cdr3.csv
ARGRSSSWYRNLDY,background_IGH_cdr3.csv
ASTLGAYDFWSGYYTDY,background_IGH_cdr3.csv
ARSNGGQGSYFDY,background_IGH_cdr3.csv
ARGPGAAGGEDY,background_IGH_cdr3.csv
ARDESDCSGSCRYRFDY,background_IGH_cdr3.csv
ARMPTPSTVVTPFFAFDI,background_IGH_cdr3.csv
ARQKDRGDGYQGLDY,background_IGH_cdr3.csv
REQLRTGTTKRVSGSTP,background_IGH_cdr3.csv
ARKGGGWFDAFDI,background_IGH_cdr3.csv
AKDRGAYDSSGYYPASFDP,background_IGH_cdr3.csv
ARDLSGVDFDY,background_IGH_cdr3.csv
ARHGSDYVWGSYRYYFDY,background_IGH_cdr3.csv
AADSD,background_IGH_cdr3.csv
ARGQLTTVVTRGPLLGY,background_IGH_cdr3.csv
VASWLYGSERFDY,background_IGH_cdr3.csv
AKASAVAGNCLDY,background_IGH_cdr3.csv
ARRGRIQLSH,background_IGH_cdr3.csv
ARGSRRDGYYGYGFDY,background_IGH_cdr3.csv
AREGAVAGGLRGDAFDI,background_IGH_cdr3.csv
ARDDAGGYCNCFDY,background_IGH_cdr3.csv
ARVPRILWWLEVAFDI,background_IGH_cdr3.csv
ARRGSNSSPFDL,background_IGH_cdr3.csv
ARQESRWLQPCPFDY,background_IGH_cdr3.csv
ASSGGYSDY,background_IGH_cdr3.csv
ARGREHYGDRAEYFQH,background_IGH_cdr3.csv
VRDRYGYGGDAFDV,background_IGH_cdr3.csv
AREQPEGDNWFDL,background_IGH_cdr3.csv
ARGQPRIAMTSYSYGMDY,background_IGH_cdr3.csv
ARGTSCSCPQDYYFDY,background_IGH_cdr3.csv
ARPWGGTVVTPFAFDI,background_IGH_cdr3.csv
ARGLWELLSSYFDY,background_IGH_cdr3.csv
ARVGTVLLGYAIPYNWFDP,background_IGH_cdr3.csv
AVPGIAVAGDDY,background_IGH_cdr3.csv
ASSDY,background_IGH_cdr3.csv
ARALRTTIFGVVTALDAFDI,background_IGH_cdr3.csv
AREPGAGSSCYYCFDY,background_IGH_cdr3.csv
ASHRAGAVGVTSPFAY,background_IGH_cdr3.csv
ARAPYNDAFDI,background_IGH_cdr3.csv
AREGGTVTVNYYYYGMDV,background_IGH_cdr3.csv
ARAYSSSSGRFDP,background_IGH_cdr3.csv
ARRRSVEATFLRYYYVDV,background_IGH_cdr3.csv
ARGASGSYLPNFDY,background_IGH_cdr3.csv
ARGENYNAFDI,background_IGH_cdr3.csv
ARHLAPGPLNWFDP,background_IGH_cdr3.csv
ASRVIGSGNAFDI,background_IGH_cdr3.csv
ARMKSSSSRCGCWFDP,background_IGH_cdr3.csv
ARDHWKNYFDY,background_IGH_cdr3.csv
ARGDFYGWMVRGAYFDY,background_IGH_cdr3.csv
ALCGGGVQEL,background_IGH_cdr3.csv
ARVQMTSRVYGTPIDAFDI,background_IGH_cdr3.csv
ARSPLLGYSSQDAFDI,background_IGH_cdr3.csv
ARRAGYSYGIDY,background_IGH_cdr3.csv
ARAYYYDSSGYLPEGYGMDV,background_IGH_cdr3.csv
ARGATDCSSTSCYKDDDWYFDL,background_IGH_cdr3.csv
SRGRHALDY,background_IGH_cdr3.csv
ARVMGPPPTSEGGGTVDY,background_IGH_cdr3.csv
ARSCSSTSCPFDY,background_IGH_cdr3.csv
ARAVSGSYHDY,background_IGH_cdr3.csv
ARVRKTNGWYFDL,background_IGH_cdr3.csv
ARGRLVRVGNWFDP,background_IGH_cdr3.csv
ARGGSYSSSWYWFDY,background_IGH_cdr3.csv
ARGGSYSSSWYWFDP,background_IGH_cdr3.csv
ASTAAGIDY,background_IGH_cdr3.csv
ARGSGRGGDYFDY,background_IGH_cdr3.csv
AREGPRATHFDY,background_IGH_cdr3.csv
ARHERGIAMVGKPHNWFDP,background_IGH_cdr3.csv
AHSPYYYDSSGYYYGMDV,background_IGH_cdr3.csv
ARNRRD,background_IGH_cdr3.csv
VRYSSSREDWFDP,background_IGH_cdr3.csv
ARDGEMSVIRGYLDY,background_IGH_cdr3.csv
AKGTFCSYGFGRGGSVDY,background_IGH_cdr3.csv
ARRSCRGGSCYTGFYAFDY,background_IGH_cdr3.csv
AREYDFWSGYSFFYYGMDV,background_IGH_cdr3.csv
ARDGDDYRVEAGYYNWFDY,background_IGH_cdr3.csv
ARGQGRPVTKIRMDV,background_IGH_cdr3.csv
ARDQGDGYNYGY,background_IGH_cdr3.csv
ARFENV,background_IGH_cdr3.csv
ARDRVGFLPIR,background_IGH_cdr3.csv
ARVGVIHSIAARPLGHFDY,background_IGH_cdr3.csv
ARESSDDVNCDY,background_IGH_cdr3.csv
ARHTQIMYAFDI,background_IGH_cdr3.csv
ARVANGGNYYFDY,background_IGH_cdr3.csv
AREMDDWFDP,background_IGH_cdr3.csv
ARRYGYYYDSSGPTWYFDL,background_IGH_cdr3.csv
ARGGERSGYYDALDI,background_IGH_cdr3.csv
AKCLGKWELADAFDI,background_IGH_cdr3.csv
ASHFDAFDI,background_IGH_cdr3.csv
ASTGYSSSH,background_IGH_cdr3.csv
ARHLGYCSSTSCSFFDY,background_IGH_cdr3.csv
ASSLRFLEWLSIGSDAFDI,background_IGH_cdr3.csv
ARDRPGSGWYTDYFDY,background_IGH_cdr3.csv
ARDKVFTNYYGSGSIPHDAFDI,background_IGH_cdr3.csv
ASARSSGWYYYYGMDV,background_IGH_cdr3.csv
ARVVWGRGWYGYGFDY,background_IGH_cdr3.csv
ARVVWGSGWYWGFDY,background_IGH_cdr3.csv
VKGGLIYYGMDV,background_IGH_cdr3.csv
ASGLRSSRYYYYGMDV,background_IGH_cdr3.csv
ARHPGSMAVADNYFDY,background_IGH_cdr3.csv
AGQFCRGTTCYFDF,background_IGH_cdr3.csv
ARDPPVTTSPHG,background_IGH_cdr3.csv
ARGMHDPSSY,background_IGH_cdr3.csv
ARVIAAAGSVSGRPYYFDY,background_IGH_cdr3.csv
ARVIAAAGSVSGRPYYFDY,background_IGH_cdr3.csv
ARVAGVRPAATPYYYGIDF,background_IGH_cdr3.csv
AREYSNYVGY,background_IGH_cdr3.csv
AKDPQYEEWELSYYFDY,background_IGH_cdr3.csv
ARWQGGELHKENTIYYGMDV,background_IGH_cdr3.csv
AGGSSSYYYGSGSYLVFDY,background_IGH_cdr3.csv
ARERYSSSSWYKALDWFDP,background_IGH_cdr3.csv
AGGITIFGVVGVPFDY,background_IGH_cdr3.csv
AKVPLDRDDYFWGSYSNDY,background_IGH_cdr3.csv
ARGRSRGGFDY,background_IGH_cdr3.csv
TTEGGVGATLDY,background_IGH_cdr3.csv
ARGLADSCDYFDY,background_IGH_cdr3.csv
ARGSGSSSYWYGFDY,background_IGH_cdr3.csv
REAGRTSCYRTGSTP,background_IGH_cdr3.csv
ARDQPSWSLQTY,background_IGH_cdr3.csv
ARGTGPQNWFDP,background_IGH_cdr3.csv
ARHNGDGYNYSFDY,background_IGH_cdr3.csv
ARGQGGSNRRLDY,background_IGH_cdr3.csv
ARQGAAADPVVYYYYGMDV,background_IGH_cdr3.csv
ARGVDY,background_IGH_cdr3.csv
APQKACNYMFDP,background_IGH_cdr3.csv
ARRRRGGLFDY,background_IGH_cdr3.csv
AKVWDSPGDSSGSSRPDAFDI,background_IGH_cdr3.csv
ARHRIQTCPLRGYSYGSFDY,background_IGH_cdr3.csv
ARGRELGMEDY,background_IGH_cdr3.csv
ARKDELGGWREDDAFAI,background_IGH_cdr3.csv
ARGAAAAIRSFDY,background_IGH_cdr3.csv
ARGAAAAIRSFDY,background_IGH_cdr3.csv
ARDLDDFSTDY,background_IGH_cdr3.csv
ARDSAEILEWFHISQYFDY,background_IGH_cdr3.csv
ASGLGSCGDCYPAEYFQH,background_IGH_cdr3.csv
ARRATLFGDAGY,background_IGH_cdr3.csv
ARVDAYGGGYFDY,background_IGH_cdr3.csv
ARHVISSSSLGVYAFDI,background_IGH_cdr3.csv
ARGTVVVVIFDY,background_IGH_cdr3.csv
ASAPTLFPLVSCENSPSDTSSVAVGCLAQDF,background_IGH_cdr3.csv
ATEWSHIDY,background_IGH_cdr3.csv
ARGQEP,background_IGH_cdr3.csv
ARVYDFWSATEDI,background_IGH_cdr3.csv
ARGFIAARLCWFDP,background_IGH_cdr3.csv
ARGQAGASFDY,background_IGH_cdr3.csv
ARDPGGGSYPANYFDY,background_IGH_cdr3.csv
ARYYYDSSGYFDY,background_IGH_cdr3.csv
ATQDLYYYGSGSTPFDY,background_IGH_cdr3.csv
ARDLAPIAARPVGY,background_IGH_cdr3.csv
ARDLFDFWSGRPAYYYYGMDV,background_IGH_cdr3.csv
RDSMATPVAGIQKATTTTVWTS,background_IGH_cdr3.csv
ARGVVPAADDYFDY,background_IGH_cdr3.csv
AHTRLNRITMVRGVNHFDY,background_IGH_cdr3.csv
ARGQMQKNQFSSYGMDV,background_IGH_cdr3.csv
ASPSSGGFDC,background_IGH_cdr3.csv
ASHAPPYYDFWSGYQTSFDY,background_IGH_cdr3.csv
VRVLKRARVYKPMDV,background_IGH_cdr3.csv
ARYWDYGVVDY,background_IGH_cdr3.csv
AVWLAGAFD,background_IGH_cdr3.csv
ARDRHFGSGTLAPFDP,background_IGH_cdr3.csv
AKDQVVLIYGMDV,background_IGH_cdr3.csv
ARGGIHGPYDY,background_IGH_cdr3.csv
ARGKAAAGTDY,background_IGH_cdr3.csv
ARGKAAAGTDY,background_IGH_cdr3.csv
ARGGIAAECFDY,background_IGH_cdr3.csv
ARAPYYDFWSGYYPFDI,background_IGH_cdr3.csv
ARCPLEDSSGGDDY,background_IGH_cdr3.csv
ARRRDRGTSFYYFDY,background_IGH_cdr3.csv
ARSTGTSSFDP,background_IGH_cdr3.csv
ARWGMAARRAWDY,background_IGH_cdr3.csv
ARAQTTGAAGYDHYFDY,background_IGH_cdr3.csv
ARVGDSSSSFWPSWFDP,background_IGH_cdr3.csv
ASGGDGDYYGDY,background_IGH_cdr3.csv
ARGHGSSGYWTVGCDH,background_IGH_cdr3.csv
ARAGASSGSRLTGWFDP,background_IGH_cdr3.csv
ARQEQWLGGGTDY,background_IGH_cdr3.csv
ARHGGDCCGWLDGFDY,background_IGH_cdr3.csv
APQKAWNYMFDP,background_IGH_cdr3.csv
TTSLTMIVVVNHFDY,background_IGH_cdr3.csv
ARHLGIVGATTYDAFDI,background_IGH_cdr3.csv
ARLIRKSWLVLEYFDY,background_IGH_cdr3.csv
ARGGSRNDIVVVVAIVT,background_IGH_cdr3.csv
AREDSLEYYFDY,background_IGH_cdr3.csv
ARPGYWNYYGMDV,background_IGH_cdr3.csv
ARASDYDFWSGAYYFDY,background_IGH_cdr3.csv
AGQFCRGTTCYFDF,background_IGH_cdr3.csv
ARARGVVQFDY,background_IGH_cdr3.csv
ARLRIAAAAGGMDY,background_IGH_cdr3.csv
AKDHQALRFLEWGEYYYYAMDV,background_IGH_cdr3.csv
ARSGGSSDLARFDY,background_IGH_cdr3.csv
ARHGYGSGWYPCYFDY,background_IGH_cdr3.csv
ARSRSDWYFDL,background_IGH_cdr3.csv
ASGTFNDDVWGSYRPFDV,background_IGH_cdr3.csv
ARTGGWSGYSYNWFDP,background_IGH_cdr3.csv
ARFRQNGAFDI,background_IGH_cdr3.csv
AKNHCGGDCYWSPKPDY,background_IGH_cdr3.csv
AREVTRSSSSDS,background_IGH_cdr3.csv
AGVRNYYDP,background_IGH_cdr3.csv
ARPLGSELAVAGPNWFDP,background_IGH_cdr3.csv
ARPLGSELAVAGPNWFDP,background_IGH_cdr3.csv
ARLQPTARGYCRY,background_IGH_cdr3.csv
ARGDILTGPIDY,background_IGH_cdr3.csv
ARGNNYSGSWYYFDY,background_IGH_cdr3.csv
ARVPPYYDSSGFDY,background_IGH_cdr3.csv
ARRCLADEYCFDY,background_IGH_cdr3.csv
ARLTYSGSYYVDY,background_IGH_cdr3.csv
ARVFGGAGRKWIDY,background_IGH_cdr3.csv
ARGRRRYGMDV,background_IGH_cdr3.csv
ARDENYYDSSGYYYRYFEH,background_IGH_cdr3.csv
ARDLGSSPFPVDY,background_IGH_cdr3.csv
AKAPAADTVAEFDY,background_IGH_cdr3.csv
ARGLSRYSSSWYFDY,background_IGH_cdr3.csv
ARGGGIAVADGRNWFDP,background_IGH_cdr3.csv
ARVRPLLLMTTGWYFDL,background_IGH_cdr3.csv
ARHPGAFDM,background_IGH_cdr3.csv
ARGAAGYYYYGMDV,background_IGH_cdr3.csv
ARASVVPAAIENYYYGMDV,background_IGH_cdr3.csv
ARGQVWEWLLHWFDS,background_IGH_cdr3.csv
ARVGYYLDY,background_IGH_cdr3.csv
ARASNEGFSAYYFDY,background_IGH_cdr3.csv
ARGQRCSGGSCYLEGLHKDY,background_IGH_cdr3.csv
ASHFDAFDI,background_IGH_cdr3.csv
LGSSSSGTDYGMDV,background_IGH_cdr3.csv
ARGLRGRFDP,background_IGH_cdr3.csv
ARDRRWRGDY,background_IGH_cdr3.csv
AHSLGDRGV,background_IGH_cdr3.csv
ASGLGSGLVDV,background_IGH_cdr3.csv
ARDGSSWYERDYYYGMDV,background_IGH_cdr3.csv
ARAPTMFGVVIHWYNWFDP,background_IGH_cdr3.csv
AAVTMVRGVIGGDY,background_IGH_cdr3.csv
ARGRGVTTVTRYFDY,background_IGH_cdr3.csv
ASSGESSGYPLDP,background_IGH_cdr3.csv
ARPYSSFYWYFDL,background_IGH_cdr3.csv
ARGSGGYDYSNYDRFDY,background_IGH_cdr3.csv
ARGLGMVRGVTWRPRAFDI,background_IGH_cdr3.csv
ARGGGLGDIVVVPAAITFDY,background_IGH_cdr3.csv
ARGGIAVAGTPDY,background_IGH_cdr3.csv
ARETLEYTPEADWFDP,background_IGH_cdr3.csv
ARLQILTGYFYGGFDY,background_IGH_cdr3.csv
ARPPQPDSSGYQGAFDI,background_IGH_cdr3.csv
ARLGLELLR,background_IGH_cdr3.csv
ARGASGSYLPNFDY,background_IGH_cdr3.csv
ARGSRPHSSFGHLDS,background_IGH_cdr3.csv
AKASGDSSGYWVTAFDI,background_IGH_cdr3.csv
ARDRITGSSSWYEGGMDV,background_IGH_cdr3.csv
ARDRITGSSSWYEGGMDV,background_IGH_cdr3.csv
ASTVPAARYYGMDV,background_IGH_cdr3.csv
ARSHSFDY,background_IGH_cdr3.csv
AREGAYNWNYGFYAY,background_IGH_cdr3.csv
REGGFLTSTIFGVVPMMVLIS,background_IGH_cdr3.csv
ARDRVVPAAILGY,background_IGH_cdr3.csv
ARGQRRVRYFDWLLWDYFDY,background_IGH_cdr3.csv
AREQGGVYDFWSGDNADYYYGMDV,background_IGH_cdr3.csv
ARHSLGGRVAAGGYWFDP,background_IGH_cdr3.csv
SRWVYVLRFLEVGY,background_IGH_cdr3.csv
ARHVSSGWQYYYGLDV,background_IGH_cdr3.csv
TRHRDYYGSGRPFHP,background_IGH_cdr3.csv
ARGRGVAYVYYFDY,background_IGH_cdr3.csv
ARDGVPVRLASNYYYYYGMDV,background_IGH_cdr3.csv
ARGNERYYFDY,background_IGH_cdr3.csv
ARERGYGGDFDY,background_IGH_cdr3.csv
ARGSSSDY,background_IGH_cdr3.csv
ASAPTLFPLVSCENSPSDTSSVAVGCLAQDF,background_IGH_cdr3.csv
ARDGTHGGAENWFDP,background_IGH_cdr3.csv
ARTKLHYSGGWFDP,background_IGH_cdr3.csv
ARHGGLNSSSWYEGFDY,background_IGH_cdr3.csv
ARVPPSATHSSSYNWFDP,background_IGH_cdr3.csv
AREVVAIIAAAGHYGMDV,background_IGH_cdr3.csv
ARAGVQLWLRSYYGMDV,background_IGH_cdr3.csv
ARDVDGYVLYLDY,background_IGH_cdr3.csv
ARGGEMATIDY,background_IGH_cdr3.csv
ARGRHLYYFGTLSYFDY,background_IGH_cdr3.csv
ARRARGLTTVVITNWYFDL,background_IGH_cdr3.csv
ARGTKVAAGTFGFDY,background_IGH_cdr3.csv
ARDTRTGHIDY,background_IGH_cdr3.csv
ARRATRFLGHAFDI,background_IGH_cdr3.csv
ASSNSSGWPNLLRTGGISYYYGMDV,background_IGH_cdr3.csv
ARHRGNYYFDY,background_IGH_cdr3.csv
ARSEAMVRIYWYFDL,background_IGH_cdr3.csv
ARELRYCDGSGR,background_IGH_cdr3.csv
AHKLQYSSSGMN,background_IGH_cdr3.csv
TTGGVDY,background_IGH_cdr3.csv
ARDRGSGYYPPAHYYYYGMDV,background_IGH_cdr3.csv
AHQLRFLEWAQSFDY,background_IGH_cdr3.csv
AKDRPGWNDAFDI,background_IGH_cdr3.csv
ARLVVRDDAFDI,background_IGH_cdr3.csv
AKDRGYSSSSGFDY,background_IGH_cdr3.csv
ARGVVVVPAASPKAYWFDY,background_IGH_cdr3.csv
AIIAARLDY,background_IGH_cdr3.csv
ARGCLGVPDY,background_IGH_cdr3.csv
ARPHRKAMVSGYFDY,background_IGH_cdr3.csv
ARGGRGGYQFDY,background_IGH_cdr3.csv
ARRIVNHFDY,background_IGH_cdr3.csv
AHNDILTGYSPFDY,background_IGH_cdr3.csv
ARGQVNYYDSSGYYL,background_IGH_cdr3.csv
AREQYGGFDY,background_IGH_cdr3.csv
ARGPNWNY,background_IGH_cdr3.csv
ARGAGYCSGGSCLPAHAFDI,background_IGH_cdr3.csv
ASRWNDGY,background_IGH_cdr3.csv
GREVPNQLAVDS,background_IGH_cdr3.csv
ARRPFQYQLLYYYYGMDV,background_IGH_cdr3.csv
AREARAGIQLWLLAH,background_IGH_cdr3.csv
ARRPDDYGDYFDY,background_IGH_cdr3.csv
ARDVSIGGGGPPYAPFDY,background_IGH_cdr3.csv
ARLAGKDYGDSV,background_IGH_cdr3.csv
ARLSISYSSLNYFDY,background_IGH_cdr3.csv
AREVGWFDP,background_IGH_cdr3.csv
AKGSRGAATGANFDY,background_IGH_cdr3.csv
ARGMSDGSSSPNFDY,background_IGH_cdr3.csv
ARGVYDDSCSCIYYYGFDF,background_IGH_cdr3.csv
ARQVYGSSWHFDY,background_IGH_cdr3.csv
AHQPGYCSGGSCAVNWFDP,background_IGH_cdr3.csv
ARSYYDFSGDAFDI,background_IGH_cdr3.csv
ARGHSRGCGKGDFDY,background_IGH_cdr3.csv
ARQLFGETTVYFDY,background_IGH_cdr3.csv
ARDCSSTSCYFDP,background_IGH_cdr3.csv
ATSHDGSGSYFHY,background_IGH_cdr3.csv
ARDGGHENDYGAQEDY,background_IGH_cdr3.csv
ASSFRDWFDP,background_IGH_cdr3.csv
ARAMVDNFDY,background_IGH_cdr3.csv
ASAPTLFPLVSCANSPSDTSSVAVGCLAQDFD,background_IGH_cdr3.csv
AYGTLGRSAFDI,background_IGH_cdr3.csv
ARGGGTQGCSAFDY,background_IGH_cdr3.csv
ARRDSGYEPSRLPFDY,background_IGH_cdr3.csv
ARDSYRSSGDSCFDY,background_IGH_cdr3.csv
ARGQVNYYDSSGYYL,background_IGH_cdr3.csv
ARARIAARPDPY,background_IGH_cdr3.csv
ARSGLAVAGPLDY,background_IGH_cdr3.csv
ARGYCSSTSCSNWFDP,background_IGH_cdr3.csv
ARAPYCSSTSCYPYWYVDL,background_IGH_cdr3.csv
ARGRGENGVGSGTQGFARDWFDP,background_IGH_cdr3.csv
ARIPGRLVGATHFDAHHFDY,background_IGH_cdr3.csv
ARLGYCTNGVCHSFDN,background_IGH_cdr3.csv
ARHPYREGIFGVVTYNWFDP,background_IGH_cdr3.csv
ARVRKGQWFVDAFDI,background_IGH_cdr3.csv
ARAAVGAKAPLGAFDI,background_IGH_cdr3.csv
ASRQFGAIQNYYYYGMDV,background_IGH_cdr3.csv
ARDHGVVAIVTDY,background_IGH_cdr3.csv
ARHDVHAGESSDYFYYF,background_IGH_cdr3.csv
ARRSGAGFWYFDY,background_IGH_cdr3.csv
ARHRGGYDLG,background_IGH_cdr3.csv
AAEPQQLGKDAFDI,background_IGH_cdr3.csv
ARGLRGMDV,background_IGH_cdr3.csv
ARGLRGMDV,background_IGH_cdr3.csv
ARISLSSSAFDP,background_IGH_cdr3.csv
ASDRHYYYDSTLRKYYFDY,background_IGH_cdr3.csv
ARRSGRGSYLQS,background_IGH_cdr3.csv
AIDWLPPPRSPSYYGMDV,background_IGH_cdr3.csv
ARNTANWFDP,background_IGH_cdr3.csv
ARAAVDQLLFDY,background_IGH_cdr3.csv
ARESGIAARPRAFDY,background_IGH_cdr3.csv
AHRREYYFDY,background_IGH_cdr3.csv
ARPRYWNYYGMDV,background_IGH_cdr3.csv
AHIGAGRRYNDY,background_IGH_cdr3.csv
ATERVSGVNWFDP,background_IGH_cdr3.csv
AREGTAMGGYFDD,background_IGH_cdr3.csv
ARGHGGNCRRGASRWFDP,background_IGH_cdr3.csv
ATGIVEMKDY,background_IGH_cdr3.csv
AHLPEYCSSTSCYTRNWFDP,background_IGH_cdr3.csv
ATWELGTSPC,background_IGH_cdr3.csv
ARLWHSTQYTDAFDI,background_IGH_cdr3.csv
ASQGEGDY,background_IGH_cdr3.csv
ATGLSVTLSFDY,background_IGH_cdr3.csv
ARVSSVAGLYYQYGMDV,background_IGH_cdr3.csv
AHSLVVPANWFDP,background_IGH_cdr3.csv
AREPQQLGDSEDY,background_IGH_cdr3.csv
ARANPNCSSTSCYPPGWFDP,background_IGH_cdr3.csv
ARFENV,background_IGH_cdr3.csv
ASSFLDIVVVPAAIDPYYYGMDV,background_IGH_cdr3.csv
ARGREGSRNCRPGKYYFDY,background_IGH_cdr3.csv
ARVGEEQQLAPNDY,background_IGH_cdr3.csv
ARGGYSCYLGGAYYFDY,background_IGH_cdr3.csv
ASSPDY,background_IGH_cdr3.csv
ARDQGNYAAGTDY,background_IGH_cdr3.csv
AREAYGMDV,background_IGH_cdr3.csv
ARHIGGMPF,background_IGH_cdr3.csv
ARHRGVGEYSSSSGWFDP,background_IGH_cdr3.csv
ARSHGGSYKAYYFDY,background_IGH_cdr3.csv
ARVPPYYDSNGFDY,background_IGH_cdr3.csv
ARGLVDPPPLSGNWFDP,background_IGH_cdr3.csv
ARDVDGELKAFDI,background_IGH_cdr3.csv
ARRGGSSGWRYFDL,background_IGH_cdr3.csv
AKESRDGYNYQS,background_IGH_cdr3.csv
ARHGVVPAAMLTGDY,background_IGH_cdr3.csv
ARDRNGY,background_IGH_cdr3.csv
ARDPTSYDFWSGYRFHTNWFDP,background_IGH_cdr3.csv
ARADSSTDAFDI,background_IGH_cdr3.csv
ARGRYDSSSCYGDCFDY,background_IGH_cdr3.csv
AKDFLEWLQSFDY,background_IGH_cdr3.csv
AHSLQPIFGVVPYFDY,background_IGH_cdr3.csv
ARGGGSAAIDY,background_IGH_cdr3.csv
ARADHCSSTSCYFY,background_IGH_cdr3.csv
AGRGYSYGYPGFDP,background_IGH_cdr3.csv
ARAYQLRDYYYYGMDV,background_IGH_cdr3.csv
ARQLVGVISFDP,background_IGH_cdr3.csv
ARDFLGYCSSTSCPDV,background_IGH_cdr3.csv
ARGPSYYYDSSGYYVA,background_IGH_cdr3.csv
ARKHAMPSTWFDP,background_IGH_cdr3.csv
ARGGNYYGSGGYYFDY,background_IGH_cdr3.csv
AREAVVGAGVVPAYFDY,background_IGH_cdr3.csv
ARQLFGETTVYFGY,background_IGH_cdr3.csv
ARAALSPMDV,background_IGH_cdr3.csv
ERRGVCSSTSCYSDPLRYGR,background_IGH_cdr3.csv
ARGENYNAFDI,background_IGH_cdr3.csv
ARGENYNAAFDI,background_IGH_cdr3.csv
ARAYYGDNWYFDL,background_IGH_cdr3.csv
AAEPQQLGKDAFDI,background_IGH_cdr3.csv
ARAPLGARPGAIDY,background_IGH_cdr3.csv
ARVYYDFGSGYSPGDDYYGMDV,background_IGH_cdr3.csv
ARGTVVGATKGNYYFDY,background_IGH_cdr3.csv
ARSRDLTTGSSVWFDP,background_IGH_cdr3.csv
ARGRDLTTGSSVWFDP,background_IGH_cdr3.csv
GLGIRGVRGTNWFDP,background_IGH_cdr3.csv
AAALYDFWSSPGY,background_IGH_cdr3.csv
AAALYDFWSSPGY,background_IGH_cdr3.csv
ARGGDDYGDSYNWFDP,background_IGH_cdr3.csv
ASHRAGAVGVTSPFAY,background_IGH_cdr3.csv
ARGWAAPIKGWFDP,background_IGH_cdr3.csv
ARFKSFSMADY,background_IGH_cdr3.csv
ARDLRSYNGVDY,background_IGH_cdr3.csv
ARGRYYDSSGYPQFDY,background_IGH_cdr3.csv
ARGFIAARLCWFDP,background_IGH_cdr3.csv
ARHYKDYRRGIDP,background_IGH_cdr3.csv
AHGGLNYDILTGWRDDAFDI,background_IGH_cdr3.csv
ARERSFDAFDI,background_IGH_cdr3.csv
ARDGCTSCQDPHLFDY,background_IGH_cdr3.csv
AREVGIFGVVLTNWFDP,background_IGH_cdr3.csv
ARLPFRLRFLDGMDV,background_IGH_cdr3.csv
ARLGTGCRMDP,background_IGH_cdr3.csv
ALRDWFDP,background_IGH_cdr3.csv
SITGEDSDFDY,background_IGH_cdr3.csv
ARGGYSGGSSCYPWFDH,background_IGH_cdr3.csv
ARSWVYSSSSGSFDY,background_IGH_cdr3.csv
ARVRGGSMLDAFDI,background_IGH_cdr3.csv
AHSPCSSTSCYYFDY,background_IGH_cdr3.csv
ARPMARQDSGLYYFDS,background_IGH_cdr3.csv
AQSNGPLKSVAGSWMGIPFDP,background_IGH_cdr3.csv
ARGRIKIGAGIRVFDY,background_IGH_cdr3.csv
ARGLGGVPMVGRDYFDY,background_IGH_cdr3.csv
ARGRNGTGSYYTGQKYFDY,background_IGH_cdr3.csv
ARGRELIDY,background_IGH_cdr3.csv
ARHIKWGFGGWSGLDH,background_IGH_cdr3.csv
ARDVDGGLKAFDI,background_IGH_cdr3.csv
ARSHSHRPGCMLCRRLFDY,background_IGH_cdr3.csv
ARDGYNYYYYYGMDV,background_IGH_cdr3.csv
AREPPGTSNTDY,background_IGH_cdr3.csv
ARALSLTIDY,background_IGH_cdr3.csv
ARGHWEWPIDYFDY,background_IGH_cdr3.csv
ARGLSWRSLYWYFDH,background_IGH_cdr3.csv
ARDLGSGALDI,background_IGH_cdr3.csv
ARDPTGSDAFDI,background_IGH_cdr3.csv
ARDPTGSDAFDY,background_IGH_cdr3.csv
ARAVVPAAIVRAPLDY,background_IGH_cdr3.csv
ASGVVAGRTNYYYYYGMDV,background_IGH_cdr3.csv
ARVRKLVKPYDAFDI,background_IGH_cdr3.csv
ATHFGEDFDY,background_IGH_cdr3.csv
ARRPDDYGDYFDY,background_IGH_cdr3.csv
ALAPTRYYFDY,background_IGH_cdr3.csv
AGPGYPGDQQ,background_IGH_cdr3.csv
ARGLIAVAGWFDP,background_IGH_cdr3.csv
ARESTFGGVIARFDY,background_IGH_cdr3.csv
ARVEPSGSFHFDS,background_IGH_cdr3.csv
ARVFRGEAAANNVLDH,background_IGH_cdr3.csv
ARLSIPSDSGYEDYYYGMDV,background_IGH_cdr3.csv
AREFSGSYPPYYFDY,background_IGH_cdr3.csv
ARVPRGGSYSALFDY,background_IGH_cdr3.csv
ASGLGSCGDCYPAEYFQH,background_IGH_cdr3.csv
ARDSSGWPRPGGESVPGATNLDY,background_IGH_cdr3.csv
AEDYYGLDV,background_IGH_cdr3.csv
ARHIGGMPF,background_IGH_cdr3.csv
ARGAGSSWFDY,background_IGH_cdr3.csv
AHSRPGIAAADP,background_IGH_cdr3.csv
AKDPTAAGTGDAFDI,background_IGH_cdr3.csv
ARLRHRSEGCYFDY,background_IGH_cdr3.csv
ARDTVEQLVGCVGY,background_IGH_cdr3.csv
ARWGEWELLDY,background_IGH_cdr3.csv
ARGLNYGLGSPINWFDP,background_IGH_cdr3.csv
AHSIGSDYGDYGMDV,background_IGH_cdr3.csv
ARDQDFATVTHWYFDL,background_IGH_cdr3.csv
ARDQDFATVTHWYFDL,background_IGH_cdr3.csv
ASYSGRLDY,background_IGH_cdr3.csv
ARRTIVDTAMVWGGGFDY,background_IGH_cdr3.csv
AKIVGATLDWYFDL,background_IGH_cdr3.csv
ARHEYQLPSWFDP,background_IGH_cdr3.csv
APSGPFSSGYKYNWFDP,background_IGH_cdr3.csv
ARGSGYYDSSGYSDY,background_IGH_cdr3.csv
AREYSDGGCYIMVFDY,background_IGH_cdr3.csv
ARDPGSGSFYGGGLDY,background_IGH_cdr3.csv
ARGPPTLSGYYPRSLDY,background_IGH_cdr3.csv
ARDSYCSSTSCLSPFDY,background_IGH_cdr3.csv
ARRRSGWGGCSWYFDY,background_IGH_cdr3.csv
ARDLSGEGGPKGYYYYGMDV,background_IGH_cdr3.csv
ARYNWKDHRIDY,background_IGH_cdr3.csv
ASLHILPSQA,background_IGH_cdr3.csv
ARRIAVSRAARVYYYYGMDV,background_IGH_cdr3.csv
ATQRGRFLEWLSNDY,background_IGH_cdr3.csv
ASRFGDSSYFDN,background_IGH_cdr3.csv
AIDWLPPPRSPSYYGMDV,background_IGH_cdr3.csv
ARSGGSSWYDY,background_IGH_cdr3.csv
ARNRRD,background_IGH_cdr3.csv
ARGRRQGSGWYFDL,background_IGH_cdr3.csv
AADDLSVGY,background_IGH_cdr3.csv
ARSQGGEYFQH,background_IGH_cdr3.csv
ARGRRWLQGNNWFDP,background_IGH_cdr3.csv
ARGRSMDY,background_IGH_cdr3.csv
ASARFGVVIGYGY,background_IGH_cdr3.csv
ARAGLGSSWYGGNYYFDY,background_IGH_cdr3.csv
ASAPTLFPLVSCENSPSDTSSVAVGCLAQDF,background_IGH_cdr3.csv
ARESDYYDSSGISDY,background_IGH_cdr3.csv
ARGKAVVVPAANYGMDV,background_IGH_cdr3.csv
ARVSSSWYYYYYGMDV,background_IGH_cdr3.csv
ARSESITMVRGDPLSLDY,background_IGH_cdr3.csv
AKDGGVVGATLVY,background_IGH_cdr3.csv
ARAKYSSRGVIDY,background_IGH_cdr3.csv
TYRRSGGSYWAS,background_IGH_cdr3.csv
AGGSGSSWFDP,background_IGH_cdr3.csv
ARIPRAARSGWFDP,background_IGH_cdr3.csv
ATLRLGEFLR,background_IGH_cdr3.csv
ARGLIGAVAGWFDY,background_IGH_cdr3.csv
ARGYYDFWSGYYDY,background_IGH_cdr3.csv
ARSHSSGYCPDY,background_IGH_cdr3.csv
AREQYGGFDY,background_IGH_cdr3.csv
ARGRSSSWYGGNWFDP,background_IGH_cdr3.csv
ARDSKEGNAFDY,background_IGH_cdr3.csv
ARQPRDIVVVPGGMDV,background_IGH_cdr3.csv
ARGDWYSSGWYEL,background_IGH_cdr3.csv
ARGSGVGDY,background_IGH_cdr3.csv
APLGGAAAGRGGYWYFDL,background_IGH_cdr3.csv
ARHAVVAAGGNDFGSDF,background_IGH_cdr3.csv
ASAIGWQLYYFDY,background_IGH_cdr3.csv
ARGFSMVRAPYAFDI,background_IGH_cdr3.csv
ARGEGESQLLFRSLVGVLDN,background_IGH_cdr3.csv
ARGPGYPHYFDY,background_IGH_cdr3.csv
AREDRGVEEQWLVTHFDY,background_IGH_cdr3.csv
AREEDYYDSSGYSQH,background_IGH_cdr3.csv
ARDPTSYDFWSGYRFHTNWFDP,background_IGH_cdr3.csv
ARSPGYSYGYIDY,background_IGH_cdr3.csv
AREDCTNGVCYHSEYFQH,background_IGH_cdr3.csv
ARVDPRSGDYYYYYGMDV,background_IGH_cdr3.csv
ARLRRTHPDYGMDV,background_IGH_cdr3.csv
ARHVGKWGFDY,background_IGH_cdr3.csv
ATGIAVAGVDY,background_IGH_cdr3.csv
ARVYVGAPWAFDY,background_IGH_cdr3.csv
ARVFVGYNYGGVDY,background_IGH_cdr3.csv
TRVAARLLIYYGMDV,background_IGH_cdr3.csv
ARDIGVVARTGFDY,background_IGH_cdr3.csv
ARLAYYDFWSGYLGGHNWFDP,background_IGH_cdr3.csv
ARSYYDFWSGQVDY,background_IGH_cdr3.csv
ARVRKLVKPYDAFDI,background_IGH_cdr3.csv
ARVRPAARPLSITGTTSDY,background_IGH_cdr3.csv
ARDLRGSWFDP,background_IGH_cdr3.csv
ARDRNGY,background_IGH_cdr3.csv
ARLWHIAVAGAANCDY,background_IGH_cdr3.csv
ARQNLYCSGGSCNNWFDP,background_IGH_cdr3.csv
ARGERSSSWYLGY,background_IGH_cdr3.csv
ARGERSSSWYLGY,background_IGH_cdr3.csv
ARGRGRLVAARPITWFDY,background_IGH_cdr3.csv
ARGSYSKGDH,background_IGH_cdr3.csv
ARGYLDNSSGSAHPFDY,background_IGH_cdr3.csv
ARDRTGSYSLEY,background_IGH_cdr3.csv
AREKGGHIVVVTANRGAFDI,background_IGH_cdr3.csv
ARATRHKLLSEK,background_IGH_cdr3.csv
AVEMTTPCDS,background_IGH_cdr3.csv
ARDGPGGVLTMPGWFDP,background_IGH_cdr3.csv
ARDKRYCSSTSCYKVDYHYGMDV,background_IGH_cdr3.csv
AGTTEDYDFWSGSSDAFDI,background_IGH_cdr3.csv
ARIGPPTVTTRGWFDP,background_IGH_cdr3.csv
ARLYSSGWSFVAGSDF,background_IGH_cdr3.csv
ALCGGGVQELY,background_IGH_cdr3.csv
ARCVLGHYFDY,background_IGH_cdr3.csv
ARGRIAVAGPSGRRYFDL,background_IGH_cdr3.csv
ARRRSGKNSGWDQGDFEN,background_IGH_cdr3.csv
ARTCGGDCYPYNWFDP,background_IGH_cdr3.csv
ASHGAWGLSFYVINY,background_IGH_cdr3.csv
ARRSLEKVQLWSYDY,background_IGH_cdr3.csv
ARESPKGFGELEARD,background_IGH_cdr3.csv
ATDLAAADAFDI,background_IGH_cdr3.csv
ARGSSSDSAFHY,background_IGH_cdr3.csv
ARQRVWGSPIDY,background_IGH_cdr3.csv
ASAPTLFPLVSCENSPSDTSSVAVGCLAQDFD,background_IGH_cdr3.csv
AHSPCSSTSCYYFDY,background_IGH_cdr3.csv
AHRREYYVDY,background_IGH_cdr3.csv
ARGGHGDYDWFDP,background_IGH_cdr3.csv
ARRYSSSWYFDY,background_IGH_cdr3.csv
ARGLHFGVVIPTPLPFDY,background_IGH_cdr3.csv
ARVTMIVAGRVMPVDY,background_IGH_cdr3.csv
ARGRIGGNSDYYYYGMDV,background_IGH_cdr3.csv
ARHPIVYGMDV,background_IGH_cdr3.csv
AREQHYFYGMDV,background_IGH_cdr3.csv
ASSWLFGPHWNLTPFDY,background_IGH_cdr3.csv
ARFSSEEQLVLGRAFDY,background_IGH_cdr3.csv
REPGTS,background_IGH_cdr3.csv
ARRERGLRFLEWFDP,background_IGH_cdr3.csv
ASLRGGGYSQSSY,background_IGH_cdr3.csv
ARAFDSDGYWFIDY,background_IGH_cdr3.csv
ASRTAMVQIGAFDI,background_IGH_cdr3.csv
ARGVRKKYDFDY,background_IGH_cdr3.csv
ARIPGLGDYYYYGMDV,background_IGH_cdr3.csv
ERRLDWNLVL,background_IGH_cdr3.csv
ARSNGGQGSYFDY,background_IGH_cdr3.csv
VHLVYGSGNYNWFDS,background_IGH_cdr3.csv
ARTGVVVVAATD,background_IGH_cdr3.csv
ARQVISSSSLGVYAFDI,background_IGH_cdr3.csv
ARGRGWISLDAFDI,background_IGH_cdr3.csv
ARGIRGSWFDP,background_IGH_cdr3.csv
ARIQAVDFWSGYYERPPEYYYYGMDV,background_IGH_cdr3.csv
ARGFSMVRAPYAFDI,background_IGH_cdr3.csv
ARERGYCSSTSCYTYYFDY,background_IGH_cdr3.csv
ARGGAVAPAYGMDV,background_IGH_cdr3.csv
ARGGAVAPAYGMDV,background_IGH_cdr3.csv
ARAGTALDAFDI,background_IGH_cdr3.csv
ARGRWCSSSWYLFDY,background_IGH_cdr3.csv
ARIVGATVDY,background_IGH_cdr3.csv
ARGIAVAGTRDY,background_IGH_cdr3.csv
ARDHGDDILTGYYSVFDY,background_IGH_cdr3.csv
ARGKREQLRPADAFDI,background_IGH_cdr3.csv
AHRYYYDSSSYFGGYDI,background_IGH_cdr3.csv
ARDTRGGYCGSNYYYGMDV,background_IGH_cdr3.csv
ARVSYDSSGSPMTGAGDFDY,background_IGH_cdr3.csv
ASIVVVPEDGMDV,background_IGH_cdr3.csv
AREKGIVGATFDY,background_IGH_cdr3.csv
ARVSPFQLGESPYYYYYGMDY,background_IGH_cdr3.csv
ARIRGYSYGYDY,background_IGH_cdr3.csv
ARGAEYGRGYYFDY,background_IGH_cdr3.csv
ARIPYDFWSGYSVGFDP,background_IGH_cdr3.csv
ARGNFYCSSTSCYYFDY,background_IGH_cdr3.csv
ASPSGSYWGLDY,background_IGH_cdr3.csv
ARDRGVVIPLFDY,background_IGH_cdr3.csv
ASGVVAGRTNYYYYYGMDV,background_IGH_cdr3.csv
GSAAHSSGWYAYY,background_IGH_cdr3.csv
ARGREVGFDH,background_IGH_cdr3.csv
ARGPISGARSKWFDP,background_IGH_cdr3.csv
ARISLSSSAFDP,background_IGH_cdr3.csv
AHMVTADWYFDL,background_IGH_cdr3.csv
ATGYGSGSYSV,background_IGH_cdr3.csv
ARGDDSSGTRHRWFDI,background_IGH_cdr3.csv
AKDRGAYDSSGYYPASFDP,background_IGH_cdr3.csv
ARVSITGTEVPYAFDY,background_IGH_cdr3.csv
ARHCCVTYYYGMDV,background_IGH_cdr3.csv
ASSLRSGSYYFDY,background_IGH_cdr3.csv
ARGRKPMWFGDS,background_IGH_cdr3.csv
ARLSALYGGNSGAVDY,background_IGH_cdr3.csv
CASWFGELILDY,background_IGH_cdr3.csv
ARGTPQRRWNYFDY,background_IGH_cdr3.csv
ARDVWLQSRDDAFDI,background_IGH_cdr3.csv
ARGYHGGSPHYDYFDY,background_IGH_cdr3.csv
ASLRGGGYSQFDY,background_IGH_cdr3.csv
AGLPSGYDYIRVFRWFDP,background_IGH_cdr3.csv
VRTPILYEGCMPKGVLVRP,background_IGH_cdr3.csv
ARVAPPSHSSYSSGWLDY,background_IGH_cdr3.csv
ARGWGTFGMFDY,background_IGH_cdr3.csv
AKGQVRGGATGANFDY,background_IGH_cdr3.csv
ARAGLGSSWYGGNYYFDY,background_IGH_cdr3.csv
ARDLRGYSYGYYGMDV,background_IGH_cdr3.csv
AREGVVVVPAEPMRTYYYYGMDV,background_IGH_cdr3.csv
ARGPYIVVAGDPFDY,background_IGH_cdr3.csv
AGSKAMVRIYWYFDL,background_IGH_cdr3.csv
ARDEPIVATSGYAFDI,background_IGH_cdr3.csv
ASPGGPMGYGGNRYDY,background_IGH_cdr3.csv
ARYFVVVPAAMEGEYNYYYYGMDV,background_IGH_cdr3.csv
TRRMMSAMALDY,background_IGH_cdr3.csv
ARGSEQIFGVVPIDY,background_IGH_cdr3.csv
ARGPRQQLVSPHFDY,background_IGH_cdr3.csv
ARVWSGWYWDDWFDY,background_IGH_cdr3.csv
NGDV,background_IGH_cdr3.csv
ARLCWSGYPRPFWGYYYGMDV,background_IGH_cdr3.csv
VRGPGRTAPEVNY,background_IGH_cdr3.csv
ERWGWGYSSNL,background_IGH_cdr3.csv
RAKQLVHTTLTT,background_IGH_cdr3.csv
ARDLGGIAVTGTNYWAYNWFDP,background_IGH_cdr3.csv
ARDAFPYYYDSSGYLRHPRRFDY,background_IGH_cdr3.csv
STPRGLYSYGYGLVFDY,background_IGH_cdr3.csv
ARVIGWAEACDI,background_IGH_cdr3.csv
GPTPGSGMDV,background_IGH_cdr3.csv
ARGRRRYGMDV,background_IGH_cdr3.csv
RDVIGITMIVVDLPGTSIS,background_IGH_cdr3.csv
DY,background_IGH_cdr3.csv
ARLYSGYDT,background_IGH_cdr3.csv
YFDY,background_IGH_cdr3.csv
ARGRGAGNFDY,background_IGH_cdr3.csv
ARAAVGAKAPLGAFDI,background_IGH_cdr3.csv
ASGISRGVMREGSDY,background_IGH_cdr3.csv
ARGGRMIVVFDY,background_IGH_cdr3.csv
DGIY,background_IGH_cdr3.csv
AIRGTPYGD,background_IGH_cdr3.csv
ARFRQNGAFDI,background_IGH_cdr3.csv
ARYGDNWYDL,background_IGH_cdr3.csv
GGVLLCETSYAFD,background_IGH_cdr3.csv
AKGSGIVAVGTDY,background_IGH_cdr3.csv
ASETDIAVAGRCP,background_IGH_cdr3.csv
AGPDYYYYYGMDV,background_IGH_cdr3.csv
RDMMLLIS,background_IGH_cdr3.csv
ARSTVGGDATFDI,background_IGH_cdr3.csv
ARGGGFVVVPAATRTLYGMDV,background_IGH_cdr3.csv
YD,background_IGH_cdr3.csv
ARDGRDTMIVVVNAFDI,background_IGH_cdr3.csv
ERWALPALRYGR,background_IGH_cdr3.csv
CAVVRQGGFDP,background_IGH_cdr3.csv
ARRNPGIEYSSSSDAFDI,background_IGH_cdr3.csv
AKDPPRTMVGSTTDS,background_IGH_cdr3.csv
ARERNLYYYGMDV,background_IGH_cdr3.csv
MMALLIS,background_IGH_cdr3.csv
ARGAIAATTTVWDF,background_IGH_cdr3.csv
AGGVVVPAAILYYYYGMDV,background_IGH_cdr3.csv
ATDSKRELLYAFDI,background_IGH_cdr3.csv
ARGRQLVSGWYVKYNWFDP,background_IGH_cdr3.csv
ARTVPS,background_IGH_cdr3.csv
ARAAGPFTYWFDP,background_IGH_cdr3.csv
ARSMFSYDSSSFYFDPFFDY,background_IGH_cdr3.csv
APIPPLAISFGY,background_IGH_cdr3.csv
ARDYYEL,background_IGH_cdr3.csv
ARGGGSSGDYYFDY,background_IGH_cdr3.csv
AKDIWGREQQLELDY,background_IGH_cdr3.csv
RAATFVVVPAAIRMARATTTVWTS,background_IGH_cdr3.csv
ARYCSCCDY,background_IGH_cdr3.csv
KRHQGYGTLLTTVWTS,background_IGH_cdr3.csv
ARGVETAVDY,background_IGH_cdr3.csv
RGGDIVATIMARTLTT,background_IGH_cdr3.csv
VAVYCARFGMV,background_IGH_cdr3.csv
HRSGISSTSCYGGVRYGR,background_IGH_cdr3.csv
RARRITMIVVVIQTTTTTVWTS,background_IGH_cdr3.csv
ARPGRRVVAGLFDY,background_IGH_cdr3.csv
ARIPGGHSPQYYFDY,background_IGH_cdr3.csv
ARGRTDY,background_IGH_cdr3.csv
ETRVYGDYPRLFVPRGIRYGR,background_IGH_cdr3.csv
AGDAFI,background_IGH_cdr3.csv
AGGRGYGSRY,background_IGH_cdr3.csv
ARDGGNIDY,background_IGH_cdr3.csv
AREYCSTSCHYRWFDP,background_IGH_cdr3.csv
ARGDAVDY,background_IGH_cdr3.csv
ARGLIVVVPAEIGGNYYYYSMDV,background_IGH_cdr3.csv
LGDYD,background_IGH_cdr3.csv
ADGSGYGD,background_IGH_cdr3.csv
ARGAYDSMGYLPGKEANWFDP,background_IGH_cdr3.csv
RSGLLIS,background_IGH_cdr3.csv
AGYMDV,background_IGH_cdr3.csv
ARDEGVSYYDSSGGGYFDY,background_IGH_cdr3.csv
ATRYSSSSKFDY,background_IGH_cdr3.csv
ARVQVRPAAIADY,background_IGH_cdr3.csv
TTAVYYCASLTRPAASLDY,background_IGH_cdr3.csv
AGQVHSGKGDYQYGMGV,background_IGH_cdr3.csv
RERGFTMVRGVKLPTLTT,background_IGH_cdr3.csv
GIFKWELLLVLRS,background_IGH_cdr3.csv
SGYYY,background_IGH_cdr3.csv
AAVYYCAGSSGYYF,background_IGH_cdr3.csv
ATAVYYCAMG,background_IGH_cdr3.csv
VTADAVYCARVYL,background_IGH_cdr3.csv
ARDPTSYDFWSGYRFHTNWFDP,background_IGH_cdr3.csv
ESVVYRWSHIKVQLVRP,background_IGH_cdr3.csv
VGM,background_IGH_cdr3.csv
TTAPTKAPDVFPIISGCRHPKDNSPVVLACLITGYHPTSVTVTWY,background_IGH_cdr3.csv
PYGYGFDI,background_IGH_cdr3.csv
ARFPYGSGRESDY,background_IGH_cdr3.csv
KPGLLLRYGR,background_IGH_cdr3.csv
ARLPRSYCSSTSCEGYYYYYGMDV,background_IGH_cdr3.csv
ASYTGYGYYYGMDV,background_IGH_cdr3.csv
RAVAARPPSTTLTT,background_IGH_cdr3.csv
ADCSSTSCYAFDI,background_IGH_cdr3.csv
ARGGTDY,background_IGH_cdr3.csv
RRYWGGLLLRYGR,background_IGH_cdr3.csv
AREVVEYYGDY,background_IGH_cdr3.csv
V,background_IGH_cdr3.csv
ARRTLFGDAGY,background_IGH_cdr3.csv
TAATAVYYARTLFGAGY,background_IGH_cdr3.csv
ARGVVPAATLFGEADYFDP,background_IGH_cdr3.csv
RLYLQRNSWRAEDTAVYYCARDEMATHEGECFDY,background_IGH_cdr3.csv
AKVVVVVIPNGGGYYFDY,background_IGH_cdr3.csv
AAFLGNPTSLMYQLLYRDAFDI,background_IGH_cdr3.csv
RALVVTVTIYLTT,background_IGH_cdr3.csv
ARVVGANNCLDY,background_IGH_cdr3.csv
REAICPRWTT,background_IGH_cdr3.csv
RRLCITWRRGGM,background_IGH_cdr3.csv
ERSGWVLRLR,background_IGH_cdr3.csv
ARDLRQAAAAYYFDY,background_IGH_cdr3.csv
ARDLRQAAAAYYFDY,background_IGH_cdr3.csv
DY,background_IGH_cdr3.csv
LCD,background_IGH_cdr3.csv
ARAKLAAARLRRQSHDAFDI,background_IGH_cdr3.csv
ARDAGVYYSSSWYDAFDF,background_IGH_cdr3.csv
AKNSLDLQMNSLRAEDTAVDYCVRDVPRAIGDY,background_IGH_cdr3.csv
ASRADY,background_IGH_cdr3.csv
AYGDY,background_IGH_cdr3.csv
YGMDV,background_IGH_cdr3.csv
KKLPRICGR,background_IGH_cdr3.csv
EELFRP,background_IGH_cdr3.csv
GRITYEQPGIPLVLRS,background_IGH_cdr3.csv
ARDHYWDSASYDSSGYYPIY,background_IGH_cdr3.csv
EGWILLAVWTS,background_IGH_cdr3.csv
AKDHQALRFFEWGEYYYYAMDV,background_IGH_cdr3.csv
AAALGAGDCFDH,background_IGH_cdr3.csv
AREMVVARYYYYGMDV,background_IGH_cdr3.csv
AAHWGPGTFDY,background_IGH_cdr3.csv
ARDGGDCSGGSCYPNWFDP,background_IGH_cdr3.csv
ARTLHYYDSSGYYLYYFDS,background_IGH_cdr3.csv
ARVLSLIAAAGTLGY,background_IGH_cdr3.csv
AKDGGYGSGDYYFDY,background_IGH_cdr3.csv
ARRYDSSGTSLDV,background_IGH_cdr3.csv
ARDGYFDY,background_IGH_cdr3.csv
ERPRWGYPKHPKSVLVRP,background_IGH_cdr3.csv
ARHRCALWELLEHFDY,background_IGH_cdr3.csv
ARHMPHLGARRASNAFDI,background_IGH_cdr3.csv
ARHMPHLGARRASNAFDI,background_IGH_cdr3.csv
ARDRDYGFCDAFDI,background_IGH_cdr3.csv
AKDAGGWDP,background_IGH_cdr3.csv
ERVAGESQSLLLLRYGR,background_IGH_cdr3.csv
ATVRRNWNYAPTFDY,background_IGH_cdr3.csv
TTYSYGGDYYYYGMDG,background_IGH_cdr3.csv
ARDHGSGWYGTDY,background_IGH_cdr3.csv
ETWGVL,background_IGH_cdr3.csv
ARDRCGNRHSIDV,background_IGH_cdr3.csv
AVGGGSCWYVDY,background_IGH_cdr3.csv
ARDHEQQLVRRYGGGMDV,background_IGH_cdr3.csv
ARGPSVTISVDTSKNQFSLKLSVTAADTAVYYCASDSGCYYYYGMDV,background_IGH_cdr3.csv
NQSAIRLPFGSGF,background_IGH_cdr3.csv
ARDPPIVVVPAANRLGNAFDI,background_IGH_cdr3.csv
ARGIVAAYCFDY,background_IGH_cdr3.csv
ERGRIQLWLRLLLLRYGR,background_IGH_cdr3.csv
EWLVVRP,background_IGH_cdr3.csv
AQRRFLELLLGNWFDP,background_IGH_cdr3.csv
RCITRGRSYGQFDP,background_IGH_cdr3.csv
LEIYMIVAQGPRRATT,background_IGH_cdr3.csv
ARKRQGSSGWYD,background_IGH_cdr3.csv
AGQRPGVSGYEFWSGDKRRALDY,background_IGH_cdr3.csv
RGTEYYYYGMDV,background_IGH_cdr3.csv
GGGYYGMDY,background_IGH_cdr3.csv
ARGRRRLDY,background_IGH_cdr3.csv
ARGGAAGTDDY,background_IGH_cdr3.csv
ARDAGDY,background_IGH_cdr3.csv
AYFDTAGWLRSFDY,background_IGH_cdr3.csv
LLCTPAYSSGYAWYFDL,background_IGH_cdr3.csv
RVWQEVDLTSTVWTS,background_IGH_cdr3.csv
ARTVRVALYSGETVWFDP,background_IGH_cdr3.csv
ASGNSDYDRYYGMDD,background_IGH_cdr3.csv
ATMTIPARSRGLDV,background_IGH_cdr3.csv
ARGLGYSSYLFDY,background_IGH_cdr3.csv
ARIKPLGALYYYYGMDV,background_IGH_cdr3.csv
KNLYLQNSLRAEDTAVYYCAREYRSYYADAFDI,background_IGH_cdr3.csv
ERAAYREAAAGGL,background_IGH_cdr3.csv
PNWP,background_IGH_cdr3.csv
TAATAVYCARDRVD,background_IGH_cdr3.csv
ATLRNRESDYYGSGRNWFDP,background_IGH_cdr3.csv
ERAQWLLGL,background_IGH_cdr3.csv
ARDGREGDSGYYPIDY,background_IGH_cdr3.csv
ARDRENWFDP,background_IGH_cdr3.csv
EIGWFGELLYPSTQLLLLLRYGR,background_IGH_cdr3.csv
ARARMAGCRTFDY,background_IGH_cdr3.csv
ARVRYSGSYDALDY,background_IGH_cdr3.csv
AAEPQQLGKDAFDI,background_IGH_cdr3.csv
ARDDGGGYFDY,background_IGH_cdr3.csv
AVAGPNWFDP,background_IGH_cdr3.csv
TRGAREEWELLLHFDN,background_IGH_cdr3.csv
SRDHRTYYYDSSGYFGFDP,background_IGH_cdr3.csv
ARVSCSSISCYDA,background_IGH_cdr3.csv
ARDLRYYYYGMDV,background_IGH_cdr3.csv
ARGTASAGVSLRFDYV,background_IGH_cdr3.csv
ARGLSRYSSSWYFAY,background_IGH_cdr3.csv
VLCEYGQGDY,background_IGH_cdr3.csv
ERPAAKASSSSLLLLRYGR,background_IGH_cdr3.csv
ARERGYSYDFDI,background_IGH_cdr3.csv
ESFWELVVRP,background_IGH_cdr3.csv
ERSWKLRL,background_IGH_cdr3.csv
AGLVVVVATIMRRTDAFDI,background_IGH_cdr3.csv
ARVSNGYYFDY,background_IGH_cdr3.csv
ATPSRSGSPRGYYYGMDV,background_IGH_cdr3.csv
ARAGLGSSWYGGNYYFDY,background_IGH_cdr3.csv
ARDLNGAGYYGMDY,background_IGH_cdr3.csv
TRQQGPAAIYGMDV,background_IGH_cdr3.csv
GKVWDSPVDSSGSSRPDACDI,background_IGH_cdr3.csv
ARELELLAHYYYYTAELEYYYYGM,background_IGH_cdr3.csv
TRSGPTFWDFDL,background_IGH_cdr3.csv
ARLISRRLTMVRGVHYGMDV,background_IGH_cdr3.csv
ARVYYEFWSGYS,background_IGH_cdr3.csv
ARRNGEAFDI,background_IGH_cdr3.csv
KARYGR,background_IGH_cdr3.csv
ARHVANYGMD,background_IGH_cdr3.csv
RGSGSPWTT,background_IGH_cdr3.csv
DL,background_IGH_cdr3.csv
ETRLGTRP,background_IGH_cdr3.csv
EVYTGVCYGAYYYYGMDV,background_IGH_cdr3.csv
ASGVRALGADY,background_IGH_cdr3.csv
D,background_IGH_cdr3.csv
ASGGQGYGMDV,background_IGH_cdr3.csv
ARGKIQLWLRGYDAFDI,background_IGH_cdr3.csv
YQGCGSHILCTQGVAGPFP,background_IGH_cdr3.csv
AKSDCSSTSCHLYYYYGMDV,background_IGH_cdr3.csv
AESDEYYYYGMDV,background_IGH_cdr3.csv
EPDYGLVLRS,background_IGH_cdr3.csv
AGFCGPLVCHGDDLDY,background_IGH_cdr3.csv
ARNDGGFDY,background_IGH_cdr3.csv
ARVSGLITHWFDP,background_IGH_cdr3.csv
ARDYWGALDY,background_IGH_cdr3.csv
AREYSSSLDY,background_IGH_cdr3.csv
ARDWFD,background_IGH_cdr3.csv
ARAEPAMVAGDYYFDY,background_IGH_cdr3.csv
ARGLVPAAYYYGMDV,background_IGH_cdr3.csv
ARAPLDSWRYFQH,background_IGH_cdr3.csv
D,background_IGH_cdr3.csv
ARGASRGYAG,background_IGH_cdr3.csv
ATSVMIVVVNTFLR,background_IGH_cdr3.csv
ARSSRGYEGYFDY,background_IGH_cdr3.csv
ARLFTIFGVVGVGMDV,background_IGH_cdr3.csv
TQTRGLLGL,background_IGH_cdr3.csv
ARLGVAGAANYYYGMDV,background_IGH_cdr3.csv
SLDTAVYYCARGGYAFDI,background_IGH_cdr3.csv
GPGGLNYYGMDV,background_IGH_cdr3.csv
ARHWGGCYNCYFDY,background_IGH_cdr3.csv
ARDRLAQVTTVVDV,background_IGH_cdr3.csv
ARDMQQLDPRSYGMDV,background_IGH_cdr3.csv
RGSLRYGR,background_IGH_cdr3.csv
AKDHNDFRSGYRQGYYGMDV,background_IGH_cdr3.csv
AREQIDY,background_IGH_cdr3.csv
ETWGQYSGSYAL,background_IGH_cdr3.csv
ENLLPPPRTAIRYGR,background_IGH_cdr3.csv
GCLDY,background_IGH_cdr3.csv
ARVEPYYDFWSGYLPAWDNWFDP,background_IGH_cdr3.csv
ATTMLASPYYCDY,background_IGH_cdr3.csv
LHV,background_IGH_cdr3.csv
AREVYYYFDY,background_IGH_cdr3.csv
REPTTTVWTS,background_IGH_cdr3.csv
AKGRNTVTS,background_IGH_cdr3.csv
ARLQYSSGWYDAYYYYGMDV,background_IGH_cdr3.csv
ARVPCYGSGSCRYYWFDY,background_IGH_cdr3.csv
ARESGGDDYSDY,background_IGH_cdr3.csv
ARDLAIVVVPAAGYYCYGMAV,background_IGH_cdr3.csv
ARAAAGFGAVAVLFDY,background_IGH_cdr3.csv
ARVPDPGPMTTVTMGGFDP,background_IGH_cdr3.csv
ASNVILSSSGYYYFDY,background_IGH_cdr3.csv
TYYYYGMDV,background_IGH_cdr3.csv
ERGLLLLRYGR,background_IGH_cdr3.csv
ARDDY,background_IGH_cdr3.csv
AKGLGDGHKFRFRYYYYNDAMDG,background_IGH_cdr3.csv
ESDGSYGFCKLVRP,background_IGH_cdr3.csv
ARLELLYYGMDV,background_IGH_cdr3.csv
ARDGDYGDYVGFFDY,background_IGH_cdr3.csv
REAATTTVWTS,background_IGH_cdr3.csv
ARRKAAASSFDY,background_IGH_cdr3.csv
ARGGSGWYFDY,background_IGH_cdr3.csv
ATHPYYGSGTSSRVAV,background_IGH_cdr3.csv
ARDSGSWGLNAFDI,background_IGH_cdr3.csv
ARGRLVRVGNWFDP,background_IGH_cdr3.csv
AVGAD,background_IGH_cdr3.csv
FDY,background_IGH_cdr3.csv
ERSREWALRYGR,background_IGH_cdr3.csv
REIKDSGTTTTTVWTS,background_IGH_cdr3.csv
ACNALNYYYYGMDV,background_IGH_cdr3.csv
ARRPGYSSGWFPSYWYFDL,background_IGH_cdr3.csv
AKRADGVYYDSSAYYLDY,background_IGH_cdr3.csv
ERDCSPYLVRL,background_IGH_cdr3.csv
QPEATNPPATTTAWTS,background_IGH_cdr3.csv
RGLLYGR,background_IGH_cdr3.csv
GRSWGSSLLLRYGR,background_IGH_cdr3.csv
RIAPMVLTVWTS,background_IGH_cdr3.csv
ARVNWFDP,background_IGH_cdr3.csv
ARHRTGSYSLQY,background_IGH_cdr3.csv
STFTLGQSW,background_IGH_cdr3.csv
RVNWDP,background_IGH_cdr3.csv
AGTIFVYEDAFDI,background_IGH_cdr3.csv
ARGAGDSSGYHLDY,background_IGH_cdr3.csv
ARGFEGGASDY,background_IGH_cdr3.csv
LKSLFMITFGGVIVMTHSTLTT,background_IGH_cdr3.csv
ATDRATMVRGVILPY,background_IGH_cdr3.csv
RKGSLVVLLPAADTTTTMLWTS,background_IGH_cdr3.csv
AEGYDSGFDN,background_IGH_cdr3.csv
ARAYCSSTSCYWGGVGYYYYGMDV,background_IGH_cdr3.csv
ARRMQWD,background_IGH_cdr3.csv
ATAVYYCADGWD,background_IGH_cdr3.csv
ARLIKDSNDFWSGYYRDGDYFDY,background_IGH_cdr3.csv
ARVGAATGWYFDL,background_IGH_cdr3.csv
AREADGGSVSGFDY,background_IGH_cdr3.csv
ARSHYDSSGYYRPDAFDI,background_IGH_cdr3.csv
RYDSLDI,background_IGH_cdr3.csv
GFRY,background_IGH_cdr3.csv
AREVPPVLGPLYDCSSTSCPNSHSTINWFDP,background_IGH_cdr3.csv
ARYNGSSRFDP,background_IGH_cdr3.csv
H,background_IGH_cdr3.csv
ARRYDAFDI,background_IGH_cdr3.csv
ARVFRGEAAANNVLDH,background_IGH_cdr3.csv
LLLDALYGG,background_IGH_cdr3.csv
ARVLVPPEALKWLRIAAAPDAFDI,background_IGH_cdr3.csv
AADTAYACCWFD,background_IGH_cdr3.csv
DVGRLLRYGR,background_IGH_cdr3.csv
ARDLTGDILTGYYTGPGFDP,background_IGH_cdr3.csv
ATVPNYYDSSGYHWWRAGWYFDL,background_IGH_cdr3.csv
ARRRPAVNPWYFDL,background_IGH_cdr3.csv
REEQLLTTTVWTS,background_IGH_cdr3.csv
ARPGSSFD,background_IGH_cdr3.csv
ARETRNNRDGYNRAGY,background_IGH_cdr3.csv
TRVTQLPHGSGYYADAFDI,background_IGH_cdr3.csv
ARTSRSAANCTNGVCYWENWFDP,background_IGH_cdr3.csv
EEPSGWYKGY,background_IGH_cdr3.csv
ERVGLRVVRP,background_IGH_cdr3.csv
ARGLVVGTWFDP,background_IGH_cdr3.csv
ESCRTTRFLEWLLVRLLLRYGR,background_IGH_cdr3.csv
ARRLRDSSGPVAVDI,background_IGH_cdr3.csv
ARDHRAAAAGNYYYYGMDV,background_IGH_cdr3.csv
GTVDY,background_IGH_cdr3.csv
EDASCVNYYYGMDV,background_IGH_cdr3.csv
REGVGYSSGWYVILTTTTTVWTS,background_IGH_cdr3.csv
ETRLLLLRYGR,background_IGH_cdr3.csv
ARGEGRFPYNWFDP,background_IGH_cdr3.csv
LDY,background_IGH_cdr3.csv
ARHPRNSNAFDI,background_IGH_cdr3.csv
ARRGGWVDY,background_IGH_cdr3.csv
ARDRGGYDY,background_IGH_cdr3.csv
ARARSRWELLGRHFDY,background_IGH_cdr3.csv
ARDVAEWGFDI,background_IGH_cdr3.csv
AREGAAAWDP,background_IGH_cdr3.csv
ARDQGVAANSPYYYGMDV,background_IGH_cdr3.csv
ARVDRGDSGCFDY,background_IGH_cdr3.csv
EGLKRYDFWSGRQGRRARVRYGR,background_IGH_cdr3.csv
Y,background_IGH_cdr3.csv
EDHSGSNYPSLLLLLRYGR,background_IGH_cdr3.csv
AEVFDY,background_IGH_cdr3.csv
RITCNYYYYGMDV,background_IGH_cdr3.csv
ATLRNRESDYYGSGRNWFDP,background_IGH_cdr3.csv
ERGKLVSFGDLLVCGRPIQLVRP,background_IGH_cdr3.csv
ERYQRLLLVFL,background_IGH_cdr3.csv
TDVYGSGSYHNRP,background_IGH_cdr3.csv
EQL,background_IGH_cdr3.csv
ARGYRGAFDI,background_IGH_cdr3.csv
DRSAAVGTQPPYCP,background_IGH_cdr3.csv
ARRACSSCYYGGYFDY,background_IGH_cdr3.csv
ARLPAEETGDEGL,background_IGH_cdr3.csv
ARDHSGYCSSTSCYGVDY,background_IGH_cdr3.csv
ASGFGRTGYNDY,background_IGH_cdr3.csv
ARFSTAMVPEVYYFDY,background_IGH_cdr3.csv
ARFSTAMVPEYFDY,background_IGH_cdr3.csv
ASSDGARMDY,background_IGH_cdr3.csv
ARDGSSGYYAFDY,background_IGH_cdr3.csv
ADYGSSASCYYFDY,background_IGH_cdr3.csv
ATDYCSSTSCYYFDY,background_IGH_cdr3.csv
ARSRDYYDSSGHFDY,background_IGH_cdr3.csv
AREGDPRTTSYYYYYSGMDV,background_IGH_cdr3.csv
ARDPTSWGSYRYRVGPFDY,background_IGH_cdr3.csv
ARFGSSRGSFDY,background_IGH_cdr3.csv
ARDLQRGYSGYGNFDY,background_IGH_cdr3.csv
ARDLCWGTNGVCYGLDDY,background_IGH_cdr3.csv
ARASLGSSWYGGNYYFDY,background_IGH_cdr3.csv
ARGGTNGVGYFDY,background_IGH_cdr3.csv
ERYGR,background_IGH_cdr3.csv
ARGRVGSNYESYYYYGMDV,background_IGH_cdr3.csv
RDIRQRPRMIVVVSGTSIS,background_IGH_cdr3.csv
TQLRFLEWFTQLLLLLLRYGR,background_IGH_cdr3.csv
ARRGGYSGYDYQYYFDY,background_IGH_cdr3.csv
ARGLNIRSGVGGSLPGS,background_IGH_cdr3.csv
ARFPSCSGGSCYSYYYYGMDV,background_IGH_cdr3.csv
ARVMAAMVSVNWFDP,background_IGH_cdr3.csv
RGKHVEMATSPVGTTTVWTS,background_IGH_cdr3.csv
AKDRGSAAAPEYYGMDV,background_IGH_cdr3.csv
ARAREESSYKGDGMDV,background_IGH_cdr3.csv
ARDLSALGDYVWGSYRSEYYFDY,background_IGH_cdr3.csv
ADDGGDYGF,background_IGH_cdr3.csv
TAATAYYCARVGY,background_IGH_cdr3.csv
ARSRDYYDSSGHDY,background_IGH_cdr3.csv
ESDIGIQSRRRLGYGR,background_IGH_cdr3.csv
ASIAVAALVSFDY,background_IGH_cdr3.csv
ARDRGRVVPAAITTIFGVSYYYYGMDV,background_IGH_cdr3.csv
ASGVGGTQGFDY,background_IGH_cdr3.csv
ARSITPRTIVIGFGWFDP,background_IGH_cdr3.csv
ATGPQQWELSPPIVH,background_IGH_cdr3.csv
ASSYCSSTSCYSNYFDY,background_IGH_cdr3.csv
ERAEQQLVPKLGL,background_IGH_cdr3.csv
RTRTVREATGDY,background_IGH_cdr3.csv
AKDRVGASYYDFWSGHPFDY,background_IGH_cdr3.csv
AAGKSDYYGFLDN,background_IGH_cdr3.csv
AKGRREGCGSRKLYYYYGMDV,background_IGH_cdr3.csv
GYD,background_IGH_cdr3.csv
VTADTCRDRGYEGGD,background_IGH_cdr3.csv
QFSATVYYCAGGAVDY,background_IGH_cdr3.csv
ARDGPNSSYGYTRWFDH,background_IGH_cdr3.csv
ARDAFDI,background_IGH_cdr3.csv
TD,background_IGH_cdr3.csv
ARDYGNGGDY,background_IGH_cdr3.csv
ARAGLGSSWYGGNYYFDY,background_IGH_cdr3.csv
DG,background_IGH_cdr3.csv
RAYRFTTTTVWTS,background_IGH_cdr3.csv
EAYTPRNKDSSSWDNLLLRYGR,background_IGH_cdr3.csv
LLRYGYYYGMDV,background_IGH_cdr3.csv
ARKTTNYYYGMDV,background_IGH_cdr3.csv
ATRSITMIVVVIPLDAFDI,background_IGH_cdr3.csv
ARVPLRTDY,background_IGH_cdr3.csv
AHRHGSSGVVRVHNWVDP,background_IGH_cdr3.csv
VYYCARGSYF,background_IGH_cdr3.csv
AGDSEVWFGELLWYGMDV,background_IGH_cdr3.csv
AAYGMDV,background_IGH_cdr3.csv
ESFRLRCLEWFSSRYGR,background_IGH_cdr3.csv
ARQRTVVAATGYYYGMDV,background_IGH_cdr3.csv
NFDY,background_IGH_cdr3.csv
ARGAYSYGPLDY,background_IGH_cdr3.csv
ARVQSAVAGNRDYYYYGMDV,background_IGH_cdr3.csv
ARVQSAVAGNRDYYYYGMDV,background_IGH_cdr3.csv
AKDMVRGDHYGMDV,background_IGH_cdr3.csv
ARHKKQRYYYDSSGYYLHYFDY,background_IGH_cdr3.csv
SGQNLQLAYSYYGGLDV,background_IGH_cdr3.csv
AGIQLRH,background_IGH_cdr3.csv
ARQPPTSYIAVAGTKDY,background_IGH_cdr3.csv
AHRRAAAGTRFDY,background_IGH_cdr3.csv
ATDRPPGIAAAPMDV,background_IGH_cdr3.csv
ATGYYYYGMDV,background_IGH_cdr3.csv
ARAVARHYYFDY,background_IGH_cdr3.csv
ARRPRRGAGTTFDY,background_IGH_cdr3.csv
ARVRRYNGNDSYGMDV,background_IGH_cdr3.csv
ARVVEFFGPKDY,background_IGH_cdr3.csv
SLSWEPPTTTLTT,background_IGH_cdr3.csv
ARGIYYDSSGCFDY,background_IGH_cdr3.csv
ERPQGPLLLLRYGR,background_IGH_cdr3.csv
ELRRYPGR,background_IGH_cdr3.csv
NWFDP,background_IGH_cdr3.csv
ARDAGTGWLQLAFDI,background_IGH_cdr3.csv
ARNGSYDY,background_IGH_cdr3.csv
AGSSGWYAGFDY,background_IGH_cdr3.csv
GIRAEYIWFGELPSSLLLLRYGR,background_IGH_cdr3.csv
AKDLLGGMDV,background_IGH_cdr3.csv
AREEREVARTPNFDY,background_IGH_cdr3.csv
ARQRSLWFGESTPFYYYGMDV,background_IGH_cdr3.csv
AREKGGYIGVVTANRGAFDI,background_IGH_cdr3.csv
ATGQQQGELSPPIVH,background_IGH_cdr3.csv
ESASCYRRVLLLRYGR,background_IGH_cdr3.csv
TAADTVARSYYYGM,background_IGH_cdr3.csv
GRTGAF,background_IGH_cdr3.csv
ARRRLIAARRDWYFDL,background_IGH_cdr3.csv
ATGAYYETSPTFAFDV,background_IGH_cdr3.csv
RESWLLARATTVWTS,background_IGH_cdr3.csv
ERTACRQLVRP,background_IGH_cdr3.csv
ARVDCSSTSCYTLRLDP,background_IGH_cdr3.csv
ENEDGTTAQLLLLLRYGR,background_IGH_cdr3.csv
ARAQVTPRPATGKRWLQPNDY,background_IGH_cdr3.csv
TREIGGSSCR,background_IGH_cdr3.csv
AREPRIAAAGDYYYYGMDV,background_IGH_cdr3.csv
ATALSSTNCYTCGMDV,background_IGH_cdr3.csv
ASLPPRGVIGYSYVPFPRNYYYYGMDV,background_IGH_cdr3.csv
ARSSPVWFDP,background_IGH_cdr3.csv
RKTTRRYDFWSGENTTTTLWTS,background_IGH_cdr3.csv
ARVPPNRLVGDY,background_IGH_cdr3.csv
GGGYAL,background_IGH_cdr3.csv
ARGGGGSSSWYRDY,background_IGH_cdr3.csv
ESKRELVRP,background_IGH_cdr3.csv
ARDQQLDPRSYGMDV,background_IGH_cdr3.csv
ARDMQQLDPRSYGMDV,background_IGH_cdr3.csv
ARGIRPGTPWPFDY,background_IGH_cdr3.csv
LCERSGYLYYYGTDV,background_IGH_cdr3.csv
FDY,background_IGH_cdr3.csv
ADSGGTGGIGL,background_IGH_cdr3.csv
AVRGNSSSSYFDY,background_IGH_cdr3.csv
ARWDPRKVVKQLLLSPYYYYYGMDV,background_IGH_cdr3.csv
AGGVHTAIDDAFDI,background_IGH_cdr3.csv
ARDRREGELLASAPGAPGEGYGMDV,background_IGH_cdr3.csv
AKDGGVVVVPPCWYGFDY,background_IGH_cdr3.csv
EKVRAWELLTK,background_IGH_cdr3.csv
REAVVVVTPTGSTP,background_IGH_cdr3.csv
AEVAGIALDY,background_IGH_cdr3.csv
AGYGMDV,background_IGH_cdr3.csv
ADLTGVRDY,background_IGH_cdr3.csv
VDTSNLKLSSVTAATAVYYCARGSSGYYKGNY,background_IGH_cdr3.csv
AREGVNYGGGFDY,background_IGH_cdr3.csv
ADY,background_IGH_cdr3.csv
FIAFDI,background_IGH_cdr3.csv
CAGVVRYGMDV,background_IGH_cdr3.csv
GSWWGLGY,background_IGH_cdr3.csv
AREATWYGMDV,background_IGH_cdr3.csv
DP,background_IGH_cdr3.csv
ASGTYYYGMDV,background_IGH_cdr3.csv
ARSTGYVYYYYYYGMDV,background_IGH_cdr3.csv
ARDGVAAYYYYGMDV,background_IGH_cdr3.csv
GMDV,background_IGH_cdr3.csv
GSTAYSLREDTAVYYCAAGID,background_IGH_cdr3.csv
ETALWGDYGLLWL,background_IGH_cdr3.csv
RDTTWTT,background_IGH_cdr3.csv
AA,background_IGH_cdr3.csv
ARELDSYCGGDCSCFDY,background_IGH_cdr3.csv
VKGGRTRIGLDY,background_IGH_cdr3.csv
ARDRRLLEWLFDY,background_IGH_cdr3.csv
Y,background_IGH_cdr3.csv
ARKGAIEYSSSHYYYYGMDV,background_IGH_cdr3.csv
ARGSTVTTKYYFDY,background_IGH_cdr3.csv
ERRLLWFGDSCVVRP,background_IGH_cdr3.csv
ATWELGTSPC,background_IGH_cdr3.csv
ARVRQLVSGWYVKYNWFDP,background_IGH_cdr3.csv
ANQIDY,background_IGH_cdr3.csv
AGCSSSWENDYYYYGMDV,background_IGH_cdr3.csv
ARRNPEIEYSSSSDAFDI,background_IGH_cdr3.csv
AKGASYYDADEASEWGFDY,background_IGH_cdr3.csv
ARGAIAYYFMDD,background_IGH_cdr3.csv
ARDRYDGDYLDAFI,background_IGH_cdr3.csv
DY,background_IGH_cdr3.csv
REIGGGMVRGVIITLKGLSESTTTTVWTS,background_IGH_cdr3.csv
GGIAVVVITPQPTTTTTVWTS,background_IGH_cdr3.csv
REGDT,background_IGH_cdr3.csv
ARTVIPIYGGKAHDAFDI,background_IGH_cdr3.csv
ARRAMERFAFSFDY,background_IGH_cdr3.csv
FDY,background_IGH_cdr3.csv
ARDVECSSTSCYAQSSDH,background_IGH_cdr3.csv
ASGGRSGYYSYYGMDV,background_IGH_cdr3.csv
ARGLGGATPNTPSRYWFDP,background_IGH_cdr3.csv
ARDLDGSTDY,background_IGH_cdr3.csv
CITREAATSGTAFD,background_IGH_cdr3.csv
ATYAEYYYYGMDV,background_IGH_cdr3.csv
DTAVYYAHETRPNWFDP,background_IGH_cdr3.csv
AYYGDD,background_IGH_cdr3.csv
EAFDF,background_IGH_cdr3.csv
ARDNGFRFSQFFDP,background_IGH_cdr3.csv
ARDSAYSDFWSGLSY,background_IGH_cdr3.csv
ERTGSTTLLVLRS,background_IGH_cdr3.csv
ARGGSLDY,background_IGH_cdr3.csv
AKYFDY,background_IGH_cdr3.csv
ARDRGDSDY,background_IGH_cdr3.csv
TTAGTSGYLTY,background_IGH_cdr3.csv
AREGVAGAVSFDY,background_IGH_cdr3.csv
VRKGAIEYGSSNYYYYGMDV,background_IGH_cdr3.csv
ARFKSFSMADY,background_IGH_cdr3.csv
MDV,background_IGH_cdr3.csv
ERSHFCFY,background_IGH_cdr3.csv
ATEGPAICMVWGGLDD,background_IGH_cdr3.csv
ERAVRTVRCRGLRYGR,background_IGH_cdr3.csv
YCARYGGNGGFDY,background_IGH_cdr3.csv
ARDLAVPGRPRGDYYYHGMDV,background_IGH_cdr3.csv
ARDVGVGPYSYGYSLHYYGMDV,background_IGH_cdr3.csv
ATVPNYYDSSGYHWWRAGWYFDL,background_IGH_cdr3.csv
ARDLDTMLTGRIIDY,background_IGH_cdr3.csv
GSGTFNDDVWGRYRPFDG,background_IGH_cdr3.csv
AKDNGYSYDTPSPFDY,background_IGH_cdr3.csv
ARRGTYVPDY,background_IGH_cdr3.csv
ASRTGHY,background_IGH_cdr3.csv
GYYGD,background_IGH_cdr3.csv
D,background_IGH_cdr3.csv
RPVRY,background_IGH_cdr3.csv
ESWLWLLLLRYGR,background_IGH_cdr3.csv
ARPPNDAYSSGYLGGIWYFDL,background_IGH_cdr3.csv
ARANSGYYYFDY,background_IGH_cdr3.csv
ADGSFNYDSSGDY,background_IGH_cdr3.csv
ATLFRG,background_IGH_cdr3.csv
ARASRAHERRMNRYWFDP,background_IGH_cdr3.csv
ARGRSSSAYTYFDY,background_IGH_cdr3.csv
AKDEVVRGVVPYGMDV,background_IGH_cdr3.csv
ARAWDGSSCYGDY,background_IGH_cdr3.csv
PGYLLLLLRYGR,background_IGH_cdr3.csv
EIPERRLLLLTTVWTS,background_IGH_cdr3.csv
REVSKVVLVTT,background_IGH_cdr3.csv
AYMRLRSDAVYYCARGQH,background_IGH_cdr3.csv
EHVADYSKLRYGR,background_IGH_cdr3.csv
ERSASGSGSCYLQYGR,background_IGH_cdr3.csv
ATGPQQWELSPPIVH,background_IGH_cdr3.csv
LD,background_IGH_cdr3.csv
AREQLVPSGPYYYYGMDV,background_IGH_cdr3.csv
EAVYCVVAYGADI,background_IGH_cdr3.csv
ETNWGRSLLLRYGR,background_IGH_cdr3.csv
ARDNPYGPAATYYYYGMDV,background_IGH_cdr3.csv
ARGGRGCGSSYYAVDY,background_IGH_cdr3.csv
ARVVGDPDVVVPAAIDHGMDV,background_IGH_cdr3.csv
ARDGSGRYSIDY,background_IGH_cdr3.csv
ARGRIVVVPAAPIKTSLQAGYGMDV,background_IGH_cdr3.csv
RLRWGALRFLEWWGKTTTTVWTS,background_IGH_cdr3.csv
ARRYYYDSGYYPIDY,background_IGH_cdr3.csv
Y,background_IGH_cdr3.csv
DV,background_IGH_cdr3.csv
ASPYCSSTSCLYGMDV,background_IGH_cdr3.csv
ATGHATNGADY,background_IGH_cdr3.csv
AREYGSSGRCYFDY,background_IGH_cdr3.csv
LGAYFD,background_IGH_cdr3.csv
FD,background_IGH_cdr3.csv
YAVPYYYYGMDV,background_IGH_cdr3.csv
AGDNGGPGYDYAVY,background_IGH_cdr3.csv
AREEREVARTPNFDY,background_IGH_cdr3.csv
EVLRYFDWLLFEEWGLPIRYGR,background_IGH_cdr3.csv
EVLRYDWLFEEWGLLPLRYGR,background_IGH_cdr3.csv
GDY,background_IGH_cdr3.csv
RETTLIQLDTTGSTP,background_IGH_cdr3.csv
ARDGAQDISGYKGRFGP,background_IGH_cdr3.csv
ARGLRVYSSGWYGLVY,background_IGH_cdr3.csv
ARVIVVGPAAIVEQLIPYYDYGMDV,background_IGH_cdr3.csv
ARHLGEDIVVVPAAIPHPHYYYGMDV,background_IGH_cdr3.csv
SSGDYYYGMDV,background_IGH_cdr3.csv
ARTDSSSWNYYYYGMDV,background_IGH_cdr3.csv
ARSSGWRQLDY,background_IGH_cdr3.csv
ATQNDPAMIPVSIYGMDV,background_IGH_cdr3.csv
ADTGSYDSFD,background_IGH_cdr3.csv
ARAYYSSGRPDYGFDY,background_IGH_cdr3.csv
RRLRLLLRYGR,background_IGH_cdr3.csv
GGSYDYFCWSLL,background_IGH_cdr3.csv
STIFGVVTPNWFDP,background_IGH_cdr3.csv
ATGSWIPSLLEPYYFDY,background_IGH_cdr3.csv
ARAVYDSSGVKVFDY,background_IGH_cdr3.csv
ARAKRYYDILTGYAPGDFDY,background_IGH_cdr3.csv
TAVYAPRGGYYYGMDV,background_IGH_cdr3.csv
LCERYLGYF,background_IGH_cdr3.csv
ARSRGVATLPLY,background_IGH_cdr3.csv
YDWSGYGTD,background_IGH_cdr3.csv
ARDGGAVVDAFDI,background_IGH_cdr3.csv
ARQPYTYYHDSGTYYYSGYFDY,background_IGH_cdr3.csv
KGVRFGVLLLRYGR,background_IGH_cdr3.csv
ARQGYVAWGWFDS,background_IGH_cdr3.csv
ARVIFGDYESYYYYGMDV,background_IGH_cdr3.csv
NFGVAAGMAY,background_IGH_cdr3.csv
MD,background_IGH_cdr3.csv
VTAATAVYYCAVTGPSSINFDY,background_IGH_cdr3.csv
CYYGMDV,background_IGH_cdr3.csv
NRASLFCRTGTTDELRYGR,background_IGH_cdr3.csv
ARGRGCSQDFYYLDY,background_IGH_cdr3.csv
ARYDGWFDS,background_IGH_cdr3.csv
AKISSPIGTTWYFDY,background_IGH_cdr3.csv
RSSSTTTVWTS,background_IGH_cdr3.csv
AGDGIYGGNSERRERFGYYYYGMDV,background_IGH_cdr3.csv
AISAGGIAAAFDY,background_IGH_cdr3.csv
AKDNNIYYSGWYDAGRYWYFDL,background_IGH_cdr3.csv
ARVYSGSGGFDY,background_IGH_cdr3.csv
ARGGNGSNAFDI,background_IGH_cdr3.csv
ESSGCSVLLLRYGR,background_IGH_cdr3.csv
ARDEMATHEGEFFDY,background_IGH_cdr3.csv
ERDYVWGSLGL,background_IGH_cdr3.csv
ARDAYGSWSGYYVRWFDY,background_IGH_cdr3.csv
ARVYDSSGYYLTWYYGMDV,background_IGH_cdr3.csv
ASRPQLYSGSQGGFDY,background_IGH_cdr3.csv
ARDRGGKVLRVLEWLLYSDY,background_IGH_cdr3.csv
AIPGILEAGGLRYYYAMDV,background_IGH_cdr3.csv
ASDRLVGAAAGLYYYYGMDV,background_IGH_cdr3.csv
AGFDY,background_IGH_cdr3.csv
VRYSSSWRL,background_IGH_cdr3.csv
ATGYSGGYYYGMDV,background_IGH_cdr3.csv
ARTSEGYYDANWFDH,background_IGH_cdr3.csv
AKDCDCGGDCYYHRNDY,background_IGH_cdr3.csv
QISRRTTFGVGRH,background_IGH_cdr3.csv
FDY,background_IGH_cdr3.csv
ARDKEELLGDYYYYYGMDV,background_IGH_cdr3.csv
AHTEGFIVGATLVGEGFDY,background_IGH_cdr3.csv
ARDPGDAGSYSGPYAFDI,background_IGH_cdr3.csv
ATLREGTIVGATFFDY,background_IGH_cdr3.csv
VLRYFWSGLD,background_IGH_cdr3.csv
ESPLLLLRYGR,background_IGH_cdr3.csv
AREVEMATISHYYYYYGMDV,background_IGH_cdr3.csv
ARQLWSLYYYYGMDV,background_IGH_cdr3.csv
ARDRPFLEWFSPPLDYYCGMDV,background_IGH_cdr3.csv
ENEWLLLLRGLLLLRYGR,background_IGH_cdr3.csv
ARDLARYGM,background_IGH_cdr3.csv
ERPKVALWFGEPVRLLLRYGR,background_IGH_cdr3.csv
ARDVTTLGRWGYFIDY,background_IGH_cdr3.csv
DV,background_IGH_cdr3.csv
CAGRRPPKLVATPDPYYYYGMDV,background_IGH_cdr3.csv
VRFVVVPAAES,background_IGH_cdr3.csv
ARGGYSTLPDAFDI,background_IGH_cdr3.csv
ESLLL,background_IGH_cdr3.csv
ERSSTRRLRCLELVRP,background_IGH_cdr3.csv
ARRGESFDY,background_IGH_cdr3.csv
AREPYSSSGVLTYYYGMDV,background_IGH_cdr3.csv
ARLDWSGLWFDP,background_IGH_cdr3.csv
GRFFLDTYLQINSLSPEDTAVYYCARASSGSPSAEY,background_IGH_cdr3.csv
ARGSGFD,background_IGH_cdr3.csv
ATGYSGCYYWLDP,background_IGH_cdr3.csv
EVRGPWL,background_IGH_cdr3.csv
ARDVCCGGDSYYGMDV,background_IGH_cdr3.csv
AREVGGNSEGDY,background_IGH_cdr3.csv
CTGGFD,background_IGH_cdr3.csv
ARWAEVEMATISDYGMDV,background_IGH_cdr3.csv
ARDRLVGAAAGLYYYYGMDV,background_IGH_cdr3.csv
ERTWQLWLRP,background_IGH_cdr3.csv
ARVGLYSSSWNIESNYYGMDV,background_IGH_cdr3.csv
ARLVVPAAHFDY,background_IGH_cdr3.csv
ARQPRDIVVVPGGMDV,background_IGH_cdr3.csv
ARCCGDDSLYYGRDV,background_IGH_cdr3.csv
ARAGCDSSGSYFDY,background_IGH_cdr3.csv
AYLVQIVVPAASGGFFDY,background_IGH_cdr3.csv
RFTISDNAKNSLYLQMNSLDEDTAVYYCARDGYLCDI,background_IGH_cdr3.csv
ETSQDRLHQSWL,background_IGH_cdr3.csv
AGDSRPYSSSCPDY,background_IGH_cdr3.csv
AKDYWAIFGVVIGEPDY,background_IGH_cdr3.csv
AGDWLPYYDVWSDILGAFDI,background_IGH_cdr3.csv
REGVGYSSGGYVILTTTTTVWTS,background_IGH_cdr3.csv
STDVYYARLDAD,background_IGH_cdr3.csv
AGGYNAFDI,background_IGH_cdr3.csv
ERGLLLRYGR,background_IGH_cdr3.csv
ARDPGSSSWYYFDY,background_IGH_cdr3.csv
ARGFSGGSCCAFDY,background_IGH_cdr3.csv
GMDV,background_IGH_cdr3.csv
ERSWQRWGQAAVLLLLLRYGR,background_IGH_cdr3.csv
ADTAVYYAWMVAFDI,background_IGH_cdr3.csv
RDFPIVVVVAATPMLLIS,background_IGH_cdr3.csv
ARGGDGGFDY,background_IGH_cdr3.csv
YTTL,background_IGH_cdr3.csv
RELVTCGEVWMS,background_IGH_cdr3.csv
AGSRPGGYFDY,background_IGH_cdr3.csv
AKDPNSSGWYPSWWFDP,background_IGH_cdr3.csv
AREAAATVMDYYFGDY,background_IGH_cdr3.csv
ARESDGFGGWTDY,background_IGH_cdr3.csv
RGGDP,background_IGH_cdr3.csv
DTAYYCAAGEQLGLYYGMDV,background_IGH_cdr3.csv
NLDV,background_IGH_cdr3.csv
AKELRFLEWLLDY,background_IGH_cdr3.csv
ARDTRANWMHYYGMDV,background_IGH_cdr3.csv
AREGVVIPAGDGFDY,background_IGH_cdr3.csv
ARDTRANWMHYYGMDV,background_IGH_cdr3.csv
AQLGKGDAFDI,background_IGH_cdr3.csv
ARGPGYPHYFDY,background_IGH_cdr3.csv
CYGMDV,background_IGH_cdr3.csv
ARGYYDY,background_IGH_cdr3.csv
ARVGATIYFDY,background_IGH_cdr3.csv
ASLPGTVTTPVDY,background_IGH_cdr3.csv
ERSAGFGESPLLLLRYGR,background_IGH_cdr3.csv
KRSGGLLLRYGR,background_IGH_cdr3.csv
AKGLTYTSSSSLDYFDY,background_IGH_cdr3.csv
AKGSMASSLDYFDY,background_IGH_cdr3.csv
ATAVCF,background_IGH_cdr3.csv
ARASITMVRGALGTHNWFDP,background_IGH_cdr3.csv
REGMVRGVTILTLTT,background_IGH_cdr3.csv
AATAYCAVATNF,background_IGH_cdr3.csv
SSVTAADTAVYYCARCKARDYYYYGMDV,background_IGH_cdr3.csv
GRVLEGGGYPYFDY,background_IGH_cdr3.csv
ARESIEVVPAAIAFDP,background_IGH_cdr3.csv
EGRGYDGARILPA,background_IGH_cdr3.csv
ENRKHWVLRYRS,background_IGH_cdr3.csv
ALAY,background_IGH_cdr3.csv
ARVYYDVWSYFDN,background_IGH_cdr3.csv
REGRTMLLIS,background_IGH_cdr3.csv
GGFD,background_IGH_cdr3.csv
ARDRGVVIPLFDY,background_IGH_cdr3.csv
TAYAPGVAFDI,background_IGH_cdr3.csv
ARDLDNSDYVIDY,background_IGH_cdr3.csv
ARQLFGETTVYFDY,background_IGH_cdr3.csv
RTLRL,background_IGH_cdr3.csv
AGEYYYDSSGYCSLYYYYGMDV,background_IGH_cdr3.csv
ARDLVVPAAKYYYYGMDV,background_IGH_cdr3.csv
ARYCSSTSCYVAED,background_IGH_cdr3.csv
ERVGL,background_IGH_cdr3.csv
ARDGVAGYDWFDY,background_IGH_cdr3.csv
ARAVGWSGPHTNGVDP,background_IGH_cdr3.csv
ERVLAQLL,background_IGH_cdr3.csv
EG,background_IGH_cdr3.csv
TAVYYCGGRLERTLRFDP,background_IGH_cdr3.csv
RERTTTTVWTS,background_IGH_cdr3.csv
ARLIFGVVIMEGPANRVDGMDV,background_IGH_cdr3.csv
ARGAEPLAYCGGDCYWSDY,background_IGH_cdr3.csv
EDTVYALTGTSTD,background_IGH_cdr3.csv
TDY,background_IGH_cdr3.csv
RELPPTTTVWTS,background_IGH_cdr3.csv
ARDGNFDGWFDP,background_IGH_cdr3.csv
ARERGYYDSSGYYYHDAFDI,background_IGH_cdr3.csv
ARASIAVAGKYYYYGMDV,background_IGH_cdr3.csv
ASYAGGLLEWPSYGMDV,background_IGH_cdr3.csv
Y,background_IGH_cdr3.csv
RPAFDNTAYARAFD,background_IGH_cdr3.csv
ARALEQLGPTIFAFDI,background_IGH_cdr3.csv
ADIAAGHD,background_IGH_cdr3.csv
ARGPPDVLRFLEWSRIGDSPPFY,background_IGH_cdr3.csv
ARMNAWLRLFYFDY,background_IGH_cdr3.csv
ETGPASGLSG,background_IGH_cdr3.csv
ETPRPKTTILLLRYGR,background_IGH_cdr3.csv
VTISVDTKNQLKLSSVTAADTAVYCAAGP,background_IGH_cdr3.csv
VAATAYYCAQVGYVAYDY,background_IGH_cdr3.csv
FDY,background_IGH_cdr3.csv
ATKGGYSYGYYYYGMDV,background_IGH_cdr3.csv
ARRGGPRLAFDP,background_IGH_cdr3.csv
ARGDGGGYDH,background_IGH_cdr3.csv
EWGRLRYTS,background_IGH_cdr3.csv
AKLRL,background_IGH_cdr3.csv
TTQGGTSLVR,background_IGH_cdr3.csv
GVLLETYGKDY,background_IGH_cdr3.csv
DV,background_IGH_cdr3.csv
SYGMDV,background_IGH_cdr3.csv
ITERITVYYYGMDV,background_IGH_cdr3.csv
RDRYHRPALTT,background_IGH_cdr3.csv
ARGELRGVPGY,background_IGH_cdr3.csv
EWWAWIQLWFRLLLLLRYGR,background_IGH_cdr3.csv
TVYCARIPPRAQRYGMDV,background_IGH_cdr3.csv
GRPPTRELVLLIS,background_IGH_cdr3.csv
ERELWLLRDGP,background_IGH_cdr3.csv
Y,background_IGH_cdr3.csv
VD,background_IGH_cdr3.csv
AREEREVARTPNFDY,background_IGH_cdr3.csv
REQGVSPLLTT,background_IGH_cdr3.csv
ARGYYDFDY,background_IGH_cdr3.csv
AGDRPIVVVPAANRLGNAFDI,background_IGH_cdr3.csv
DP,background_IGH_cdr3.csv
AKSGWLDY,background_IGH_cdr3.csv
AREGVEDTAMVGDYGMDV,background_IGH_cdr3.csv
ARMPITGDRGHFDY,background_IGH_cdr3.csv
YRCD,background_IGH_cdr3.csv
REYVTTMIVVVITPQPPTGTSIA,background_IGH_cdr3.csv
ARRDGDHGYWFDP,background_IGH_cdr3.csv
ERPTTVQQAGDMVRP,background_IGH_cdr3.csv
ARSPHYYEFWSGYYDY,background_IGH_cdr3.csv
ARDLRLWYPKYGMDV,background_IGH_cdr3.csv
QAGFDY,background_IGH_cdr3.csv
LGFDY,background_IGH_cdr3.csv
ARQGVTRFDY,background_IGH_cdr3.csv
ARSWDAFDI,background_IGH_cdr3.csv
ARDYDSGYFGY,background_IGH_cdr3.csv
AREERVVGYYYGMDV,background_IGH_cdr3.csv
ARSSGYRAFDI,background_IGH_cdr3.csv
TRDEWVGATPYEEYYFDY,background_IGH_cdr3.csv
ARLHSQFWRFDP,background_IGH_cdr3.csv
ARRVTPPYYYGMDV,background_IGH_cdr3.csv
ARGGTSSYNYYYYGMDV,background_IGH_cdr3.csv
ARTVAGYYGMDV,background_IGH_cdr3.csv
D,background_IGH_cdr3.csv
TATAVYCARVRGGRDY,background_IGH_cdr3.csv
AGSGYYGMDV,background_IGH_cdr3.csv
AREPNNSLYSMDV,background_IGH_cdr3.csv
ARDGDYYDYAFD,background_IGH_cdr3.csv
LGEAYCAAVTPEPY,background_IGH_cdr3.csv
AKDRSEHTRPIGTEALDI,background_IGH_cdr3.csv
ETVGRGELLLRYGR,background_IGH_cdr3.csv
ARYGAHYYDSSGYYYGEFDY,background_IGH_cdr3.csv
ARTGWDY,background_IGH_cdr3.csv
QRFLEWFLLLLLRYGR,background_IGH_cdr3.csv
ERSHGDYVLRYGR,background_IGH_cdr3.csv
AREYYYDSSGYFSLYYYYGMDV,background_IGH_cdr3.csv
ARDQPSWSLQTY,background_IGH_cdr3.csv
ARLENPDYYDSSGYYQTLFDY,background_IGH_cdr3.csv
QGVTSAMETACAGGDSFDP,background_IGH_cdr3.csv
VKTAYWWCDP,background_IGH_cdr3.csv
AYLGAGIDY,background_IGH_cdr3.csv
TADTAVYYCAGIGNAFDI,background_IGH_cdr3.csv
ESPYQQLHYGFGR,background_IGH_cdr3.csv
ARGVEGSIAAAGTKLGGPSFDY,background_IGH_cdr3.csv
TSLLQMNSLAEDTAVYYCAVVVCLD,background_IGH_cdr3.csv
GDSGYFPRYGR,background_IGH_cdr3.csv
YD,background_IGH_cdr3.csv
ARGRPYCSSTSCRYFDY,background_IGH_cdr3.csv
ERSLECCSGAATSKL,background_IGH_cdr3.csv
RPVTVDY,background_IGH_cdr3.csv
AGGVVLLAAAGSGPYNWFDP,background_IGH_cdr3.csv
ARDGPTNGCYYYYGMDV,background_IGH_cdr3.csv
ARLWIRGGELSGVLEIFDY,background_IGH_cdr3.csv
ARVFRGEAAANNVLDH,background_IGH_cdr3.csv
TAATAVYYCAGDADI,background_IGH_cdr3.csv
ERPKFLEWLVLLRYGR,background_IGH_cdr3.csv
EREGEWLLPPLRYGR,background_IGH_cdr3.csv
ARGGSCFDY,background_IGH_cdr3.csv
ERPGGRLLLLRYGR,background_IGH_cdr3.csv
ARDQKQWLVDTSPDGMDV,background_IGH_cdr3.csv
AGGGGYDSSGYFDY,background_IGH_cdr3.csv
RGVYD,background_IGH_cdr3.csv
AAYRRYNAYYGMDV,background_IGH_cdr3.csv
TAVYARSG,background_IGH_cdr3.csv
ARHRGGTSGLYYFDY,background_IGH_cdr3.csv
AVPPLVGSSTSCYRPREVQLVRP,background_IGH_cdr3.csv
ATRPLHYDYVWGSYRSDAFDI,background_IGH_cdr3.csv
AAYYYGMDV,background_IGH_cdr3.csv
RIWVTTVVQSMLLIS,background_IGH_cdr3.csv
ARVAAADVRDY,background_IGH_cdr3.csv
ARDFGFRYYGSGIDGIMDV,background_IGH_cdr3.csv
GD,background_IGH_cdr3.csv
ASETDCSSTSCPPSFDP,background_IGH_cdr3.csv
VLYLLRYGR,background_IGH_cdr3.csv
AKASTAQWLVRGGDFDY,background_IGH_cdr3.csv
AKSHGRGIVGATPRLRGYFDL,background_IGH_cdr3.csv
AKDSHDADDGGAFDI,background_IGH_cdr3.csv
SRDPRQLGRVGAAEYYYYGMDV,background_IGH_cdr3.csv
TRDTGSGPYYYYGMDV,background_IGH_cdr3.csv
ADGYFDY,background_IGH_cdr3.csv
ARLGGTVVGDWFDS,background_IGH_cdr3.csv
APSDYYGSGSYYNWVVRP,background_IGH_cdr3.csv
ARPY,background_IGH_cdr3.csv
TVYYCARGPISGARSKWFDP,background_IGH_cdr3.csv
ARRGEVGGPDYGMDV,background_IGH_cdr3.csv
ARYLNGVYSSASGAFDI,background_IGH_cdr3.csv
ERWQLRLLLRYGR,background_IGH_cdr3.csv
ARVGYFDY,background_IGH_cdr3.csv
ARGVVHDC,background_IGH_cdr3.csv
G,background_IGH_cdr3.csv
LCIRVGMDV,background_IGH_cdr3.csv
ARAVPAGLDY,background_IGH_cdr3.csv
TPDY,background_IGH_cdr3.csv
AKDPKLGGDRFDY,background_IGH_cdr3.csv
VADL,background_IGH_cdr3.csv
ARAAAGPFTYWFDP,background_IGH_cdr3.csv
ARDLRLWYPKYGMDV,background_IGH_cdr3.csv
ADYRRWIDP,background_IGH_cdr3.csv
ARSGEDTAMATHHFDY,background_IGH_cdr3.csv
GLLIWYYYYYGMDV,background_IGH_cdr3.csv
ARQGAAADPVVYYYYGMDV,background_IGH_cdr3.csv
ARGYDVGCWYYYGMDV,background_IGH_cdr3.csv
ARDLMSGRADYFDY,background_IGH_cdr3.csv
ARDLKEYVWGSYREAHAFDI,background_IGH_cdr3.csv
ENTIFGVVRRP,background_IGH_cdr3.csv
REIWVTTTVWTS,background_IGH_cdr3.csv
ARALMEGAFDI,background_IGH_cdr3.csv
ASVNHLDTAMVWS,background_IGH_cdr3.csv
ERSWQRWEQAAVLLLLLRYGR,background_IGH_cdr3.csv
AGVGYYLDY,background_IGH_cdr3.csv
D,background_IGH_cdr3.csv
ARRGERPNYVWGSFPFDY,background_IGH_cdr3.csv
REAGSRLLVTITTTTTVWTS,background_IGH_cdr3.csv
DRSTLGGRVL,background_IGH_cdr3.csv
AHSRRGPTWYFDL,background_IGH_cdr3.csv
AKRGDCSVEGRFTVPVTSSRDLLFLQRNGLVAGVRAVYYCAKRGGCSGGSCYYPGPAGIFDY,background_IGH_cdr3.csv
ARDHPPGNYYDSSDFDI,background_IGH_cdr3.csv
ARAIIAVGITTVGIDF,background_IGH_cdr3.csv
ARHSGASYGMDV,background_IGH_cdr3.csv
SRWVRIAAAGTIPLF,background_IGH_cdr3.csv
ERRRYRYGQLVRP,background_IGH_cdr3.csv
AREGGGCVDY,background_IGH_cdr3.csv
ARGGGLTYYYDSSGYYYPDY,background_IGH_cdr3.csv
G,background_IGH_cdr3.csv
ARGQMLGRSDSYGNWFDY,background_IGH_cdr3.csv
ARGQMLRRSDSYGNWFDP,background_IGH_cdr3.csv
ARDDDSILGGFFDY,background_IGH_cdr3.csv
RELGSWEWELLGPTDTTTTTVWTS,background_IGH_cdr3.csv
AGGSPLSNRWLQCPDFDY,background_IGH_cdr3.csv
TRDEGGRVVALPDAFDI,background_IGH_cdr3.csv
KDWYFDL,background_IGH_cdr3.csv
AADYSTAYWGTD,background_IGH_cdr3.csv
REPRTKVTGTTVWSTLTT,background_IGH_cdr3.csv
ARAVGLRSFYGMDV,background_IGH_cdr3.csv
ARTPLIYGSGSYDLDY,background_IGH_cdr3.csv
GMDV,background_IGH_cdr3.csv
ARVFRGEAAANNVLDH,background_IGH_cdr3.csv
ARDIVVVPAAIYNWFDP,background_IGH_cdr3.csv
ARGLRGDFDY,background_IGH_cdr3.csv
ARASGYFDY,background_IGH_cdr3.csv
AHPYGDYLLPP,background_IGH_cdr3.csv
TLSTAVYCARVRPARPSTGTWTD,background_IGH_cdr3.csv
LHGAGRVLLCEGLRLGLSY,background_IGH_cdr3.csv
GVD,background_IGH_cdr3.csv
ARDRGIDRYYYDSSGYYPDAFDI,background_IGH_cdr3.csv
REPRSEPGSRITMVRGETGSTP,background_IGH_cdr3.csv
KRWLLLRYGR,background_IGH_cdr3.csv
SLAYAGGD,background_IGH_cdr3.csv
ARLRDCSSTSCSNWFDP,background_IGH_cdr3.csv
ATAQAGGYSSDNYGMDV,background_IGH_cdr3.csv
ENSGRGKRRYGR,background_IGH_cdr3.csv
ARPSCYGLDV,background_IGH_cdr3.csv
LGAGEREGDDWARVATPRFLEWLPYYYYGMDV,background_IGH_cdr3.csv
ATAWPYYYGMDV,background_IGH_cdr3.csv
RGAGTTTTVWTS,background_IGH_cdr3.csv
TTGDGSFDV,background_IGH_cdr3.csv
YARARTSIFGVVIRGFDP,background_IGH_cdr3.csv
VYDY,background_IGH_cdr3.csv
ASKYSSSWYNYYYYGMDV,background_IGH_cdr3.csv
ARTELVGGY,background_IGH_cdr3.csv
ARPASRDAVRHYDFWSGSGRWAFDI,background_IGH_cdr3.csv
ATGAFDY,background_IGH_cdr3.csv
LDGNYDTTGRTD,background_IGH_cdr3.csv
ADAGIRSYFY,background_IGH_cdr3.csv
ASGGDGDYGDY,background_IGH_cdr3.csv
AKGLATVTSLDY,background_IGH_cdr3.csv
ENDILLLRYGR,background_IGH_cdr3.csv
YYYGMDV,background_IGH_cdr3.csv
RDPAITLRVVARMLLMS,background_IGH_cdr3.csv
AREFSSSSLDP,background_IGH_cdr3.csv
ARRIQLWLNGGLYYYYGMDV,background_IGH_cdr3.csv
ARDLYGSSWYGPTTIGFDY,background_IGH_cdr3.csv
FDY,background_IGH_cdr3.csv
TDSTTAELSLSEDTAVYYCARVDGYFDY,background_IGH_cdr3.csv
AKEDLTTFH,background_IGH_cdr3.csv
ARTSSSLAETAVYYCARESDSRDAFDI,background_IGH_cdr3.csv
WDS,background_IGH_cdr3.csv
ARSWPDLGRRPCIVVIPRFD,background_IGH_cdr3.csv
ARHYYYDSSGYYSGFDY,background_IGH_cdr3.csv
AGGPGMTTVTDPWAYYYGMDV,background_IGH_cdr3.csv
AREWLRGDYYGMDV,background_IGH_cdr3.csv
GRADGSRYAIPLLLLRYGR,background_IGH_cdr3.csv
ARGSYSSSSDY,background_IGH_cdr3.csv
ARLQLPYYGMDV,background_IGH_cdr3.csv
KRSPHPEASTSCTELLLLLRYGR,background_IGH_cdr3.csv
D,background_IGH_cdr3.csv
ATHAGAAVAGVDY,background_IGH_cdr3.csv
VRLGNPPFDY,background_IGH_cdr3.csv
STLTT,background_IGH_cdr3.csv
ARDPTPDPSGSGSYYNEYDMDY,background_IGH_cdr3.csv
QRTRQFWFRCTTTTVWTS,background_IGH_cdr3.csv
ARDKGTAVEYFDY,background_IGH_cdr3.csv
ARDTAMVNYYYYGMDV,background_IGH_cdr3.csv
YVGAIPPTLTT,background_IGH_cdr3.csv
AREAGTGTVLGGCRLDP,background_IGH_cdr3.csv
VLPLVYGMDV,background_IGH_cdr3.csv
AREKFLRNDFWSGYSHTPGFDY,background_IGH_cdr3.csv
TAATAVYYCARVGRVSYFDY,background_IGH_cdr3.csv
ARGGTRRWYFDY,background_IGH_cdr3.csv
EVRWLVRLLVRL,background_IGH_cdr3.csv
ARGSSIAARPNDY,background_IGH_cdr3.csv
EGGSGTGG,background_IGH_cdr3.csv
PWPRHICRARLTLPIVREGATACGD,background_IGH_cdr3.csv
RRCITRGYDAFDI,background_IGH_cdr3.csv
AKPPELLILFFFHY,background_IGH_cdr3.csv
ARDLTGDILTGYYTGPGFDP,background_IGH_cdr3.csv
AISYYYGMDV,background_IGH_cdr3.csv
ARDVECSSTSCYAHSSDH,background_IGH_cdr3.csv
YCSSSYWYFDL,background_IGH_cdr3.csv
TTNRVRYCSSTSCLR,background_IGH_cdr3.csv
WGGYD,background_IGH_cdr3.csv
ARMGGRYHDILTGPNYFDF,background_IGH_cdr3.csv
ARPGGSPYFDY,background_IGH_cdr3.csv
AKGKYYGSGSYLDAFDI,background_IGH_cdr3.csv
YYSGLDV,background_IGH_cdr3.csv
GPGIQLWLLLLRYGR,background_IGH_cdr3.csv
AREVVKQWLVDYYYGMDV,background_IGH_cdr3.csv
ATEGSSGYYWRKYNWFDP,background_IGH_cdr3.csv
GGTSPNMVRGPDPLRYGR,background_IGH_cdr3.csv
ARDRVHSSSPEVWFDP,background_IGH_cdr3.csv
ARVGVTAGFDY,background_IGH_cdr3.csv
ETLWLFSA,background_IGH_cdr3.csv
ERDPSTSCYGLLLRYGR,background_IGH_cdr3.csv
ARGGGFGELVDAFDI,background_IGH_cdr3.csv
ARGQGGSNRRLDY,background_IGH_cdr3.csv
YYAAYYYYGMDV,background_IGH_cdr3.csv
ATDLGY,background_IGH_cdr3.csv
AASMYYDFWSGYWFGYFDY,background_IGH_cdr3.csv
GD,background_IGH_cdr3.csv
VREVTYTVDY,background_IGH_cdr3.csv
AREKYYYYGMDV,background_IGH_cdr3.csv
REGQGVGATYKA,background_IGH_cdr3.csv
ARGVSYDFDY,background_IGH_cdr3.csv
VRVKRFLEWSESLHFDP,background_IGH_cdr3.csv
ARGPRNDYYYYGMDV,background_IGH_cdr3.csv
ERKYWKPVLLLRYGR,background_IGH_cdr3.csv
AGGIGVVAATGGSFGMDV,background_IGH_cdr3.csv
ARVHYLDSSGYYAADH,background_IGH_cdr3.csv
KFGVQTRHYGMDV,background_IGH_cdr3.csv
ARGRGGF,background_IGH_cdr3.csv
MNRLYCAKVD,background_IGH_cdr3.csv
DAAGRGLKDY,background_IGH_cdr3.csv
DTAVYCARHGGSFDY,background_IGH_cdr3.csv
ARGRGYYYDSSGYWNEAFDI,background_IGH_cdr3.csv
CARWFGELILDY,background_IGH_cdr3.csv
AKGSQGGIILLTFDL,background_IGH_cdr3.csv
DV,background_IGH_cdr3.csv
AKDKDRGDLLGYYGMDV,background_IGH_cdr3.csv
AREVVRSGYYVRYFDY,background_IGH_cdr3.csv
DY,background_IGH_cdr3.csv
ARVAGVAYYFDY,background_IGH_cdr3.csv
ATVPNYYGSSGYHWWRAGWYFDL,background_IGH_cdr3.csv
ARVMGSSGYYPPDY,background_IGH_cdr3.csv
ARVLRGAFDY,background_IGH_cdr3.csv
ARGGADDVWGGLSFDY,background_IGH_cdr3.csv
ADGSRAIDY,background_IGH_cdr3.csv
AAVTMVRGVIGGDY,background_IGH_cdr3.csv
ARGTTLWAYFDY,background_IGH_cdr3.csv
AKDLLTVTTGLESY,background_IGH_cdr3.csv
ECAGGCYTILLLRYGR,background_IGH_cdr3.csv
ARCGSSCYPFDY,background_IGH_cdr3.csv
AGSGSSSPFDY,background_IGH_cdr3.csv
ERQWPLVL,background_IGH_cdr3.csv
ESWGWPVL,background_IGH_cdr3.csv
ADGAVAGLGYNWFDP,background_IGH_cdr3.csv
ARVKGLEMATAAFDI,background_IGH_cdr3.csv
ERLKGDACWSGRQGRRARVRYGR,background_IGH_cdr3.csv
GDTLTMIIVIIRDTAWTS,background_IGH_cdr3.csv
RRVLLCESFD,background_IGH_cdr3.csv
I,background_IGH_cdr3.csv
ATGYSGGYYYGMDV,background_IGH_cdr3.csv
ARECDTWSRGGYYFDY,background_IGH_cdr3.csv
ECEYYLLRYGR,background_IGH_cdr3.csv
ARAQWPLVVPAAIRIPNWFDP,background_IGH_cdr3.csv
KSKLSTAATAVYYCARGNWFDH,background_IGH_cdr3.csv
ARGGVLLAAAGSGPYNWFDP,background_IGH_cdr3.csv
ERHLADSGSWGLVRP,background_IGH_cdr3.csv
ARDGYCGSRVDY,background_IGH_cdr3.csv
ARDLEYSSGGSCGGY,background_IGH_cdr3.csv
ARTWVGASHAFDI,background_IGH_cdr3.csv
ERGGELVRL,background_IGH_cdr3.csv
ARGGDCTNGVCYASEYYYYYYGMDV,background_IGH_cdr3.csv
ATGGLDSCDI,background_IGH_cdr3.csv
ARDKMLETAYYCARDEARYYYDLDV,background_IGH_cdr3.csv
ESPEWLL,background_IGH_cdr3.csv
TTGRFWEWPYYYGMDV,background_IGH_cdr3.csv
GFYYYYYGMV,background_IGH_cdr3.csv
AREGHSGWDY,background_IGH_cdr3.csv
STYMGLSLSEDTAVYYCARGYYDFWSGYYYYYYGMDV,background_IGH_cdr3.csv
ARSPPPLLPDRWFDP,background_IGH_cdr3.csv
VTITGDKSSTAYMELSSLRSEDTAVYYCARVAAVGATFDY,background_IGH_cdr3.csv
GRFVVPLDTSVGTGYLQSSSLKAEDTAVYYCARYWDYGVVDY,background_IGH_cdr3.csv
AADTAVYYCARFDILTGAPQFDY,background_IGH_cdr3.csv
ARFILGAPFDY,background_IGH_cdr3.csv
ARAWGFDP,background_IGH_cdr3.csv
ASDGFDI,background_IGH_cdr3.csv
ETVVRL,background_IGH_cdr3.csv
ERFTMVRGGRGLLRYGR,background_IGH_cdr3.csv
AGVASLAPFDP,background_IGH_cdr3.csv
ARGKRRNYDLWSGYRQLLY,background_IGH_cdr3.csv
ERLKRYDLWSGRQGRRARVRYGR,background_IGH_cdr3.csv
REVSVIIMLRGVNLTT,background_IGH_cdr3.csv
EASIRPCDAFDI,background_IGH_cdr3.csv
ARGDYDGSGYYLGHDFDF,background_IGH_cdr3.csv
ARGSGRWLQFRGGFEDAFDI,background_IGH_cdr3.csv
ARVREYSGNDY,background_IGH_cdr3.csv
AKADGGSRTTCYSFPDYYYGMDV,background_IGH_cdr3.csv
DS,background_IGH_cdr3.csv
ARVFVYRSAIVVVPAAAPAGGWFDP,background_IGH_cdr3.csv
TAVYYCARSYYYGMDV,background_IGH_cdr3.csv
ARAYYDSGYYFD,background_IGH_cdr3.csv
AREGDPRTTSYYYYYSGMDV,background_IGH_cdr3.csv
ARGVGGDCYLGVGEYYYGMDV,background_IGH_cdr3.csv
ASSVVVIAISRGVGEYYFDY,background_IGH_cdr3.csv
ARLAANAFDI,background_IGH_cdr3.csv
ARDRGLNVGFYDSSGNAFDI,background_IGH_cdr3.csv
ATFDY,background_IGH_cdr3.csv
AKYNRFDY,background_IGH_cdr3.csv
ARDHVDTARHNWFDP,background_IGH_cdr3.csv
EKRCWWLLLLRYGR,background_IGH_cdr3.csv
ASGRSGDFWSGPPSDY,background_IGH_cdr3.csv
HGVLLCEVASSWDP,background_IGH_cdr3.csv
RGTTLT,background_IGH_cdr3.csv
ASGWGGMD,background_IGH_cdr3.csv
ASDSGDGGSSSFSH,background_IGH_cdr3.csv
ARALGSGRWLQRRAGAFDI,background_IGH_cdr3.csv
AKFSLASRAAAGTIWFYY,background_IGH_cdr3.csv
ASTGYYYDSSGYPPLSPGY,background_IGH_cdr3.csv
RVLGGYDSPFDY,background_IGH_cdr3.csv
ARGDYDYWRGQPDK,background_IGH_cdr3.csv
AGEDSVVVPAAINSFRYDGMDV,background_IGH_cdr3.csv
LRVGVLDN,background_IGH_cdr3.csv
ARDRGYSSSSGWALFDP,background_IGH_cdr3.csv
ARGGTGVIAAAY,background_IGH_cdr3.csv
TVYCSSTSCYPHADAFDI,background_IGH_cdr3.csv
ERGEDYDFWSGYQTLLLLRYGR,background_IGH_cdr3.csv
AKSSSGAFDY,background_IGH_cdr3.csv
ARGRDVGLVLPGMDV,background_IGH_cdr3.csv
KDLTYYYDSGPR,background_IGH_cdr3.csv
DV,background_IGH_cdr3.csv
MDV,background_IGH_cdr3.csv
ARVRYFDY,background_IGH_cdr3.csv
ERPPRRFLEWCLLLLRYGR,background_IGH_cdr3.csv
ASPVY,background_IGH_cdr3.csv
HRAGISSTSCYGGVRYGR,background_IGH_cdr3.csv
DY,background_IGH_cdr3.csv
ARDSGWLLAFDY,background_IGH_cdr3.csv
DY,background_IGH_cdr3.csv
AATYAGGGRDYFDY,background_IGH_cdr3.csv
AKDNNIYYSGWYDAGRYWYFDL,background_IGH_cdr3.csv
AKDRDGGWCYFDY,background_IGH_cdr3.csv
ETFGQWLALLLLRYGR,background_IGH_cdr3.csv
ARLVSGYYYYGMDV,background_IGH_cdr3.csv
ERLLYLLLRDGR,background_IGH_cdr3.csv
ASDGVAQDISGYKGRFGP,background_IGH_cdr3.csv
ERSAGTSCLT,background_IGH_cdr3.csv
AREFYDSGDYYYGMDV,background_IGH_cdr3.csv
ERPRVLVRP,background_IGH_cdr3.csv
ARGFDCTNGVCGAFDI,background_IGH_cdr3.csv
ASARRGAAAGQYDY,background_IGH_cdr3.csv
ARPVVVVAFDY,background_IGH_cdr3.csv
AREGFTLAAAFWFDP,background_IGH_cdr3.csv
QEDEADIVVVPAAIRAGTSIS,background_IGH_cdr3.csv
ELKWLWLALHGL,background_IGH_cdr3.csv
ARGERRYFDRYGMDV,background_IGH_cdr3.csv
RADAFDI,background_IGH_cdr3.csv
ARQSSSWEHFDP,background_IGH_cdr3.csv
ARHLILGRSFRRRLSPVSDAFDI,background_IGH_cdr3.csv
ARDAPRDCPVVPAARGYYYYGMDV,background_IGH_cdr3.csv
ARWRSRGGFDY,background_IGH_cdr3.csv
ARAPAARSADY,background_IGH_cdr3.csv
AEIYGSAAVDY,background_IGH_cdr3.csv
ARCILLGYYYGMDV,background_IGH_cdr3.csv
TTDPYYDILTGYPYYYGMDV,background_IGH_cdr3.csv
ARGALTGSSYYYGIDY,background_IGH_cdr3.csv
AKEKQVVAAKDY,background_IGH_cdr3.csv
YYCARVRFCSSTSSSIAARYF,background_IGH_cdr3.csv
ARGYASSAYPGY,background_IGH_cdr3.csv
RAPRLTYYDMLTAQGGSTP,background_IGH_cdr3.csv
ARGGVVVTAAGYGD,background_IGH_cdr3.csv
ARAAFDI,background_IGH_cdr3.csv
ALGELYYGMDV,background_IGH_cdr3.csv
ARGSVVDAFDI,background_IGH_cdr3.csv
TAVYYRYYYYYGMDV,background_IGH_cdr3.csv
DD,background_IGH_cdr3.csv
ARETHTTKPHGSGSYGVFDY,background_IGH_cdr3.csv
LAETAVYYCARLVTDDY,background_IGH_cdr3.csv
LSTVARADY,background_IGH_cdr3.csv
ARGGSDGFDI,background_IGH_cdr3.csv
ARWGSGFDY,background_IGH_cdr3.csv
AVDYALGSAPNWFDP,background_IGH_cdr3.csv
AATAVYCATRDAFDI,background_IGH_cdr3.csv
ASGSWYDY,background_IGH_cdr3.csv
QSLLSTAATAVYYCARAGGTY,background_IGH_cdr3.csv
DCAYDSNW,background_IGH_cdr3.csv
ARASLGSSWYGGNYYFDY,background_IGH_cdr3.csv
ARDTAMVDY,background_IGH_cdr3.csv
ARDMGYCSSTSCSRCRFDP,background_IGH_cdr3.csv
EELLLR,background_IGH_cdr3.csv
GSHVGSYYVGL,background_IGH_cdr3.csv
ARGRKPMWFGDS,background_IGH_cdr3.csv
ARHHCGSTTCPGDY,background_IGH_cdr3.csv
ADTAYYTCAFI,background_IGH_cdr3.csv
LDTAVYCTTARRGSSDY,background_IGH_cdr3.csv
ARGKTTPQSRNWFDP,background_IGH_cdr3.csv
ARPYDFWGYYDP,background_IGH_cdr3.csv
ARVFGLDAFDI,background_IGH_cdr3.csv
RVTT,background_IGH_cdr3.csv
ARKRADSSDAFDI,background_IGH_cdr3.csv
VTAVYAGTVRPLLGY,background_IGH_cdr3.csv
YGIDD,background_IGH_cdr3.csv
DD,background_IGH_cdr3.csv
WTNFDY,background_IGH_cdr3.csv
ARGRGAYYYDSSDTTQNKNYYYYGMDV,background_IGH_cdr3.csv
ARGRGAYYYDSRDTTQNKNYDYYGMDV,background_IGH_cdr3.csv
ARGRGVWYRTGCYYYYGMDV,background_IGH_cdr3.csv
ELGLLRYGR,background_IGH_cdr3.csv
ARGHYDSSGHDAFDI,background_IGH_cdr3.csv
ARGSSSPFDY,background_IGH_cdr3.csv
AKESVYDYVWGSYRYDPFYLDY,background_IGH_cdr3.csv
ATRTGRITIFGPPSRARS,background_IGH_cdr3.csv
ARRGYYPFDY,background_IGH_cdr3.csv
ATGITGTRRWDDAFDI,background_IGH_cdr3.csv
AGTWRSTGATTSWFDP,background_IGH_cdr3.csv
EGSGGDYR,background_IGH_cdr3.csv
ARRAVVRSDDSYGIDV,background_IGH_cdr3.csv
ARGNYESGYAVFDY,background_IGH_cdr3.csv
AYCGSGYYYGMDV,background_IGH_cdr3.csv
AKDGETDYYDSTFDY,background_IGH_cdr3.csv
ADGFDY,background_IGH_cdr3.csv
AKCIFGVVTLDY,background_IGH_cdr3.csv
ARDSTSLYYYDSSGRAGLGGLDY,background_IGH_cdr3.csv
ARDRRRDDFWSGRYGMDV,background_IGH_cdr3.csv
ARGPRWSVVVPAAIVRGKYNWFDP,background_IGH_cdr3.csv
YDSSSGMDV,background_IGH_cdr3.csv
TAYYCATWSYLAGSWFDP,background_IGH_cdr3.csv
VYYCAVRAFDI,background_IGH_cdr3.csv
ASWSTPAYNILTSYYGRDGFDI,background_IGH_cdr3.csv
SFDY,background_IGH_cdr3.csv
DP,background_IGH_cdr3.csv
AGCNIVVVPAAIRPSGAFDP,background_IGH_cdr3.csv
ARDQKQWLVDTSPDGMDV,background_IGH_cdr3.csv
AGGD,background_IGH_cdr3.csv
RERETPALRATTTTIPVWTS,background_IGH_cdr3.csv
REAVHLQLTEQKTLTT,background_IGH_cdr3.csv
ARDVIRYQLLRSSSDY,background_IGH_cdr3.csv
AADTVYARNWGQGFARDD,background_IGH_cdr3.csv
ARDPDCSRTNCYRGDYGVDV,background_IGH_cdr3.csv
ARGSTASGYFDY,background_IGH_cdr3.csv
ARGDYDILTGYYAGGF,background_IGH_cdr3.csv
TRDEVSGLYPDY,background_IGH_cdr3.csv
AKDPQDIVVVPAAIDDY,background_IGH_cdr3.csv
ITVRERVVPDAFDP,background_IGH_cdr3.csv
GNYYYYGMDV,background_IGH_cdr3.csv
RVQWLS,background_IGH_cdr3.csv
ARIPLLLNIVVVPAAILDAFDI,background_IGH_cdr3.csv
ARGKKKTTTNTKFYAFDI,background_IGH_cdr3.csv
ARGYSGWL,background_IGH_cdr3.csv
ARDRGYSYGMD,background_IGH_cdr3.csv
ARARRRLPFSDY,background_IGH_cdr3.csv
ASGGGLRFLEWQHYYGMDV,background_IGH_cdr3.csv
SSVTAADTAVYYCASASLEPGISWFDP,background_IGH_cdr3.csv
TRSGPTFWYFDL,background_IGH_cdr3.csv
TYGRSGGSYWAS,background_IGH_cdr3.csv
ARDRCCRSTCCHAFDY,background_IGH_cdr3.csv
ARANYYYYGMDV,background_IGH_cdr3.csv
GIGVLRFLEWLLFPRRLLLRYGR,background_IGH_cdr3.csv
ASLIVVAHIHAFDI,background_IGH_cdr3.csv
AKVAWGPKSLIVVVPAATFDY,background_IGH_cdr3.csv
AKDRGPLIGAAVSYYYGMDV,background_IGH_cdr3.csv
YCAKDPYYYGMDV,background_IGH_cdr3.csv
AADTAVYYCARSD,background_IGH_cdr3.csv
ERESGGLLLRYGL,background_IGH_cdr3.csv
P,background_IGH_cdr3.csv
ARVQQQLAHWYFDL,background_IGH_cdr3.csv
ARGGSSCSRNYYYGMDV,background_IGH_cdr3.csv
AREYGGSDAFPAFDY,background_IGH_cdr3.csv
VDY,background_IGH_cdr3.csv
GCVLIEVYYYYGMDV,background_IGH_cdr3.csv
APRQRDGMDV,background_IGH_cdr3.csv
ARDPALSGGGESFDY,background_IGH_cdr3.csv
REVQVEGPILEPMVRGVTLTT,background_IGH_cdr3.csv
ARDQVDIVASGAFDI,background_IGH_cdr3.csv
YYDLMGY,background_IGH_cdr3.csv
ARAADVYD,background_IGH_cdr3.csv
ASTSKDEGLGVPYFDY,background_IGH_cdr3.csv
ALAPGWFDP,background_IGH_cdr3.csv
AAEDY,background_IGH_cdr3.csv
ADFRLSKRYFDWLVKPSIIWYFDL,background_IGH_cdr3.csv
RAATFVVVPAAIRMARATTTVWTS,background_IGH_cdr3.csv
RELLMLLIS,background_IGH_cdr3.csv
RDVWS,background_IGH_cdr3.csv
ERSGRSGYEGLGL,background_IGH_cdr3.csv
ATDSFMVRGVYFDY,background_IGH_cdr3.csv
ERPMVLVRP,background_IGH_cdr3.csv
ESRRAESIQLWLFNRGGLVRP,background_IGH_cdr3.csv
TSTGYGDYSGAHDAFDI,background_IGH_cdr3.csv
ARTLAYYFDY,background_IGH_cdr3.csv
AGEPARVGVVITTVLGMDV,background_IGH_cdr3.csv
AKSHGGGMVGMPRLLGYWGAAYYAKMVARLGDL,background_IGH_cdr3.csv
Y,background_IGH_cdr3.csv
VRGFDY,background_IGH_cdr3.csv
ARGIAWSDDNYFDY,background_IGH_cdr3.csv
GPP,background_IGH_cdr3.csv
GMD,background_IGH_cdr3.csv
GGIRRPVYTYYDDSSGYYSAYYYGMDV,background_IGH_cdr3.csv
AGVGNYYYGMDV,background_IGH_cdr3.csv
ARGFSWYYHLDY,background_IGH_cdr3.csv
ARGAAGTFDY,background_IGH_cdr3.csv
TAVCARMVADI,background_IGH_cdr3.csv
RDPRWFGELLTGTSIS,background_IGH_cdr3.csv
AGVAYYGSLIESHPYY,background_IGH_cdr3.csv
SYYYYGDD,background_IGH_cdr3.csv
AASSYSGSPLDY,background_IGH_cdr3.csv
ARGLGFSDYGDSRSPRWSPYFDL,background_IGH_cdr3.csv
REITVWTS,background_IGH_cdr3.csv
RLITRGVGGCD,background_IGH_cdr3.csv
ADDYYGMDV,background_IGH_cdr3.csv
IGCFDI,background_IGH_cdr3.csv
ANRGFDY,background_IGH_cdr3.csv
VYYCAARAF,background_IGH_cdr3.csv
AKYDY,background_IGH_cdr3.csv
RITRDDYYYGMDV,background_IGH_cdr3.csv
ARVGELDAFDI,background_IGH_cdr3.csv
REGVAAGTTGTTVWTT,background_IGH_cdr3.csv
RDVVVT,background_IGH_cdr3.csv
RCHLDMVRGVAMIRLTT,background_IGH_cdr3.csv
DYD,background_IGH_cdr3.csv
AREWGNFD,background_IGH_cdr3.csv
REITMIVVVTSTTTVWTS,background_IGH_cdr3.csv
AKSQPGRAFDI,background_IGH_cdr3.csv
DTAVYYAITSYGMDV,background_IGH_cdr3.csv
DY,background_IGH_cdr3.csv
ARVYDCSSRSYYSFDN,background_IGH_cdr3.csv
ESGYDFWSDKGLVRP,background_IGH_cdr3.csv
ETGVDTAMVPYGR,background_IGH_cdr3.csv
ARERDYDSRSDFGAY,background_IGH_cdr3.csv
ARDGGGSDYKDY,background_IGH_cdr3.csv
D,background_IGH_cdr3.csv
ARPIPGPGSGSHLGAFDI,background_IGH_cdr3.csv
TD,background_IGH_cdr3.csv
ERGSMCRGVISPPLLRYGR,background_IGH_cdr3.csv
RILQDSSSVLRYGR,background_IGH_cdr3.csv
ARDGWIQLWLTPKYYFDH,background_IGH_cdr3.csv
LG,background_IGH_cdr3.csv
Y,background_IGH_cdr3.csv
ARYEPEYSSSAVAGTPDY,background_IGH_cdr3.csv
ARDWLDDYSNYVTLDAFDI,background_IGH_cdr3.csv
RGGGVGGITAGTSIS,background_IGH_cdr3.csv
GLLEGYYGMDV,background_IGH_cdr3.csv
AREGGVATNSFDY,background_IGH_cdr3.csv
SRDWGASFLVVTSRPWDYGMDV,background_IGH_cdr3.csv
LAVYYCAGYD,background_IGH_cdr3.csv
GRVCGDGYGVALPA,background_IGH_cdr3.csv
EAAARLLVRP,background_IGH_cdr3.csv
ARGGQHFDY,background_IGH_cdr3.csv
ARGSTVTTLYGMDV,background_IGH_cdr3.csv
ARYDCGGDY,background_IGH_cdr3.csv
YARQVLDYGLD,background_IGH_cdr3.csv
GD,background_IGH_cdr3.csv
ARGIDLDGADHHIMTTHYDYGMDV,background_IGH_cdr3.csv
ARAAAGFGAVAVLFDY,background_IGH_cdr3.csv
ARDSSRGDYYGMDV,background_IGH_cdr3.csv
YQILKAEDAYAVPAEG,background_IGH_cdr3.csv
ARTTVCFDV,background_IGH_cdr3.csv
RDMGESVVVVAATPSGPSTTTTVWTS,background_IGH_cdr3.csv
SADTAYYCACSTSCYVISYYGMDV,background_IGH_cdr3.csv
ARGQGSGGWHGFDY,background_IGH_cdr3.csv
ARDNWDY,background_IGH_cdr3.csv
AVEGRGYDGYDLWAFDY,background_IGH_cdr3.csv
ARALAPITIFGVVITSYYYYGMDV,background_IGH_cdr3.csv
ARQGRPYYDFWSDTAYYFDY,background_IGH_cdr3.csv
ARGTSSRGCCFDY,background_IGH_cdr3.csv
AEDGTGYYGGFDY,background_IGH_cdr3.csv
ERHPPRYGR,background_IGH_cdr3.csv
ARDGYDILTGYYSDRTFDY,background_IGH_cdr3.csv
EERWPVLRS,background_IGH_cdr3.csv
ARVPDSSGYPNWFDP,background_IGH_cdr3.csv
DWSGHYYGMDV,background_IGH_cdr3.csv
D,background_IGH_cdr3.csv
ATGRAVDIVGATFDY,background_IGH_cdr3.csv
ARDTYYDSSDAFDI,background_IGH_cdr3.csv
STRG,background_IGH_cdr3.csv
ATTMVRGVMGGFDY,background_IGH_cdr3.csv
DY,background_IGH_cdr3.csv
ARGFDY,background_IGH_cdr3.csv
ARGIAVAGNWFDP,background_IGH_cdr3.csv
YFD,background_IGH_cdr3.csv
ARDWYQQQLLY,background_IGH_cdr3.csv
ARDLYSGFDY,background_IGH_cdr3.csv
ARSRPYCSSTSCSAGGWFDP,background_IGH_cdr3.csv
ARGRRGAGYNFSYYYYGMDV,background_IGH_cdr3.csv
ETSGWLRFG,background_IGH_cdr3.csv
ARDGDY,background_IGH_cdr3.csv
VGRGLLYELPTWKRGLRDRSTTTTVWTS,background_IGH_cdr3.csv
RETSSIAARRQPTRAT,background_IGH_cdr3.csv
ARYSSPFEH,background_IGH_cdr3.csv
RGRGVTGTSGAVAMMLLIS,background_IGH_cdr3.csv
REPHGVSTSCSAAPSTTTTVWTS,background_IGH_cdr3.csv
ARPMVGVSVDY,background_IGH_cdr3.csv
ANPGYGDYAY,background_IGH_cdr3.csv
ARHSSLRSPFIN,background_IGH_cdr3.csv
AKESVYDYVWGSYRYDPFYFDY,background_IGH_cdr3.csv
ARESVCGYSWGPYDFDY,background_IGH_cdr3.csv
AKPQQGDGLYSSSWYTMGGDAFDI,background_IGH_cdr3.csv
RALPSGDIVVVPAATPSTGTSIS,background_IGH_cdr3.csv
ERSLLVRL,background_IGH_cdr3.csv
ARYSSYECFDY,background_IGH_cdr3.csv
ARHSPYYYGSSVQNEYFQH,background_IGH_cdr3.csv
ARHRVRIVPPAPTEVDY,background_IGH_cdr3.csv
ARHVFFGYCSSTSCYHFDY,background_IGH_cdr3.csv
RELWSHAFDY,background_IGH_cdr3.csv
RITESRPAY,background_IGH_cdr3.csv
ARGRGSSSSGYYMDV,background_IGH_cdr3.csv
ASGRGGDY,background_IGH_cdr3.csv
ARAIPSDYYGSGRQPYYYYGMDV,background_IGH_cdr3.csv
AKESRLNDI,background_IGH_cdr3.csv
AGGVAGKRVANWFDP,background_IGH_cdr3.csv
IVRGGAGYYYYYGMDV,background_IGH_cdr3.csv
ARKVDRGLLDLDY,background_IGH_cdr3.csv
ARWSRFGGLDY,background_IGH_cdr3.csv
VRMPYNWDLNKYYGMDV,background_IGH_cdr3.csv
LLQMNRLRAEDTAVYDCARDAVVGATSRGMDV,background_IGH_cdr3.csv
ARGGIVVVPAADYYYYYGMDV,background_IGH_cdr3.csv
EFDY,background_IGH_cdr3.csv
REGAGWIRWLSRIT,background_IGH_cdr3.csv
EDPDYDFWSGYYTLVLRS,background_IGH_cdr3.csv
TIVTNQFSKLTAADTAVYYCARVVPAAKRD,background_IGH_cdr3.csv
ADSSGNYFDY,background_IGH_cdr3.csv
ARRGLRSPFDY,background_IGH_cdr3.csv
ARGPRWLQLRDFDY,background_IGH_cdr3.csv
ASGISRGVMREGSDY,background_IGH_cdr3.csv
DTAVYYARSSSVQNEYFQH,background_IGH_cdr3.csv
TRSGPTFWYFDL,background_IGH_cdr3.csv
ARDTPGGVDY,background_IGH_cdr3.csv
RTSVDTSKNQSKLSVTAATVYYCARCPDGWR,background_IGH_cdr3.csv
TAVYYCARGYYYYGMDV,background_IGH_cdr3.csv
ASLYYDFWSPYYYGMDV,background_IGH_cdr3.csv
AREGGYCSSTSCPKNDAFDI,background_IGH_cdr3.csv
ARQVAPTINYYYGMDV,background_IGH_cdr3.csv
GGCLCEVKLLLGPALT,background_IGH_cdr3.csv
RGVLDY,background_IGH_cdr3.csv
RLPLG,background_IGH_cdr3.csv
ARGTVDFDS,background_IGH_cdr3.csv
ATAAGQF,background_IGH_cdr3.csv
AKDPYGGGYGYFDY,background_IGH_cdr3.csv
ASDYGDTYFDY,background_IGH_cdr3.csv
ARSSCYTWFD,background_IGH_cdr3.csv
VKALYSSWSIDY,background_IGH_cdr3.csv
ERHGGCSGYQLLLVCGL,background_IGH_cdr3.csv
ARDTNSGCYGDY,background_IGH_cdr3.csv
ARLFWSGYPRPFWGYYYGMDV,background_IGH_cdr3.csv
EEGMVVVLLLLRYGL,background_IGH_cdr3.csv
EFSPGAVAGK,background_IGH_cdr3.csv
ARPSGWGFDY,background_IGH_cdr3.csv
ARAGPYDTAMGLYFDY,background_IGH_cdr3.csv
REKRSGALLLTT,background_IGH_cdr3.csv
SVAADTAVYCARGYGD,background_IGH_cdr3.csv
ARTGYCSGGSCYLNYFDH,background_IGH_cdr3.csv
ARRIVVVPDAFDI,background_IGH_cdr3.csv
ARLDRGWLQFD,background_IGH_cdr3.csv
ARDAGVEIVATTPEPFDY,background_IGH_cdr3.csv
ARGYDFWSGFDY,background_IGH_cdr3.csv
ARLGLTYCSSTSCLNWYFDR,background_IGH_cdr3.csv
ADTAVYCARDSSGPFD,background_IGH_cdr3.csv
ATIREELLIGMDV,background_IGH_cdr3.csv
ARVDSSSSWSVYYYGMDV,background_IGH_cdr3.csv
RDTHLTYYDFWTPLSGSIS,background_IGH_cdr3.csv
AVMDV,background_IGH_cdr3.csv
Y,background_IGH_cdr3.csv
AVEGRMVVVGPYGMDV,background_IGH_cdr3.csv
FDP,background_IGH_cdr3.csv
FDP,background_IGH_cdr3.csv
ARRGAAAGPYYGMDV,background_IGH_cdr3.csv
ERSAPRLSPILLLRYGR,background_IGH_cdr3.csv
ARFGAATGWYFDL,background_IGH_cdr3.csv
ASAGTHF,background_IGH_cdr3.csv
ARMVSDGYNFYYYYGMDV,background_IGH_cdr3.csv
AIRLGGSSLIY,background_IGH_cdr3.csv
ARPPGYSGAGTSGIDY,background_IGH_cdr3.csv
PNGGDP,background_IGH_cdr3.csv
ATAAAYATGFDY,background_IGH_cdr3.csv
ARGRDAFDI,background_IGH_cdr3.csv
LEVRVGVAFD,background_IGH_cdr3.csv
TATAVYYCARPRSSDDGMDV,background_IGH_cdr3.csv
YIDY,background_IGH_cdr3.csv
ARVCSSSCLGDTDNIFDY,background_IGH_cdr3.csv
ERSGWYVL,background_IGH_cdr3.csv
AKDPASSYYSSGFDY,background_IGH_cdr3.csv
ASVQV,background_IGH_cdr3.csv
DV,background_IGH_cdr3.csv
H,background_IGH_cdr3.csv
NWDP,background_IGH_cdr3.csv
TRAAKSGNPPS,background_IGH_cdr3.csv
AKGGNEWELRDYFDY,background_IGH_cdr3.csv
ARGVTDIAAQNADAFDI,background_IGH_cdr3.csv
AKDYSYYGMEWDV,background_IGH_cdr3.csv
RENFPPVAYYGSGNTTVWTS,background_IGH_cdr3.csv
ARSSRRLSISPHYSYGMDV,background_IGH_cdr3.csv
REEAVTTLTT,background_IGH_cdr3.csv
ERQKRATIFGVALLRYGR,background_IGH_cdr3.csv
GAWIQLWLPRVRP,background_IGH_cdr3.csv
ENLLPPPRTAIRYGR,background_IGH_cdr3.csv
ARVVGVVVVEGDLGY,background_IGH_cdr3.csv
ARVVGSLESVVVVAEGDLDY,background_IGH_cdr3.csv
RGSRRVEDTAVDYGARDEPTSGSYYSYYYGMDV,background_IGH_cdr3.csv
ARDYGSSYFDY,background_IGH_cdr3.csv
ARDQVDTSSYGAFDY,background_IGH_cdr3.csv
GMDV,background_IGH_cdr3.csv
EGRTSCFL,background_IGH_cdr3.csv
RGGCVLLCGFDP,background_IGH_cdr3.csv
ARGYSYGMDV,background_IGH_cdr3.csv
TAVYYCARGSRYF,background_IGH_cdr3.csv
VDTSKKQFSLKVSSVTVTTNDS,background_IGH_cdr3.csv
DV,background_IGH_cdr3.csv
ARPPGIVVVPAATGWFDP,background_IGH_cdr3.csv
ESRILPGL,background_IGH_cdr3.csv
MAGSGYDY,background_IGH_cdr3.csv
YYYGMDV,background_IGH_cdr3.csv
ARRGNYYFDY,background_IGH_cdr3.csv
ARLKRQGSSGWHLFDY,background_IGH_cdr3.csv
ARLLVPAAIRIYYYYGMDV,background_IGH_cdr3.csv
AVDTKTSWTNYYGMDV,background_IGH_cdr3.csv
RRTRGVLLIS,background_IGH_cdr3.csv
ARLGYSSGWDDAFDI,background_IGH_cdr3.csv
ARDLGYTQWLVDYYYGMDV,background_IGH_cdr3.csv
AKETDDSWLIDY,background_IGH_cdr3.csv
ERRQDLLRFLEWFEILPV,background_IGH_cdr3.csv
REIGGERYYEFWSGYYIRTT,background_IGH_cdr3.csv
MRSDDTAYAGGY,background_IGH_cdr3.csv
ARLDLTSYDAFDI,background_IGH_cdr3.csv
ARHWARLEWINWFDP,background_IGH_cdr3.csv
ERPWDSGLLLRYGR,background_IGH_cdr3.csv
KVVKVTAATAVYYCARNVDTAMINFDY,background_IGH_cdr3.csv
ARGINDADI,background_IGH_cdr3.csv
ARECCYYSSTAGYFDH,background_IGH_cdr3.csv
RGRLERARITFGVVRD,background_IGH_cdr3.csv
ARAHCSSTSCYPNYYYYGMDV,background_IGH_cdr3.csv
EVRWLVRELLVRL,background_IGH_cdr3.csv
AVVVRERVQLDY,background_IGH_cdr3.csv
VREGALRGA,background_IGH_cdr3.csv
SVDTKNQSLLSSVTAADTAVYYCAQGEDY,background_IGH_cdr3.csv
DY,background_IGH_cdr3.csv
AREWVVVVAADYCYYGMDV,background_IGH_cdr3.csv
ARGVDQLPYTQDYYYGMDV,background_IGH_cdr3.csv
ERPWSGILLELRYGR,background_IGH_cdr3.csv
DL,background_IGH_cdr3.csv
RATITIFGVVIIFTTTTTVWTS,background_IGH_cdr3.csv
TYLLRG,background_IGH_cdr3.csv
GTWRL,background_IGH_cdr3.csv
HGVITSGTLMLLIS,background_IGH_cdr3.csv
ARDGVGGWYVDY,background_IGH_cdr3.csv
ETSTHPLLLLLRYGR,background_IGH_cdr3.csv
ERGSGGLLLLRYGR,background_IGH_cdr3.csv
ARDRPLDY,background_IGH_cdr3.csv
ARSDD,background_IGH_cdr3.csv
REDFRATTVATTTTMLWTS,background_IGH_cdr3.csv
ARGVSSICWFDY,background_IGH_cdr3.csv
D,background_IGH_cdr3.csv
AGAQLLSGPYYFDY,background_IGH_cdr3.csv
ERPRGKWLWFGDPRVRSGLVRP,background_IGH_cdr3.csv
EQVLRYGR,background_IGH_cdr3.csv
MDV,background_IGH_cdr3.csv
ARDRDSYYYYYGMDV,background_IGH_cdr3.csv
ARAAVKSGDHGRNYYGMDV,background_IGH_cdr3.csv
ATVPNYYDSSGYHWWRAGWYFDL,background_IGH_cdr3.csv
RDGLGTLLRYGR,background_IGH_cdr3.csv
AHYGGSYNFY,background_IGH_cdr3.csv
REWRITMFGVVIISTTTVWTS,background_IGH_cdr3.csv
AY,background_IGH_cdr3.csv
SVTATACARGTMVRRLF,background_IGH_cdr3.csv
ERQQLVRL,background_IGH_cdr3.csv
ARGAGSSSSGTSSDFDY,background_IGH_cdr3.csv
RRGAGTTFMLLIS,background_IGH_cdr3.csv
ARDRRRDDVWSGRYGMDV,background_IGH_cdr3.csv
ARDPTGGPFYDSSGYYDY,background_IGH_cdr3.csv
ATSLGGVTIVGVVGKNYYYSMDV,background_IGH_cdr3.csv
ATYYAGS,background_IGH_cdr3.csv
GHSSSGEGQLLRYGR,background_IGH_cdr3.csv
ARDQDSSSTSCYTEGFDY,background_IGH_cdr3.csv
AKDGGATGFD,background_IGH_cdr3.csv
EGVVGL,background_IGH_cdr3.csv
ARWN,background_IGH_cdr3.csv
ARVGAYDFDY,background_IGH_cdr3.csv
ASIVVVPDDGMDV,background_IGH_cdr3.csv
AAVYYCAGYVSDADI,background_IGH_cdr3.csv
AKDPLSRGSGSYTHFDD,background_IGH_cdr3.csv
ARDWSPYYGMDV,background_IGH_cdr3.csv
ETKEYTIFGVVIIGKLVRP,background_IGH_cdr3.csv
AGGKAAAGTDY,background_IGH_cdr3.csv
ARVSPASSGWRYYFDY,background_IGH_cdr3.csv
WRGDNHSYWTNGVCYPYYFDF,background_IGH_cdr3.csv
ARSSWYYYYGMDV,background_IGH_cdr3.csv
ARADCGGDCDIDF,background_IGH_cdr3.csv
PFDP,background_IGH_cdr3.csv
REATTT,background_IGH_cdr3.csv
ARIVVVAAAGDWDP,background_IGH_cdr3.csv
ASHHPFGVVTERGFDY,background_IGH_cdr3.csv
AGEYYFDY,background_IGH_cdr3.csv
AYYCAVSGATDY,background_IGH_cdr3.csv
ARVVGQREFWSGYLFDYYYGMDV,background_IGH_cdr3.csv
ATLWLVGGSDS,background_IGH_cdr3.csv
ASIGDCSSTSCYWFDI,background_IGH_cdr3.csv
ASLIGDCSSTSCALWAFDI,background_IGH_cdr3.csv
ARFRQNGAFDI,background_IGH_cdr3.csv
GRHSQYELSKSVTTVVRRGGFDY,background_IGH_cdr3.csv
ARGGHGDYDWFDP,background_IGH_cdr3.csv
ARTCGGDCYPYNWFDP,background_IGH_cdr3.csv
RDAISLGNDLTHIGVVPAARNGGGLTT,background_IGH_cdr3.csv
ARSWCSYCDY,background_IGH_cdr3.csv
ARLFL,background_IGH_cdr3.csv
ARDAFDI,background_IGH_cdr3.csv
ARDCD,background_IGH_cdr3.csv
KLSSVTAADTAVYYGARVIRYYVSY,background_IGH_cdr3.csv
TRLGTHQGASRDY,background_IGH_cdr3.csv
TTGVGADAFDI,background_IGH_cdr3.csv
TRLGTHQGAISRDY,background_IGH_cdr3.csv
YCARVYYYYGMDV,background_IGH_cdr3.csv
ARLEQYRSGCHRLFDY,background_IGH_cdr3.csv
ARLFGELSTGAFDI,background_IGH_cdr3.csv
RQVATT,background_IGH_cdr3.csv
FD,background_IGH_cdr3.csv
Y,background_IGH_cdr3.csv
ARDWGASFLVVTSRPWDYGMDV,background_IGH_cdr3.csv
RATVTATGPAYRGLRGLGSDETAVDYCAREDSLEYYFDY,background_IGH_cdr3.csv
ATGPQQWELSPPIVH,background_IGH_cdr3.csv
I,background_IGH_cdr3.csv
DFAGGLYDCWSGGEKLLLRYGR,background_IGH_cdr3.csv
AKDHNDFWSGYRQGYYGMDV,background_IGH_cdr3.csv
AGFRRPVYTYYYDSSGYYSAYYYGMDV,background_IGH_cdr3.csv
ARGRSYYYGMDV,background_IGH_cdr3.csv
YGDV,background_IGH_cdr3.csv
YLMEDTAVYYCREYSSSY,background_IGH_cdr3.csv
ARDNPVGATGGYYFDY,background_IGH_cdr3.csv
ARGVHTAIDDAVDI,background_IGH_cdr3.csv
REITPLRFLECHTTTTVWTS,background_IGH_cdr3.csv
RLRYGR,background_IGH_cdr3.csv
RVLTTVWTS,background_IGH_cdr3.csv
ARAPTRYYFDY,background_IGH_cdr3.csv
AREPRYWLGNYYGMDV,background_IGH_cdr3.csv
ARVGQGYSYGNYFDY,background_IGH_cdr3.csv
ARTHPYGDYPTP,background_IGH_cdr3.csv
ARHGRGRGLDFWRGYFQEDKYYFDY,background_IGH_cdr3.csv
ARSYGSGKQGWFDP,background_IGH_cdr3.csv
ARGVRGTGAYNWCIDL,background_IGH_cdr3.csv
AKRIAGPGHFDY,background_IGH_cdr3.csv
ARGPGMTTVTDTWAYYYGMDV,background_IGH_cdr3.csv
ARGIAAATDY,background_IGH_cdr3.csv
ARGSRLLYGWFDP,background_IGH_cdr3.csv
ARTKIAARRYFDY,background_IGH_cdr3.csv
YYARVGGRFYGMDV,background_IGH_cdr3.csv
V,background_IGH_cdr3.csv
AVYARGSMDY,background_IGH_cdr3.csv
GAPRLLRYGR,background_IGH_cdr3.csv
AREPEATGRCQYYYYGLDF,background_IGH_cdr3.csv
REGKQQLTT,background_IGH_cdr3.csv
ARGWRWLQF,background_IGH_cdr3.csv
EWD,background_IGH_cdr3.csv
RETIARAHILTT,background_IGH_cdr3.csv
ARTYCRGGSCYSGDAFDI,background_IGH_cdr3.csv
LPDRGGESY,background_IGH_cdr3.csv
REGAAAGFTALTT,background_IGH_cdr3.csv
ARVSLRYCSSTSCNGWFDP,background_IGH_cdr3.csv
AREHRADVCYTSAGWFDP,background_IGH_cdr3.csv
QL,background_IGH_cdr3.csv
ARGDYGSGGCDY,background_IGH_cdr3.csv
ARGKVAATPSLSSLLRGYGMDV,background_IGH_cdr3.csv
GNLRRLYCSSTSCQGVLVRP,background_IGH_cdr3.csv
RTVAARPTTTTVWTS,background_IGH_cdr3.csv
ARGGGDCDNYWFDY,background_IGH_cdr3.csv
LWPPDY,background_IGH_cdr3.csv
Y,background_IGH_cdr3.csv
RRRVVLRFEQLGSTT,background_IGH_cdr3.csv
ARADHCSSTSCYFY,background_IGH_cdr3.csv
AWELGNAFDY,background_IGH_cdr3.csv
AREYSGYYIDY,background_IGH_cdr3.csv
ARQGAAADPVVYYYYGMDV,background_IGH_cdr3.csv
AKDRGAYDSSGYYPASFDP,background_IGH_cdr3.csv
ARHPPVTTEYYFDY,background_IGH_cdr3.csv
ARDPVGAGDYGDY,background_IGH_cdr3.csv
ATRLCGGDCPHPVPRAFDI,background_IGH_cdr3.csv
RLCTRSFDY,background_IGH_cdr3.csv
WGRTNYNPASRGRVRLSEATSSNWVSLKRGSVAAADTAVYYCARVRKTNGWYFDL,background_IGH_cdr3.csv
ARAVRVVAVIGMDY,background_IGH_cdr3.csv
NNPSRVTISVDTSKQFSLKLSSVTATAVYYCASYSGFD,background_IGH_cdr3.csv
PSVTSKSLKLSVTAADTAVYYCATGAGLDY,background_IGH_cdr3.csv
ARGPVGVTVDY,background_IGH_cdr3.csv
ARRRRSGDVRWIDP,background_IGH_cdr3.csv
EKTSCLLL,background_IGH_cdr3.csv
RGLVVADHTPTTTVWTS,background_IGH_cdr3.csv
NRFFGGDLLLLLLRYGR,background_IGH_cdr3.csv
GD,background_IGH_cdr3.csv
TYYCARGIVVAYNWFDP,background_IGH_cdr3.csv
TREQPSVSDGEYVGGMDV,background_IGH_cdr3.csv
KTTL,background_IGH_cdr3.csv
ARGSRFISRGVIPSSDL,background_IGH_cdr3.csv
YNLDS,background_IGH_cdr3.csv
ATNIRAAAMWNWFDP,background_IGH_cdr3.csv
ARGYYWNGMDD,background_IGH_cdr3.csv
ARREDGSGSFPDYYYYGMDV,background_IGH_cdr3.csv
ARGIVGAFDAFDI,background_IGH_cdr3.csv
TSTGYGDYSGAHDAFDI,background_IGH_cdr3.csv
ARAPVFCSSTSCYKGYDY,background_IGH_cdr3.csv
AGYCRSTSCYPRSLADGGTDYYYGMDV,background_IGH_cdr3.csv
ERYGR,background_IGH_cdr3.csv
TCVRGRYFDY,background_IGH_cdr3.csv
RELPRLVSGGHIAVAGPMLLIS,background_IGH_cdr3.csv
AKDMGEGDYYYYGMDY,background_IGH_cdr3.csv
TTEIVAAEDY,background_IGH_cdr3.csv
AGLVAHAFDI,background_IGH_cdr3.csv
ARLRVRLQYPSYYYYGMDV,background_IGH_cdr3.csv
AHRDVVGVATGFDY,background_IGH_cdr3.csv
DV,background_IGH_cdr3.csv
TAVYYCARGGATKDI,background_IGH_cdr3.csv
ARDPGKVKNWYFDL,background_IGH_cdr3.csv
ARGMLRNCSSTSCYPPYGMDV,background_IGH_cdr3.csv
GTDV,background_IGH_cdr3.csv
LDY,background_IGH_cdr3.csv
GRIRSGR,background_IGH_cdr3.csv
CGVVP,background_IGH_cdr3.csv
KRFAWRLLLRYGR,background_IGH_cdr3.csv
WL,background_IGH_cdr3.csv
AVPGIAVAGDDY,background_IGH_cdr3.csv
ARVYYDFWSGYSPGDYYYGMDV,background_IGH_cdr3.csv
ARGYTYFDY,background_IGH_cdr3.csv
ARDY,background_IGH_cdr3.csv
YFDY,background_IGH_cdr3.csv
ARGTSGGFD,background_IGH_cdr3.csv
ARQSIQLLTLDPRAPSYYYYGMDV,background_IGH_cdr3.csv
VLCNVVAYYYGMDV,background_IGH_cdr3.csv
HRSLHPLLWFGPLRYGR,background_IGH_cdr3.csv
ARGSGANGD,background_IGH_cdr3.csv
ARADYYDSSGYYQNSHFDY,background_IGH_cdr3.csv
AAIAARVWNFDP,background_IGH_cdr3.csv
ARPNFGVVNGVYGMDV,background_IGH_cdr3.csv
R,background_IGH_cdr3.csv
ESCRGLRPGVVRP,background_IGH_cdr3.csv
ADARGHWDY,background_IGH_cdr3.csv
ARRCSSTSCKDAFDI,background_IGH_cdr3.csv
ARRGGPRLAFDP,background_IGH_cdr3.csv
RDIRVFEWLAHTLATTTVWTS,background_IGH_cdr3.csv
ARTGRVGRGGSDY,background_IGH_cdr3.csv
GGRSCSSTSGTNADLLLLRYGR,background_IGH_cdr3.csv
ARVTAAGNNMEVDP,background_IGH_cdr3.csv
ARDY,background_IGH_cdr3.csv
ARGPRTTIFGVVSYYFDY,background_IGH_cdr3.csv
AREDSLEYYFDY,background_IGH_cdr3.csv
Y,background_IGH_cdr3.csv
ARAQQLLYAGIDRQVSGPNFDY,background_IGH_cdr3.csv
QMNSYLT,background_IGH_cdr3.csv
ARGDSSGNMGTAFDP,background_IGH_cdr3.csv
REAVAETTTVLTS,background_IGH_cdr3.csv
DV,background_IGH_cdr3.csv
CVVAHYYYYGMDV,background_IGH_cdr3.csv
ARHSDVSSDY,background_IGH_cdr3.csv
ARGGAGYAID,background_IGH_cdr3.csv
TLGGASSWWVRP,background_IGH_cdr3.csv
GLGTTVWTS,background_IGH_cdr3.csv
RGTVLTT,background_IGH_cdr3.csv
ARDQWLEWFHYYYYGMDV,background_IGH_cdr3.csv
EGGL,background_IGH_cdr3.csv
RGKPTAMVPAWTT,background_IGH_cdr3.csv
ALGAAAPGMD,background_IGH_cdr3.csv
QQILPRTAAGQRPGLLLIS,background_IGH_cdr3.csv
D,background_IGH_cdr3.csv
DY,background_IGH_cdr3.csv
ARGGADWYYYGMDV,background_IGH_cdr3.csv
RCTVRDDAFI,background_IGH_cdr3.csv
AKSGPRPSYYYYGMDV,background_IGH_cdr3.csv
ARDGLNYYYYGMDY,background_IGH_cdr3.csv
ARDWGIVVVPAATDYYYYYGMDV,background_IGH_cdr3.csv
ERLGLYEGVLRYGR,background_IGH_cdr3.csv
REKGAMVTT,background_IGH_cdr3.csv
ARSHDPSGSYSPPYFDY,background_IGH_cdr3.csv
RGDYYYYGMDV,background_IGH_cdr3.csv
LTVYARD,background_IGH_cdr3.csv
YACSSTSCPFSD,background_IGH_cdr3.csv
VHWRRCPTWYFAR,background_IGH_cdr3.csv
EGGL,background_IGH_cdr3.csv
ARKGPTPYCSSTSCYGPWDY,background_IGH_cdr3.csv
ASSPDY,background_IGH_cdr3.csv
ARVPAPAVFDY,background_IGH_cdr3.csv
D,background_IGH_cdr3.csv
CVLLCERRRVVTVAFDI,background_IGH_cdr3.csv
AADDLSVGY,background_IGH_cdr3.csv
ARAGSRCYYAFDI,background_IGH_cdr3.csv
ASSDKGARNY,background_IGH_cdr3.csv
ARHISSSVWFDP,background_IGH_cdr3.csv
AREQGLGPYYYYGMDV,background_IGH_cdr3.csv
ATVGTSGSYLFDY,background_IGH_cdr3.csv
ARRQGVYLGVVIPIIRSYGMDV,background_IGH_cdr3.csv
EARLNCRAGL,background_IGH_cdr3.csv
EILRPGHSGSYTPPQGVLRS,background_IGH_cdr3.csv
ARDLKGYLYYFDY,background_IGH_cdr3.csv
ERSSGYSYGFILLLRYGR,background_IGH_cdr3.csv
RELLLTT,background_IGH_cdr3.csv
ARLGDQLLDP,background_IGH_cdr3.csv
ARGHVVIPNDAFDI,background_IGH_cdr3.csv
ARVMPASRGVNWFDP,background_IGH_cdr3.csv
AGSRGSGSYYNWNYYYYGMDV,background_IGH_cdr3.csv
AGVIYYD,background_IGH_cdr3.csv
ARDLVYGSGRRGIDY,background_IGH_cdr3.csv
ARETTPFDY,background_IGH_cdr3.csv
EGGGQQLEPQLVRP,background_IGH_cdr3.csv
GSQLKYKELCYGR,background_IGH_cdr3.csv
ASLDTAMVTNSYY,background_IGH_cdr3.csv
ARLYYYGMDV,background_IGH_cdr3.csv
ARETDCSSTSCPPSFDP,background_IGH_cdr3.csv
ARDGDYSSSWYVVDY,background_IGH_cdr3.csv
ARGRMADY,background_IGH_cdr3.csv
EQYSSGYVLVRP,background_IGH_cdr3.csv
GYCGGDCLHGKIDY,background_IGH_cdr3.csv
YFD,background_IGH_cdr3.csv
ARDGEYGGYYYGMDY,background_IGH_cdr3.csv
ERGRRRLPLRYGR,background_IGH_cdr3.csv
ARWWGGAVAGTYYDY,background_IGH_cdr3.csv
ARWWGGAVAGTYYFDY,background_IGH_cdr3.csv
ARGGYGCYYGMDV,background_IGH_cdr3.csv
AGDRWGAVRGPTF,background_IGH_cdr3.csv
ARVGYYDSSGYF,background_IGH_cdr3.csv
KGRFTIRNAKNSLYLQMNSLRAEDTAVYYCARGYSGYFDY,background_IGH_cdr3.csv
AVPRFLEWLPYYYYGMDV,background_IGH_cdr3.csv
YYYYGMDV,background_IGH_cdr3.csv
ARESIEVVPAAIAFDP,background_IGH_cdr3.csv
D,background_IGH_cdr3.csv
AKVLGGDSSGFYHSPFDH,background_IGH_cdr3.csv
ARATLPSNWAQGN,background_IGH_cdr3.csv
YALIVVPAISGDDLEEPPDI,background_IGH_cdr3.csv
ARGDDGYFDY,background_IGH_cdr3.csv
ARDQPGPLSPPAAADY,background_IGH_cdr3.csv
ASRSYYYGMDV,background_IGH_cdr3.csv
ARGRTPLTAGSDYFDY,background_IGH_cdr3.csv
RRQLVRAVWTS,background_IGH_cdr3.csv
ARIVEMAAW,background_IGH_cdr3.csv
ARAPVAGTNTFDY,background_IGH_cdr3.csv
EGKWLWFGVSLVRP,background_IGH_cdr3.csv
ARTGAFDI,background_IGH_cdr3.csv
DSSWTELLRYGR,background_IGH_cdr3.csv
AKDIRMGVGSSWYIAAFDI,background_IGH_cdr3.csv
ERRRYSSCRWAELVRP,background_IGH_cdr3.csv
ASGGD,background_IGH_cdr3.csv
ARWISSSGGGVDF,background_IGH_cdr3.csv
ARVAAQFDY,background_IGH_cdr3.csv
ATSYYDSSGYFGY,background_IGH_cdr3.csv
VLCESGGSCAFDI,background_IGH_cdr3.csv
AREQNSGKGYYDSSGYSPFDY,background_IGH_cdr3.csv
AREPQNSGKGYYDSSGHSPFDY,background_IGH_cdr3.csv
GLD,background_IGH_cdr3.csv
TAVARGAKAGAFDI,background_IGH_cdr3.csv
RRLITVREAVVTMVAAFDY,background_IGH_cdr3.csv
ARHGGECSGGSCYPFRPLYYYYGMDV,background_IGH_cdr3.csv
TYARVEKIAATKAFDI,background_IGH_cdr3.csv
ASRKIAAAGTPPYYYYGMDV,background_IGH_cdr3.csv
ARVNPGFRFLEWSHEGMDV,background_IGH_cdr3.csv
TTAPTKAPDVFPIISGCRHPKDNSPVVLACLITGYHPTSVTVTWY,background_IGH_cdr3.csv
GRRGRDCWSLLRLLLRYGR,background_IGH_cdr3.csv
AKDSLVGVVIGPMDV,background_IGH_cdr3.csv
EMGPYSSSWYNPAF,background_IGH_cdr3.csv
YYCARILLGYYGMDV,background_IGH_cdr3.csv
ARLKRYYYYGMDV,background_IGH_cdr3.csv
EDCYGPLLRYGR,background_IGH_cdr3.csv
AYSYYDHGGYYYYGMDV,background_IGH_cdr3.csv
ARGSEHSSYYFDY,background_IGH_cdr3.csv
ARGRCAYYYESSDTTQNKNYYYYGMDV,background_IGH_cdr3.csv
ARGKPPIGTAFRDSSGFFDY,background_IGH_cdr3.csv
ARVGSYEFWSAFDF,background_IGH_cdr3.csv
ARHVGIAARLTHFDY,background_IGH_cdr3.csv
ARGPPSVAGTSNNFDP,background_IGH_cdr3.csv
REINGVGATSVGAQAKGTTLTT,background_IGH_cdr3.csv
AKVVVGAAGGFD,background_IGH_cdr3.csv
AGSSGLED,background_IGH_cdr3.csv
YSYGYPPPHGYYYYYYGMDV,background_IGH_cdr3.csv
ATGTYYYYGMDV,background_IGH_cdr3.csv
ARGASYSSSWGDCFDY,background_IGH_cdr3.csv
ARRIQLWLNGGRYYYYGRDV,background_IGH_cdr3.csv
ARDSEVWFGELLWYGMDV,background_IGH_cdr3.csv
ARGPALVGATDY,background_IGH_cdr3.csv
EATGEGGILLLRYGR,background_IGH_cdr3.csv
ARGRGYGSRYYFDY,background_IGH_cdr3.csv
ERPTVWSGYREGPRPPPVRP,background_IGH_cdr3.csv
AHGYQWGYCSGGSCYPDWFDP,background_IGH_cdr3.csv
LNDTAYCARDYD,background_IGH_cdr3.csv
TSMLCGIAAAGIYGMDV,background_IGH_cdr3.csv
ARDLRLWYPKYGMDV,background_IGH_cdr3.csv
ARSGVVPGYNDY,background_IGH_cdr3.csv
GFDV,background_IGH_cdr3.csv
ASLGVLTGYDAFDI,background_IGH_cdr3.csv
ARTHSGSYYFPYYYYGMDV,background_IGH_cdr3.csv
ARGRGSSKGAWYFDL,background_IGH_cdr3.csv
LGSLSDTAYYCARLGDAFDY,background_IGH_cdr3.csv
ARASRAHERRMNRYWFDP,background_IGH_cdr3.csv
ARGGGLRLEWQHYYGMDV,background_IGH_cdr3.csv
RLSDDTAVYYCARERSFDAFDI,background_IGH_cdr3.csv
ARPRVTPGGVDY,background_IGH_cdr3.csv
ARGGEGRAGMDV,background_IGH_cdr3.csv
ARRGTVVTLAFDI,background_IGH_cdr3.csv
ARDTLGYYSGTGCYFDY,background_IGH_cdr3.csv
AKAARPDITLIVVTPFDY,background_IGH_cdr3.csv
ARDQITYDFWSGYPPDY,background_IGH_cdr3.csv
EFYLLLLRYGR,background_IGH_cdr3.csv
TYYAGLSGFDY,background_IGH_cdr3.csv
GRVLCETCLV,background_IGH_cdr3.csv
ARQIGSGGN,background_IGH_cdr3.csv
ARASGTDY,background_IGH_cdr3.csv
ASAIGWQLYYFDY,background_IGH_cdr3.csv
ARDLAAASDAFDI,background_IGH_cdr3.csv
AKDIGREYCSGGSCYSEMAGAFDI,background_IGH_cdr3.csv
LDY,background_IGH_cdr3.csv
ATAVYYCARRYYYGMDV,background_IGH_cdr3.csv
AREFYGGSCFDY,background_IGH_cdr3.csv
EGSGRSGYEGLGL,background_IGH_cdr3.csv
ARLDRGWLQFD,background_IGH_cdr3.csv
AKLLSFYYGMDV,background_IGH_cdr3.csv
SYLLA,background_IGH_cdr3.csv
PDV,background_IGH_cdr3.csv
ETFDY,background_IGH_cdr3.csv
RAALPGAESDTAMFRSPVTTTTTVWTS,background_IGH_cdr3.csv
ADLLLDY,background_IGH_cdr3.csv
VGNVMYSSSWSETQVGAFDI,background_IGH_cdr3.csv
AEGDPRTTSYYYYYSGMDV,background_IGH_cdr3.csv
ARAAYDYVWGSYRHEYFDH,background_IGH_cdr3.csv
EKWGCPSTRCAKKEGVLLLRYGR,background_IGH_cdr3.csv
ARSTVTTYASRENQPGYFDL,background_IGH_cdr3.csv
REENRQSARLSEIVVVSLTT,background_IGH_cdr3.csv
DY,background_IGH_cdr3.csv
TTARRRGSSDY,background_IGH_cdr3.csv
ARHGTSTIFGVVTPYFDY,background_IGH_cdr3.csv
AGCNIGVVPAAIRPSGAFDP,background_IGH_cdr3.csv
REEANWGSAT,background_IGH_cdr3.csv
F,background_IGH_cdr3.csv
DTAVYCARAAYD,background_IGH_cdr3.csv
ARGGLGATRLDY,background_IGH_cdr3.csv
ARRYSEYSSSSDHGRDYYYGMDV,background_IGH_cdr3.csv
ACARLGYAG,background_IGH_cdr3.csv
ARVVVVPAASYAFDI,background_IGH_cdr3.csv
AEGGVQQPGDY,background_IGH_cdr3.csv
AKERVVWAD,background_IGH_cdr3.csv
ARRGSGYDP,background_IGH_cdr3.csv
EIPRPGHSGSYTPPQGVLRS,background_IGH_cdr3.csv
V,background_IGH_cdr3.csv
REGAMIVVVIPNTTTTVWTS,background_IGH_cdr3.csv
ARGLVVVVATLMRRTDAFDI,background_IGH_cdr3.csv
ERSGCTLRYGR,background_IGH_cdr3.csv
TSEVVVVPAAIPWFDP,background_IGH_cdr3.csv
DV,background_IGH_cdr3.csv
ARVRPRLLRTTGWYFDL,background_IGH_cdr3.csv
AREFGYETADI,background_IGH_cdr3.csv
ARGGRGYCAFSSGCSQRDY,background_IGH_cdr3.csv
ARGDY,background_IGH_cdr3.csv
EGREGGSISQVRP,background_IGH_cdr3.csv
TAYCACYYYYGMDV,background_IGH_cdr3.csv
ETGEQLVPVRP,background_IGH_cdr3.csv
ARGYCSGDPGYYYYGMDD,background_IGH_cdr3.csv
AKDHRFPLLWFGEFSQGEGSPGRPLDY,background_IGH_cdr3.csv
ARVAGPFDY,background_IGH_cdr3.csv
ARGKYYYYGMDV,background_IGH_cdr3.csv
ENSKLVRP,background_IGH_cdr3.csv
AIDRDCSGGSCLYYYYYGMDV,background_IGH_cdr3.csv
ARVFRGEAAANNVLDH,background_IGH_cdr3.csv
LCITVRDGYYD,background_IGH_cdr3.csv
AKENCLLRVTTTDY,background_IGH_cdr3.csv
REAADVEMATFDSNFLTTLTT,background_IGH_cdr3.csv
PRCIRTCW,background_IGH_cdr3.csv
ARFRGQEMMYAALTLDY,background_IGH_cdr3.csv
D,background_IGH_cdr3.csv
ARGSWGGYYYYYGMDV,background_IGH_cdr3.csv
RVGLWFYTIFGVVITPSTLTT,background_IGH_cdr3.csv
AKDIRWLRGDYYYGMDV,background_IGH_cdr3.csv
ADTAVYYCAGVAYGMDV,background_IGH_cdr3.csv
EIDSSGWAPEPPDSRILVLRS,background_IGH_cdr3.csv
ERSRCCRVRP,background_IGH_cdr3.csv
ARDLTGGVVPAARTSYYYYGMDV,background_IGH_cdr3.csv
ADHSGSWNRNIDY,background_IGH_cdr3.csv
ARHLGIVGATTYDAFDI,background_IGH_cdr3.csv
ARDPNRFDY,background_IGH_cdr3.csv
AGTSRSFDY,background_IGH_cdr3.csv
EAGMAVVSRGLLRP,background_IGH_cdr3.csv
ERGWATITPWGL,background_IGH_cdr3.csv
REITIVVVTLTT,background_IGH_cdr3.csv
ARDRDIVVVPAAITMYGMDV,background_IGH_cdr3.csv
ARRPEYYYDSSGYYYRY,background_IGH_cdr3.csv
D,background_IGH_cdr3.csv
ASVSIGVLR,background_IGH_cdr3.csv
A,background_IGH_cdr3.csv
ARDIAAAGNYYYYGMDV,background_IGH_cdr3.csv
ARGREDIVVVPAANTYYYYGMDV,background_IGH_cdr3.csv
ERPSFWSGYPHPSPFRP,background_IGH_cdr3.csv
ERPKVDLWFGEPVRLLLRYGR,background_IGH_cdr3.csv
TRLSLCSSTSCYVNEGSSVFDY,background_IGH_cdr3.csv
ARHVDGSGSYFGFDY,background_IGH_cdr3.csv
ARHERGITMVRKPYNWFDP,background_IGH_cdr3.csv
AREGMTTVVTEQNAFDI,background_IGH_cdr3.csv
ARQPTNYYYGMDV,background_IGH_cdr3.csv
ARGQGSYFDY,background_IGH_cdr3.csv
CRGGNADI,background_IGH_cdr3.csv
RGIERTGLTP,background_IGH_cdr3.csv
TVYCAPYYYGMDV,background_IGH_cdr3.csv
ARGSYYYDGMDV,background_IGH_cdr3.csv
LYLLLLLRYGR,background_IGH_cdr3.csv
ARDSYYFDGLDV,background_IGH_cdr3.csv
GNYD,background_IGH_cdr3.csv
KRCAVGPSGTSCYGGIRYGR,background_IGH_cdr3.csv
YMVCGSLRAEDLAVYYWATEMIADSTSEGWFDP,background_IGH_cdr3.csv
ARALGWSGPHTNWFDP,background_IGH_cdr3.csv
VTADTAYYCARTTL,background_IGH_cdr3.csv
AREGDYCGSSSCYPNWFDY,background_IGH_cdr3.csv
ARHLAPGPLNWFDP,background_IGH_cdr3.csv
TTDRVLWFGELRFDY,background_IGH_cdr3.csv
SGVEPVPAELCDRGHGCVLLCESDWSGYYFDY,background_IGH_cdr3.csv
RDLPDWNDVEIRATLTT,background_IGH_cdr3.csv
LDSIRWTIFGVVIIPRPTTLTT,background_IGH_cdr3.csv
AREQGGCSGY,background_IGH_cdr3.csv
REIAATMLLIS,background_IGH_cdr3.csv
AGKRDQPHPDY,background_IGH_cdr3.csv
AGGGLGYYEFWRGFHVWVDP,background_IGH_cdr3.csv
AREGLGKAFDI,background_IGH_cdr3.csv
ARGIAVTWFDY,background_IGH_cdr3.csv
YYCAVSPSSGYYYYGMDV,background_IGH_cdr3.csv
SKNQFSLKLSVTAADTAVYYCANYDFWGSDY,background_IGH_cdr3.csv
QSADTELYDGAVWGNIVVVPAAGNYYYGMDV,background_IGH_cdr3.csv
ARGYYDFWSGYYDY,background_IGH_cdr3.csv
ARSGGDCYWGFDY,background_IGH_cdr3.csv
ARDLDSSGPDY,background_IGH_cdr3.csv
ERRGWLSL,background_IGH_cdr3.csv
AKGVLWSEYYYDAMDV,background_IGH_cdr3.csv
AHKRDYDSSGYYYSFDY,background_IGH_cdr3.csv
RRGNGVSCYSLPLNLLLTT,background_IGH_cdr3.csv
MDV,background_IGH_cdr3.csv
AGWFDH,background_IGH_cdr3.csv
ARDDIVVVPAAEHGGWFDP,background_IGH_cdr3.csv
ARHDSTGYYYYGMDV,background_IGH_cdr3.csv
GDY,background_IGH_cdr3.csv
Y,background_IGH_cdr3.csv
ARTGPFFKVRGVTVDAMDV,background_IGH_cdr3.csv
ARDPGGNHGSGTTDY,background_IGH_cdr3.csv
ARQYDSSGYWFDP,background_IGH_cdr3.csv
ARVGPLMATIILDAFDI,background_IGH_cdr3.csv
ARDYSSGFDY,background_IGH_cdr3.csv
AGDRRGNWFGP,background_IGH_cdr3.csv
ARGSYYGMDV,background_IGH_cdr3.csv
ETGKWDRCGL,background_IGH_cdr3.csv
RGKG,background_IGH_cdr3.csv
ARGRQQLYYYYGMDV,background_IGH_cdr3.csv
REEETMGGITMIVVVITTVTCTSIS,background_IGH_cdr3.csv
YAGGYWDP,background_IGH_cdr3.csv
AHTRGELGISHYYFDY,background_IGH_cdr3.csv
AKLISRKIPGSGGDFDY,background_IGH_cdr3.csv
ARDRDTMFGVGNHGMDV,background_IGH_cdr3.csv
ARADWSGYRVDY,background_IGH_cdr3.csv
TNTVAGVRGFDY,background_IGH_cdr3.csv
AKDHDWGIDY,background_IGH_cdr3.csv
TTLDD,background_IGH_cdr3.csv
VRGPGRTAPEVNY,background_IGH_cdr3.csv
ARGFEGGASDY,background_IGH_cdr3.csv
ARARYCRGGSCYTGVDYFDY,background_IGH_cdr3.csv
ESVLRFLESLLLRYGR,background_IGH_cdr3.csv
DRSAAVGTQPPYCP,background_IGH_cdr3.csv
ARDGDDYGYFDL,background_IGH_cdr3.csv
ARELGSRSSSWYGMDV,background_IGH_cdr3.csv
YYCARGADY,background_IGH_cdr3.csv
AWEWYGV,background_IGH_cdr3.csv
ASSSPYYDFWSGPYYFDY,background_IGH_cdr3.csv
ATWRLYGDYLGNAFDI,background_IGH_cdr3.csv
YGMD,background_IGH_cdr3.csv
RTRPCITRTGVYYYGMDV,background_IGH_cdr3.csv
ITGDADI,background_IGH_cdr3.csv
AVANWNYRY,background_IGH_cdr3.csv
DTAMVPILLLRYGR,background_IGH_cdr3.csv
ARDGSGADL,background_IGH_cdr3.csv
ARVTAGTYYYYGMDV,background_IGH_cdr3.csv
RTRCIVDAFDI,background_IGH_cdr3.csv
ARSSPYYDFWSGPYYFDY,background_IGH_cdr3.csv
ARRSEGNWKVSGYFDY,background_IGH_cdr3.csv
ATGPQQWELSPPIVH,background_IGH_cdr3.csv
AVVLVPPEALKWLRIAAAPDAFDI,background_IGH_cdr3.csv
AHLSGSTYYFDY,background_IGH_cdr3.csv
HD,background_IGH_cdr3.csv
ARGMAMMTTVTNVPLDY,background_IGH_cdr3.csv
CVLLERLANWFDP,background_IGH_cdr3.csv
ARTVVVPAATLLATSGRLDY,background_IGH_cdr3.csv
ATDRLHGSGSYYNVPSTGYFDY,background_IGH_cdr3.csv
ARRGDLWAPKNDAFDI,background_IGH_cdr3.csv
ERFVATRRELVRP,background_IGH_cdr3.csv
EAGLALLLLRYGR,background_IGH_cdr3.csv
ARSYDSSGYHSFDY,background_IGH_cdr3.csv
VVD,background_IGH_cdr3.csv
AETAVYYCANVDYGGYFDL,background_IGH_cdr3.csv
ARGENYNAFDI,background_IGH_cdr3.csv
ETVYDFWRLRYGR,background_IGH_cdr3.csv
LCELRSGPGYGMDV,background_IGH_cdr3.csv
AGDY,background_IGH_cdr3.csv
ARDLAIVVVPAAGYYYYGMDV,background_IGH_cdr3.csv
GEGGSWVASDTAIILWWGLAGSYSCSRGSDYDMDV,background_IGH_cdr3.csv
ARDGGHENDYGAQEDY,background_IGH_cdr3.csv
ARHYSALDH,background_IGH_cdr3.csv
RDII,background_IGH_cdr3.csv
GGDRWANY,background_IGH_cdr3.csv
ARLYYGTGNY,background_IGH_cdr3.csv
ERYCSSSGCYVL,background_IGH_cdr3.csv
DY,background_IGH_cdr3.csv
ARGVTDCDP,background_IGH_cdr3.csv
KRLPAAIWERLLLLRYGR,background_IGH_cdr3.csv
EALIS,background_IGH_cdr3.csv
AGDWGRDGSGSYYNVEGVIREYYYYGMDV,background_IGH_cdr3.csv
RERYSGGGSTP,background_IGH_cdr3.csv
ARGDFYGWMVRGAYFDY,background_IGH_cdr3.csv
ARGFSWYYHLDY,background_IGH_cdr3.csv
ARGTGTPGY,background_IGH_cdr3.csv
ERPRQWPGWVVRP,background_IGH_cdr3.csv
ARGYDSCDVDY,background_IGH_cdr3.csv
REAEVLATTTVWTS,background_IGH_cdr3.csv
ETAYKLLLRYGR,background_IGH_cdr3.csv
ARAPYNDAFDI,background_IGH_cdr3.csv
AGGRGLRIVVVPTMNYYYGMDV,background_IGH_cdr3.csv
ARDEREVARTPNFDY,background_IGH_cdr3.csv
ARDRHYYYDSSLRKYYFDY,background_IGH_cdr3.csv
ARDESGYDSLYYYGMDV,background_IGH_cdr3.csv
ARVRKLVKPYDAFDI,background_IGH_cdr3.csv
DY,background_IGH_cdr3.csv
AGSEAMVRIYWYFDL,background_IGH_cdr3.csv
AKEPKYYYGMDV,background_IGH_cdr3.csv
ARGSRLVRVDY,background_IGH_cdr3.csv
ESQL,background_IGH_cdr3.csv
AKTTIFRGSFDY,background_IGH_cdr3.csv
RCRSVRYGR,background_IGH_cdr3.csv
EWVLLLRYGR,background_IGH_cdr3.csv
ATSLGGFTIFGVVGKNYYYGMDV,background_IGH_cdr3.csv
ARSDGSGSYYIPLPNYYYYDGMDV,background_IGH_cdr3.csv
ARSAPCSTTSCDQDGMDA,background_IGH_cdr3.csv
YGGVTYYYYGMDV,background_IGH_cdr3.csv
ARGSITMRGDAFDI,background_IGH_cdr3.csv
RTTESTGTP,background_IGH_cdr3.csv
ERCARPFKRGSSRTLCL,background_IGH_cdr3.csv
RRGCVLCTGDY,background_IGH_cdr3.csv
TGD,background_IGH_cdr3.csv
KREWLLPWRL,background_IGH_cdr3.csv
AYSYMDV,background_IGH_cdr3.csv
DP,background_IGH_cdr3.csv
ALQWLEYYYYGMDV,background_IGH_cdr3.csv
KIKNSTAYYAKGTYYYYGMDV,background_IGH_cdr3.csv
DVYYCARTSAAAGYYFDY,background_IGH_cdr3.csv
EGVLRGQLVFRS,background_IGH_cdr3.csv
EPKGPTYYYYGMD,background_IGH_cdr3.csv
ARDKRHWYGSSGIDY,background_IGH_cdr3.csv
RDV,background_IGH_cdr3.csv
ARGGDY,background_IGH_cdr3.csv
DY,background_IGH_cdr3.csv
ARARRSGLYDY,background_IGH_cdr3.csv
ARGIQVPETLPGTFDI,background_IGH_cdr3.csv
AKDHSYYYDSSGYSDY,background_IGH_cdr3.csv
ARHRYYYDSSGYFDY,background_IGH_cdr3.csv
ARDSGYDY,background_IGH_cdr3.csv
EGRPLRFLEWLGGL,background_IGH_cdr3.csv
ARGSSGTGDY,background_IGH_cdr3.csv
ARTPIDGSGWSYYYYGMDV,background_IGH_cdr3.csv
VYCWYFDY,background_IGH_cdr3.csv
ARPASRDAVRHYDFWSGSGRWAFDI,background_IGH_cdr3.csv
ITVRGVLVPVTTEPWFDP,background_IGH_cdr3.csv
ARSSWAH,background_IGH_cdr3.csv
ATSRPQAWFLA,background_IGH_cdr3.csv
RELGSPFDWPRITTTTTVWTS,background_IGH_cdr3.csv
ARYSITVGTT,background_IGH_cdr3.csv
AGRKQLRYDY,background_IGH_cdr3.csv
AREGDYYYYGMDV,background_IGH_cdr3.csv
ARCRGLGDY,background_IGH_cdr3.csv
ARAGRSWGQWLRNGYYFDY,background_IGH_cdr3.csv
ARGGAAAGTDVDY,background_IGH_cdr3.csv
ARVNWFDP,background_IGH_cdr3.csv
RKLAVAGTGWTGTSIS,background_IGH_cdr3.csv
RERWEYYGMDV,background_IGH_cdr3.csv
CAVVASRDP,background_IGH_cdr3.csv
DH,background_IGH_cdr3.csv
AKYTESAFDI,background_IGH_cdr3.csv
LDGHYDTTGRTD,background_IGH_cdr3.csv
DV,background_IGH_cdr3.csv
QKGRRIRQRRTLTT,background_IGH_cdr3.csv
ARGGIVVVPAADYYYYYGMDV,background_IGH_cdr3.csv
TRDLYDSSPGPPSGDY,background_IGH_cdr3.csv
ARYYDSSGHYWFDL,background_IGH_cdr3.csv
ARGVSGDDY,background_IGH_cdr3.csv
ARGGYDSSWYLIYYYYGMDV,background_IGH_cdr3.csv
RLGFVTAAAPAVYYCARMGGRYHDILTGPNYFDF,background_IGH_cdr3.csv
RQMLSITMIVVVIHGPVGLLIS,background_IGH_cdr3.csv
AKPLVTGSRWYDWYFDL,background_IGH_cdr3.csv
ARTPIIATSYYFDY,background_IGH_cdr3.csv
ERPWCTVLRS,background_IGH_cdr3.csv
ARVVGCSGGSCKYYSGMDV,background_IGH_cdr3.csv
RDTWRESTTTLTT,background_IGH_cdr3.csv
G,background_IGH_cdr3.csv
ATLGDYGEQCCQH,background_IGH_cdr3.csv
ARHQGVWNNYYGIDF,background_IGH_cdr3.csv
ARSGYGD,background_IGH_cdr3.csv
ARDQGQDYGPAMAYGMDV,background_IGH_cdr3.csv
ARVVYSSSSFWPSWFDP,background_IGH_cdr3.csv
AGRLRWYSDAWFFDL,background_IGH_cdr3.csv
ARQGEFSWDH,background_IGH_cdr3.csv
ARDQPGPLSPPAAADY,background_IGH_cdr3.csv
ARGVAGGNNDYSNYPSWFDP,background_IGH_cdr3.csv
ARDPTSWGSYRYRVVPFDY,background_IGH_cdr3.csv
ARQVHSGKGDYQYGMGV,background_IGH_cdr3.csv
ARDFGWNSSCGYGVDV,background_IGH_cdr3.csv
AKSDGRGIVGATPRLRGYFDL,background_IGH_cdr3.csv
AIATPGRGSGWFDY,background_IGH_cdr3.csv
ARDFTGSYPNWFDP,background_IGH_cdr3.csv
ARERDYDSRSDFGAY,background_IGH_cdr3.csv
ATNGD,background_IGH_cdr3.csv
ARDSGVTGYSSGWYPDAFDI,background_IGH_cdr3.csv
ARGAEIAVAGHYYYGMDV,background_IGH_cdr3.csv
REVGLWFGELLSFICTTLTT,background_IGH_cdr3.csv
RWGYVVTTVWTS,background_IGH_cdr3.csv
ARGDWYSSGWYEL,background_IGH_cdr3.csv
AIAGTFD,background_IGH_cdr3.csv
ATSGGSFLFDY,background_IGH_cdr3.csv
AREAGTGTVLGGCRLDP,background_IGH_cdr3.csv
LSGWP,background_IGH_cdr3.csv
Y,background_IGH_cdr3.csv
ATYKSANFDY,background_IGH_cdr3.csv
ARVPPPNLANFDH,background_IGH_cdr3.csv
ARDDSCDNDAFDI,background_IGH_cdr3.csv
AKAHNADYGGKGYFDL,background_IGH_cdr3.csv
ELIQLLRL,background_IGH_cdr3.csv
ARGVRWLQPAACFDI,background_IGH_cdr3.csv
ARLRRTHPDYGMDV,background_IGH_cdr3.csv
TEDTAVYYCTTGAFYYGYAKLDY,background_IGH_cdr3.csv
TDLPCTRVAAY,background_IGH_cdr3.csv
ARVVCTPF,background_IGH_cdr3.csv
GVLLCGYYFDY,background_IGH_cdr3.csv
TLLLGELRYGR,background_IGH_cdr3.csv
ENWDDYEEVLRYGR,background_IGH_cdr3.csv
ESDIGIPSQPRLGYGR,background_IGH_cdr3.csv
ASQDRKVVPAARGWFDP,background_IGH_cdr3.csv
ARGLAARQRKNWFDS,background_IGH_cdr3.csv
ARGQYQLPNPGAFDI,background_IGH_cdr3.csv
ARDLGAALGWFDP,background_IGH_cdr3.csv
EMPPGNWL,background_IGH_cdr3.csv
GWFDY,background_IGH_cdr3.csv
AKRLLDYGDRGGDYYYYYGMDV,background_IGH_cdr3.csv
ERPEVGSLLLRYGR,background_IGH_cdr3.csv
ARGRFANSSGWYHKKDCFDY,background_IGH_cdr3.csv
ARDRDTIFGVGNHGMDV,background_IGH_cdr3.csv
ARGGYDSCGGFDP,background_IGH_cdr3.csv
ARDIGGYDYSGYYYYYGMDV,background_IGH_cdr3.csv
RARLRRHGGTTTTTVWTS,background_IGH_cdr3.csv
ARGRSYYYYGMDV,background_IGH_cdr3.csv
AAVYYIVIIDAFDI,background_IGH_cdr3.csv
TTAGTSGYLTY,background_IGH_cdr3.csv
AKDDNCSGAFDY,background_IGH_cdr3.csv
RVAGDIVVVVAAEVT,background_IGH_cdr3.csv
ERYEPGIVLVRGP,background_IGH_cdr3.csv
AGEGFENITMVRGVIGFDY,background_IGH_cdr3.csv
ELEVLLWGEPQDELVRP,background_IGH_cdr3.csv
ATRPLHYDHVWGSYRSDAFDI,background_IGH_cdr3.csv
ARPPLEGGYYYGMDV,background_IGH_cdr3.csv
ARDRPPADYDFWNWFDP,background_IGH_cdr3.csv
ARDAFPYYYDSSGYLRHPRRFDY,background_IGH_cdr3.csv
ARSSCGGYYFDY,background_IGH_cdr3.csv
Y,background_IGH_cdr3.csv
D,background_IGH_cdr3.csv
ASFGNPSYGMDV,background_IGH_cdr3.csv
AAAVKWLVLSPDAFDI,background_IGH_cdr3.csv
ATILGYCSSTSCYPHWFDP,background_IGH_cdr3.csv
RDGIQSIAARRTTGGTTTTVWTS,background_IGH_cdr3.csv
ASGGDHDWLELLYY,background_IGH_cdr3.csv
ADCGGGFD,background_IGH_cdr3.csv
GHGCVLLCGMD,background_IGH_cdr3.csv
ASASLEPGISWFDP,background_IGH_cdr3.csv
VRD,background_IGH_cdr3.csv
PGLD,background_IGH_cdr3.csv
ARGYGDHYYYYGMDV,background_IGH_cdr3.csv
ARGWRFSSTSCYLGVLGIQNYYYYYGMDV,background_IGH_cdr3.csv
ARAIVPGTDYYYYGMDV,background_IGH_cdr3.csv
F,background_IGH_cdr3.csv
ARCGGDYYYFDY,background_IGH_cdr3.csv
TWWWLQYSPLVRP,background_IGH_cdr3.csv
ARGGDGYNTLHWFDP,background_IGH_cdr3.csv
DY,background_IGH_cdr3.csv
REITTWVRVGATLLLIS,background_IGH_cdr3.csv
ETYSGYDEKLRYGR,background_IGH_cdr3.csv
ASGSSYYYGMDV,background_IGH_cdr3.csv
ARGSRYYDYY,background_IGH_cdr3.csv
LVAATAVYYCADI,background_IGH_cdr3.csv
AYYYYGMDV,background_IGH_cdr3.csv
AVVPAADGGWFDP,background_IGH_cdr3.csv
ARADY,background_IGH_cdr3.csv
ARRVVVDAFDI,background_IGH_cdr3.csv
SDY,background_IGH_cdr3.csv
CRWPF,background_IGH_cdr3.csv
ARGEGVVGATTLVDDAFDI,background_IGH_cdr3.csv
DDV,background_IGH_cdr3.csv
ATTLKYHLDY,background_IGH_cdr3.csv
AYYDY,background_IGH_cdr3.csv
RGWQLAATTTTVWTS,background_IGH_cdr3.csv
DP,background_IGH_cdr3.csv
FDP,background_IGH_cdr3.csv
ARDGDYGDYVGFFDY,background_IGH_cdr3.csv
RAYYYGMDV,background_IGH_cdr3.csv
ARDLGSSPFPVDY,background_IGH_cdr3.csv
EGWG,background_IGH_cdr3.csv
ERLVRP,background_IGH_cdr3.csv
RDGPNYIVATITIPTTTVWTS,background_IGH_cdr3.csv
ARGEGGGNPVRY,background_IGH_cdr3.csv
AADPTSSPGIGYCSGGSCYSP,background_IGH_cdr3.csv
AGDRGRITIFGVIYVGMDV,background_IGH_cdr3.csv
AAGGFHPAYYGSGSYYY,background_IGH_cdr3.csv
REGMVRGISTTVWTS,background_IGH_cdr3.csv
ARGPVGVTVDY,background_IGH_cdr3.csv
ITRDY,background_IGH_cdr3.csv
ESSTSCLLLRYGR,background_IGH_cdr3.csv
RETSLPKLEGGSTP,background_IGH_cdr3.csv
ARISCLDP,background_IGH_cdr3.csv
ARELGVKWELLCWIDP,background_IGH_cdr3.csv
ARDELELHYFDY,background_IGH_cdr3.csv
EILYPDRTWYGR,background_IGH_cdr3.csv
ARDGYCYCYYYYGMDV,background_IGH_cdr3.csv
ARVRDYYDRSGYYSATSYWYFDL,background_IGH_cdr3.csv
ARAAAGPFTYWFDP,background_IGH_cdr3.csv
ARRGYYCFDY,background_IGH_cdr3.csv
ARVDSAFDI,background_IGH_cdr3.csv
ARWVY,background_IGH_cdr3.csv
APSYGMDV,background_IGH_cdr3.csv
EGPDY,background_IGH_cdr3.csv
VGGYSYGYAAA,background_IGH_cdr3.csv
ARDFEVAATVAVFDY,background_IGH_cdr3.csv
YGFDY,background_IGH_cdr3.csv
ARLPYCSGGSCYSHAFDI,background_IGH_cdr3.csv
VNPEGSSLGVVRP,background_IGH_cdr3.csv
MD,background_IGH_cdr3.csv
ERTGL,background_IGH_cdr3.csv
ETDRGGLVRP,background_IGH_cdr3.csv
REGATLTT,background_IGH_cdr3.csv
GSFCLPLRHCSSTSCRLCRGLVRP,background_IGH_cdr3.csv
AKDIVSCSSTSCYLGYGMDV,background_IGH_cdr3.csv
ERNSSGCALRYGR,background_IGH_cdr3.csv
NKARMGLTIFGVVIILTTLTT,background_IGH_cdr3.csv
HGWAMVVPPARLLIS,background_IGH_cdr3.csv
ARHGGEGSGSYYKGQYYYGMDV,background_IGH_cdr3.csv
AKKAGLWFGELEVPYYYGMDV,background_IGH_cdr3.csv
AGEAGMCSSTSGTTPFDY,background_IGH_cdr3.csv
APLLYFQH,background_IGH_cdr3.csv
ESVIGSSTSCGWGLVRP,background_IGH_cdr3.csv
TTEYYYDSRDAFDI,background_IGH_cdr3.csv
GVRLGWYLNAFDI,background_IGH_cdr3.csv
FD,background_IGH_cdr3.csv
ARDLAVPGRPRGDYYYHGMDV,background_IGH_cdr3.csv
ASTVVTPGHYFDY,background_IGH_cdr3.csv
HGGSHLLCQTSRYYYGMD,background_IGH_cdr3.csv
RGHGGTVAGTVRPKTT,background_IGH_cdr3.csv
GLCCLRLGHCSSTSCRPGRGLVRP,background_IGH_cdr3.csv
ETTYSSSCGGYGR,background_IGH_cdr3.csv
ARGGPVLRLDMYYFDY,background_IGH_cdr3.csv
ARGPLRLDMYFDY,background_IGH_cdr3.csv
ARGEGESQLLFRSLVGVLDN,background_IGH_cdr3.csv
ARDVAVAGTSGANDY,background_IGH_cdr3.csv
ARHGTPPIAVAAIDY,background_IGH_cdr3.csv
ARYGNGGFDY,background_IGH_cdr3.csv
ARDKRYSYLSYFDY,background_IGH_cdr3.csv
EAGMDP,background_IGH_cdr3.csv
ARTGGPPP,background_IGH_cdr3.csv
ARNTAMVTRWYFDL,background_IGH_cdr3.csv
ARMLEEWRSDY,background_IGH_cdr3.csv
ARDLQDSSSWYTYYGMDV,background_IGH_cdr3.csv
AADYYYGMDV,background_IGH_cdr3.csv
ARDRMGDRNWYFDL,background_IGH_cdr3.csv
ARWVQRDYFDY,background_IGH_cdr3.csv
ARDHGSGWYGTDY,background_IGH_cdr3.csv
TAPPDDYSPPGWFGP,background_IGH_cdr3.csv
F,background_IGH_cdr3.csv
EPQLVLRYGR,background_IGH_cdr3.csv
ARRHTWINGAMDI,background_IGH_cdr3.csv
AKYDWGGTVTVSAPTKPYGD,background_IGH_cdr3.csv
AKVPLDRDDYVWGSYSNDP,background_IGH_cdr3.csv
ARGPYYGLYFGY,background_IGH_cdr3.csv
ATQRAYFVELELRMNYGMDV,background_IGH_cdr3.csv
ERRLGR,background_IGH_cdr3.csv
GYYGMDV,background_IGH_cdr3.csv
DV,background_IGH_cdr3.csv
ARHQPFCSSTSCYYLYYYGMDV,background_IGH_cdr3.csv
TRDQGIWSQSHHDGMDT,background_IGH_cdr3.csv
TDQGIWTTHDGFDT,background_IGH_cdr3.csv
RFAFGTAAETSVYYCARERGDCSSTSCYTYYFDY,background_IGH_cdr3.csv
ARSHPSSWLDY,background_IGH_cdr3.csv
D,background_IGH_cdr3.csv
AKDSGYSSGYYLNWFDP,background_IGH_cdr3.csv
RCERGGGGVISLGLLQLRYGS,background_IGH_cdr3.csv
REMIYGSGSYRTVWTS,background_IGH_cdr3.csv
AREGDLEWLLLRWMDL,background_IGH_cdr3.csv
ARITPDSCWGCFDP,background_IGH_cdr3.csv
ARGSSSSDY,background_IGH_cdr3.csv
ESPLTTTVWTS,background_IGH_cdr3.csv
ARGLPPVFPGIAAAGPNDWFDP,background_IGH_cdr3.csv
ARGRYSYWYSGWYDL,background_IGH_cdr3.csv
G,background_IGH_cdr3.csv
IVRDVRGCGGD,background_IGH_cdr3.csv
GMDV,background_IGH_cdr3.csv
ARGYYDFWNHPFDY,background_IGH_cdr3.csv
ARRKGGANDYYFDY,background_IGH_cdr3.csv
ERQNLCSSTSCYTTFLLLLRYGR,background_IGH_cdr3.csv
AKVRTEGYEDYGLGSLKGGAFDI,background_IGH_cdr3.csv
FDY,background_IGH_cdr3.csv
EVEGCGYYLPL,background_IGH_cdr3.csv
AREAVAGTGGRWSAFDI,background_IGH_cdr3.csv
ARSMAGDYGGDWYYY,background_IGH_cdr3.csv
ARGYSYGYGDPISFDY,background_IGH_cdr3.csv
ARDIGDY,background_IGH_cdr3.csv
ARGTPSGPVAGLDDY,background_IGH_cdr3.csv
ARENPEKYSSSFEYYYYGMDV,background_IGH_cdr3.csv
ARRVEPYYYGMDV,background_IGH_cdr3.csv
RLDDAVCARDMEQLVGCVGY,background_IGH_cdr3.csv
ARFRAATSTYYYYYYGMDV,background_IGH_cdr3.csv
GTADESTAYMELSLSETAVYYCARFPRIATARFDP,background_IGH_cdr3.csv
ERL,background_IGH_cdr3.csv
ESPQGRPSGTSCYRSPLLLLRYGR,background_IGH_cdr3.csv
RWLTT,background_IGH_cdr3.csv
AREYGGGLQLWYFDY,background_IGH_cdr3.csv
ARDVCCGGDSYYGMDV,background_IGH_cdr3.csv
AWSGYD,background_IGH_cdr3.csv
ARRGDNCGSNYFDY,background_IGH_cdr3.csv
ERRRGSSLRYGR,background_IGH_cdr3.csv
ARARYCSGGSCYTGVGYFDY,background_IGH_cdr3.csv
ARQGAAADPVVYYYYGMDV,background_IGH_cdr3.csv
AREGAYNWNYGLYAY,background_IGH_cdr3.csv
ESENLCSSTSCYTTFLLLLRYGR,background_IGH_cdr3.csv
ARGFSGGWREGNYFDY,background_IGH_cdr3.csv
VYAHVTIVVVG,background_IGH_cdr3.csv
ARGAAGKWLDY,background_IGH_cdr3.csv
VPYYYGMDV,background_IGH_cdr3.csv
ARVGEEQQLAPNDY,background_IGH_cdr3.csv
ASRRGAAAGTNY,background_IGH_cdr3.csv
MDV,background_IGH_cdr3.csv
TTDRDDFWSGYYHGHFSHWQH,background_IGH_cdr3.csv
AKAYERRDPILDAFDI,background_IGH_cdr3.csv
ARDRTIFGVEPQRYFDY,background_IGH_cdr3.csv
HGRVLLCEEYYYGMDV,background_IGH_cdr3.csv
ARHGEEVTIFGVVIVGPVVGFDY,background_IGH_cdr3.csv
ARERYDMGLDY,background_IGH_cdr3.csv
ERSRRDLLLRYGR,background_IGH_cdr3.csv
ERSSWL,background_IGH_cdr3.csv
ARHSSGGYGGRGDFDY,background_IGH_cdr3.csv
ARPGFDY,background_IGH_cdr3.csv
ARDWSGYYYGMDV,background_IGH_cdr3.csv
ARVPSLVVAADYYYYGMDV,background_IGH_cdr3.csv
ARGLFTGYKF,background_IGH_cdr3.csv
ADFSGNLFD,background_IGH_cdr3.csv
ARDVCCGGDSYYGMDV,background_IGH_cdr3.csv
ADVCCGGDSYYGMDV,background_IGH_cdr3.csv
ARLGRNAFDI,background_IGH_cdr3.csv
AREELNYYYGMDV,background_IGH_cdr3.csv
ARDSAGAFDY,background_IGH_cdr3.csv
SRDVVPVRLASNYYYYYGMDV,background_IGH_cdr3.csv
ATGSRNGNSVWYFDL,background_IGH_cdr3.csv
TFDY,background_IGH_cdr3.csv
RILLLVPATTTVWTS,background_IGH_cdr3.csv
D,background_IGH_cdr3.csv
AYSYD,background_IGH_cdr3.csv
ARVRAATSTYYYYYYGMDV,background_IGH_cdr3.csv
ARSIDDIHRGLVTPKYYYYYYGMDV,background_IGH_cdr3.csv
ARDFNSVGYSYGLSDY,background_IGH_cdr3.csv
AYMLEDTAVYYCTADAFDI,background_IGH_cdr3.csv
AKDRKGVGYYDSSGIAEYFQH,background_IGH_cdr3.csv
EEYRNGR,background_IGH_cdr3.csv
ADRWALDY,background_IGH_cdr3.csv
ARDLRNSDAFDI,background_IGH_cdr3.csv
SSNQSLKLSVTAADTAVYYCARLRDAFDI,background_IGH_cdr3.csv
ARDVEWSSTSCYAHSRDH,background_IGH_cdr3.csv
ARIRASLLNY,background_IGH_cdr3.csv
AGEGGRGIVVDNWFDP,background_IGH_cdr3.csv
AGGGDY,background_IGH_cdr3.csv
ARPRYWNYYGMDV,background_IGH_cdr3.csv
ERSRGYSSDWYKLLGVQLVRP,background_IGH_cdr3.csv
ARGTNWFDP,background_IGH_cdr3.csv
AVYYCARGTIVTFDY,background_IGH_cdr3.csv
DVYYCARVVRSY,background_IGH_cdr3.csv
ARERITMIVYYGMDV,background_IGH_cdr3.csv
AKAAGAFDY,background_IGH_cdr3.csv
ARGPFAGAAAGTPYYYYGMDV,background_IGH_cdr3.csv
TTAVYYCAPVKWLVL,background_IGH_cdr3.csv
ARVTATGTPYFDY,background_IGH_cdr3.csv
ARGEGESQLLFRSLVGVLDN,background_IGH_cdr3.csv
DTSKNLTAADTAVYYCAGSDYGWFDP,background_IGH_cdr3.csv
ARDNGFRFSQFFDP,background_IGH_cdr3.csv
ARAGRLVYFDY,background_IGH_cdr3.csv
ARRGSSWLTHNFDP,background_IGH_cdr3.csv
ARERAIVVVPAPGSNAFDI,background_IGH_cdr3.csv
ERGQWRLSPRL,background_IGH_cdr3.csv
AGEPARGGVVITSVLGMDV,background_IGH_cdr3.csv
ARRFWSGYSCYVDY,background_IGH_cdr3.csv
ARGLGYCSGYWFDY,background_IGH_cdr3.csv
ARKHELGGWREGDAFDI,background_IGH_cdr3.csv
ARDGSQLLLTRYYYYGMDV,background_IGH_cdr3.csv
ARARYGWYYYGMDV,background_IGH_cdr3.csv
ETGPLRCLPPFQLVRP,background_IGH_cdr3.csv
RWAAGTTGSTP,background_IGH_cdr3.csv
ATIRVEMATIEDNWYFDL,background_IGH_cdr3.csv
AVYYARKLGSGYDSAAL,background_IGH_cdr3.csv
ARFMVPYYFDY,background_IGH_cdr3.csv
ASEAATTWGDYYYYGMDV,background_IGH_cdr3.csv
TSALGSFSDL,background_IGH_cdr3.csv
AREYSSSYRAFDI,background_IGH_cdr3.csv
AKEAGNYYDSSGADGAFDI,background_IGH_cdr3.csv
ARQAGTTGPGGFDY,background_IGH_cdr3.csv
ARGGLGYYDFWSGFHDWFDP,background_IGH_cdr3.csv
ARDRAIVVVPADPSWFDP,background_IGH_cdr3.csv
AKDRGSAAAPEYYSMDV,background_IGH_cdr3.csv
ALSLRSEDTAVYYCASSYYSYGMDV,background_IGH_cdr3.csv
AMDTAVYYCAREP,background_IGH_cdr3.csv
GTFD,background_IGH_cdr3.csv
EGALLWFGEGEVVLLLRYGR,background_IGH_cdr3.csv
ERSQEMATN,background_IGH_cdr3.csv
TRPRGYVGYDYPAYENWFDP,background_IGH_cdr3.csv
ADPYYFDNGGSYSLPQYFQY,background_IGH_cdr3.csv
ARAVDEGFVVVPAANYGAFDI,background_IGH_cdr3.csv
REAGIAPDRMLLIS,background_IGH_cdr3.csv
ATGNYGDKGDHDY,background_IGH_cdr3.csv
ARDYAFTIFGVSYYYYGMDV,background_IGH_cdr3.csv
ARRRGYYYYGMDV,background_IGH_cdr3.csv
ARGWGDFWSGIHCYYYYGMDV,background_IGH_cdr3.csv
YAIDY,background_IGH_cdr3.csv
ARREPTAMAYDY,background_IGH_cdr3.csv
ARDLNGVYSSASGAFDI,background_IGH_cdr3.csv
ARGPDCSGGYCSIGSYYFDY,background_IGH_cdr3.csv
AREGSNTFDY,background_IGH_cdr3.csv
ARDLESGAKRHIAVAPSVGP,background_IGH_cdr3.csv
ALGDRGV,background_IGH_cdr3.csv
ARGTGNSWFDWFDP,background_IGH_cdr3.csv
ARAGRFKVYGAFD,background_IGH_cdr3.csv
ATV,background_IGH_cdr3.csv
AGEYRVAAAAN,background_IGH_cdr3.csv
ARGPRNDYYYYGMDV,background_IGH_cdr3.csv
ARGRAAAGYYYGMDV,background_IGH_cdr3.csv
RFD,background_IGH_cdr3.csv
VRLRRTGNNVRGWFGP,background_IGH_cdr3.csv
GM,background_IGH_cdr3.csv
ARASSGCDY,background_IGH_cdr3.csv
ARAKLAAARRRRQSHDAVDI,background_IGH_cdr3.csv
ARNRGTGTTEGHYYYYGMDV,background_IGH_cdr3.csv
ARLGLTYCSSTSCLNWYFDL,background_IGH_cdr3.csv
ARDRDIVVVPAAITMYGMDV,background_IGH_cdr3.csv
GTTGDY,background_IGH_cdr3.csv
ARDLGTAIVPTAILQFGTFDI,background_IGH_cdr3.csv
ASARFGVVIGYGY,background_IGH_cdr3.csv
ASCGPRAGGYYYYGMDV,background_IGH_cdr3.csv
ARGGDYGSSGYCYDY,background_IGH_cdr3.csv
AKGLPSRYFDSWGQGRKLLMNSLGAEDTGVYYCAKGLPSRYFDS,background_IGH_cdr3.csv
ARGVKIRSGVGGSLPGS,background_IGH_cdr3.csv
ARKYYDSSGYSYDY,background_IGH_cdr3.csv
AKDGSTGWYDGFDL,background_IGH_cdr3.csv
D,background_IGH_cdr3.csv
ARRRSSVGGYFDL,background_IGH_cdr3.csv
ARGLHVLWCGELWGGY,background_IGH_cdr3.csv
EESSWYG,background_IGH_cdr3.csv
ERPRIQLWCGL,background_IGH_cdr3.csv
ARRTTAVCQWFDP,background_IGH_cdr3.csv
ARGRQRMLRDY,background_IGH_cdr3.csv
ARDTSSIAARRRDYYGMDV,background_IGH_cdr3.csv
ERTMFWSGYGPVRP,background_IGH_cdr3.csv
ATGSRNGNSLWYGLDL,background_IGH_cdr3.csv
ATGSRNGNSVWYFDL,background_IGH_cdr3.csv
ARGAAGYYYYGMDV,background_IGH_cdr3.csv
AKSAFDI,background_IGH_cdr3.csv
ETHQWL,background_IGH_cdr3.csv
MD,background_IGH_cdr3.csv
ARDHRVAAAGNYYYYGMDV,background_IGH_cdr3.csv
LY,background_IGH_cdr3.csv
ARGSSWYYFDY,background_IGH_cdr3.csv
ARSSREAPNWFDP,background_IGH_cdr3.csv
ARDYPSSGWALRG,background_IGH_cdr3.csv
ARDDIVVVPAAEHGGWFDP,background_IGH_cdr3.csv
RGVEQLSTT,background_IGH_cdr3.csv
AIGYYDFWSDYYPLDY,background_IGH_cdr3.csv
ATAVYYCAAHYYGSGRVKWYYYYGMDV,background_IGH_cdr3.csv
ARNTRVLVYWYFDL,background_IGH_cdr3.csv
ERSSRCGPSTVLVLRS,background_IGH_cdr3.csv
AILRGYYSY,background_IGH_cdr3.csv
TRAFIAVAAPSYYYYYGMDV,background_IGH_cdr3.csv
ERSPIVLWFGESVLLRYGR,background_IGH_cdr3.csv
ARECGSSGSYCSRYCDY,background_IGH_cdr3.csv
ARAIMITFGGVIARDWYFDL,background_IGH_cdr3.csv
EFPRESRGGVRP,background_IGH_cdr3.csv
AKDGADSPGGWYFDL,background_IGH_cdr3.csv
AKDTLPSSGWGWYYGMDV,background_IGH_cdr3.csv
TVRPPAFDI,background_IGH_cdr3.csv
ESELELRGGVGL,background_IGH_cdr3.csv
LSSLGLGETAGYYCSRYPTLLVRNRETAGPTPTPYYYYGMDV,background_IGH_cdr3.csv
AYCARDFLCGGMDV,background_IGH_cdr3.csv
STAVYYCALWGAFDI,background_IGH_cdr3.csv
ARAREGGFDF,background_IGH_cdr3.csv
GGM,background_IGH_cdr3.csv
AKEQYHYGAGSSDY,background_IGH_cdr3.csv
ARGPQSTGYYSGDY,background_IGH_cdr3.csv
AKERGYSYGSGGMDV,background_IGH_cdr3.csv
ERVVVGRYGR,background_IGH_cdr3.csv
LDY,background_IGH_cdr3.csv
ARDRFSYGSFFDY,background_IGH_cdr3.csv
EHRRAAAGTRFDY,background_IGH_cdr3.csv
ARQVDTAMVGDY,background_IGH_cdr3.csv
GARISRGPA,background_IGH_cdr3.csv
VKARSRWELRHFDY,background_IGH_cdr3.csv
ARGGNSGTTIDY,background_IGH_cdr3.csv
AKDPGLDIDIGHWAGAFDI,background_IGH_cdr3.csv
AKDKISGAYCTNGVCLGGGYYGMDV,background_IGH_cdr3.csv
ARTRYYDGSYFDY,background_IGH_cdr3.csv
ETTIKPGELVRP,background_IGH_cdr3.csv
GRGVGGSGSYYNG,background_IGH_cdr3.csv
ARIMIVVVPGWYGMDV,background_IGH_cdr3.csv
ARVTATGTPYFDY,background_IGH_cdr3.csv
ARAWGNSGWYSSAQDY,background_IGH_cdr3.csv
ARAWGNSGWYSSAQDY,background_IGH_cdr3.csv
EIGWFGELLYPSTQLLLLLRYGR,background_IGH_cdr3.csv
EHVADYSKLRYGR,background_IGH_cdr3.csv
AREFRLSKRSCDWLVKPSIIWYFDL,background_IGH_cdr3.csv
DY,background_IGH_cdr3.csv
RGSSSHTLDY,background_IGH_cdr3.csv
ARLAYYY,background_IGH_cdr3.csv
AKVVCGGSCPGGYFDY,background_IGH_cdr3.csv
ARDQGYWSTYTYYYGMDV,background_IGH_cdr3.csv
ARSHDPSGSYSPPYFDY,background_IGH_cdr3.csv
ARDPTGGWFDP,background_IGH_cdr3.csv
ARVWVLQWWSFDY,background_IGH_cdr3.csv
ARGIAAVAHFDY,background_IGH_cdr3.csv
ARGTLVAVTYFDY,background_IGH_cdr3.csv
ATALSSTNCYTCGMDV,background_IGH_cdr3.csv
ASTAARERDYYYGMDV,background_IGH_cdr3.csv
GN,background_IGH_cdr3.csv
ARVEPSGSFHFDS,background_IGH_cdr3.csv
ARDRGSCDYFDY,background_IGH_cdr3.csv
RGGLMGVVVAATLLAT,background_IGH_cdr3.csv
GGPYNWNSRDYYYGMDV,background_IGH_cdr3.csv
RKAT,background_IGH_cdr3.csv
RDLVVVAPTTTTVWTS,background_IGH_cdr3.csv
VLLCNSSTSCSWFDP,background_IGH_cdr3.csv
ESVVYRWSHIKVQLVRP,background_IGH_cdr3.csv
AREGSSWTYYYGMDV,background_IGH_cdr3.csv
ARDGSTSCYGNRGYFDY,background_IGH_cdr3.csv
ARDGGASYYDSSGPFDY,background_IGH_cdr3.csv
ARGGVRIAAAGTYSYNWFDP,background_IGH_cdr3.csv
CRGRVLG,background_IGH_cdr3.csv
LSVTAADTAVYYCARGEDAI,background_IGH_cdr3.csv
ARDSTNVYYYGMDV,background_IGH_cdr3.csv
ERFGERVLECQYYGTPPRRL,background_IGH_cdr3.csv
ERQQLVQCRYGR,background_IGH_cdr3.csv
QMLETVYYCDV,background_IGH_cdr3.csv
ARGNESSGFDY,background_IGH_cdr3.csv
AKLRFD,background_IGH_cdr3.csv
TRDGDPGYSSGWYGCDY,background_IGH_cdr3.csv
AKDPQARYESYYFDY,background_IGH_cdr3.csv
DTAVYYCAAGAGEYA,background_IGH_cdr3.csv
ARHISSSVWFDP,background_IGH_cdr3.csv
NSKNQNSLRDTAVYYCAVYR,background_IGH_cdr3.csv
LCITVGGKAGGYGMDV,background_IGH_cdr3.csv
AAAYYPLDY,background_IGH_cdr3.csv
ERSREWLLVLLLRP,background_IGH_cdr3.csv
EGRGQLLLLLRYGR,background_IGH_cdr3.csv
ASNQLKRGGFDI,background_IGH_cdr3.csv
ETSGRLPWSGYPDYTFLRYGR,background_IGH_cdr3.csv
ARVRSLRLGGSADHSQNAFDI,background_IGH_cdr3.csv
ARDVGVGPYSYGYSLHYYGMDV,background_IGH_cdr3.csv
TVYCAMGPPTSEGGGTVDY,background_IGH_cdr3.csv
ARDPIGRLAHPMDV,background_IGH_cdr3.csv
ARGVGAVGSTYDAFDY,background_IGH_cdr3.csv
P,background_IGH_cdr3.csv
ARGPVGVTVDY,background_IGH_cdr3.csv
ARGKAARLTHDY,background_IGH_cdr3.csv
AAIAARRVWNFDP,background_IGH_cdr3.csv
ESQRLERLL,background_IGH_cdr3.csv
ARAPYNDAFDI,background_IGH_cdr3.csv
ARGDSVVVAAGTRNFDY,background_IGH_cdr3.csv
AREGSDGDFDY,background_IGH_cdr3.csv
AKPRLDSGSYFDY,background_IGH_cdr3.csv
AREVEMATISHYYYYYGMDV,background_IGH_cdr3.csv
HATRGPSTVTTLITTTTTVWTS,background_IGH_cdr3.csv
RDMGESVVVVAATPAGPSTTTTVWTS,background_IGH_cdr3.csv
ATDQLLLFDY,background_IGH_cdr3.csv
ARMYSSSEDDALSSDGYFDL,background_IGH_cdr3.csv
ARGATDCSSTSCYKDDDWYFDL,background_IGH_cdr3.csv
ATIREELLIGMDV,background_IGH_cdr3.csv
ARQGAAADPVVYYYYGMDV,background_IGH_cdr3.csv
RLTVRVASGY,background_IGH_cdr3.csv
ARHPPTSFDP,background_IGH_cdr3.csv
ETQLLSSRGWIQLWLPPPTRLLLLLLRYGR,background_IGH_cdr3.csv
EDTAYYAAFD,background_IGH_cdr3.csv
ERSLGRGSGTYL,background_IGH_cdr3.csv
ERCKRCGGFWRWWILLLLRYGR,background_IGH_cdr3.csv
ASVFVAAAGNNWFDP,background_IGH_cdr3.csv
ARERYDSSGYYYFDY,background_IGH_cdr3.csv
ERGLL,background_IGH_cdr3.csv
ARDFSASYSRGHAFDI,background_IGH_cdr3.csv
ASVQV,background_IGH_cdr3.csv
AKGGYYFDF,background_IGH_cdr3.csv
ARQGAAADPVVYYYYGMDV,background_IGH_cdr3.csv
ERRGTLELPQLVRP,background_IGH_cdr3.csv
THPHCSSTSCPKLVRP,background_IGH_cdr3.csv
ATDQRD,background_IGH_cdr3.csv
AKEVSGSYYGDYYYGMDV,background_IGH_cdr3.csv
ARSLAYGSGSYYGFDY,background_IGH_cdr3.csv
ARDLTPYYDSSGYPA,background_IGH_cdr3.csv
ARGLHVLWFGELWGGY,background_IGH_cdr3.csv
ARATWGVAGNYFDY,background_IGH_cdr3.csv
ARGVIRITIFGVVPDYYFDY,background_IGH_cdr3.csv
ARVVGATSTLVAAALVVGATSTKYYFDY,background_IGH_cdr3.csv
ARDLNGVYSSASGAFDI,background_IGH_cdr3.csv
DV,background_IGH_cdr3.csv
VRLGITMIVVDATGAFDI,background_IGH_cdr3.csv
ARYYEYRTIFGVAYYYYGMDV,background_IGH_cdr3.csv
ARHSRRALVAVAGPAYYFDY,background_IGH_cdr3.csv
SSHKLLGNRRPSGVDAFDI,background_IGH_cdr3.csv
AREYNGYSHFDY,background_IGH_cdr3.csv
ARGGGVRRRRDYGMDV,background_IGH_cdr3.csv
ARILPEGDDYFDY,background_IGH_cdr3.csv
ARGVEGSIAAAGTKLGGPSFDY,background_IGH_cdr3.csv
YGMDV,background_IGH_cdr3.csv
ARGSRFISRGVIPSSDL,background_IGH_cdr3.csv
ARDVECSSTSCYAHSSDH,background_IGH_cdr3.csv
Y,background_IGH_cdr3.csv
KATPCRVLYADV,background_IGH_cdr3.csv
ARRGRKNWFDP,background_IGH_cdr3.csv
GDY,background_IGH_cdr3.csv
ARSGIDV,background_IGH_cdr3.csv
AGDVEWSSTSCYAHSSDH,background_IGH_cdr3.csv
FDP,background_IGH_cdr3.csv
AVYYVIEVDGDDAFDI,background_IGH_cdr3.csv
ARPSSLQPEGLLETAGQLS,background_IGH_cdr3.csv
DY,background_IGH_cdr3.csv
TACRGTVLYVGFDY,background_IGH_cdr3.csv
AVYYCAGGANSYYFDY,background_IGH_cdr3.csv
EVPPPDTHCPLLLVLRS,background_IGH_cdr3.csv
RTMGSNWFDP,background_IGH_cdr3.csv
VLLCETVGHTFD,background_IGH_cdr3.csv
PRWTFYDYVWGS,background_IGH_cdr3.csv
ARAGGPYSGSYWDASDI,background_IGH_cdr3.csv
D,background_IGH_cdr3.csv
ARRDSGYEPSRLPFDY,background_IGH_cdr3.csv
ADSSGWYTYWFDP,background_IGH_cdr3.csv
LSTAADTAVYCARGADWGDY,background_IGH_cdr3.csv
RELWIQLWLVGPLTT,background_IGH_cdr3.csv
ARGLGGIGVVAATGGSFGMDV,background_IGH_cdr3.csv
ASSVTALVCFD,background_IGH_cdr3.csv
SCYYFDY,background_IGH_cdr3.csv
AKGASYYDADEASEWGFDY,background_IGH_cdr3.csv
AKGASYYDADEASEWGFDY,background_IGH_cdr3.csv
AAASYYGGEASEWGDY,background_IGH_cdr3.csv
AREGIAVAVYWFDP,background_IGH_cdr3.csv
ARGPNSGGPAFDI,background_IGH_cdr3.csv
ITVRDIVLPREYWYFDL,background_IGH_cdr3.csv
ACITVEGGTFD,background_IGH_cdr3.csv
ARDLECTCCCGVDY,background_IGH_cdr3.csv
RQPSVVPTAIRAVWTS,background_IGH_cdr3.csv
ENEDGTTAQLLLLLRYGR,background_IGH_cdr3.csv
ARDPMGYCSSTSCQPTDFSIDY,background_IGH_cdr3.csv
ARVGREPFESPSGSYWGGAFDI,background_IGH_cdr3.csv
ATDRLHGSGSYYNVPSTGYFDY,background_IGH_cdr3.csv
RGSIPEWQQLVGVRG,background_IGH_cdr3.csv
EPDSKIYDILTGPYYYYGMDV,background_IGH_cdr3.csv
RGNYSLRLATMLLIS,background_IGH_cdr3.csv
ARCGVPMGYDSSGGWFDP,background_IGH_cdr3.csv
RDVREFTLEWLSRLYVPTVWTS,background_IGH_cdr3.csv
LVLRS,background_IGH_cdr3.csv
AHGGLNHDILTGWRDDAFDI,background_IGH_cdr3.csv
ARAASSNWFDP,background_IGH_cdr3.csv
I,background_IGH_cdr3.csv
ERLLVRGLRYGR,background_IGH_cdr3.csv
ARDREWITCYYFYYGMDV,background_IGH_cdr3.csv
ASVSGLRFLEWFGHNMDV,background_IGH_cdr3.csv
ARPEGYGSCSSYYDGFDV,background_IGH_cdr3.csv
PRCITVRVLRDY,background_IGH_cdr3.csv
REIMGGGST,background_IGH_cdr3.csv
ARINGRQLLSEYEV,background_IGH_cdr3.csv
ERLLRYGR,background_IGH_cdr3.csv
EAYLRP,background_IGH_cdr3.csv
SAGP,background_IGH_cdr3.csv
ARVIFGDYESYYYYGMDV,background_IGH_cdr3.csv
ARHLDVSSPFDY,background_IGH_cdr3.csv
ARGRRGAYYLDY,background_IGH_cdr3.csv
ARGAGSSWFDY,background_IGH_cdr3.csv
AREGDPRTTSYYYYYSGMDV,background_IGH_cdr3.csv
ATD,background_IGH_cdr3.csv
ARAGYCSSTSCYRLGLEYYFDY,background_IGH_cdr3.csv
NSLRETAVYYAKPVAAND,background_IGH_cdr3.csv
ATHTDADYYVPLDN,background_IGH_cdr3.csv
MDV,background_IGH_cdr3.csv
REAPIWRRDQLPPGSTP,background_IGH_cdr3.csv
KADTAVYCAGMEGSDY,background_IGH_cdr3.csv
AYSSSGYFDY,background_IGH_cdr3.csv
ARPVGLNWVDP,background_IGH_cdr3.csv
AGQFCRGTTCYFDF,background_IGH_cdr3.csv
TAVYYCARVGIAALFDY,background_IGH_cdr3.csv
AKRLLDYGDRGGDYYYYYGMDV,background_IGH_cdr3.csv
AKDRGSTNWYGGIDY,background_IGH_cdr3.csv
ARWSRPANDFWGGYYIPPGSSSWYLDY,background_IGH_cdr3.csv
EQCGLRYGR,background_IGH_cdr3.csv
VRDFPRAIGDY,background_IGH_cdr3.csv
ARVGYFDY,background_IGH_cdr3.csv
RRITVRVAGY,background_IGH_cdr3.csv
GDV,background_IGH_cdr3.csv
ARDKRISSSYGGNWFDY,background_IGH_cdr3.csv
KSYWYGGEQLVRL,background_IGH_cdr3.csv
ERGGWYLLLLRYGR,background_IGH_cdr3.csv
AGGGYCSGGSCYLDY,background_IGH_cdr3.csv
ARTAGEYQLPYYYYGMDV,background_IGH_cdr3.csv
AREQATRDY,background_IGH_cdr3.csv
QI,background_IGH_cdr3.csv
TTARRRGSSDY,background_IGH_cdr3.csv
AKGATPTRDLIDY,background_IGH_cdr3.csv
AKGATPTRDLIDY,background_IGH_cdr3.csv
AKDATTGVLDY,background_IGH_cdr3.csv
D,background_IGH_cdr3.csv
KD,background_IGH_cdr3.csv
ARVDCSSTSCYGEPNWFDS,background_IGH_cdr3.csv
ARVDCSSTSCYGEPNWFDP,background_IGH_cdr3.csv
ASLTLRYFDWSGD,background_IGH_cdr3.csv
AGRYCSSTSCYMAYSSGWGGFDY,background_IGH_cdr3.csv
AKPVVYYYYGMDV,background_IGH_cdr3.csv
ATGPRGGKGSGDSSPFDY,background_IGH_cdr3.csv
ARVTATGTPYFDY,background_IGH_cdr3.csv
ERRVRAAAEKVQLRYGR,background_IGH_cdr3.csv
ARDGDSSGYELDY,background_IGH_cdr3.csv
AAAVYAGSYSRDFDY,background_IGH_cdr3.csv
TRVTQLPHGSGYYADAFDI,background_IGH_cdr3.csv
ARDRVVPAAILYWGQGTLVGVTTSTAYMLSSLRSEDTAVYYCARDRVVPAAILGY,background_IGH_cdr3.csv
YYYYGMDV,background_IGH_cdr3.csv
YGDY,background_IGH_cdr3.csv
ARGIVAAYDY,background_IGH_cdr3.csv
ANLETSAFDV,background_IGH_cdr3.csv
ARDLTGGVVPAARTSYYYYGMDV,background_IGH_cdr3.csv
ATAYYARGRGRTGEFDY,background_IGH_cdr3.csv
ARGYYDY,background_IGH_cdr3.csv
LTRPITLFDWSGD,background_IGH_cdr3.csv
TAVARAGYRWFDP,background_IGH_cdr3.csv
ARVGATRAHYRDSSCYYNGVDY,background_IGH_cdr3.csv
ARSYYYYYGMDV,background_IGH_cdr3.csv
ARERVGTAMVGMLFGDY,background_IGH_cdr3.csv
RDGYYYYGMDV,background_IGH_cdr3.csv
ARVHQRKNWFDP,background_IGH_cdr3.csv
REMYLRT,background_IGH_cdr3.csv
Y,background_IGH_cdr3.csv
ARVPYCSSTSCRWADV,background_IGH_cdr3.csv
ARVGYGGSTSCQYALDV,background_IGH_cdr3.csv
Y,background_IGH_cdr3.csv
ETCVGSVRL,background_IGH_cdr3.csv
ARDPTSYDFWSGYRFHTNWFDP,background_IGH_cdr3.csv
ARDRGSITIFGVIYVGMDV,background_IGH_cdr3.csv
ARSPTKGGNWFDP,background_IGH_cdr3.csv
ESTVLRLEWLQLRYGR,background_IGH_cdr3.csv
ARMHRGHYGIDF,background_IGH_cdr3.csv
ARGSGWPYYFDY,background_IGH_cdr3.csv
ERAYSSSWYGRQ,background_IGH_cdr3.csv
AGTSDPHAFDI,background_IGH_cdr3.csv
GGLVMDV,background_IGH_cdr3.csv
ERGEDYDFWSGYQTLLLLRYGR,background_IGH_cdr3.csv
ERLVWLPL,background_IGH_cdr3.csv
TADTAVYYCARDGNYGY,background_IGH_cdr3.csv
ERRELWPGRL,background_IGH_cdr3.csv
DIVAPFD,background_IGH_cdr3.csv
ARDCRLSKRYFDGLVKPSIIWYFDL,background_IGH_cdr3.csv
ARRTTGARTYFDY,background_IGH_cdr3.csv
ARDSTIFGSGSEDYFDY,background_IGH_cdr3.csv
ATLAVSG,background_IGH_cdr3.csv
DY,background_IGH_cdr3.csv
RRGSVVVPAASRTTCTSIS,background_IGH_cdr3.csv
AYSSSSYSDY,background_IGH_cdr3.csv
CGAFDI,background_IGH_cdr3.csv
ARGSGPARLYYYDSSGYRDDAFDI,background_IGH_cdr3.csv
ARGLRVVRAAANWFDH,background_IGH_cdr3.csv
ERSVPQRL,background_IGH_cdr3.csv
ARADWGGNWFDP,background_IGH_cdr3.csv
ARERFGFGVVTKEYYGMDV,background_IGH_cdr3.csv
ARVPPKTLVVPAATWAYYYGMDV,background_IGH_cdr3.csv
ARDWLPYYDFWSDILGAFDI,background_IGH_cdr3.csv
ARDHGYYNSSGYLDY,background_IGH_cdr3.csv
ARHEGYYDFWSGPKASYGMDV,background_IGH_cdr3.csv
AGPGYPGDQQ,background_IGH_cdr3.csv
ARVRRYNWNYSYGMDV,background_IGH_cdr3.csv
APWFDP,background_IGH_cdr3.csv
ARDPGHQTKYCSSTSCPWPTNYYGMDV,background_IGH_cdr3.csv
GDY,background_IGH_cdr3.csv
YYM,background_IGH_cdr3.csv
ARGRDYCSGYYGMDV,background_IGH_cdr3.csv
ARLLGSDALDI,background_IGH_cdr3.csv
AREGFWSGYPQHYYYYYGMDV,background_IGH_cdr3.csv
TAAYYCATDAFDI,background_IGH_cdr3.csv
AGDNPPDYYDSTDDAFDI,background_IGH_cdr3.csv
ASTPINVLRYFDRSGWFDP,background_IGH_cdr3.csv
ARGQLQCGDDAFDI,background_IGH_cdr3.csv
EVDY,background_IGH_cdr3.csv
ARDGNWNPTGRPFFDY,background_IGH_cdr3.csv
ARDDSSCGNDGWFDY,background_IGH_cdr3.csv
ASVGTDY,background_IGH_cdr3.csv
AVRTYGMDV,background_IGH_cdr3.csv
SKNKLSSVTAADTAVYCARWVY,background_IGH_cdr3.csv
ASFDYPSGY,background_IGH_cdr3.csv
ARYQAVRATERYNAFDI,background_IGH_cdr3.csv
ARTKLHYSGGWFDP,background_IGH_cdr3.csv
HVTQLVRP,background_IGH_cdr3.csv
TAVYCGTFDY,background_IGH_cdr3.csv
ERGLLLRYGR,background_IGH_cdr3.csv
ERVCWKRYSSSWYFRL,background_IGH_cdr3.csv
ERSLAWL,background_IGH_cdr3.csv
ARSSSYHNTYFDY,background_IGH_cdr3.csv
GD,background_IGH_cdr3.csv
ARAERSYGSGDYYYGMDV,background_IGH_cdr3.csv
ARRRVRITMVRGVIGYFDY,background_IGH_cdr3.csv
YGD,background_IGH_cdr3.csv
D,background_IGH_cdr3.csv
RTVRLTT,background_IGH_cdr3.csv
ARVAGTTYYYYGMDV,background_IGH_cdr3.csv
ARAKGDYDFWSGYLSSDY,background_IGH_cdr3.csv
NAKNTVYLQMNSLRAEDTAVYYCASRLGY,background_IGH_cdr3.csv
AGAEGGCSSTSCYRYNWFDP,background_IGH_cdr3.csv
ARGVVVIDPVRVNWFDP,background_IGH_cdr3.csv
ARGAGSSWFDYWGAAYGAGSSWFDY,background_IGH_cdr3.csv
CGPYYYGMDV,background_IGH_cdr3.csv
RVERGGGGVISLGLLLLRYGR,background_IGH_cdr3.csv
ARRSRGTWPFDY,background_IGH_cdr3.csv
ETDKPKLARVCLVLVRP,background_IGH_cdr3.csv
ARSEDSSSWYWAFDI,background_IGH_cdr3.csv
ARPCGGLDY,background_IGH_cdr3.csv
ENLRRLYCSSTSCQGVLVRP,background_IGH_cdr3.csv
LRPVRP,background_IGH_cdr3.csv
AREQHTMIVAKPRGAFDI,background_IGH_cdr3.csv
YFD,background_IGH_cdr3.csv
AGWCYFD,background_IGH_cdr3.csv
ARGRGIKADYDFWSADAFDI,background_IGH_cdr3.csv
TTDPVSSSHWKDAFDI,background_IGH_cdr3.csv
FD,background_IGH_cdr3.csv
ALVQGV,background_IGH_cdr3.csv
ARKLQMYARGSP,background_IGH_cdr3.csv
AREGGGATKFLHAFDI,background_IGH_cdr3.csv
ARDLGRVALPCFDY,background_IGH_cdr3.csv
GGGGGIALMLLIS,background_IGH_cdr3.csv
PTRPCITVRGGGWRYF,background_IGH_cdr3.csv
AREVYSSGFDY,background_IGH_cdr3.csv
ARRTNWNDEGGENWFDP,background_IGH_cdr3.csv
RENVASTTTVWTS,background_IGH_cdr3.csv
ARSPLLGYSSQDAFDI,background_IGH_cdr3.csv
ARGEGDYFDY,background_IGH_cdr3.csv
REVGTPITIFGVVITLTT,background_IGH_cdr3.csv
ARYCSSTSCYNYYYYYGMDV,background_IGH_cdr3.csv
AVGATVDY,background_IGH_cdr3.csv
AGGACCYYYYGMDV,background_IGH_cdr3.csv
ERRSVSGYSSPLRYGR,background_IGH_cdr3.csv
ARATGDY,background_IGH_cdr3.csv
REIPIGWGSGSYYFRSSGKTGSTP,background_IGH_cdr3.csv
AKDRDRVYGDYFPLFDY,background_IGH_cdr3.csv
ARDKRYCSSTSCYKVDYYYGMADCSSTSKVDYYYGMDV,background_IGH_cdr3.csv
ARDGCYYYYYGMDV,background_IGH_cdr3.csv
TL,background_IGH_cdr3.csv
AKVPHYNDGSGLHFD,background_IGH_cdr3.csv
RDTGVVIPID,background_IGH_cdr3.csv
ARGGGYYGMDV,background_IGH_cdr3.csv
ARGYYFDY,background_IGH_cdr3.csv
AAAVYARQLWRNWGFDP,background_IGH_cdr3.csv
ARGRPRIAARRGMDV,background_IGH_cdr3.csv
ARGSEESYGWRDY,background_IGH_cdr3.csv
ATTMLASPYYFDY,background_IGH_cdr3.csv
AKVDCSGGSCSSPFDY,background_IGH_cdr3.csv
ARAYCNDSKGRFTISRNSKNTLYLQMNSLRAEDTAVYYCARDHDGSSGGKYFDY,background_IGH_cdr3.csv
ERSPGSCKGQGPSV,background_IGH_cdr3.csv
AADTAYARAYYGDNWYFDL,background_IGH_cdr3.csv
ARDYSSDDFDY,background_IGH_cdr3.csv
G,background_IGH_cdr3.csv
ATACARLGDPDY,background_IGH_cdr3.csv
ASVGDGYPPFDY,background_IGH_cdr3.csv
LRSDTAVYAGWSPY,background_IGH_cdr3.csv
ATGFIDYDFWSGYHYYYGMDV,background_IGH_cdr3.csv
RSPAIVLMVYATVWTS,background_IGH_cdr3.csv
ASRYCSGGSCYVNAFDI,background_IGH_cdr3.csv
YGMDV,background_IGH_cdr3.csv
AAYYFDY,background_IGH_cdr3.csv
ARGGVEYDPAREYYYGGMDV,background_IGH_cdr3.csv
ARVSNGYYFDY,background_IGH_cdr3.csv
ARASGELYYYYGMDV,background_IGH_cdr3.csv
AGRIVGASGLGHWFFDL,background_IGH_cdr3.csv
ARAPRMCSSTSCYTGGRGFDY,background_IGH_cdr3.csv
ARDLHPHSATRNWFDH,background_IGH_cdr3.csv
ARGPVAQETAGAGYFDY,background_IGH_cdr3.csv
ARDHSSSWYLYYYYGMDV,background_IGH_cdr3.csv
ARAGLGSSWYGGNYYFDY,background_IGH_cdr3.csv
AKERTMIVVALDY,background_IGH_cdr3.csv
YD,background_IGH_cdr3.csv
RRALLLRYGR,background_IGH_cdr3.csv
GHQQQEAVANEQPESGHGCVLLCEASSGAYYFDY,background_IGH_cdr3.csv
ERQSLRDDLYDFWTLQLVRP,background_IGH_cdr3.csv
ARVLLLWFGEPRALDY,background_IGH_cdr3.csv
ERATRSRL,background_IGH_cdr3.csv
ARGRSYQLLSNWFDP,background_IGH_cdr3.csv
ARDRGGMGYDYVWGSYRYTGDAFDI,background_IGH_cdr3.csv
ARGEYYGGGSYDCFDY,background_IGH_cdr3.csv
ARRAGGLRRYSDAFDI,background_IGH_cdr3.csv
HFVQTNGGCFLRYGR,background_IGH_cdr3.csv
TTDLKDYDFWSGYYTGITDTDAFDI,background_IGH_cdr3.csv
ARPDIVVVPAAIIPGMDA,background_IGH_cdr3.csv
CIRGSYGMDV,background_IGH_cdr3.csv
ARENHSSSWYGTIVEFDY,background_IGH_cdr3.csv
RLWWLGAVTS,background_IGH_cdr3.csv
AREYCSSTSCLHYWYFDL,background_IGH_cdr3.csv
EVLVRP,background_IGH_cdr3.csv
ARVRDRSAGNYYHGIDY,background_IGH_cdr3.csv
ERQLMAAAYVFR,background_IGH_cdr3.csv
ARVGTDY,background_IGH_cdr3.csv
SGSKSFAMADN,background_IGH_cdr3.csv
GDY,background_IGH_cdr3.csv
ARVQRVFALS,background_IGH_cdr3.csv
ARVSHDSSGYPLGAFDI,background_IGH_cdr3.csv
AAEILDSCGLPDY,background_IGH_cdr3.csv
ARVGDGSWYGDYYYGMDV,background_IGH_cdr3.csv
ARDYPSSGWALRG,background_IGH_cdr3.csv
TIGIW,background_IGH_cdr3.csv
GSYQLVRP,background_IGH_cdr3.csv
AAGESGDY,background_IGH_cdr3.csv
ARLRRITIFGVVSYYCDY,background_IGH_cdr3.csv
CITVRETVITYGMDV,background_IGH_cdr3.csv
ARGYRSYGTGYYFDY,background_IGH_cdr3.csv
ATYKSANFDY,background_IGH_cdr3.csv
ARDRYYYYYGMDV,background_IGH_cdr3.csv
ARGRLLSSGYDY,background_IGH_cdr3.csv
ERRWRGLLLLRYGR,background_IGH_cdr3.csv
AVVVRDAFDI,background_IGH_cdr3.csv
ARNWGGPNTYYDFWSGYSSFDY,background_IGH_cdr3.csv
RETTSTCIAARPTTVWTS,background_IGH_cdr3.csv
ATGPD,background_IGH_cdr3.csv
ARESCSSTSCFNWFDP,background_IGH_cdr3.csv
AKDPASGWYGTYGMDV,background_IGH_cdr3.csv
ERGTYCSGGTLRYGR,background_IGH_cdr3.csv
ARHPGSMAVADNGGLTAADTAVYYCAPGSMAVADNYFDY,background_IGH_cdr3.csv
ATTVGARRGQEYRVGAKYYFDY,background_IGH_cdr3.csv
ARSAGGGDYCSSTSCLIHYYGMDV,background_IGH_cdr3.csv
AKVLRSWDSSGMGYDLDY,background_IGH_cdr3.csv
GD,background_IGH_cdr3.csv
ESLLRVVL,background_IGH_cdr3.csv
ARGAYYYYGMDV,background_IGH_cdr3.csv
ARSTTSWYGNSFDF,background_IGH_cdr3.csv
ITRPGD,background_IGH_cdr3.csv
ARTGDDAFD,background_IGH_cdr3.csv
ARGTD,background_IGH_cdr3.csv
ERWGWGYSSSL,background_IGH_cdr3.csv
ARDNQQWMSHDV,background_IGH_cdr3.csv
TYCTSYYGMDV,background_IGH_cdr3.csv
ANPNSTD,background_IGH_cdr3.csv
ARGFDCTNGVCGAFDI,background_IGH_cdr3.csv
AEVCSFDY,background_IGH_cdr3.csv
ARSLVPWSGYYKAPFDY,background_IGH_cdr3.csv
DY,background_IGH_cdr3.csv
RPRYWNYYGMDVWGQGTTVTVSGRTMTRAMELSRLSDTAYYARPYWNYYGMDV,background_IGH_cdr3.csv
AKEVRYGSSYYLDY,background_IGH_cdr3.csv
ARCSSSYGMDV,background_IGH_cdr3.csv
LALETDPMTIFGVPTMTKRPPLSSSIS,background_IGH_cdr3.csv
ARGGDAFDI,background_IGH_cdr3.csv
ARPVVPAAIGYFQH,background_IGH_cdr3.csv
ARVPPKTVVVPAATWAYYYGMDV,background_IGH_cdr3.csv
VDKATYYCAHTRRIAAAGTNFDY,background_IGH_cdr3.csv
GPLAYYYGMDV,background_IGH_cdr3.csv
ASWSTPAYNILTSYYGRDGFDI,background_IGH_cdr3.csv
ARDRDCSGGSCLYYYYYGMDV,background_IGH_cdr3.csv
LLPGTNGMDV,background_IGH_cdr3.csv
ERYGWLRLLGLLLLLRYGR,background_IGH_cdr3.csv
AYCSSTSCYNYYYYYGMDV,background_IGH_cdr3.csv
ARGTMTVTWFDP,background_IGH_cdr3.csv
RPVYGMDV,background_IGH_cdr3.csv
ARDFPGDSSGFDY,background_IGH_cdr3.csv
ARCPTDSSGYYYMGSAMGV,background_IGH_cdr3.csv
ARERDYDSRSDFGAY,background_IGH_cdr3.csv
ASLTPRGGIGYSYVPFLRNYYYYGMDV,background_IGH_cdr3.csv
ARYSRSYFCYYYWIDP,background_IGH_cdr3.csv
ARDRGSITIFGVIYVGMDV,background_IGH_cdr3.csv
ARDRRDVELLASAPGAPGEGYGMDV,background_IGH_cdr3.csv
V,background_IGH_cdr3.csv
ARVTATGTPYFDY,background_IGH_cdr3.csv
ARAIMITFGGVIARDWYFDL,background_IGH_cdr3.csv
ARSSRRLSISPHYSYGMDV,background_IGH_cdr3.csv
AREYFDIVATIIRGYYFDY,background_IGH_cdr3.csv
ARDREGPPASFFDY,background_IGH_cdr3.csv
ARDRWLFDP,background_IGH_cdr3.csv
ARGENYNAFDI,background_IGH_cdr3.csv
ARWGYGMDV,background_IGH_cdr3.csv
AGRDSDAFDI,background_IGH_cdr3.csv
ARRDSGSPDY,background_IGH_cdr3.csv
ARVGTVLMVYAIPYNWFDP,background_IGH_cdr3.csv
AKDVRIQLWLGWFDP,background_IGH_cdr3.csv
ARELVVPAAVVFDY,background_IGH_cdr3.csv
ARDAYSSGYPRPLDY,background_IGH_cdr3.csv
DY,background_IGH_cdr3.csv
ARARIWFGEGYYYYGMDV,background_IGH_cdr3.csv
RLCITVRRGSAFDI,background_IGH_cdr3.csv
EIDGPLRP,background_IGH_cdr3.csv
ETPPGVISRVVRP,background_IGH_cdr3.csv
ARDKGRYWEWLLLDYYYGMGV,background_IGH_cdr3.csv
ARRTTGAQTYFDY,background_IGH_cdr3.csv
KIRSNLLVLRS,background_IGH_cdr3.csv
T,background_IGH_cdr3.csv
ARDSIVEPSETNPFDY,background_IGH_cdr3.csv
ARYSSYWDY,background_IGH_cdr3.csv
ARALLAAAGPPFGY,background_IGH_cdr3.csv
ARRDVAAATTFDY,background_IGH_cdr3.csv
ARLRIFGGVTHYYGMDV,background_IGH_cdr3.csv
ARDVCLIKWGLLIYFDY,background_IGH_cdr3.csv
ARYGGSYWFDL,background_IGH_cdr3.csv
ARRPGYSSGWFPSYWYFDL,background_IGH_cdr3.csv
DYYFDY,background_IGH_cdr3.csv
AHRGWLGFDY,background_IGH_cdr3.csv
ARGLDYYDSSGEGNY,background_IGH_cdr3.csv
ARVGEDSSFDY,background_IGH_cdr3.csv
AREKTYDSGTFDY,background_IGH_cdr3.csv
ARVPQY,background_IGH_cdr3.csv
ARRKAGVGAPIDY,background_IGH_cdr3.csv
RLGIS,background_IGH_cdr3.csv
TVREVVVPAAGNWFD,background_IGH_cdr3.csv
ARLTFGP,background_IGH_cdr3.csv
ARDISHLIAVAAYARWYFDL,background_IGH_cdr3.csv
ARARIDGYGSGGTWFDY,background_IGH_cdr3.csv
ARGLYYYGMDV,background_IGH_cdr3.csv
AKAHGRGSGSYTDY,background_IGH_cdr3.csv
ARDAFD,background_IGH_cdr3.csv
RDSRGITMIVVVITTGTTATVWTS,background_IGH_cdr3.csv
ATDSKRELLYAFDI,background_IGH_cdr3.csv
ARVTATGTPYFDY,background_IGH_cdr3.csv
ARGYYDFWSGYYYYYYGMDV,background_IGH_cdr3.csv
ARFHSSSWYDLFDY,background_IGH_cdr3.csv
ESYQIPR,background_IGH_cdr3.csv
VATTYGMV,background_IGH_cdr3.csv
RDVSDDTLVGATRRVLLIS,background_IGH_cdr3.csv
ARGSGGSDWFDY,background_IGH_cdr3.csv
ARYDSSCYGY,background_IGH_cdr3.csv
ARGAPGERVVEWLPVDPVRYYYYGMDV,background_IGH_cdr3.csv
AREREEDTAMPYNWFDP,background_IGH_cdr3.csv
ARGDYYGDSSGSAFDY,background_IGH_cdr3.csv
KSYWYGGEQLVRP,background_IGH_cdr3.csv
ARGNWDY,background_IGH_cdr3.csv
IVDY,background_IGH_cdr3.csv
RDCIRGTIFGVVIIPRPTTLTT,background_IGH_cdr3.csv
VARGVAYYYYGMDV,background_IGH_cdr3.csv
ERLKRYDFWSGRQGRRARVRYGR,background_IGH_cdr3.csv
TAISTAYMELSRLRSDDTAVYYCASESSSGCR,background_IGH_cdr3.csv
MD,background_IGH_cdr3.csv
AGVVGVDY,background_IGH_cdr3.csv
ARDRVYGMDV,background_IGH_cdr3.csv
ETGYSSWRL,background_IGH_cdr3.csv
ARGWWSGGAFDY,background_IGH_cdr3.csv
ARSRRYFDY,background_IGH_cdr3.csv
AIVVVTAIGLAGYGMDV,background_IGH_cdr3.csv
ARPMARHDSGLYYFDS,background_IGH_cdr3.csv
AKDEQLPDYDFWSGYYNY,background_IGH_cdr3.csv
ESYQIRR,background_IGH_cdr3.csv
ARDLRLWYPKYGMDV,background_IGH_cdr3.csv
ARSTVTTYASRENQPGYFDL,background_IGH_cdr3.csv
SLLLLRYGR,background_IGH_cdr3.csv
SGRLLLLRYGR,background_IGH_cdr3.csv
ASRVIWGSGNAFDI,background_IGH_cdr3.csv
REAVRRFLEGLERGGGSTP,background_IGH_cdr3.csv
EIKGDKGQLVRP,background_IGH_cdr3.csv
GWFDP,background_IGH_cdr3.csv
ETCGVPSCWRFPL,background_IGH_cdr3.csv
LAPATVTTRGLMMLLIA,background_IGH_cdr3.csv
ARGTGPGYDY,background_IGH_cdr3.csv
ARELRLWYPKYGMDV,background_IGH_cdr3.csv
AKALTIPEGIAAAGIQSADLSSGWPIDY,background_IGH_cdr3.csv
GGDVGVGPYSYGYSLHYYGMDV,background_IGH_cdr3.csv
YYYAFVVDAPDY,background_IGH_cdr3.csv
YGFDD,background_IGH_cdr3.csv
ARDRQSTGGFDY,background_IGH_cdr3.csv
ARDSSLVVAAWGYYFDY,background_IGH_cdr3.csv
AEYAWDAFDI,background_IGH_cdr3.csv
TVRVVKYYYGMDV,background_IGH_cdr3.csv
ARDDVVVPAAPPLGDY,background_IGH_cdr3.csv
QLVVAADTAIYYCARLPRGSGSF,background_IGH_cdr3.csv
ARDSDCDSRRNGNYFDY,background_IGH_cdr3.csv
ARQRPEIVVVVAALGLTGETGNLDY,background_IGH_cdr3.csv
VKGSRSPILTDNWFDP,background_IGH_cdr3.csv
ATAVYYAGVPD,background_IGH_cdr3.csv
AKDNNIYYSGWYDAGRYWYFDL,background_IGH_cdr3.csv
WFDP,background_IGH_cdr3.csv
VYCARVAYGYYYGMDV,background_IGH_cdr3.csv
AAYYCASVGIDAFDI,background_IGH_cdr3.csv
AGRGVAVFDY,background_IGH_cdr3.csv
AREGTHSITIFGVVDY,background_IGH_cdr3.csv
AIPPRDGSGNSLNRFDY,background_IGH_cdr3.csv
TAVYYCARVRVDAFDI,background_IGH_cdr3.csv
ARDGGIQLWLTPKYYFDH,background_IGH_cdr3.csv
ARRAVAGPHCFDY,background_IGH_cdr3.csv
ARVGREPFDAPSGSYWGGAFDI,background_IGH_cdr3.csv
RVRVLFTMIVVVIIIRYTTLTT,background_IGH_cdr3.csv
AREENIAAAHMDV,background_IGH_cdr3.csv
AKELRFLEWLLDY,background_IGH_cdr3.csv
ARGAYCFDPP,background_IGH_cdr3.csv
REVLTTTVWTS,background_IGH_cdr3.csv
ARFDL,background_IGH_cdr3.csv
ARESLGGKWFGELLSPYYGMDV,background_IGH_cdr3.csv
ARGASGRD,background_IGH_cdr3.csv
ARDPRHITGTKYWYFDL,background_IGH_cdr3.csv
ARFKAFAMADY,background_IGH_cdr3.csv
ASSGYQY,background_IGH_cdr3.csv
ERSFVVN,background_IGH_cdr3.csv
TRQQGPAAIYGMDV,background_IGH_cdr3.csv
RDTSPTVVILTT,background_IGH_cdr3.csv
NRFGIFSCSSTSCQVLLLRYGR,background_IGH_cdr3.csv
TAYARHGPGS,background_IGH_cdr3.csv
ARETHTTKPHGSGSYGVFDY,background_IGH_cdr3.csv
ENRVLRFLEWLLSFRFVLVRP,background_IGH_cdr3.csv
P,background_IGH_cdr3.csv
RIEEVLRFLESSMSVWTS,background_IGH_cdr3.csv
ARGRVAARPDGYFD,background_IGH_cdr3.csv
SLLSSVTAADTAVYYCAAPNYFDY,background_IGH_cdr3.csv
DV,background_IGH_cdr3.csv
AKGGDALPFDY,background_IGH_cdr3.csv
ASARFGVVIGYGY,background_IGH_cdr3.csv
ARDAAAGTPFGDY,background_IGH_cdr3.csv
SSKLSSVTAADTVYYCAT,background_IGH_cdr3.csv
ERRGRDCWSLLLLLLRYGR,background_IGH_cdr3.csv
TSPPEGDSSGYYIY,background_IGH_cdr3.csv
AREASVLRFLEWLPKELEGGMDV,background_IGH_cdr3.csv
ARFYCSYGLDV,background_IGH_cdr3.csv
ARQNLYCSGGSCNNWFDP,background_IGH_cdr3.csv
VAGTWFDP,background_IGH_cdr3.csv
ARGSSGEWLFRWYYGMDV,background_IGH_cdr3.csv
ARMGGRYHDILTGPNYFDF,background_IGH_cdr3.csv
ESETSCYMGLLLRYGR,background_IGH_cdr3.csv
ARVGRGNIYGYGDY,background_IGH_cdr3.csv
ARDQYLMVRGKNPEGY,background_IGH_cdr3.csv
AL,background_IGH_cdr3.csv
AKDFGILNYYSGMDV,background_IGH_cdr3.csv
YYLDY,background_IGH_cdr3.csv
ERPYSSGWLVRP,background_IGH_cdr3.csv
GGCVLLCESGPG,background_IGH_cdr3.csv
ARYSYCSSTSCLSPFDY,background_IGH_cdr3.csv
RDSLITMIVVVLLTT,background_IGH_cdr3.csv
HTAGLELIIGPTT,background_IGH_cdr3.csv
ARAAVVTGFDY,background_IGH_cdr3.csv
ARGIAARQNYFGELYGMDV,background_IGH_cdr3.csv
ARQGAAADPVVYYYYGMDV,background_IGH_cdr3.csv
REGGAAAGTTTGSTP,background_IGH_cdr3.csv
ARGDYYASETTGR,background_IGH_cdr3.csv
ARDPRGGSFDY,background_IGH_cdr3.csv
ARDRGYGRSWYGGTFDY,background_IGH_cdr3.csv
D,background_IGH_cdr3.csv
D,background_IGH_cdr3.csv
ERTACRQLVRP,background_IGH_cdr3.csv
ARDPRIAAAGTP,background_IGH_cdr3.csv
ARRYYYYYGMDV,background_IGH_cdr3.csv
ARDHRTYYYGSSGYFGFDH,background_IGH_cdr3.csv
AHPRFD,background_IGH_cdr3.csv
ASWSTPAYNMLTSYYGRDGVDI,background_IGH_cdr3.csv
ARSHDSSGYYRPDAFDI,background_IGH_cdr3.csv
PRTRITVREAVLV,background_IGH_cdr3.csv
ARERGCFSDY,background_IGH_cdr3.csv
ARGGSYGYYGIDD,background_IGH_cdr3.csv
DP,background_IGH_cdr3.csv
ARVFRGEAAANNVLDH,background_IGH_cdr3.csv
ARGRQRITIFGVVTGYYYGMDV,background_IGH_cdr3.csv
ATIKTYYDRSGYYLQLNGMDV,background_IGH_cdr3.csv
YSSAVGY,background_IGH_cdr3.csv
STAAAYYCA,background_IGH_cdr3.csv
TTELLIYNSESGYLTGFDY,background_IGH_cdr3.csv
ETLLGTRP,background_IGH_cdr3.csv
AGVVTLYGMDV,background_IGH_cdr3.csv
ARGGYSTLPDAFDI,background_IGH_cdr3.csv
ARVWNGY,background_IGH_cdr3.csv
ARDSRHVPAGSYGMDV,background_IGH_cdr3.csv
ARGRDYDYGMDV,background_IGH_cdr3.csv
GDY,background_IGH_cdr3.csv
ARGAVVAATDY,background_IGH_cdr3.csv
ARDVYSSSWYWFDP,background_IGH_cdr3.csv
ARSDPRKYDSSGYLYYYFYYGMDV,background_IGH_cdr3.csv
AAVYCASY,background_IGH_cdr3.csv
ASAPKDALVVPAAIGPPYYYYGMDV,background_IGH_cdr3.csv
AREDCSSGTSCYYFDY,background_IGH_cdr3.csv
AGGQKQWLVGQSPDGMDV,background_IGH_cdr3.csv
ARVSSSWYYYYYGMDV,background_IGH_cdr3.csv
ARVSSSWYYYYGMDV,background_IGH_cdr3.csv
T,background_IGH_cdr3.csv
ARGGGSSWNHNWFDP,background_IGH_cdr3.csv
TTDIPLSLRRRQWELLNLGVSVDWFDP,background_IGH_cdr3.csv
EPWFDLLRYGR,background_IGH_cdr3.csv
ERQQLVQCRYGR,background_IGH_cdr3.csv
VRGPGRTAPEVNY,background_IGH_cdr3.csv
EIDSSGWAPEPPDSRILVLRS,background_IGH_cdr3.csv
GEIRITLITVVPIACLNTSNT,background_IGH_cdr3.csv
ARGGNYFDL,background_IGH_cdr3.csv
ARDEDY,background_IGH_cdr3.csv
ARGNYFDP,background_IGH_cdr3.csv
ASLFADSSGLLDY,background_IGH_cdr3.csv
RELPRLVAGGHIAVAGPMLLIS,background_IGH_cdr3.csv
AKDIVVVPAAGDY,background_IGH_cdr3.csv
REMYWRT,background_IGH_cdr3.csv
ARRTPTIAVAGTYNWVDP,background_IGH_cdr3.csv
RDKGDIVVVVAATHIGSTP,background_IGH_cdr3.csv
ARDRDFWSGRYYYYGMDV,background_IGH_cdr3.csv
ERTQLSGSWLVLLLLRYGR,background_IGH_cdr3.csv
IGWLQLVRL,background_IGH_cdr3.csv
ESLQCLL,background_IGH_cdr3.csv
ARESSKVGTPDY,background_IGH_cdr3.csv
ARVGLYSSGWYDAYYFDY,background_IGH_cdr3.csv
AREVGYGSLSGYFDY,background_IGH_cdr3.csv
ARGVSYDILTGYSF,background_IGH_cdr3.csv
RAGGLIVVAAIMLLIS,background_IGH_cdr3.csv
ARGIRVTIFGVVIDYYYYYGMDV,background_IGH_cdr3.csv
GYYYGMDV,background_IGH_cdr3.csv
ARDPTSYGRHTD,background_IGH_cdr3.csv
ARVDGTMIVVS,background_IGH_cdr3.csv
ARDASSGYSNNWFDP,background_IGH_cdr3.csv
GDY,background_IGH_cdr3.csv
ARVVVPAASYGMDV,background_IGH_cdr3.csv
ATDTSFDAYDR,background_IGH_cdr3.csv
GTLVYGDYSPRYYYYGMDV,background_IGH_cdr3.csv
ARTRGNYYYYGMDV,background_IGH_cdr3.csv
ARVSPDSYDYVCGSYRPNWFDP,background_IGH_cdr3.csv
ERSAAGYGGTGVLRS,background_IGH_cdr3.csv
ARDGGYSGYDF,background_IGH_cdr3.csv
ARLGTGYYYGMDV,background_IGH_cdr3.csv
RAGT,background_IGH_cdr3.csv
ASGVCSSTGCLENYWYFDL,background_IGH_cdr3.csv
TRESEDFTIFGYGMDV,background_IGH_cdr3.csv
DV,background_IGH_cdr3.csv
ERCPDSGYDELPRGL,background_IGH_cdr3.csv
V,background_IGH_cdr3.csv
REVVGATGLLIS,background_IGH_cdr3.csv
SIVATMGEGYYGMDV,background_IGH_cdr3.csv
RRLTT,background_IGH_cdr3.csv
ARGGYYYGMDV,background_IGH_cdr3.csv
AREVGIVVVPAAIHYYYGMDV,background_IGH_cdr3.csv
ARDPKGAFDI,background_IGH_cdr3.csv
ETHAVRP,background_IGH_cdr3.csv
ARGGQLGIGY,background_IGH_cdr3.csv
ARRPGYCSSISCPPYYHSGMDV,background_IGH_cdr3.csv
ARDHFGILAYCGGDCYSRGDY,background_IGH_cdr3.csv
TRSGPTFWYFDL,background_IGH_cdr3.csv
ARGRDSGYGMDV,background_IGH_cdr3.csv
AREAESRAIADGWYLDY,background_IGH_cdr3.csv
AGETRNNRDGYNRAGY,background_IGH_cdr3.csv
ATDGLEGSGNYYYYGMDV,background_IGH_cdr3.csv
AREAESRYSSGWYPDY,background_IGH_cdr3.csv
ARGWGRSDPITGFDY,background_IGH_cdr3.csv
RRPPVPVWTS,background_IGH_cdr3.csv
I,background_IGH_cdr3.csv
AGVGLGGVGATRSHRYYYYYGMDV,background_IGH_cdr3.csv
ARENSDGGSGSYYSNGIDF,background_IGH_cdr3.csv
ARGRMDIAVGDY,background_IGH_cdr3.csv
D,background_IGH_cdr3.csv
YCRWDYGD,background_IGH_cdr3.csv
TAVCRAVSARVYYYYGMDV,background_IGH_cdr3.csv
REIYYSTVWTS,background_IGH_cdr3.csv
ARDTPRPKSRSGSYPNDPESEYFQH,background_IGH_cdr3.csv
AREWGRDGSGSDYNVEGVIREYYYYGMDV,background_IGH_cdr3.csv
ARLVPAVMDGFDY,background_IGH_cdr3.csv
V,background_IGH_cdr3.csv
ARAGAKTYYDSSGFDH,background_IGH_cdr3.csv
P,background_IGH_cdr3.csv
ETQRGYSYGCWV,background_IGH_cdr3.csv
ARHDYYDSSGYYYEGDFDY,background_IGH_cdr3.csv
ARDQMAAAGTCFDY,background_IGH_cdr3.csv
ASEPRYWTNGVCQREFWFDP,background_IGH_cdr3.csv
ERWL,background_IGH_cdr3.csv
RGSVAARLSTP,background_IGH_cdr3.csv
ERLRDCFIRLWPRLVWL,background_IGH_cdr3.csv
HRVHGCYTLLLLRYGR,background_IGH_cdr3.csv
ATIKTYYDSSGYYLQLNGMDV,background_IGH_cdr3.csv
DGLPLVGSSTGCYRPREVQLVRP,background_IGH_cdr3.csv
EADAYHSSGWYLQLVRP,background_IGH_cdr3.csv
TAVYYARTGWGSGYGPGVY,background_IGH_cdr3.csv
ARDRFGTSITDFDY,background_IGH_cdr3.csv
ARGRFDI,background_IGH_cdr3.csv
ARVVLAATLADY,background_IGH_cdr3.csv
ARTCTNGVCYPYHYYGMDV,background_IGH_cdr3.csv
ARDFSPPYWYFDL,background_IGH_cdr3.csv
ARGDGSSGD,background_IGH_cdr3.csv
DTAYYVRFVVVPAAES,background_IGH_cdr3.csv
CEGYYGMDV,background_IGH_cdr3.csv
V,background_IGH_cdr3.csv
DTAYYCARGAD,background_IGH_cdr3.csv
CITVRFTIFGVVGMDV,background_IGH_cdr3.csv
YSARDQVR,background_IGH_cdr3.csv
AGGGVGYGMDV,background_IGH_cdr3.csv
EGAEYGGSCRY,background_IGH_cdr3.csv
ARTTGSSYFDH,background_IGH_cdr3.csv
ARESGGLWIDYDYGTDV,background_IGH_cdr3.csv
ATDLGKAYNWFDP,background_IGH_cdr3.csv
STAATAVYCARPQLV,background_IGH_cdr3.csv
ERGPQLLRYGR,background_IGH_cdr3.csv
SITGEDSDFDY,background_IGH_cdr3.csv
YY,background_IGH_cdr3.csv
SS,background_IGH_cdr3.csv
GGFD,background_IGH_cdr3.csv
ARVGSGKRPKGYFDY,background_IGH_cdr3.csv
ARDPGDSGWYGFDY,background_IGH_cdr3.csv
ARTVVAYYYYGMDV,background_IGH_cdr3.csv
HRTAH,background_IGH_cdr3.csv
DY,background_IGH_cdr3.csv
TCARVEYYFD,background_IGH_cdr3.csv
ARQPPGGCFDY,background_IGH_cdr3.csv
ARELVAAAGIWLPPNWFDP,background_IGH_cdr3.csv
REDIVVVPDAMGFVVPTSMLLIS,background_IGH_cdr3.csv
REPRLLLRYGR,background_IGH_cdr3.csv
ARAAIGREGYRFD,background_IGH_cdr3.csv
MDV,background_IGH_cdr3.csv
TSC,background_IGH_cdr3.csv
ARVGCSSTSYYYYYGMDV,background_IGH_cdr3.csv
YFDY,background_IGH_cdr3.csv
ERGGCNWYPHSPGGL,background_IGH_cdr3.csv
ARGAGRLAYCGGDCYWSDY,background_IGH_cdr3.csv
Y,background_IGH_cdr3.csv
EGYSPESMVELLLLRYGR,background_IGH_cdr3.csv
DCGYGIDY,background_IGH_cdr3.csv
ARDACRRGAGRGFNCFDY,background_IGH_cdr3.csv
ARGDY,background_IGH_cdr3.csv
ARRRVRITMVRGVIGYFDY,background_IGH_cdr3.csv
AREASVLRFSEWLPKELEGGMDV,background_IGH_cdr3.csv
ETFGETAMGYYYYYYGMDG,background_IGH_cdr3.csv
ARDGASGKYYYDSSGYHGGYYFDY,background_IGH_cdr3.csv
VGHLYY,background_IGH_cdr3.csv
AKNYDSGYCSSTSCRRSKPDY,background_IGH_cdr3.csv
REVGGTTGSTP,background_IGH_cdr3.csv
REIWRLTVWTS,background_IGH_cdr3.csv
KRRWPQQQLALLLLRYGR,background_IGH_cdr3.csv
RPIHFGARWT,background_IGH_cdr3.csv
ASGGVRGANPYWFDP,background_IGH_cdr3.csv
AKALQGYYYGRDV,background_IGH_cdr3.csv
ARDSPVAGDY,background_IGH_cdr3.csv
AREDRGVEEQWLVTHFDY,background_IGH_cdr3.csv
CGHGVLLCEDWGY,background_IGH_cdr3.csv
SVLLYTPDY,background_IGH_cdr3.csv
QPVVTLMLLIS,background_IGH_cdr3.csv
ERPRQWPGWVVRP,background_IGH_cdr3.csv
ARGDRYYGMDV,background_IGH_cdr3.csv
ARHRGGSYYFDY,background_IGH_cdr3.csv
AVRWFDY,background_IGH_cdr3.csv
ATAVYCAPYYGMDV,background_IGH_cdr3.csv
AREGALQSSTGLDY,background_IGH_cdr3.csv
ARGYGCLAPNWGGTMVTVSSAPVRTIYGD,background_IGH_cdr3.csv
VYYCAVGGPYYYYYYGMDV,background_IGH_cdr3.csv
ESGKWELPRLWV,background_IGH_cdr3.csv
ARDRFRMEGHDAFDI,background_IGH_cdr3.csv
VTVDPPPSVVNVAS,background_IGH_cdr3.csv
ATHFTDFGAVGRSNTKILFAQMHSLRSDTAVYYCATHFTDFSFDF,background_IGH_cdr3.csv
RDTSCAMVTVWTS,background_IGH_cdr3.csv
ARDVAAGTLDY,background_IGH_cdr3.csv
ASPSIVVVPAVYGIDY,background_IGH_cdr3.csv
ARGYYDFWSGYYDY,background_IGH_cdr3.csv
ARVIGWAEAFDI,background_IGH_cdr3.csv
ARDKRRMATAVYYCQGRCFDY,background_IGH_cdr3.csv
ARELAARLLDY,background_IGH_cdr3.csv
AVYYASTCFDRWYFDL,background_IGH_cdr3.csv
AREWRGYYYGFD,background_IGH_cdr3.csv
ARALDYGSPTGYYYYGMDV,background_IGH_cdr3.csv
ASLKVVAATFYAFDI,background_IGH_cdr3.csv
ALGGVLG,background_IGH_cdr3.csv
ARVVGDAFDI,background_IGH_cdr3.csv
ARLGLSGGYDSVFDY,background_IGH_cdr3.csv
ARGCGSYLDH,background_IGH_cdr3.csv
ARDRGGSRYFDY,background_IGH_cdr3.csv
ARSAGGGDYCSSTSCLIHYYGMDV,background_IGH_cdr3.csv
ASSKRMISYFDY,background_IGH_cdr3.csv
ARVVVPAANQPERQLEDTYLRYYYYGMDV,background_IGH_cdr3.csv
ARDPTGGPFYDSSGYYDY,background_IGH_cdr3.csv
ARDESGANDAFDI,background_IGH_cdr3.csv
TDP,background_IGH_cdr3.csv
ARGGYGGDY,background_IGH_cdr3.csv
SVTAATYCRRD,background_IGH_cdr3.csv
ARYCSGGSYFDY,background_IGH_cdr3.csv
VQLRYGR,background_IGH_cdr3.csv
TRLGGGNYLFGFDI,background_IGH_cdr3.csv
ARGHHSGAFDI,background_IGH_cdr3.csv
ARETGNYCSSTSCPIHYYYYGMDV,background_IGH_cdr3.csv
ADSGYGFDY,background_IGH_cdr3.csv
ARLSQTDPRAFDI,background_IGH_cdr3.csv
APGGLYD,background_IGH_cdr3.csv
AEADYYGMDV,background_IGH_cdr3.csv
YYCACSYGGNDYRHYYGMDV,background_IGH_cdr3.csv
REGLRRWLRRGTSST,background_IGH_cdr3.csv
ERLLRL,background_IGH_cdr3.csv
APLFPYYYDNSNLIFDY,background_IGH_cdr3.csv
ARRIEGPSGYWGY,background_IGH_cdr3.csv
ARGEITGFWSGYYRDY,background_IGH_cdr3.csv
VYYARGLVGRFDP,background_IGH_cdr3.csv
ASLTPRGGIGYSYVPFPRNYYYYGMDV,background_IGH_cdr3.csv
MDV,background_IGH_cdr3.csv
ARAGQVVVATTGDYGFDY,background_IGH_cdr3.csv
ARVGTVSSSFDY,background_IGH_cdr3.csv
EVQ,background_IGH_cdr3.csv
ARDERGDCSSTSCKFDP,background_IGH_cdr3.csv
AWEDSSAVY,background_IGH_cdr3.csv
PTLCITVRPAFQH,background_IGH_cdr3.csv
ARDGSGMDV,background_IGH_cdr3.csv
ARVDTVGVTTDY,background_IGH_cdr3.csv
ARGSSWTGDAFDI,background_IGH_cdr3.csv
REASTSTTTTTVWTS,background_IGH_cdr3.csv
ARDYYYYSSGPALDD,background_IGH_cdr3.csv
ANSVLLISFGLDD,background_IGH_cdr3.csv
ARSPYDYGGNSLYWYFDL,background_IGH_cdr3.csv
REGMIVLRFLEWPEATTGSTP,background_IGH_cdr3.csv
ARWDALDI,background_IGH_cdr3.csv
ARGFGIALYSYGRGSSGY,background_IGH_cdr3.csv
ARGFGIALYSYGRGSSGY,background_IGH_cdr3.csv
ERGRSAAIYPRLLLRYGR,background_IGH_cdr3.csv
ARDGDGSYDCDY,background_IGH_cdr3.csv
TMVRDD,background_IGH_cdr3.csv
ARGLVYSSGWTDGLGRQNDY,background_IGH_cdr3.csv
AKVAWGPKSLIVVVPAATFDY,background_IGH_cdr3.csv
AREDTVVVGATGLDY,background_IGH_cdr3.csv
ARYCSSCYGRYFDY,background_IGH_cdr3.csv
ARERTGYTSSPADN,background_IGH_cdr3.csv
YDSSGYFDY,background_IGH_cdr3.csv
ARGGFDY,background_IGH_cdr3.csv
GGY,background_IGH_cdr3.csv
AGVAYVYYY,background_IGH_cdr3.csv
REMVELLLIS,background_IGH_cdr3.csv
YYGMDV,background_IGH_cdr3.csv
ARGGGVRRRRDYGMDV,background_IGH_cdr3.csv
DY,background_IGH_cdr3.csv
ARVTSLDYYGSGSYYNPFDY,background_IGH_cdr3.csv
ERL,background_IGH_cdr3.csv
VIVDSNQSKLSSVTAATAVYYCARGSAGAFDI,background_IGH_cdr3.csv
TSNSRSSTAATAVYYASSYYGMDV,background_IGH_cdr3.csv
ARSTTVAFDY,background_IGH_cdr3.csv
TACSPLWYDS,background_IGH_cdr3.csv
ETRALLLWFGESNGVGRYGR,background_IGH_cdr3.csv
AVDRPAGLRPSGYCSGGSCYLDY,background_IGH_cdr3.csv
AKRGTAMVNAFD,background_IGH_cdr3.csv
ERSRLLLLRYGR,background_IGH_cdr3.csv
VYCGVGNFDP,background_IGH_cdr3.csv
ARREYYYDSSGSGAFDI,background_IGH_cdr3.csv
ARDRGGSRVGFDY,background_IGH_cdr3.csv
VTATACAIAAAF,background_IGH_cdr3.csv
ADMGAFDY,background_IGH_cdr3.csv
ARGEQQLSYYGMDV,background_IGH_cdr3.csv
ARRNYYDTTGRRRTYFLDY,background_IGH_cdr3.csv
ARGGDYDSGSGYGGFDL,background_IGH_cdr3.csv
VQADNTDWDFAN,background_IGH_cdr3.csv
ATGPQQWELSPPIVH,background_IGH_cdr3.csv
AKDEGSLYPYSYYYGLDD,background_IGH_cdr3.csv
ARAGVGSSWYGGNYYFDY,background_IGH_cdr3.csv
ARLSGGSCYYYDMDY,background_IGH_cdr3.csv
RDTTVWTS,background_IGH_cdr3.csv
ESGWYSSNKLVRP,background_IGH_cdr3.csv
AKGNGSGSYRGVIWDAFDI,background_IGH_cdr3.csv
RETVVRAGSTP,background_IGH_cdr3.csv
ASTKDGSGSYYTGQKYFQH,background_IGH_cdr3.csv
ARGGIIAVVTSGAFGMDV,background_IGH_cdr3.csv
AREGAAFSGPVDY,background_IGH_cdr3.csv
ETSFFGWGVLRS,background_IGH_cdr3.csv
ARRGCYFDY,background_IGH_cdr3.csv
EFDIVVVIAISGTLTT,background_IGH_cdr3.csv
YLDY,background_IGH_cdr3.csv
REEGLWVRGVTLGTS,background_IGH_cdr3.csv
ALFDY,background_IGH_cdr3.csv
GQAFES,background_IGH_cdr3.csv
RNACCLSLRSVTSADTTVYYCARGHRCSGGSCYLEGLHKDY,background_IGH_cdr3.csv
LAAVYFCAGFDY,background_IGH_cdr3.csv
ATPYTY,background_IGH_cdr3.csv
ARAGPNITYCGGDCYPWRGNFDY,background_IGH_cdr3.csv
ARGKRADYGGMDV,background_IGH_cdr3.csv
ARDRWLTVIDY,background_IGH_cdr3.csv
REMIAAAALLTT,background_IGH_cdr3.csv
ARIQLWLSDLFPRGMDV,background_IGH_cdr3.csv
ARAYRWFSSSNDFDY,background_IGH_cdr3.csv
AKVVHYYDSSANAFDI,background_IGH_cdr3.csv
TTASRLSDTAVYYARVRKLVKPYDAFDI,background_IGH_cdr3.csv
ARGADRAFINSYYFDY,background_IGH_cdr3.csv
RGVRGYSYGYQTGSTP,background_IGH_cdr3.csv
ESCRGLRPGVVRP,background_IGH_cdr3.csv
YDV,background_IGH_cdr3.csv
ARDVWLRLAEDTAVYYCARWGNSGIDY,background_IGH_cdr3.csv
GMDV,background_IGH_cdr3.csv
AVYGSGSYRNFDS,background_IGH_cdr3.csv
ERRFHPLPKLLRYGR,background_IGH_cdr3.csv
RERPPDLSRGVGATLTTLSLNTSST,background_IGH_cdr3.csv
RLITVREWPSDAFDI,background_IGH_cdr3.csv
ARRVRFLEWLLPTLKFYGMDV,background_IGH_cdr3.csv
ERVGYNWNGARLVRL,background_IGH_cdr3.csv
ERPRGKWLWFGDPRVRSGLVRP,background_IGH_cdr3.csv
AREGRTMIVGGSFDY,background_IGH_cdr3.csv
ETAVVVAAGLVRP,background_IGH_cdr3.csv
ARSCGYSYGCGNPYGMDV,background_IGH_cdr3.csv
ARRGSRYSGSYYVF,background_IGH_cdr3.csv
ARVGRRFWGYFDRGMDV,background_IGH_cdr3.csv
RKTVVVTFGGVIVRTS,background_IGH_cdr3.csv
ARDGDYGDYVGFFDY,background_IGH_cdr3.csv
AVEWFDP,background_IGH_cdr3.csv
AGEVGSRITIFGVALNWFDP,background_IGH_cdr3.csv
ARDGYKHYGMDV,background_IGH_cdr3.csv
VGTSKKQVSLKLSSVTAEETAGYCGASGTFNEDVWGSYRPFDV,background_IGH_cdr3.csv
ARGEKAVASYYFDY,background_IGH_cdr3.csv
PQQQTVSANEPEGGCVLLCERIPAAYYGSAV,background_IGH_cdr3.csv
GLCFDY,background_IGH_cdr3.csv
RWLLTT,background_IGH_cdr3.csv
RKIWGQWLDRLMLLIS,background_IGH_cdr3.csv
YYYGMDV,background_IGH_cdr3.csv
ERRSITMVRGVIIRIELVRP,background_IGH_cdr3.csv
ASGDVCSSTSCYKDGTGYYYGMDV,background_IGH_cdr3.csv
ARDAAAGTPFGDY,background_IGH_cdr3.csv
REGGTTTTVWTS,background_IGH_cdr3.csv
ARELWFGELSPRDS,background_IGH_cdr3.csv
ARDPGLATGYSSGWYPYYGMDV,background_IGH_cdr3.csv
ARYVTAAGTIYYGMDV,background_IGH_cdr3.csv
RGSQQLVPSST,background_IGH_cdr3.csv
ALVGGSVDY,background_IGH_cdr3.csv
ARDPRLKTGVYFDY,background_IGH_cdr3.csv
ARDQLGTIFGVVIQYYYGMDV,background_IGH_cdr3.csv
ARHSPYYYGSSVQNEYFQH,background_IGH_cdr3.csv
ARAPAARSADY,background_IGH_cdr3.csv
ARAALHDYYYYGMDV,background_IGH_cdr3.csv
ARGSYYGGSGRFDY,background_IGH_cdr3.csv
ERVFWGCGVVQLLRP,background_IGH_cdr3.csv
ARDYRRGQHLDY,background_IGH_cdr3.csv
ARLPRAYCSSASCEGYYYYYGMDV,background_IGH_cdr3.csv
ARRQGVYLGVVIPIIRSYGMDV,background_IGH_cdr3.csv
EREWELLCLLVRP,background_IGH_cdr3.csv
SLWLFLLLLRYGR,background_IGH_cdr3.csv
AVWQ,background_IGH_cdr3.csv
ASTRSWAVAIFDY,background_IGH_cdr3.csv
TRDDYGGKGHAFDI,background_IGH_cdr3.csv
ARGRMTDY,background_IGH_cdr3.csv
ADYGPAAYYYYGMDV,background_IGH_cdr3.csv
RLLERGTSWFDP,background_IGH_cdr3.csv
AKDGAAGYDSSGYYLTYSLDY,background_IGH_cdr3.csv
ATGQYDSSGYYLGY,background_IGH_cdr3.csv
ARRY,background_IGH_cdr3.csv
AADY,background_IGH_cdr3.csv
AGGGWFDP,background_IGH_cdr3.csv
GRLAWGLRFLEWLSKILLLLRYGR,background_IGH_cdr3.csv
ARGVLRFLEWLADSFDY,background_IGH_cdr3.csv
HRKAAAVGLLRYGR,background_IGH_cdr3.csv
ARGGDPNYDFWSGYHPDY,background_IGH_cdr3.csv
ARDRWSDIVVVPAAIHWFDP,background_IGH_cdr3.csv
ASHHDGSGWYNNWFDP,background_IGH_cdr3.csv
ATGGYSGSSRFRTQNWFDP,background_IGH_cdr3.csv
TRGIVVVAAYYYGMDV,background_IGH_cdr3.csv
TITRREVVPAPYGDV,background_IGH_cdr3.csv
Y,background_IGH_cdr3.csv
AVASGYYWFDP,background_IGH_cdr3.csv
YYRNRWGYSSGYYGMDV,background_IGH_cdr3.csv
ERWWVLLRYGR,background_IGH_cdr3.csv
GA,background_IGH_cdr3.csv
ARGDSSGTRHRWFDI,background_IGH_cdr3.csv
AKYGYTGRPNWFDY,background_IGH_cdr3.csv
ATAVCAGSPFDY,background_IGH_cdr3.csv
ARGVVAIEFDY,background_IGH_cdr3.csv
TSYTYGMDV,background_IGH_cdr3.csv
P,background_IGH_cdr3.csv
ERSWIYGTGLVRP,background_IGH_cdr3.csv
AKGGTAAADNNWFDP,background_IGH_cdr3.csv
EGLVLRS,background_IGH_cdr3.csv
AREGGSITGTTNQLTFDP,background_IGH_cdr3.csv
CTRVAY,background_IGH_cdr3.csv
REIIVRGGSTP,background_IGH_cdr3.csv
AAGDYSSGYPDY,background_IGH_cdr3.csv
AREGGSYGSGSGYCYFDY,background_IGH_cdr3.csv
ASVYYGRFDY,background_IGH_cdr3.csv
SYYDWSGYYRDYYYYGMDV,background_IGH_cdr3.csv
YGLD,background_IGH_cdr3.csv
ARATSITMVRGVYYYYYGMDV,background_IGH_cdr3.csv
ARFRWGIAAAGTLSNFDY,background_IGH_cdr3.csv
AGPMVRGVIRWRTY,background_IGH_cdr3.csv
ARGRELYYYGMDV,background_IGH_cdr3.csv
TTGVGADAFDI,background_IGH_cdr3.csv
ATWEPSYFSGNAFDI,background_IGH_cdr3.csv
YYFDY,background_IGH_cdr3.csv
ARRVSFDY,background_IGH_cdr3.csv
ASARFGVVIGYGY,background_IGH_cdr3.csv
AKDRKGVGYYGSSGIAEYVQH,background_IGH_cdr3.csv
S,background_IGH_cdr3.csv
YCAVLPYGGSGAD,background_IGH_cdr3.csv
ARRRLPDGPDYYYYYGMDV,background_IGH_cdr3.csv
GRARGKWLWFGDPRVRSGLVRP,background_IGH_cdr3.csv
PYGD,background_IGH_cdr3.csv
LLRYGR,background_IGH_cdr3.csv
GRRKGAYNWNYDSLWVWAGR,background_IGH_cdr3.csv
RGKWRVLLTT,background_IGH_cdr3.csv
ARAAEDYYDSSGYHDY,background_IGH_cdr3.csv
ARGGRSFDY,background_IGH_cdr3.csv
ARYGWRDGASDI,background_IGH_cdr3.csv
ARDAGEYQRAYYYYGMDV,background_IGH_cdr3.csv
AKDINVDYYYYGMDV,background_IGH_cdr3.csv
ARETDCSSTSCPPSFDP,background_IGH_cdr3.csv
AYGSGSYCYYGMDV,background_IGH_cdr3.csv
GTSDY,background_IGH_cdr3.csv
ARLDLTSYDAFDI,background_IGH_cdr3.csv
REKRYLMMLLIS,background_IGH_cdr3.csv
RVVLTT,background_IGH_cdr3.csv
TSRIGDPYVRTFDY,background_IGH_cdr3.csv
ARVPPNRLVGDY,background_IGH_cdr3.csv
D,background_IGH_cdr3.csv
AGMGGRYHDSVTGPNYFDF,background_IGH_cdr3.csv
ARASSGGWFDY,background_IGH_cdr3.csv
ARRQPTIAVAGTDWFDP,background_IGH_cdr3.csv
VYYCARASDSDY,background_IGH_cdr3.csv
ARDEPPPGVLEYSSSLHYYYYGMDV,background_IGH_cdr3.csv
VLGLY,background_IGH_cdr3.csv
ARGGDWY,background_IGH_cdr3.csv
TRNLNYYGSGRRFGMDV,background_IGH_cdr3.csv
ERCGLLLRL,background_IGH_cdr3.csv
RRFDY,background_IGH_cdr3.csv
ARNNYGLLWFGELFSGAFDI,background_IGH_cdr3.csv
ERDLLL,background_IGH_cdr3.csv
ARSLEMANPDAFDI,background_IGH_cdr3.csv
RESDGITGTTATVWTS,background_IGH_cdr3.csv
DV,background_IGH_cdr3.csv
AKVTKGSMAACHGVKDY,background_IGH_cdr3.csv
ARGWSRPVVPAAILPKKEDAFDI,background_IGH_cdr3.csv
AREGDPRTTSYYYYYSGMDV,background_IGH_cdr3.csv
ARGRAVGATAIFNY,background_IGH_cdr3.csv
PPPRY,background_IGH_cdr3.csv
AGVYVSSGYYLTWYYGMDV,background_IGH_cdr3.csv
ARVDDYVWGSYRFDP,background_IGH_cdr3.csv
RDRDLITMIVVVIMTT,background_IGH_cdr3.csv
EYKRGFNTSCCLLLLLLRYGR,background_IGH_cdr3.csv
ARDGMDFYDRTGYYPHDC,background_IGH_cdr3.csv
GLD,background_IGH_cdr3.csv
ARHRRIDYTKVGY,background_IGH_cdr3.csv
