sequence_id,cdr3
5f2b351cc6f997007ee269d6,ATTIAIRPYYFDY
5f2b351cc6f997007ee269d7,ARXXILGFGVVISTYGMDV
5f2b351cc6f997007ee269d8,ARDPREILEWLFPQIAQYGMDV
5f2b351cc6f997007ee269d9,ARTKTVEMATIPLAY
5f2b351cc6f997007ee269da,ARLRVEDVEWELLGGYYYGMPFDV
5f2b351cc6f997007ee269db,ARSKAGDFGVVILLFDY
5f2b351cc6f997007ee269dc,VRDEYGVGGDP
5f2b351cc6f997007ee269dd,ARGRELYYYGMDV
5f2b351cc6f997007ee269de,ARDFGSSTSCYYGVCYYGMDV
5f2b351cc6f997007ee269df,VGGEPADY
5f2b351cc6f997007ee269e1,ATSGGNGGDFDY
5f2b351cc6f997007ee269e4,ARGFWGATYVDYAFDY
5f2b351cc6f997007ee269e5,ARDRLLDDSSGGDAFDI
5f2b351cc6f997007ee269e6,ARLSITIFGVVVYYYGMDV
5f2b351cc6f997007ee269e8,GRMYAEGDYGDYWDWHFDL
5f2b351cc6f997007ee269e9,ARDPSSWQGWLL
5f2b351cc6f997007ee269eb,ARLSIFEDTAMVMSDY
5f2b351cc6f997007ee269ec,APTIFGVVYHRNAAFDI
5f2b351cc6f997007ee269ed,ARCRDYGSSGSSYPFDY
5f2b351cc6f997007ee269ee,GRGNSWYPL
5f2b351cc6f997007ee269ef,ARMYAEGDYGDYWDWHFDL
5f2b351cc6f997007ee269f0,ASSLPNLFGIAARXYYYYYGMDV
5f2b351cc6f997007ee269f1,ARGYDYYGSGRGDAFDI
5f2b351cc6f997007ee269f2,ARSIRNGGFWSGYSLFDY
5f2b351cc6f997007ee269f4,ARXXXXXGSSXSXXFDY
5f2b351cc6f997007ee269f5,ARGRMGFHYYYYGMDV
5f2b351cc6f997007ee269f7,ARDFGSSTSCYYGVCYYGMDV
5f2b351cc6f997007ee269f8,GRGNSWYPL
5f2b351cc6f997007ee269f9,GGGEPADY
5f2b351cc6f997007ee269fa,ARGRELYYYGMDV
5f2b351cc6f997007ee269fb,AGVHECSSSLDAFDV
5f2b351cc6f997007ee269fc,AREAETVATSNFDY
5f2b351cc6f997007ee269fd,ITQMATIN
5f2b351cc6f997007ee269fe,AKEPIRTVTSTFDY
5f2b351cc6f997007ee269ff,ARDXGGNSVLYYFDX
5f2b351cc6f997007ee26a00,ARGYDYSSGYGRIRDAFDF
5f2b351cc6f997007ee26a01,ARGRELYYYGMDV
5f2b351cc6f997007ee26a02,ATTIAIRPYYFDY
5f2b351cc6f997007ee26a03,ARDPREILEWLFPQIAQYGMDV
5f2b351cc6f997007ee26a05,ARGGGVVVVPAATYFDY
5f2b351cc6f997007ee26a06,ARGYDYYGSGRGDAFDI
5f2b351cc6f997007ee26a08,ARRNGYSSGWYSIRGAFDI
5f2b351cc6f997007ee26a0a,ARDPPNGRHDFWSGSVFDI
5f2b351cc6f997007ee26a0b,AGGITIFGVASGYFDY
5f2b351cc6f997007ee26a0c,ARLQQLDWPFDY
5f2b351cc6f997007ee26a0d,ARSGVSPSSVKGAFDI
5f2b351cc6f997007ee26a0e,ARKQLVIY
5f2b351cc6f997007ee26a10,ARDRGGYYLDY
5f2b351cc6f997007ee26a11,ARGRELYYYGMDV
5f2b351cc6f997007ee26a13,ASSGGLSGAYSGSTWPDWYFDL
5f2b351cc6f997007ee26a14,ARFRCGGSCRPPNFYYYYGMDV
5f2b351cc6f997007ee26a15,ARGTSGGNGGDFDY
5f2b351cc6f997007ee26a16,ARGYCTNGVCYGGDY
5f2b351cc6f997007ee26a17,ATTIAIRPYYFDY
5f2b351cc6f997007ee26a18,ARSKAGDFGVVILLFDY
5f2b351cc6f997007ee26a19,ARDYCSGGSYYSVFDY
5f2b351cc6f997007ee26a1a,ARGRMGFHYYYYGMDV
5f2b351cc6f997007ee26a1b,ARDLYKGPRWLVAY
5f2b351cc6f997007ee26a1c,ARMYAEGDYGDYWDWHFDL
5f2b351cc6f997007ee26a1d,ARGRELYYYGMDV
5f2b351cc6f997007ee26a1f,ARDSEVRGAYYYYGMDV
5f2b351cc6f997007ee26a20,ARGQLPRE
5f2b351cc6f997007ee26a21,ARRNGYSSGWYSIRGAFDI
5f2b351cc6f997007ee26a22,ARDRGGYYFDY
5f2b351cc6f997007ee26a23,EMLWFGELRQLVRP
5f2b351cc6f997007ee26a24,ARELVPAAPGFYYGMDV
5f2b351cc6f997007ee26a25,ARGQLPRE
5f2b351cc6f997007ee26a26,ARGYCTNGVCYGGDY
5f2b351cc6f997007ee26a2a,ARGITIFGVASDYFDY
5f2b351cc6f997007ee26a2b,ARLGTVGYPSWYDH
5f2b351cc6f997007ee26a2c,ANSDGRYFDL
5f2b351cc6f997007ee26a2e,ARDFLEWSDAFDI
5f2b351cc6f997007ee26a2f,ARSTAGDFGVVILLFDY
5f2b351cc6f997007ee26a30,ARGRELYYYGMDV
5f2b351cc6f997007ee26a31,ARDFGSSTSCYYGVCYYGMDV
5f2b351cc6f997007ee26a32,ARFRCGGSCRPPNFYYYYGMDV
5f2b351cc6f997007ee26a34,GRGNSWYPL
5f2b351cc6f997007ee26a35,VGGEPADY
5f2b351cc6f997007ee26a37,ARRNGYSSGWYSIRGAFDI
5f2b351cc6f997007ee26a38,ARMYAEGDYGDYWDWHFDL
5f2b351cc6f997007ee26a39,ARLSIFEDTAMVMSDY
5f2b351cc6f997007ee26a3a,ARDVGGNSVLYYFDY
5f2b351cc6f997007ee26a3b,ARTKTVEMATIPLAY
5f2b351cc6f997007ee26a3c,ARTKTVEMATIPLAY
5f2b351cc6f997007ee26a3d,ARDPPNGRHDFWSGSVFDI
5f2b351cc6f997007ee26a3e,ARGRLXVLYYYGMDV
5f2b351cc6f997007ee26a3f,ARFRCGGSCRPPNFYYYYGMDV
5f2b351cc6f997007ee26a40,ARDPSSWQGWLL
5f2b351cc6f997007ee26a41,ARPLITIFGVVVYYYGMDV
5f2b351cc6f997007ee26a42,ARDPREILEWLFPQIAQYGMDV
5f2b351cc6f997007ee26a44,ARDLYKGPRWLVAY
5f2b351cc6f997007ee26a45,ARDYTGCSSDDYDFDY
5f2b351cc6f997007ee26a46,ATTIAIRPYYFDY
5f2b351cc6f997007ee26a47,VRDEYGVGGDP
5f2b351cc6f997007ee26a48,GRGNSWYPL
5f2b351cc6f997007ee26a49,ARLSITIFGVVVYYYGMDV
5f2b351cc6f997007ee26a4a,VGGEPADY
5f2b351cc6f997007ee26a4b,ARLSIFGDTAMVVSDY
5f2b351cc6f997007ee26a4c,ARTKTVEMATIPLAY
5f2b351cc6f997007ee26a4d,ARDFGSSTSCYYGVCYYGMDV
5f2b351cc6f997007ee26a4e,ARGYDYYGSGRGDAFDI
5f2b351cc6f997007ee26a4f,ARFRCGGSCRPPNFYYYYGMDV
5f2b351cc6f997007ee26a50,ARADYYDSSGYHNWFDP
5f2b351cc6f997007ee26a51,ARDTRYSSSSNFDY
5f2b351cc6f997007ee26a52,ARGRELYYYGMDV
5f2b351cc6f997007ee26a53,ARDLYKGPRWLVAY
5f2b351cc6f997007ee26a54,AGGITIFGVASGYFDY
5f2b351cc6f997007ee26a56,ARSKAGDFGVVILLFDY
5f2b351cc6f997007ee26a58,ARMYAEGDYGDYWDWHFDL
5f2b351cc6f997007ee26a59,ASGYYYDSSGYWMYGQSLDY
5f2b351cc6f997007ee26a5a,ARVPIRTVTSTFDY
5f2b351cc6f997007ee26a5b,ARGYCTNGVCYGGDY
5f2b351cc6f997007ee26a5c,ASSGGLSGAYSGSTWPDWYFDL
5f2b351cc6f997007ee26a5d,ARGRMGFHYYYYGMDV
5f2b351cc6f997007ee26a5e,VGGEPADY
5f2b351cc6f997007ee26a5f,ASSGGLSGAYSGSTWPDWYFDL
5f2b351cc6f997007ee26a60,ARRNGYSSGWYSIRGAFDI
5f2b351cc6f997007ee26a61,ASGYYYDSSGYWMYGQSLDY
5f2b351cc6f997007ee26a63,ARADYYDSSGYHNWFDP
5f2b351cc6f997007ee26a64,ATTIAIRPYYFDY
5f2b351cc6f997007ee26a65,ATTIAIRPYYFDY
5f2b351cc6f997007ee26a68,VRDEYGVGGDP
5f2b351cc6f997007ee26a69,ARETLIFGVIKARGPDY
5f2b351cc6f997007ee26a6a,ARDRLLDDSSGGDAFDI
5f2b351cc6f997007ee26a6b,ARDPPNGRHDFWSGSVFDI
5f2b351cc6f997007ee26a6c,ARDPSKGRGGYYCVFDY
5f2b351cc6f997007ee26a6d,ARDLEYCSGGSCYKPLNYYYYGMDV
5f2b351cc6f997007ee26a6e,ARFRCGGSCRPPNFYYGVCYYGMDV
5f2b351cc6f997007ee26a6f,ASSGGLSGAYSGSTWPDWYFDL
5f2b351cc6f997007ee26a70,ARGYDYYGSGRGDAFDI
5f2b351cc6f997007ee26a71,AGGITIFGVASGYFDY
5f2b351cc6f997007ee26a72,ARDFGSSTSCYYGVCYYGMDV
5f2b351cc6f997007ee26a74,ATTIAIRPYYFDY
5f2b351cc6f997007ee26a75,ARDVGGNSVLYYFDY
5f2b351cc6f997007ee26a76,ARLSITIFGVVVYYYGMDV
5f2b351cc6f997007ee26a77,AKDGGGATRLPSHY
5f2b351cc6f997007ee26a78,ATTIAIRPYYFDY
5f2b351cc6f997007ee26a79,VRDEYGVGGDP
5f2b351cc6f997007ee26a7a,ARSKAGDFGVVILLFDY
5f2b351cc6f997007ee26a7b,PWFSGSGTYVPFDN
5f2b351cc6f997007ee26a7e,ARCYGSGSYGNWFDP
5f2b351cc6f997007ee26a80,ARDYTDSIQLWLRKGEYYFDY
5f2b351cc6f997007ee26a81,ARDPSRILARLAPQIAQYGMDV
5f2b351cc6f997007ee26a83,ARDPPNGRHDFWSGSVFDI
5f2b351cc6f997007ee26a85,ARDPSSWQGWLL
5f2b351cc6f997007ee26a87,ARGQLPRE
5f2b351cc6f997007ee26a88,APTIFGVVYHRHAAFDI
5f2b351cc6f997007ee26a8b,ARDGFLGYCSSTSCYRRPPDDDWFDH
5f2b351cc6f997007ee26a8c,ARTRSGWATRPDAFDI
5f2b351cc6f997007ee26a8e,ARDYCSGGSCYSVFDY
5f2b351cc6f997007ee26a91,ARTRSGWATRPDAFDI
5f2b351cc6f997007ee26a92,ARDAGDSSGFYYFDY
5f2b351cc6f997007ee26a94,GRGNSWYPL
5f2b351cc6f997007ee26a95,AKVPIRTVTSTFDY
5f2b351cc6f997007ee26a97,APTIFGVVYHRHAAFDI
5f2b351cc6f997007ee26a98,ATTIAIRPYYFDY
5f2b351cc6f997007ee26a99,GRGNSWYPL
5f2b351cc6f997007ee26a9a,GRGNSWYPL
5f2b351cc6f997007ee26a9b,VTKSGYPDLPFDY
5f2b351cc6f997007ee26a9c,VRDEYGVGGDP
5f2b351cc6f997007ee26a9d,GRGNSWYPL
5f2b351cc6f997007ee26a9e,ATTIAIRPYYFDY
5f2b351cc6f997007ee26a9f,ARLSIFEDTAMVMSDY
5f2b351cc6f997007ee26aa1,ARATEWNDAFDI
5f2b351cc6f997007ee26aa2,ARGGAAAADDNDAFDI
5f2b351cc6f997007ee26aa3,ARDRNYYDSSGYPDY
5f2b351cc6f997007ee26aa4,ARDGFVGDCSSTSCYRRPPDDNWFDY
5f2b351cc6f997007ee26aa5,ARDPPNGRHDFWSGSVFDI
5f2b351cc6f997007ee26aa6,GRGNSWYPL
5f2b351cc6f997007ee26aa7,ARMYAEGDYGDYWDWHFDL
5f2b351cc6f997007ee26aa8,ARFRCGGSCRPPNFYYYYGMDV
5f2b351cc6f997007ee26aa9,ARRNGYSSGWYSIRGAFDI
5f2b351cc6f997007ee26aaa,ARSKAGDFGVVILLFDY
5f2b351cc6f997007ee26aab,ARSKAGDFGVVILLFDY
5f2b351cc6f997007ee26aac,ARDFGSSTSCYYGVCYYGMDV
5f2b351cc6f997007ee26aaf,ARDCLLDDSSGRDAFDI
5f2b351cc6f997007ee26ab0,ARDLGGEPAGYYFDY
5f2b351cc6f997007ee26ab1,ARDPSSWQGWLL
5f2b351cc6f997007ee26ab2,APTIFGVVYHRHAAFDI
5f2b351cc6f997007ee26ab3,GRGNSWYPL
5f2b351cc6f997007ee26ab5,ARDRGGYYFDY
5f2b351cc6f997007ee26ab7,AGGITIFGVASGYFDY
5f2b351cc6f997007ee26ab9,ARDPPNGRHDFWSGSVFDI
5f2b351cc6f997007ee26aba,ARMYAEGDYGDYWDWHFDL
5f2b351cc6f997007ee26abb,ARDFGSSTSCYYGVCYYGMDV
5f2b351cc6f997007ee26abc,ARDFGSSTSCYYGVCYYGMDV
5f2b351cc6f997007ee26abd,ASSGGLSGAYSGSTWPDWYFDL
5f2b351cc6f997007ee26ac0,ARDTLKGEMAAITLDY
5f2b351cc6f997007ee26ac1,ARDYCSGGSCYSVFDY
5f2b351cc6f997007ee26ac2,AXXGELPXX
5f2b351cc6f997007ee26ac3,ARDSEVRGAYYYYGMDV
5f2b351cc6f997007ee26ac4,ARGDGYSLGDFDY
5f2b351cc6f997007ee26ac6,ARSKAGDFGVVILLFDY
5f2b351cc6f997007ee26ac7,ARGGGVVVVPAATYFDY
5f2b351cc6f997007ee26ac8,ARVIVVVPAANYYYGMDV
5f2b351cc6f997007ee26acd,ARGYDYSYGSGRVRDAFDI
5f2b351cc6f997007ee26acf,ARDPPNGRHDFWSGSVFDI
5f2b351cc6f997007ee26ad0,GRGNSWYPL
5f2b351cc6f997007ee26ad1,ARHSLAPGEGWDYGMDV
5f2b351cc6f997007ee26ad2,ARDVGSSTSCYYGVCYYGMDV
5f2b351cc6f997007ee26ad3,ARGRFLEWLPPDY
5f2b351cc6f997007ee26ad4,ARDFGSSTSCYYGVCYYGMDV
5f2b351cc6f997007ee26ad5,VRIPDSGSYVEDF
5f2b351cc6f997007ee26ad6,ARSKAGDFGVVILLFDY
5f2b351cc6f997007ee26ad8,ARGRELYYYGMDV
5f2b351cc6f997007ee26ad9,ATTIAIRPYYFDY
5f2b351cc6f997007ee26ada,ARKQLVIY
5f2b351cc6f997007ee26adb,ARTRSGWATRPDAFDI
5f2b351cc6f997007ee26adc,ARMYAEGDYGDYWDWHFDL
5f2b351cc6f997007ee26add,ARGRELYYYGMDV
5f2b351cc6f997007ee26adf,ARKQLVIY
5f2b351cc6f997007ee26ae1,ARLGPKWIQQRPFDY
5f2b351cc6f997007ee26ae2,ARDFGSSTSCYYGVCYYGMDV
5f2b351cc6f997007ee26ae3,ATSGGNGGDFDY
5f2b351cc6f997007ee26ae4,ARGGGVVVVPAATYVNY
5f2b351cc6f997007ee26ae5,ARGYCTNGVCYGGDY
5f2b351cc6f997007ee26ae6,ASEVGGNSVLYYLDY
5f2b351cc6f997007ee26ae7,ARADYYDSSGYHNWFDP
5f2b351cc6f997007ee26ae9,ARGGAAAADDNDAFDI
5f2b351cc6f997007ee26aea,ARATNWNYAFDI
5f2b351cc6f997007ee26aec,ANSDGRYFDL
5f2b351cc6f997007ee26aed,VKVSSTEYHSYSMDV
5f2b351cc6f997007ee26aee,VGGEPADY
5f2b351cc6f997007ee26aef,AGRNGYSSGWYSIRGAFDI
5f2b351cc6f997007ee26af0,ATFGGSYYSLWGFDY
5f2b351cc6f997007ee26af4,VTKSGYPDLPFDY
5f2b351cc6f997007ee26af5,VRDEYGVSGDP
5f2b351cc6f997007ee26af6,ARADYYDSSGYHNWFDP
5f2b351cc6f997007ee26af7,AGGITIFGVASGYFDY
5f2b351cc6f997007ee26af8,ARDVGGNXVLYYFDY
5f2b351cc6f997007ee26af9,ARDLYKGPRWLVAY
5f2b351cc6f997007ee26afa,ARKQLVIY
5f2b351cc6f997007ee26afb,ARLSITIFGVVVYYYGMDV
5f2b351cc6f997007ee26afd,ARDFGSSTSCYYGVCYYGMDV
5f2b351cc6f997007ee26afe,APTIFGVVYHRHAAFDI
5f2b351cc6f997007ee26aff,ASSGGLSGAYSGSTWPDWYFDL
5f2b351cc6f997007ee26b00,ASSGGLSGAYSGSTWPDWYFDL
5f2b351cc6f997007ee26b02,ARDLEYCSGGSCYKPLNYYYYGMDV
5f2b351cc6f997007ee26b04,ARDRLLDDSSGGDAFDI
5f2b351cc6f997007ee26b05,ARSKAGDFGVVILLFDY
5f2b351cc6f997007ee26b06,ARGRFLEWLPPDY
5f2b351cc6f997007ee26b07,ARSKAGDFGVVILLFDY
5f2b351cc6f997007ee26b08,ARDSEGRGASYYYGVCYYGMDV
5f2b351cc6f997007ee26b09,ATSGGNGGDFDY
5f2b351cc6f997007ee26b0a,AGDRLLDDRSGGDAFDI
5f2b351cc6f997007ee26b0b,ARFRCGGSCRPPNFYDYYGMDV
5f2b351cc6f997007ee26b0c,VTKSGYPDLPFDY
5f2b351cc6f997007ee26b0d,ARDPSSWQGWLL
5f2b351cc6f997007ee26b0e,ATTIAIRPYYFDY
5f2b351cc6f997007ee26b0f,APTIFGVVYHRHAAFDI
5f2b351cc6f997007ee26b10,ARLLQLWPFDY
5f2b351cc6f997007ee26b12,AGGITIFGVASGYFDY
5f2b351cc6f997007ee26b13,AKDGGGATRLPSHY
5f2b351cc6f997007ee26b14,ARLFAPPYDDRLTPGGMDV
5f2b351cc6f997007ee26b15,ARGRLVVPAAIFY
5f2b351cc6f997007ee26b17,ASGYYYDSSGYWMYGQSLDY
5f2b351cc6f997007ee26b18,ASSGGLSGAYSGSTWPDWYFDL
5f2b351cc6f997007ee26b1a,ARDFGSSTSCYYGVCYYGMDV
5f2b351cc6f997007ee26b1b,ARDVGGNSVLYYFDY
5f2b351cc6f997007ee26b1c,ARDPPNGRHDFWSGRVFDI
5f2b351cc6f997007ee26b1d,ARSKAGDFGVVILLFDY
5f2b351cc6f997007ee26b1e,APTIFGVVYHRHAAFDI
5f2b351cc6f997007ee26b1f,ARDPPNGRHDFWSGSVFDI
5f2b351cc6f997007ee26b20,AREARGVLAGSDQAAFDI
5f2b351cc6f997007ee26b22,ARADYYDSSGYHNWFDP
5f2b351cc6f997007ee26b23,VRDEYGVGGDP
5f2b351cc6f997007ee26b24,ARTRSGWATRPDAFDI
5f2b351cc6f997007ee26b26,ARDFLEWSDAFDI
5f2b351cc6f997007ee26b27,ASSLPSLFGIAARSDYYYYYGMDV
5f2b351cc6f997007ee26b28,ARDPSRILEWLVPQIAQYGMDV
5f2b351cc6f997007ee26b29,VGGEPADY
5f2b351cc6f997007ee26b2a,ANSDGRYFDL
5f2b351cc6f997007ee26b2b,ARDFGSSTSCDYGVCYYGMDV
5f2b351cc6f997007ee26b2c,APTIFGVVYHRHAAFDI
5f2b351cc6f997007ee26b2d,ARDFGSSTSCYYGVCYYGMDV
5f2b351cc6f997007ee26b2e,ARDFGSSTSCYYGVCYYGMDV
5f2b351cc6f997007ee26b2f,VRDEYGVGGDP
5f2b351cc6f997007ee26b30,ATTIAIRPYYFDY
5f2b351cc6f997007ee26b31,ARDPSSWQGWLL
5f2b351cc6f997007ee26b32,ARGRELYYYGMDV
5f2b351cc6f997007ee26b34,VKVSSTEYHSYSMDV
5f2b351cc6f997007ee26b35,ARGRELYYYGMDV
5f2b351cc6f997007ee26b37,ARGQDSRFLEWLSFDY
5f2b351cc6f997007ee26b38,ARLSITIFGVVVYYYGMDV
5f2b351cc6f997007ee26b3a,ASSGGLSGAYSGSTWPDWYFDL
5f2b351cc6f997007ee26b3b,ARKQLVIY
5f2b351cc6f997007ee26b3c,ARGRELYYYGMDV
5f2b351cc6f997007ee26b3d,ARDRLLDDSSGGDAFDI
5f2b351cc6f997007ee26b3f,ARSKAGDFGVVILLFDY
5f2b351cc6f997007ee26b40,ASSLPNLFGIAARDYYYYYGMDV
5f2b351cc6f997007ee26b41,ARDYTDSIQLWLRKGEYYFDY
5f2b351cc6f997007ee26b42,ARDLYSGGYYFDY
5f2b351cc6f997007ee26b43,ARDPREILEWLFPQIAQYGMDV
5f2b351cc6f997007ee26b44,ARDYCSGGSCYSVFDY
5f2b351cc6f997007ee26b45,ARDRLLDDSSGGDAFDI
5f2b351cc6f997007ee26b46,ARGRFLEWLPPDY
5f2b351cc6f997007ee26b47,ATTIAIRPYYFDY
5f2b351cc6f997007ee26b48,VRDEYGVGGDP
5f2b351cc6f997007ee26b49,ARSKAGDFGVVILLFDY
5f2b351cc6f997007ee26b4b,GRGNSWYPL
5f2b351cc6f997007ee26b4c,ARGRMGFHYYYYGMDV
5f2b351cc6f997007ee26b4d,ARFRCGGSCRPPNFYYYYGMDV
5f2b351cc6f997007ee26b4e,ARRNGYSSGWYSIRGAFDI
5f2b351cc6f997007ee26b51,ARLSIFEDTAMVMSDY
5f2b351cc6f997007ee26b52,ASSIVVVPAATXNYYYGMAV
5f2b351cc6f997007ee26b53,ARLGPKWIQQRPFDY
5f2b351cc6f997007ee26b54,ARDPPNGRHDFWSGSVFDI
5f2b351cc6f997007ee26b55,ARMYAEGDYGDYWDWHFDL
5f2b351cc6f997007ee26b56,ARTRSGWATRPDAFDI
5f2b351cc6f997007ee26b57,APTIFGVVYHRHAAFDI
5f2b351cc6f997007ee26b58,GRGNSWYPL
5f2b351cc6f997007ee26b5b,ARDPPNGRHDFWSGSVFDI
5f2b351cc6f997007ee26b5c,ARATNWNYAFDI
5f2b351cc6f997007ee26b5d,VGGEPADY
5f2b351cc6f997007ee26b5e,ANLGRIFKDFWSGYYTAYDAFDI
5f2b351cc6f997007ee26b5f,ASSLPNLFGIAARDYYYYYGMDV
5f2b351cc6f997007ee26b60,ARGYCTNGVCYGGDY
5f2b351cc6f997007ee26b61,ANSDGRYFDL
5f2b351cc6f997007ee26b62,AKVPIRTVTSTFDY
5f2b351cc6f997007ee26b64,VGGEPADY
5f2b351cc6f997007ee26b66,ASGYYYDSSGYWMYGQSLDY
5f2b351cc6f997007ee26b67,ARGRMGFHYYYYGMDV
5f2b351cc6f997007ee26b68,REKLAVAGTGWLGTS
5f2b351cc6f997007ee26b69,ARDPREILEWLFPQIAQYGMDV
5f2b351cc6f997007ee26b6a,ARDPPNGRHDFWSGSVFDI
5f2b351cc6f997007ee26b6b,ARLLQLWPFDY
5f2b351cc6f997007ee26b6c,ARRNGYSSGWYSIRGAFDI
5f2b351cc6f997007ee26b6e,AREARGVLAGSDQAAFDI
5f2b351cc6f997007ee26b6f,ARDRLLDDSSGGDAFDI
5f2b351cc6f997007ee26b70,ARGYDYSYGSGRVRGAFDI
5f2b351cc6f997007ee26b72,AKDGGGATRLPSHY
5f2b351cc6f997007ee26b74,ARGQLPRE
5f2b351cc6f997007ee26b75,ARELGSGYYFFDY
5f2b351cc6f997007ee26b76,ARDPPNGRHDFWSGSVFDI
5f2b351cc6f997007ee26b77,GRGNSWYPL
5f2b351cc6f997007ee26b78,ARDLYKGPRWLVAY
5f2b351cc6f997007ee26b79,ATTIAIRPYYFDY
5f2b351cc6f997007ee26b7a,ARGRFLEWLPPDY
5f2b351cc6f997007ee26b7b,ASSGGLSGAYSGSTWPDWYFDL
5f2b351cc6f997007ee26b7d,ATTIAIRPYYFDY
5f2b351cc6f997007ee26b7e,ATFGGSYYSLWGFDY
5f2b351cc6f997007ee26b7f,ATTIAIRPYDCDY
5f2b351cc6f997007ee26b80,VRDEYGGGGDP
5f2b351cc6f997007ee26b81,ARGDGYSLGDFDY
5f2b351cc6f997007ee26b83,ARSKAGDFGVVILLFDY
5f2b351cc6f997007ee26b84,ARDPSGILEWLVPQIAQYGMDV
5f2b351cc6f997007ee26b85,ARHVNHNWFDP
5f2b351cc6f997007ee26b86,ITQMATIN
5f2b351cc6f997007ee26b88,ARGYDYYGSGRGDAFDI
5f2b351cc6f997007ee26b89,ARDFLEWSDAFDI
5f2b351cc6f997007ee26b8a,ARXRLLDXXXGGDXFXX
5f2b351cc6f997007ee26b8d,ARDRLLDDSSGGDAFDI
5f2b351cc6f997007ee26b8e,ARDRLLDDSSGGDAFDI
5f2b351cc6f997007ee26b90,ARGGAAAADDNDAFDI
5f2b351cc6f997007ee26b91,ARMYAEGDYGDYWDWHFDL
5f2b351cc6f997007ee26b92,ARHQRYSSTWYLGVQLSFDF
5f2b351cc6f997007ee26b94,ARDPREILEWLFPQLARLGMDL
5f2b351cc6f997007ee26b95,ARVRTFKTKEYYYYYGMDV
5f2b351cc6f997007ee26b96,ARGYDYYGSGRGDAFDI
5f2b351cc6f997007ee26b97,VKERIAAAAMGWFDP
5f2b351cc6f997007ee26b98,VRDEYGVGGDP
5f2b351cc6f997007ee26b99,AKDGGGATRLPSHY
5f2b351cc6f997007ee26b9a,ARDFGSSTSCYNGVCYYGMDV
5f2b351cc6f997007ee26b9b,ASSIVVVPAANYYYGMDV
5f2b351cc6f997007ee26b9c,ARGRELYYYGMDV
5f2b351cc6f997007ee26b9e,ASSGGLSGAYSGSTWPDWYFDL
5f2b351cc6f997007ee26b9f,GRGNSWYPL
5f2b351cc6f997007ee26ba0,ARDTRYSSSSNFDY
5f2b351cc6f997007ee26ba1,ATSGGNGGDFDY
5f2b351cc6f997007ee26ba2,ATTIAIRPYYFDY
5f2b351cc6f997007ee26ba3,ATTIAIRPYYFDY
5f2b351cc6f997007ee26ba4,GRGNSWYPL
5f2b351cc6f997007ee26ba6,ARDLVGGSPAEYGY
5f2b351cc6f997007ee26ba7,ARTRSGWATRPDAFDI
5f2b351cc6f997007ee26ba8,ARDRGGYYFDY
5f2b351cc6f997007ee26ba9,ARGRELYYYGMDV
5f2b351cc6f997007ee26baa,AXDXGGXXXXXXFDY
5f2b351cc6f997007ee26bab,ARDLVGGSPAEYGY
5f2b351cc6f997007ee26bac,AKVGKQLVIY
5f2b351cc6f997007ee26bad,ATTIAIRPYYFDY
5f2b351cc6f997007ee26bae,ARRVSGWHYGMDV
5f2b351cc6f997007ee26baf,ARDLYKGPRWLVAY
5f2b351cc6f997007ee26bb1,ATTIAIRPYYFDY
5f2b351cc6f997007ee26bb2,ASSLPNLYGVAARDYYYYYGMDV
5f2b351cc6f997007ee26bb4,ARTKTVEMATIPLAY
5f2b351cc6f997007ee26bb5,ARGITFYESWSASYVFDY
5f2b351cc6f997007ee26bb6,AREYSSGWFSGDYYYGMDV
5f2b351cc6f997007ee26bb7,VKVSSTEYHSYSMDV
5f2b351cc6f997007ee26bb8,ARGRFLEWLPPDY
5f2b351cc6f997007ee26bbc,ARTRSGWATRPDAFDI
5f2b351cc6f997007ee26bbe,ARTKTVEMATIPLAY
5f2b351cc6f997007ee26bbf,AHLLAAAGHYFDY
5f2b351cc6f997007ee26bc0,ARDLYKGPRWLVAY
5f2b351cc6f997007ee26bc1,VKEGIAAAAMGWFDP
5f2b351cc6f997007ee26bc2,ARGRELYYYGMDV
5f2b351cc6f997007ee26bc3,ARHVNHNWFDP
5f2b351cc6f997007ee26bc5,AREARGVLAGSDQAAFDI
5f2b351cc6f997007ee26bc8,ARLSITIFGVVVYYYGMDV
5f2b351cc6f997007ee26bc9,ARGRFLEWLPPDY
5f2b351cc6f997007ee26bca,ATTIAIRPYYFDY
5f2b351cc6f997007ee26bcd,AREAGSGWYGLGRDV
5f2b351cc6f997007ee26bce,AGGITIFGVASVYFDY
5f2b351cc6f997007ee26bcf,ASGYYYDSSGYWMYGQSLDY
5f2b351cc6f997007ee26bd0,ARDRLLDDSSGGDAFDI
5f2b351cc6f997007ee26bd3,ARGXGYSGLGSRXCSFDY
5f2b351cc6f997007ee26bd4,ARGRFLEWLPPDY
5f2b351cc6f997007ee26bd5,ASGYYYDSSGYWMYGQSLDY
5f2b351cc6f997007ee26bd6,ATTIAIRPYYFDY
5f2b351cc6f997007ee26bd7,ARGYCTNGVCYGGDY
5f2b351cc6f997007ee26bd8,ARLSITIFGVVVYYYGMDV
5f2b351cc6f997007ee26bd9,VRDEYGVGGDP
5f2b351cc6f997007ee26bdb,ARMYAEGDYGDYWDWHFDL
5f2b351cc6f997007ee26bdc,ATTIAIRPYYFDY
5f2b351cc6f997007ee26bdd,ATFGGSYYSLWGFDY
5f2b351cc6f997007ee26bde,ARDRLLDDSSGGDAFDI
5f2b351cc6f997007ee26bdf,ATTIAIRPYYFDY
5f2b351cc6f997007ee26be0,ARTKTVEMATIPLAY
5f2b351cc6f997007ee26be1,ARLSIFEDTAMVMSDY
5f2b351cc6f997007ee26be3,ARDNGSGGYGCSYFDY
5f2b351cc6f997007ee26be5,ATSIAIRPYYFDY
5f2b351cc6f997007ee26be6,AGGITIFGVASGYFDY
5f2b351cc6f997007ee26be8,ARTKTVEMATIPLAY
5f2b351cc6f997007ee26bea,ARXXXXSGGYYFDY
5f2b351cc6f997007ee26beb,VTKSGYPDLPFDY
5f2b351cc6f997007ee26bec,ARGRELYYYGMDV
5f2b351cc6f997007ee26bed,ARTRSGWATRPDAFDI
5f2b351cc6f997007ee26bee,AKDGGGATRPPSHY
5f2b351cc6f997007ee26bef,ASSGGLSGAYSGSTWPDWYFDL
5f2b351cc6f997007ee26bf0,VTLMYEDVDLSHFYMDV
5f2b351cc6f997007ee26bf2,ARDFLEWSDAFDI
5f2b351cc6f997007ee26bf3,ARDLYKGPRWLVAY
5f2b351cc6f997007ee26bf4,ARDPREILEWLFPQIAQYGMDV
5f2b351cc6f997007ee26bf5,ARRNGYSSGWYSIRGAFDI
5f2b351cc6f997007ee26bf7,ARPRIVATIYDAFDI
5f2b351cc6f997007ee26bf8,ATTIAIRPYYFDY
5f2b351cc6f997007ee26bf9,GRGNSWYPL
5f2b351cc6f997007ee26bfa,ATTIAIRPYYFDY
5f2b351cc6f997007ee26bfb,ARDRGGNYYFDY
5f2b351cc6f997007ee26bfc,ARDFGSSTSCYYGVCYYGMDV
5f2b351cc6f997007ee26bfe,ARSKAGDFGVVILLFDY
5f2b351cc6f997007ee26bff,ARTKTVEMATIPLAY
5f2b351cc6f997007ee26c00,APTIFGVVYHRHAAFDI
5f2b351cc6f997007ee26c01,ARGRELYYYGMDV
5f2b351cc6f997007ee26c02,ARDLEYCSGGSCYKPLNYYYYGMDV
5f2b351cc6f997007ee26c03,ARDLEYCSGGSCYKPLNYYYYGMDV
5f2b351cc6f997007ee26c05,ARDSAVGSAGAYYYYGMDV
5f2b351cc6f997007ee26c07,ARAEYYDSSGYHNWFDP
5f2b351cc6f997007ee26c09,AKVPIRTVTSTFDY
5f2b351cc6f997007ee26c0a,ARDPSSWQGWLL
5f2b351cc6f997007ee26c0b,APTIFGVVYHRHAAFDI
5f2b351cc6f997007ee26c0d,GRGNSWYPL
5f2b351cc6f997007ee26c10,VRDEYGVGGDP
5f2b351cc6f997007ee26c12,ARLGIVVVPAAIPDY
5f2b351cc6f997007ee26c13,AGGITIFGVASGYFDY
5f2b351cc6f997007ee26c14,ATTIAIRPYYFDY
5f2b351cc6f997007ee26c16,ALTRLYYYYYYGMDV
5f2b351cc6f997007ee26c18,ARDPPNGRHDFWSGSVFDI
5f2b351cc6f997007ee26c19,ARDFLEWSDAFDI
5f2b351cc6f997007ee26c1a,ARDLEYCSGGSCYKPLNYYYYGMDV
5f2b351cc6f997007ee26c1b,ARDPPNGRHDFWSGSVFDI
5f2b351cc6f997007ee26c1c,AKDGGGATRLPSHY
5f2b351cc6f997007ee26c1d,VKVSSTEYHSYSMDV
5f2b351cc6f997007ee26c1f,AKDGGGATRLPSHY
5f2b351cc6f997007ee26c20,ARDFLEWSDAFDI
5f2b351cc6f997007ee26c21,ARGRFLEWLPPDY
5f2b351cc6f997007ee26c22,ARHVNHNWFDP
5f2b351cc6f997007ee26c23,ARLSIFEETAMVMSDY
5f2b351cc6f997007ee26c24,ARMYAEGDYGDYWDWHFDL
5f2b351cc6f997007ee26c25,ARMYAEGDYGDYWDWHFDL
5f2b351cc6f997007ee26c26,ARMYAEGDYGDYWDWHFDL
5f2b351cc6f997007ee26c27,AKVPIRTVTSTFDY
5f2b351cc6f997007ee26c28,ARXXGXNGXXXFDY
5f2b351cc6f997007ee26c29,ARSKAGDFGVVILLFDY
5f2b351cc6f997007ee26c2c,ARGYDYYGSGRGDAFDI
5f2b351cc6f997007ee26c2d,ARHVNHNWFDP
5f2b351cc6f997007ee26c2e,ARGQLPRE
5f2b351cc6f997007ee26c30,ARGRELYDYGMDV
5f2b351cc6f997007ee26c34,AKVPIRTVTSTFDY
5f2b351cc6f997007ee26c35,ARGRELYYYGMDV
5f2b351cc6f997007ee26c36,ARRNGYSSGWYSIRGAFDI
5f2b351cc6f997007ee26c37,ARRNGYSSGWYSIRGAFDI
5f2b351cc6f997007ee26c38,VKEGIAAAAMGWFDP
5f2b351cc6f997007ee26c39,ARGYDYYGSGRGDAFDI
5f2b351cc6f997007ee26c3a,ARGQLPRE
5f2b351cc6f997007ee26c3b,ARSKAGDFGVVILLFDY
5f2b351cc6f997007ee26c3c,ARDLYKGPRWLVAY
5f2b351cc6f997007ee26c3d,APTIFGVVYHRHAAFDI
5f2b351cc6f997007ee26c3e,ARCYGSGSYGNWFDP
5f2b351cc6f997007ee26c40,ARDPREILEWLFPQIAQYGMDV
5f2b351cc6f997007ee26c41,ARDRLLDDSSGGDAFDI
5f2b351cc6f997007ee26c43,ARDPPNGRHDFWSGSVFDI
5f2b351cc6f997007ee26c44,AREARGVLAGSDQAAFDI
5f2b351cc6f997007ee26c46,ARDPSSWQGWLL
5f2b351cc6f997007ee26c48,AREVMAISDY
5f2b351cc6f997007ee26c49,ARGGNXYGSWSGYPFDY
5f2b351cc6f997007ee26c4a,VRDEYGVGGDP
5f2b351cc6f997007ee26c4b,ASSIVVVPAANYYYGMDV
5f2b351cc6f997007ee26c4c,ARDPPNGRHDFWSGSVFDI
5f2b351cc6f997007ee26c4d,ARDYTDSIQLWLRKGEYYFDY
5f2b351cc6f997007ee26c4e,ARCYGSGSYGNWFDP
5f2b351cc6f997007ee26c4f,ARVRTFKTKEYYYYYGMDV
5f2b351cc6f997007ee26c50,ARLLQLWPFDY
5f2b351cc6f997007ee26c51,ARDFGSSTSCYYGVCYYGMDV
5f2b351cc6f997007ee26c52,ARDPPNGRHDFWSGSVFDI
5f2b351cc6f997007ee26c54,ARRNGYSSGWYSIRGAFDI
5f2b351cc6f997007ee26c56,AKVPIRTVTSTFDY
5f2b351cc6f997007ee26c57,ARDPSSWQGWLL
5f2b351cc6f997007ee26c59,ARDPREILEWLFPQIAQYGMDV
5f2b351cc6f997007ee26c5a,ARDIGGNSSCYYFDY
5f2b351cc6f997007ee26c5c,ASSGGLSGAYSGSTWPDWYFDL
5f2b351cc6f997007ee26c5d,ARGYDYYGSGRGDAFDI
5f2b351cc6f997007ee26c5f,ARGQLPRE
5f2b351cc6f997007ee26c60,ARADYYDSSGYHNWFDP
5f2b351cc6f997007ee26c61,ARGRFLEWLPPDY
5f2b351cc6f997007ee26c62,ARMYAEGDYGDYWDWHFDL
5f2b351cc6f997007ee26c63,AXDTRESYGYYFDY
5f2b351cc6f997007ee26c65,ARDFLEWSDAFDI
5f2b351cc6f997007ee26c66,ARDFGSSTSCYYGVCYYGMDV
5f2b351cc6f997007ee26c67,ARGQLPRE
5f2b351cc6f997007ee26c68,ATFGGSYYSLWGFDY
5f2b351cc6f997007ee26c69,ARSLPNLFGVAARDYYYYYGMDV
5f2b351cc6f997007ee26c6a,ARDPSSWQGWLL
5f2b351cc6f997007ee26c6b,APTIFGVVYHRHAAFDI
5f2b351cc6f997007ee26c6d,AREARGVLAGSDQAAFDI
5f2b351cc6f997007ee26c6e,ARGRELYYYGMDV
5f2b351cc6f997007ee26c6f,ARRNGYSSGWYSIRGAFDI
5f2b351cc6f997007ee26c70,ARTRSGWATRPDAFDI
5f2b351cc6f997007ee26c71,ARDPPNGRHDFWSGSVFDI
5f2b351cc6f997007ee26c74,ARHVNHNWFDP
5f2b351cc6f997007ee26c75,ARSLVHGVPLIFGMDV
5f2b351cc6f997007ee26c76,ARSKAGDFGVVILLFDY
5f2b351cc6f997007ee26c77,ASSLPNLFGIAARDYYYYYGMDV
5f2b351cc6f997007ee26c78,ARMYAEGDYGDYWDWHFDL
5f2b351cc6f997007ee26c79,ARDLYKGPRWLVAY
5f2b351cc6f997007ee26c7a,AGGGGVVVVPAATYFDY
5f2b351cc6f997007ee26c7b,ATTIAIRPYYFDY
5f2b351cc6f997007ee26c7c,ARDSSPLRSDAFDI
5f2b351cc6f997007ee26c7d,VTKSGYPDLPFDY
5f2b351cc6f997007ee26c7e,ARGRMGFHYYYYGMDV
5f2b351cc6f997007ee26c7f,ATTIAIRPYYFDY
5f2b351cc6f997007ee26c80,ARDFGSSTSCYNGVCYYGMDV
5f2b351cc6f997007ee26c81,ARGDGYSLGDFDY
5f2b351cc6f997007ee26c82,AKEVQASYYDILTGHNHYFDY
5f2b351cc6f997007ee26c85,GRGNSWYPL
5f2b351cc6f997007ee26c86,ATTIAIRPYYFDY
5f2b351cc6f997007ee26c87,ARDLYKGPRWLVAY
5f2b351cc6f997007ee26c88,ARTRSGWATRPDAFDI
5f2b351cc6f997007ee26c89,ARMYAEGDYGDYWDWHFDL
5f2b351cc6f997007ee26c8a,ARDVGGNSVLYYFDY
5f2b351cc6f997007ee26c8b,ARVRTFKTKEYYYYYGMDV
5f2b351cc6f997007ee26c8c,ARGRELYYYGMDV
5f2b351cc6f997007ee26c8e,ARDSSPLRSDAFDI
5f2b351cc6f997007ee26c8f,APTIFGVVYHRHAAFDI
5f2b351cc6f997007ee26c91,ARDVGGNSVLYYFDY
5f2b351cc6f997007ee26c92,ARDLLLDESSGGDAFDI
5f2b351cc6f997007ee26c94,GRMYAEGDYGNSWYPHFDL
5f2b351cc6f997007ee26c95,ASSLPNLFGIAARDYYYYYGMDV
5f2b351cc6f997007ee26c96,ARVRCGGSCRPPNFYYYYGMDV
5f2b351cc6f997007ee26c97,ARDGFLGYCSSTSCYRRPPDDNWFDP
5f2b351cc6f997007ee26c98,ARDFLEWSDAFDI
5f2b351cc6f997007ee26c99,ARDYTDSIQLWLRKGEYYFDY
5f2b351cc6f997007ee26c9a,ARDADYGRGCYYYGMDV
5f2b351cc6f997007ee26c9b,ARDPPNGRHDFWSGSVFDI
5f2b351cc6f997007ee26c9d,ARDPSSWQGWLL
5f2b351cc6f997007ee26c9e,VRDEYGVGGDP
5f2b351cc6f997007ee26c9f,ARGRELYYYGMDV
5f2b351cc6f997007ee26ca0,ARDPREILEWLFPQIAQYGMDV
5f2b351cc6f997007ee26ca1,ARGRELYYYGMDV
5f2b351cc6f997007ee26ca2,ARGRELYYYGMDV
5f2b351cc6f997007ee26ca3,ARLLQLWPFDY
5f2b351cc6f997007ee26ca5,ARGRMGFHYYYYGMDV
5f2b351cc6f997007ee26ca6,ARDPSSWQGWLL
5f2b351cc6f997007ee26ca7,ARDPSSWQGWLL
5f2b351cc6f997007ee26cab,ATTIAIRPYYFDY
5f2b351cc6f997007ee26cac,AGGITIFGVASGYFDY
5f2b351cc6f997007ee26cad,ARGGGVVVVPAATYFDY
5f2b351cc6f997007ee26cb0,ARLLQLWPFDY
5f2b351cc6f997007ee26cb1,ARDLYKGPRWLVAY
5f2b351cc6f997007ee26cb2,ATTIAIRPYYFDY
5f2b351cc6f997007ee26cb3,ARDTRYSSSSNFDY
5f2b351cc6f997007ee26cb4,AKDGGGATRLPSHY
5f2b351cc6f997007ee26cb5,ARDVGGSCGSYYFDY
5f2b351cc6f997007ee26cb6,ARGYDYYGSGRGDAFDI
5f2b351cc6f997007ee26cb7,ARGRELYYYGMDV
5f2b351cc6f997007ee26cb8,ARDPSSWQGWLL
5f2b351cc6f997007ee26cb9,ARLSAVVYRNWFDP
5f2b351cc6f997007ee26cbb,APTIFGVVYHRHAAFDI
5f2b351cc6f997007ee26cbc,ARTRSGWATRPDAFDI
5f2b351cc6f997007ee26cbd,ARGRFLEWLPPDY
5f2b351cc6f997007ee26cbe,ARLGPKWIQQRPFDY
5f2b351cc6f997007ee26cbf,ATTIAIRPYYFDY
5f2b351cc6f997007ee26cc0,ARVHEYSSSLDAFDV
5f2b351cc6f997007ee26cc1,ARVFFGVMVIYAFDY
5f2b351cc6f997007ee26cc2,ARDPREILEWLFPQIAQYGMDV
5f2b351cc6f997007ee26cc3,VTKSGYPDLPFDY
5f2b351cc6f997007ee26cc4,ARRNGYSSGWYSIRGAFDI
5f2b351cc6f997007ee26cc6,ARKQLVIY
5f2b351cc6f997007ee26cc7,ARLLQLWPFDY
5f2b351cc6f997007ee26cc8,AREEGLTIFGHYGMDV
5f2b351cc6f997007ee26cc9,VRDEYGVGGYYFDP
5f2b351cc6f997007ee26ccb,ATTIAIRPYYFDY
5f2b351cc6f997007ee26ccc,ARDPSSWQGWLL
5f2b351cc6f997007ee26ccd,ATTIAIRPYYFDY
5f2b351cc6f997007ee26cce,ASSGGLSGAYSGSTWPDWYFDL
5f2b351cc6f997007ee26ccf,GRGNSWYPL
5f2b351cc6f997007ee26cd0,ARMYAEGDYGDYWDWHFDL
5f2b351cc6f997007ee26cd1,ARLSITIFGVVVYYYGMDV
5f2b351cc6f997007ee26cd2,AKDGGGATRLPSHY
5f2b351cc6f997007ee26cd3,ATSGGNGGDFDY
5f2b351cc6f997007ee26cd4,ARDPSSWQGWLL
5f2b351cc6f997007ee26cd6,ARGRELYYYGMDV
5f2b351cc6f997007ee26cd7,ARGQLPRE
5f2b351cc6f997007ee26cd8,ARLATMGNHNWYFDY
5f2b351cc6f997007ee26cd9,ARDRLLDDSSGGDAFDI
5f2b351cc6f997007ee26cda,ARLLQLWPFDY
5f2b351cc6f997007ee26cdb,ARTKTVEMATIPLAY
5f2b351cc6f997007ee26cde,ARRCDYFDY
5f2b351cc6f997007ee26cdf,AKDGGGATRLPSHY
5f2b351cc6f997007ee26ce0,ARGGGVVVVPAATYFDY
5f2b351cc6f997007ee26ce1,AKVPIRTVTSTFDY
5f2b351cc6f997007ee26ce2,ARGRFLEWLPPDY
5f2b351cc6f997007ee26ce3,VRDEYGVGGDP
5f2b351cc6f997007ee26ce4,ATTIAIRPYYFDY
5f2b351cc6f997007ee26ce5,AKENWVYDY
5f2b351cc6f997007ee26ce6,ARDPPNGRHDFWSGSVFDI
5f2b351cc6f997007ee26ce7,ARGRLTTVPDFWSGYTPSNYYYYGMDV
5f2b351cc6f997007ee26ce8,ARGYCTNGVCYGGDY
5f2b351cc6f997007ee26cea,ARSKAGDFGVVILLFDY
5f2b351cc6f997007ee26ceb,ARGYDYYGSGRGDAFDI
5f2b351cc6f997007ee26cec,AREEGLTIFGHYGMDV
5f2b351cc6f997007ee26ced,ARDYCTSGSCCSVFDY
5f2b351cc6f997007ee26cee,VRDEYGVGGDP
5f2b351cc6f997007ee26cef,ATTIAIRPYYFDY
5f2b351cc6f997007ee26cf1,ARELGSGYYFFDY
5f2b351cc6f997007ee26cf3,ASSGGLSGAYSGSTWPDWYFDL
5f2b351cc6f997007ee26cf5,ATTIAIRPYYFDY
5f2b351cc6f997007ee26cf7,ARLVTAVGYPYWFDY
5f2b351cc6f997007ee26cf8,ARSWNSYDSSDYYRVFDL
5f2b351cc6f997007ee26cf9,ARELGSGYYFFDY
5f2b351cc6f997007ee26cfb,ARSKAGDFGVVILLFDY
5f2b351cc6f997007ee26cfd,ARSKAGDFGVVILLFDY
5f2b351cc6f997007ee26cfe,ARGYDYYGSGRGDAFDI
5f2b351cc6f997007ee26d00,ATKWEQLGS
5f2b351cc6f997007ee26d01,AKDGGGATGLPSHY
5f2b351cc6f997007ee26d03,ARLASCGGREDDGLDF
5f2b351cc6f997007ee26d04,ARDRLLDDSSGGDAFDI
5f2b351cc6f997007ee26d05,ARELGSGYYFFDY
5f2b351cc6f997007ee26d06,ARGRELYYYGMDV
5f2b351cc6f997007ee26d07,VGGEPADY
5f2b351cc6f997007ee26d09,ARDSILLWLGGGGTSVLYYFDY
5f2b351cc6f997007ee26d0a,ARDPREILEWLFPQLARLAMDV
5f2b351cc6f997007ee26d0b,VGDRGSYSADY
5f2b351cc6f997007ee26d0d,ARETLIFGVIKARGPDY
5f2b351cc6f997007ee26d0e,ARRNGYSSGWYSIRGAFDI
5f2b351cc6f997007ee26d0f,ARGYDYYGSGRGDAFDI
5f2b351cc6f997007ee26d10,AKVPIRTVTSTFDY
5f2b351cc6f997007ee26d11,ARVARTEYYYYGMDV
5f2b351cc6f997007ee26d12,ARDFGSSTSCYYGVCYYGMDV
5f2b351cc6f997007ee26d13,ARGYGYSNGSGRIRDAFDI
5f2b351cc6f997007ee26d14,ATTIAIRPYYFDY
5f2b351cc6f997007ee26d15,ARDPPNGRHDFWSGSVFDI
5f2b351cc6f997007ee26d16,ARDPSSWQGWLL
5f2b351cc6f997007ee26d17,AXXXXXXXXXXXDAFDX
5f2b351cc6f997007ee26d18,ARGRFLEWLPPDY
5f2b351cc6f997007ee26d19,APTIFGVVYHRHAAFDI
5f2b351cc6f997007ee26d1b,ARXGXXXXXXTAMXXXXX
5f2b351cc6f997007ee26d1c,ASSGGLSGAYSGSTWPDWYFDL
5f2b351cc6f997007ee26d1d,ARDPPNGRHDFWSGSVFDI
5f2b351cc6f997007ee26d1e,ARGXTGDFGVATTLFDY
5f2b351cc6f997007ee26d1f,ARDRLLDDSSGRDAFDI
5f2b351cc6f997007ee26d20,ARDYCSGGSCYSVFDY
5f2b351cc6f997007ee26d21,ARLSIFEDTAMVMSDY
5f2b351cc6f997007ee26d22,ATTIAIRPYYFDY
5f2b351cc6f997007ee26d23,AREKSGGVFDY
5f2b351cc6f997007ee26d24,TLQEEASFAFDI
5f2b351cc6f997007ee26d25,ARDPPNGRHDFWSGSVFDI
5f2b351cc6f997007ee26d27,ASSLPNLFGIAARDYYYYYGMDV
5f2b351cc6f997007ee26d28,ATTIAIRPYYFDY
5f2b351cc6f997007ee26d29,ARMYAEGDYGDYWDWHFDL
5f2b351cc6f997007ee26d2a,ARRSGRCGDRCWFDP
5f2b351cc6f997007ee26d2b,GRGNSWYPL
5f2b351cc6f997007ee26d2c,ARDPPNGRHDFWSGSVFDI
5f2b351cc6f997007ee26d2d,ARGRELYYYGMDV
5f2b351cc6f997007ee26d2e,ARDPPNGRHDFWSGSVFDI
5f2b351cc6f997007ee26d30,ARLGIVVVPAAIPDY
5f2b351cc6f997007ee26d31,ARVSSLTIFGVVVYYYGMDV
5f2b351cc6f997007ee26d33,ARDPREILEWLFPQIAQYGMDV
5f2b351cc6f997007ee26d34,ARLSITIFGVVVYYYGMDV
5f2b351cc6f997007ee26d36,ARRNGYSSGWYSIRGAFDI
5f2b351cc6f997007ee26d37,ARDVGGNSVLYYFDY
5f2b351cc6f997007ee26d38,ARGRELYYYGMDV
5f2b351cc6f997007ee26d3a,APTIFGVVYHRHAAFDI
5f2b351cc6f997007ee26d3c,ARGDGYSLGDFDY
5f2b351cc6f997007ee26d3d,ATTIAIRPYYFDY
5f2b351cc6f997007ee26d3e,ARFRCGGSCRPPNFYYYYGMDV
5f2b351cc6f997007ee26d3f,ASGYYYDSSGYWMYGQSLDY
5f2b351cc6f997007ee26d40,AKVPIRTVTSTFDY
5f2b351cc6f997007ee26d41,ARSWNSYDSSDYYRVFDL
5f2b351cc6f997007ee26d43,PRDYTDSTQLWLRKGEYYFDY
5f2b351cc6f997007ee26d44,ARLLQLWPFDY
5f2b351cc6f997007ee26d4c,ARMYAEGDYGDYWDWHFXL
5f2b351cc6f997007ee26d4d,AXXXVEDVEWELLGGYYYGMDV
5f2b351cc6f997007ee26d50,ASSLPNLFGIAARDYYYYYGMDV
5f2b351cc6f997007ee26d51,ARGRFWSGYXYYGMDV
5f2b351cc6f997007ee26d52,VTKSGYPDLPFDY
5f2b351cc6f997007ee26d55,ARDYTDSIQLWLRKGEYYFDY
5f2b351cc6f997007ee26d57,ARMYAXGDYGDYWDWHFDL
5f2b351cc6f997007ee26d5a,ARLRVEDVEWELLGGYYYGMDV
5f2b351cc6f997007ee26d5b,ARLRVEDVEWELLGGYYYGMDV
5f2b351cc6f997007ee26d5c,ARLRVEDVEWELLGGYYYGMDV
5f2b351cc6f997007ee26d61,ARVAVTAATRNFDY
5f2b351cc6f997007ee26d62,ITQMATIN
5f2b351cc6f997007ee26d66,ARLLQLWPFDY
5f2b351cc6f997007ee26d75,ARQCGGGSCYSGDAFEI
5f2b351cc6f997007ee26d83,XXXYYCXXXGGLSGAYSGSTWPDWYFDL
5f2b351cc6f997007ee26d85,ARGRELYYYGMDV
5f2b351cc6f997007ee26d86,ARGXXXXGXCRPXNFYYYXGXDX
5f2b351cc6f997007ee26d89,LXXXDXAVYXCXXXXXXXXXXXXXY
5f2b351cc6f997007ee26d93,AXXXGLTIFGHYGMDV
5f2b351cc6f997007ee26d9e,ARDYCSGGSCYSVFDY
5f2b351cc6f997007ee26d9f,AGGLTIFGVASGYFDY
5f2b351cc6f997007ee26da0,ARTXTXEMATXPLAX
5f2b351cc6f997007ee26da7,ARDPREILEWLFPQIAQYGMDV
5f2b351cc6f997007ee26da9,ASSLPNLFGIAARDYYYYYGMDV
5f2b351cc6f997007ee26daa,ARDYTDSIQLWLRKGEYYFDY
5f2b351cc6f997007ee26dba,GEATACIPS
5f2b351cc6f997007ee26dc1,ARGGXVVVVPAATYXXXXDY
5f2b351cc6f997007ee26dca,HYFDY
5f2b351cc6f997007ee26dcc,ESPDLXDERILLLLRYGR
5f2b351cc6f997007ee26dce,ARXXXVEMATIXLXY
5f2b351cc6f997007ee26dd1,ARLRVEDVEWELLGGYYYGMDV
5f2b351cc6f997007ee26dd2,ARDYTDSIQLWLRKGEYYFDY
5f2b351cc6f997007ee26dd3,ASSLPNLFGIAARDYYYYYGMDV
5f2b351cc6f997007ee26dd4,AKVXXAKQLVIY
5f2b351cc6f997007ee26dd8,REILGRFWXXXFHRLXXTVWTS
5f2b351cc6f997007ee26ddb,ARDYTDSIQLWLRKGEYYFDY
5f2b351cc6f997007ee26ddc,ARDYCSGGSCYSVFDY
5f2b351cc6f997007ee26de5,ARDYCSGGSCYSVFDY
5f2b351cc6f997007ee26de9,ARKQLVIY
5f2b351cc6f997007ee26dea,ARELGSGYYFFDY
5f2b351cc6f997007ee26ded,XXXXXAXXXCXXXXNXNXAFXI
5f2b351cc6f997007ee26def,VTRSGYPDLPFDY
5f2b351cc6f997007ee26df0,XXLSXXXXXAMVMSDY
5f2b351cc6f997007ee26df1,ARMYAEGDYGDYXDWHFDL
5f2b351cc6f997007ee26df7,AGGITIFGVASGYFDY
5f2b351cc6f997007ee26e01,ARGRGRLVAGTVAPQLGYDFDY
5f2b351cc6f997007ee26e02,ARGRLVVPAAIFY
5f2b351cc6f997007ee26e03,ARGRLVVPAAIFY
5f2b351cc6f997007ee26e04,XXXXXXXXXXXXXXXXXXXXXXXLRSXXTAVYFXARETLIFGVIKARGPDY
5f2b351cc6f997007ee26e08,ARKQLVIY
5f2b351cc6f997007ee26e09,ARGGGVVVVPAATSFDY
5f2b351cc6f997007ee26e0a,AREAETTVTSNFDY
5f2b351cc6f997007ee26e0b,ERRIWRGWRP
5f2b351cc6f997007ee26e0d,ARDPPNGRHDXWSGSVFDI
5f2b351cc6f997007ee26e0e,ARLRVEDVEWELLGGYYYGMDV
5f2b351cc6f997007ee26e15,ERQDGISLLLLRYGR
5f2b351cc6f997007ee26e1d,ARGRFEDDSSGPGGYYYYGMDV
5f2b351cc6f997007ee26e23,AREARGVLAGSDQAAFXI
5f2b351cc6f997007ee26e28,ARKQLVIY
5f2b351cc6f997007ee26e29,ARDLEYCSSGSCYKPLNYYYYGMDV
5f2b351cc6f997007ee26e2a,AKDNTDCSGGSCYSGGDY
5f2b351cc6f997007ee26e2d,TLQEEASFAFDI
5f2b351cc6f997007ee26e2e,ARDFLEWSDAFDI
5f2b351cc6f997007ee26e30,ARKQLVIY
5f2b351cc6f997007ee26e32,ARGRLVVPAAIFY
5f2b351cc6f997007ee26e33,ARLLQLWPFDY
5f2b351cc6f997007ee26e41,HYFDY
5f2b351cc6f997007ee26e47,ERRIWRGWRP
5f2b351cc6f997007ee26e4a,GRGNSWYPL
5f2b351cc6f997007ee26e54,ERRIWRGWRP
5f2b351cc6f997007ee26e58,ARMYAEGDYGDYWDWHFDL
5f2b351cc6f997007ee26e59,AREARGVLAGSDQAAFDI
5f2b351cc6f997007ee26e5a,GRMYAEGDYGDSWYWHFDL
5f2b351cc6f997007ee26e5c,XTXAXTAVYYXAXXXXIXGXXXXXXXXDXYFXL
5f2b351cc6f997007ee26e63,ARLSITIFGVVVYYYGMDV
5f2b351cc6f997007ee26e65,ARGYCTXGVCYGGDY
5f2b351cc6f997007ee26e71,MDV
5f2b351cc6f997007ee26e72,ARDGFLGYCSSTSCYRRPPDDNWFDP
5f2b351cc6f997007ee26e73,ARGRLVVPAAIFY
5f2b351cc6f997007ee26e74,ARATNWNYAFEI
5f2b351cc6f997007ee26e78,ARVKSGRGVKVYYFDY
5f2b351cc6f997007ee26e7c,DSXXXXXXHVQXPVLLDSEFCDRRGXGXXLLCXTGXXXXXXASGXFDY
5f2b351cc6f997007ee26e7f,ERRIWRGWRP
5f2b351cc6f997007ee26e82,ARLRVEDVEWELLGGYYYGMDV
5f2b351cc6f997007ee26e83,EXASGGCGVGATGGVLLRYGR
5f2b351cc6f997007ee26e84,AXXRVEDVEWELXGGYYYGMDV
5f2b351cc6f997007ee26e85,CARVRTFKTXEYXXYYGMDV
5f2b351cc6f997007ee26e8f,ARLRVEDVXWXXLGGYXXXXDX
5f2b351cc6f997007ee26e90,XRMYXXGDYGXXWXXHXDL
5f2b351cc6f997007ee26e94,AXDLEYCSGGSCYKPLNYYYXXXXXXXXXXXXXXXXXXXXXXXXXXXXXXXXAXXXXXXXXGGSCXXXXXXYYYGMDX
5f2b351cc6f997007ee26e95,ARGPILIVVAAASTFDY
5f2b351cc6f997007ee26e99,ARKQLVIY
5f2b351cc6f997007ee26e9b,AGLSITICGVVVYYYGMDV
5f2b351cc6f997007ee26e9e,REXXSXXXKXXTXTTVWTS
5f2b351cc6f997007ee26ea5,ERRIWRGWRP
5f2b351cc6f997007ee26eb5,ARKQLVIY
5f2b351cc6f997007ee26ebb,RXPRTGITLLXS
5f2b351cc6f997007ee26ebe,XXXXKLXSVXAADTAVYYCANSDGRYFDL
5f2b351cc6f997007ee26ec1,ARXSEXXISXXLLXXGXXXXXXXXXXXXXXXXXXXXXXXXXXXXXXXXXXXXXTXXXXXXXXXXXXGXXXXXXGMDV
5f2b351cc6f997007ee26ec3,AXSKAGDFGVVILLFDY
5f2b351cc6f997007ee26ec6,GNVRRGRLRGLLGLALRS
5f2b351cc6f997007ee26ec8,AXDFGSSTSCYYGVCYYGMDV
5f2b351cc6f997007ee26ec9,ASSGGLSGAYSGSTWPDWYFDL
5f2b351cc6f997007ee26eca,AKVPIRTVTSTFDY
5f2b351cc6f997007ee26ece,ARLRXEDVEWELLGGYYYGMDV
5f2b351cc6f997007ee26ecf,ERRIWRGWRP
5f2b351cc6f997007ee26ed1,ARGRELYYYGMDV
5f2b351cc6f997007ee26ed2,VKVSSTEYHSYSMDV
5f2b351cc6f997007ee26ed3,ARKQLVIY
5f2b351cc6f997007ee26ed4,VTKSGYPDLPFDY
5f2b351cc6f997007ee26ed6,ARDPREILEWLFPQIAQYGMDV
5f2b351cc6f997007ee26ed8,GFLGYCSSTSCYRRPPDDNWFDP
5f2b351cc6f997007ee26ed9,ERGGPYDFWPLRYGR
5f2b351cc6f997007ee26ee6,ARGRFEDDSSGPGGYYYYGMDV
5f2b351cc6f997007ee26eee,AKDGGGATRLXXHXXGXXTXXXXXXXXXXXXXXXXXXXXXXXXXXXXGXXRXXXXY
5f2b351cc6f997007ee26eef,ARLRVEDVEWELLGGYYYGMDV
5f2b351cc6f997007ee26ef0,VRDEYGVGGDP
5f2b351cc6f997007ee26ef9,AGGITIFGVASGYFDY
5f2b351cc6f997007ee26efd,XXXXXYXXXPFDY
5f2b351cc6f997007ee26f07,ARMYAEGDYGDYWDWHFAL
5f2b351cc6f997007ee26f08,ERRIWRGWRP
5f2b351cc6f997007ee26f0a,SSLKAXDXXMYXXGRGNSWYPX
5f2b351cc6f997007ee26f0c,ARGXFXDDSSGPGGYYYYGMDV
5f2b351cc6f997007ee26f0d,ARLRVEDVEWELLGGYYYGMDV
5f2b351cc6f997007ee26f0f,AXXXXVEXXTIXXXYGMDV
5f2b351cc6f997007ee26f18,AGGITIFGVASGYFDY
5f2b351cc6f997007ee26f19,GRGNSWYPL
5f2b351cc6f997007ee26f1b,SAGSPPTT
5f2b351cc6f997007ee26f1d,ARDDNVNSGWGVKIYYFDY
5f2b351cc6f997007ee26f1e,ARGRFEDDSSGPGGYYYYGMDV
5f2b351cc6f997007ee26f1f,XXXXXXAVXXXAXGGGVVVVPAATYXDY
5f2b351cc6f997007ee26f20,XDXAXXXXAREEGLTIFGXXGMDV
5f2b351cc6f997007ee26f23,P
5f2b351cc6f997007ee26f27,ERQDGISXRLLLLRYGR
5f2b351cc6f997007ee26f2b,ARQCGGGSCYSGDAFDI
5f2b351cc6f997007ee26f40,ASSGGLSGAYSGSTWPDWYFDL
5f2b351cc6f997007ee26f43,AETGYSSH
5f2b351cc6f997007ee26f51,ADEXTSTAYMELSSLRSEDTAVYXXATTIAIRPYYFDY
5f2b351cc6f997007ee26f5e,AXSGGLSGAYSGSTWPDWYFDL
5f2b351cc6f997007ee26f62,AKXGGXXXXXXSXX
5f2b351cc6f997007ee26f64,ASSLPNLFGIAARDYYYYYGMDV
5f2b351cc6f997007ee26f65,ARDLYKGPRWLVAY
5f2b351cc6f997007ee26f67,ARDPREILEWLFPQIAQYGMDV
5f2b351cc6f997007ee26f70,ARGXXXVVVPXXTXXDX
5f2b351cc6f997007ee26f71,VRGRGGGVIVVVKHLYYFDY
5f2b351cc6f997007ee26f75,AKVSSAEYHSYSMDV
5f2b351cc6f997007ee26f76,ATTIAIRPYYFDY
5f2b351cc6f997007ee26f77,XXRVXXXXDXXTXTAYXXLXSXXSEDTAVYYCARDRLLDDSSGGDAFDI
5f2b351cc6f997007ee26f7a,ARGRTRXXXYYYGMDV
5f2b351cc6f997007ee26f7c,V
5f2b351cc6f997007ee26f7d,ARKQLVIY
5f2b351cc6f997007ee26f83,ERRIWRGWRP
5f2b351cc6f997007ee26f8f,ARDPPNGRHDFWSGSVFDI
5f2b351cc6f997007ee26f94,EXGGPYXFWPLRYGR
5f2b351cc6f997007ee26f99,ARHVNHNWFDP
5f2b351cc6f997007ee26f9d,AADTAIYYXAXLGPKWIQXRPFDY
5f2b351cc6f997007ee26fa0,AXSGGLXGAYXGXXWPDWYXXX
5f2b351cc6f997007ee26fa1,REIXGRXWXGYXHXLXSTVWTS
5f2b351cc6f997007ee26fa3,LPSHY
5f2b351cc6f997007ee26fa5,ERRIWRGWRP
5f2b351cc6f997007ee26fa8,GAPNVSRGWYRPPPPRLLRYGR
5f2b351cc6f997007ee26fbb,AKDNTDCSGGSCYSGGDY
5f2b351cc6f997007ee26fc2,VRDEYGVGGDP
5f2b351cc6f997007ee26fc5,YYCAXEEGLTIFGHYGMDV
5f2b351cc6f997007ee26fc6,XXXXXXXXXXXXXXXXXXXXXXTXXXXXXXXXXXXXXXXXXXGXEPADY
5f2b351cc6f997007ee26fc7,XRXXXXXXXTXXXXXXYMXXXXLXSEXTAVYYCAREEGLTIFGHYGMDV
5f2b351cc6f997007ee26fca,ERRIWRGWRP
5f2b351cc6f997007ee26fcb,APTIFGVVYHRHAAFDI
5f2b351cc6f997007ee26fd4,ARGDGYXXPXXLVXY
5f2b351cc6f997007ee26fd5,ASSLPNLFGIXXXVXXXXAXTXXDX
5f2b351cc6f997007ee26fd8,ERPIFGVVTAXL
5f2b351cc6f997007ee26fd9,ARVKKDGCGGVRHFDY
5f2b351cc6f997007ee26fdb,ARDFLEWSDAFDI
5f2b351cc6f997007ee26fe9,ARXXXXXXXXXNYAFDI
5f2b351cc6f997007ee26fea,AGGYGTGSYGSSFDY
5f2b351cc6f997007ee26ff0,ARATWEGEVAGTRYYYYGMDV
5f2b351cc6f997007ee26ff1,MDV
5f2b351cc6f997007ee26ff2,ARGRELYYYGMDV
5f2b351cc6f997007ee26ff3,VKVSSTEYHSYSMDV
5f2b351cc6f997007ee26ff7,ATTIAIRPYYFDY
5f2b351cc6f997007ee26fff,ARMYAEGDYGDYWDWHFDL
5f2b351cc6f997007ee27002,VRDEYGVGGDP
5f2b351cc6f997007ee27004,XXXXXXXXXXXXXXXXXXXXXXXYXXXXXXXEDTXXXXXDY
5f2b351cc6f997007ee27005,HYFDY
5f2b351cc6f997007ee27007,ARGRKLAVAGTGCSVYYYYVMDV
5f2b351cc6f997007ee2700a,AREAGSGWYGLVRDV
5f2b351cc6f997007ee27015,XSLKASDTAXXXXXRXXXEGXXGXXWXXHXXL
5f2b351cc6f997007ee27018,AREKSGGVVDY
5f2b351cc6f997007ee27019,ARGVGSSWPRVFYY
5f2b351cc6f997007ee2701b,ATTRYSWAIRPYYFDY
5f2b351cc6f997007ee2701c,ARLGPKWIQQRPFDY
5f2b351cc6f997007ee2701d,AXXXXXXXXXXPGGXXXXGXDX
5f2b351cc6f997007ee27020,PCITVREIXXXXXXXXXGXXXXXXXY
5f2b351cc6f997007ee27026,AXGXXIFGVXXXYXGXDX
5f2b351cc6f997007ee2702b,XXXXXXXXXXXXXXXXAXXXXAXGGXAXAXXNXAFXX
5f2b351cc6f997007ee2702e,HYFDY
5f2b351cc6f997007ee2702f,ARVHEYSSSLDAFDV
5f2b351cc6f997007ee27032,TXPLYYYGMDV
5f2b351cc6f997007ee27037,ARKQLVIY
5f2b351cc6f997007ee27038,XXXAXYYCAXXXCXXXSXXSXFDY
5f2b351cc6f997007ee2703e,ARKQLVIY
5f2b351cc6f997007ee2703f,ASSLPNLFGIAARDYYYYYGMDV
5f2b351cc6f997007ee27040,VRHGVANQLVIVRAFDL
5f2b351cc6f997007ee27041,XQWXXXXXXXXXDX
5f2b351cc6f997007ee27042,XXXVYSCAXATNWNYAFDX
5f2b351cc6f997007ee27043,ASSLPNLFGIAARDYYYYYGMDV
5f2b351cc6f997007ee27046,ARXXXXXXTXXXXFDY
5f2b351cc6f997007ee27047,ARLRVEDVEWELLGGYYYGMDV
5f2b351cc6f997007ee27048,GRGNSWYPL
5f2b351cc6f997007ee2704a,XXAXXAVXYCAXAXXYXXSGXXXXXDX
5f2b351cc6f997007ee2704c,AXXXXYXSXXYXXXXAXXX
5f2b351cc6f997007ee2704d,AXDYCSGGSXXSLWXFDY
5f2b351cc6f997007ee27051,ARQCGGGSCYSGDAFDI
5f2b351cc6f997007ee27052,ARMYAEGDYGDYWDWHFDL
5f2b351cc6f997007ee27055,ARGAVVTAPAEYFHH
5f2b351cc6f997007ee27056,ARGVTGERRDIVVVVAATRFDY
5f2b351cc6f997007ee27057,ARDLLDYYXSSTSCYISSLLAYYYYGMDV
5f2b351cc6f997007ee27059,ARSRRGGFDY
5f2b351cc6f997007ee2705a,ARDPREGEMATIT
5f2b351cc6f997007ee2705b,AYVVGSSAPYDYGMDV
5f2b351cc6f997007ee2705d,ARDXXXPEGDGYGDY
5f2b351cc6f997007ee2705e,ARIKVDAGSTMVRGVIIKGAYYFDY
5f2b351cc6f997007ee27061,ARHTXXXXXDYGDYVEYYFDY
5f2b351cc6f997007ee27062,ARDSQWSGYPY
5f2b351cc6f997007ee27066,ARGAXDCSSXSCYGDAFDY
5f2b351cc6f997007ee27067,ARDPGKWEPKSAAFDI
5f2b351cc6f997007ee27069,ARDPTGSLDV
5f2b351cc6f997007ee2706a,ARVGDFWSGHAWFDP
5f2b351cc6f997007ee2706b,NTPDV
5f2b351cc6f997007ee2706c,ARDGFRAVAGTDYYYYGMDV
5f2b351cc6f997007ee2706e,AHALWFGDPLGWFDP
5f2b351cc6f997007ee2706f,ARDGVAADYFDY
5f2b351cc6f997007ee27070,ARDLAYYHGSGRSPSQR
5f2b351cc6f997007ee27072,ARRVNDAFDI
5f2b351cc6f997007ee27074,ARYLGSSCRHQWFDP
5f2b351cc6f997007ee27076,ASKGPDGSGTICSLC
5f2b351cc6f997007ee27077,ARWTQRVRGVHNKRGWFDP
5f2b351cc6f997007ee2707b,ARARYYYYGMDV
5f2b351cc6f997007ee2707d,AXLXRDSSGCGDY
5f2b351cc6f997007ee2707e,ARERSLXPGSYYEYAFDF
5f2b351cc6f997007ee2707f,ARRSDGDCGYYYGIDY
5f2b351cc6f997007ee27080,ARDGDLELSDTFYYYYGMDV
5f2b351cc6f997007ee27082,ARLEGLHDAFDI
5f2b351cc6f997007ee27087,ARVRDSWQQLVRGEGFDP
5f2b351cc6f997007ee2708a,ARALYCSGGSCHPRHYYYGMDV
5f2b351cc6f997007ee27091,ARAWDSGSYYWYFDL
5f2b351cc6f997007ee27093,ARARPNDDYRSGCPYGFDY
5f2b351cc6f997007ee27094,ARQGPVVVAATWNWFDP
5f2b351cc6f997007ee27096,ARDLSLAGPLDV
5f2b351cc6f997007ee27099,ARPEWLQEWLANHYYYGMDV
5f2b351cc6f997007ee2709b,AHSMSGTTDLWFDP
5f2b351cc6f997007ee2709d,AHRQVAREFDP
5f2b351cc6f997007ee2709e,ARGRDHYGGSGYYFDH
5f2b351cc6f997007ee2709f,ARDWVIVVAXTXGXYYCGMDY
5f2b351cc6f997007ee270a3,ASVRRGAFDI
5f2b351cc6f997007ee270a7,ARDIAAAGSWCGYYYYGMDY
5f2b351cc6f997007ee270ac,AKGAITIKAFNWFDP
5f2b351cc6f997007ee270b0,ARDLGDIVVVVDNYYYYGIDV
5f2b351cc6f997007ee270b2,ARGRTYSSGWHAFDY
5f2b351cc6f997007ee270b4,AHIAVWFGELSRDFDY
5f2b351cc6f997007ee270b5,ARGVAYYYGSSSANGFDY
5f2b351cc6f997007ee270b7,ARDRPDVLGGFDI
5f2b351cc6f997007ee270b9,ARLRVTMVATGFDY
5f2b351cc6f997007ee270bd,VRGPGRTAPEVNY
5f2b351cc6f997007ee270be,AREYSSSLDY
5f2b351cc6f997007ee270bf,VLACLITGYHPTSVTVTWY
5f2b351cc6f997007ee270c4,AXXDYDNSGGWYSDGLDD
5f2b351cc6f997007ee270c5,ARVLGSSYSYNVFDI
5f2b351cc6f997007ee270c7,ARDGDSSSWYVAFDI
5f2b351cc6f997007ee270c8,ARRYNWNYILFDY
5f2b351cc6f997007ee270c9,ARAHGSGSGDYYGGTFDY
5f2b351cc6f997007ee270cd,ARIITAGRPFDH
5f2b351cc6f997007ee270ce,ARVVPTEVVVAAAIPDRGTNFDY
5f2b351cc6f997007ee270d0,AGVDTFLWNPYLRF
5f2b351cc6f997007ee270d3,ARDSRDYGDNVEFFQH
5f2b351cc6f997007ee270d5,VRPSRYGSGWSPDY
5f2b351cc6f997007ee270d6,ARYPGGLRFLEWAAT
5f2b351cc6f997007ee270d7,ARVPGTVAXSDAFDY
5f2b351cc6f997007ee270d9,SSGMGYNWSSFDY
5f2b351cc6f997007ee270da,AKPDYNVGDVDY
5f2b351cc6f997007ee270dc,ARHYSALDH
5f2b351cc6f997007ee270dd,ARVRMVPTGRXFDY
5f2b351cc6f997007ee270df,AHRPHTIFGAAGCQDNWFDP
5f2b351cc6f997007ee270e1,ARDLSPRSLPYYFDY
5f2b351cc6f997007ee270e2,ARDRGGAIDY
5f2b351cc6f997007ee270e3,ARGEWELRHGFDP
5f2b351cc6f997007ee270e5,ARHGGITTPFDP
5f2b351cc6f997007ee270e8,AGHSFPYGVDL
5f2b351cc6f997007ee270e9,ARXXXRVIVATMGDXFDY
5f2b351cc6f997007ee270ea,TQKPDAARGAPNWFDP
5f2b351cc6f997007ee270ee,VRVSKRAGSAVITAHYGY
5f2b351cc6f997007ee270f0,AKDFSCSSTSCLVSNWFDP
5f2b351cc6f997007ee270f1,ARDXXDDWEWLVGATCWFDS
5f2b351cc6f997007ee270f6,ARAADLSGSDFGN
5f2b351cc6f997007ee270f7,ARDXECGGLLRYVDY
5f2b351cc6f997007ee270f8,ARESRGPTLIMRDDY
5f2b351cc6f997007ee270f9,ARDGXPGVSSSGWYYYGMDV
5f2b351cc6f997007ee270fa,VHGRRFVSAQAELDFDY
5f2b351cc6f997007ee270fb,ARVXRAXVVXXGXYYYYGMDV
5f2b351cc6f997007ee270fc,ARDSAAPGY
5f2b351cc6f997007ee270fd,ARDRRDSSGYYLYFDY
5f2b351cc6f997007ee270fe,AREGRYSYGSSSGSYWGWFDY
5f2b351cc6f997007ee27100,ARGGDCSSSRCYDPDYFYGMDV
5f2b351cc6f997007ee27102,ARGGGYCSSTSCYGGIDY
5f2b351cc6f997007ee27104,ARSKYGDHADY
5f2b351cc6f997007ee27105,ARIVVGSSWYDDY
5f2b351cc6f997007ee27107,ARGRLGGDVGLEGSFDY
5f2b351cc6f997007ee27108,ARHAASIAVAGTSSWFDP
5f2b351cc6f997007ee2710a,ARSIAVAEEYYFDY
5f2b351cc6f997007ee2710b,GGGTMIGVAKGGMDV
5f2b351cc6f997007ee2710d,ARGGGITLVAAGTRGLDD
5f2b351cc6f997007ee2710f,ARDGDSSGYYYFDY
5f2b351cc6f997007ee27110,ARGYGSYYGLNPFDY
5f2b351cc6f997007ee27111,ARIEKAMD
5f2b351cc6f997007ee27112,ARANWEWLRAYFDY
5f2b351cc6f997007ee27114,ASTHRGGRRSDHVGRVNNFDY
5f2b351cc6f997007ee27115,ESTTPRRTKTSGEEGAYLLLLRYGR
5f2b351cc6f997007ee27116,ARYISSSASGLDV
5f2b351cc6f997007ee27117,AKFGESKYCSGDRCYDWYFDL
5f2b351cc6f997007ee27119,ARGGGGIVGSSGCYEYGFDY
5f2b351cc6f997007ee2711a,ARDRFGVATTSPPSDAFDY
5f2b351cc6f997007ee2711b,ARDGEGVGFGELLVDAFDI
5f2b351cc6f997007ee2711c,ARVGGSFLGRRFDY
5f2b351cc6f997007ee2711e,ARECTRMGYFDY
5f2b351cc6f997007ee2711f,ARXPEVTGFFEYYYYGVDV
5f2b351cc6f997007ee27121,ANMGDSSGWRVGY
5f2b351cc6f997007ee27123,ARHLISTLYMIAVVHGPNDAFDI
5f2b351cc6f997007ee27125,ARXYCCGSSGYYGFDY
5f2b351cc6f997007ee27126,ARQDAMVRGVKGDNWFDY
5f2b351cc6f997007ee27127,AAGNFDFWTWWY
5f2b351cc6f997007ee27128,ARXGSXAYYYCGMDV
5f2b351cc6f997007ee27129,AINGPYYPHAY
5f2b351cc6f997007ee2712b,ARXLXYXGSSGSHXDY
5f2b351cc6f997007ee2712c,ALSLYSSSSGPWWFDP
5f2b351cc6f997007ee27130,TIGGY
5f2b351cc6f997007ee27131,ASLFGSYDSRVPSRMDV
5f2b351cc6f997007ee27132,ARHGASMVVQLGTTFDY
5f2b351cc6f997007ee27133,AREWRGGGGSCLDY
5f2b351cc6f997007ee27134,ARDGYWPSDYGRXFDP
5f2b351cc6f997007ee27135,ARHGLDFFPLNDAFDI
5f2b351cc6f997007ee27136,ARDGGSASGARYFDF
5f2b351cc6f997007ee27138,AREYXDSHYSGIDY
5f2b351cc6f997007ee2713c,ASRLRQLEFHYAIDF
5f2b351cc6f997007ee2713d,ARGSISSGYNWFDP
5f2b351cc6f997007ee2713e,ARGRAQLVAFNDY
5f2b351cc6f997007ee2713f,ARASGEKIVVVPAAILFDY
5f2b351cc6f997007ee27140,ARWLQLN
5f2b351cc6f997007ee27142,ARGDYGSSSCCYGMENWFDY
5f2b351cc6f997007ee27143,ARDPMDYYYGMDF
5f2b351cc6f997007ee27144,ARGCAAARPERGARYNWYXDP
5f2b351cc6f997007ee27145,SASAPTLFPLVSCENSPSDTSSVAVGCLAQDF
5f2b351cc6f997007ee27146,ARTARDNWNDGNRFDP
5f2b351cc6f997007ee27147,ARERAYDIWSGYWYYYCSGLDY
5f2b351cc6f997007ee27148,ARDPRGEVAGTYFDY
5f2b351cc6f997007ee2714b,ARDEVARGYYGFDY
5f2b351cc6f997007ee2714f,AREGVAVAGINWFDP
5f2b351cc6f997007ee27151,ARDLVRWDSVVVPAGYVDY
5f2b351cc6f997007ee27153,ARGSEVPAAS
5f2b351cc6f997007ee27154,ASRSSSWPNAFDI
5f2b351cc6f997007ee27155,ARAQNYFESSGYYENLSFDS
5f2b351cc6f997007ee27156,AHNRSLLEPHSWYFDL
5f2b351cc6f997007ee27157,ARDLXXHYXSSGXSSGAFDI
5f2b351cc6f997007ee27158,ARDRHDCDSSSYYYYGIDY
5f2b351cc6f997007ee27159,ATDGVVPAATFFDY
5f2b351cc6f997007ee2715b,ARDRILTGYSAGGYYFGIDY
5f2b351cc6f997007ee2715c,ARXGLAVAGTGCFDX
5f2b351cc6f997007ee2715d,ARDTTNGMDV
5f2b351cc6f997007ee2715e,GRRPPKRSSTRD
5f2b351cc6f997007ee2715f,ARDQMVAEWFDP
5f2b351cc6f997007ee27162,ARDTGFGXXDYGFDY
5f2b351cc6f997007ee27164,ARHILRSGPFDY
5f2b351cc6f997007ee27166,AKGDSATHEGIHFQN
5f2b351cc6f997007ee27167,ARXHVXGWYPXPXHFDY
5f2b351cc6f997007ee27168,ARGDIFSRGCYYGMDV
5f2b351cc6f997007ee27169,TTDTAMGINYYDSSDYHPGRAFDI
5f2b351cc6f997007ee2716e,ARVQYSSDAFDI
5f2b351cc6f997007ee2716f,ARDGAPRSGYYYGEYLDD
5f2b351cc6f997007ee27171,ARDGLWYYDSSDQRRSRYFDL
5f2b351cc6f997007ee27172,ARDQQDYGGWLGASFDY
5f2b351cc6f997007ee27173,ARQGKIVVVPAYGMDV
5f2b351cc6f997007ee27175,ARGENGGSSSCVRYFDY
5f2b351cc6f997007ee27176,ARVSAGGCRGXXDFDY
5f2b351cc6f997007ee27178,ARERRSVAVAAPPPGDNGIEDYFFYFMDV
5f2b351cc6f997007ee2717a,ARHRAERLPRLDFYYGMDV
5f2b351cc6f997007ee2717b,AKHRGEYSLFGGFDY
5f2b351cc6f997007ee2717c,ARVVMYGDPGEDHFDY
5f2b351cc6f997007ee2717f,ARGLXDNYCYGSFDY
5f2b351cc6f997007ee27181,ARALPSTVGSGYGSWFWFDY
5f2b351cc6f997007ee27182,ARHYSALDH
5f2b351cc6f997007ee27185,ARSDDWRLYGMDV
5f2b351cc6f997007ee27186,ARGLGSSWSYGIDY
5f2b351cc6f997007ee27189,ARAMYCDRGRSLLGSYGMDV
5f2b351cc6f997007ee2718a,ARIPDY
5f2b351cc6f997007ee2718b,AXXXKRGXXXGY
5f2b351cc6f997007ee2718e,ARQQYDWYFDL
5f2b351cc6f997007ee27190,ARAGWEPLRTDY
5f2b351cc6f997007ee27191,ARSSRAFDI
5f2b351cc6f997007ee27192,ARGGYGARGGYYFDY
5f2b351cc6f997007ee27193,ARVPPAAIFGWFDP
5f2b351cc6f997007ee27196,AYVVGSSAPYYYGMDV
5f2b351cc6f997007ee27198,ARDDGIQLWPSGAFDP
5f2b351cc6f997007ee27199,ARARGSRYDAFDI
5f2b351cc6f997007ee2719a,ARGLVVMMVVNYDFDY
5f2b351cc6f997007ee2719d,ARDRGGAIDY
5f2b351cc6f997007ee2719f,AKKAGGMDA
5f2b351cc6f997007ee271a0,ARVCTSXAQWGWFDP
5f2b351cc6f997007ee271a2,ARDRANYYGGGSYLDY
5f2b351cc6f997007ee271a3,ARYGPMVRGVPKTYYYYGMDV
5f2b351cc6f997007ee271a4,ARXSGYGKGTTDAFDF
5f2b351cc6f997007ee271a6,ASXXXXDY
5f2b351cc6f997007ee271a7,ARSSGXAAATYYYYGFDV
5f2b351cc6f997007ee271a8,ARGGGGSGSCLVATADCFDY
5f2b351cc6f997007ee271a9,ARGFSYDFWSGYSLYYFDY
5f2b351cc6f997007ee271aa,ARXXLAVARXVYFDY
5f2b351cc6f997007ee271ab,ARETLIFGVIKARGPDY
5f2b351cc6f997007ee271ac,AAGELHGVFDY
5f2b351cc6f997007ee271ad,ARSGGYSYGTHDY
5f2b351cc6f997007ee271af,ARGSIAATGTFDFDP
5f2b351cc6f997007ee271b0,ARQRKIAVADQPFDY
5f2b351cc6f997007ee271b1,AKGGWIWGAGDH
5f2b351cc6f997007ee271b2,ARVSTVRGVMGHFDI
5f2b351cc6f997007ee271b3,ARDNQQWMPHDV
5f2b351cc6f997007ee271b5,ARXXXVVVAGIXGLXFDY
5f2b351cc6f997007ee271b7,ARDEGGEDDPYCSSTSCVNWFDP
5f2b351cc6f997007ee271ba,VRRWG
5f2b351cc6f997007ee271bb,ARETRGPGEYYYYGMDV
5f2b351cc6f997007ee271bc,ARAPTKAPDVFPIISGCRHPKDNSPVVLACLITGYHPTSVTVTWY
5f2b351cc6f997007ee271be,ASALRWSLRAFDI
5f2b351cc6f997007ee271bf,ARRWGTMIVVVNGFDL
5f2b351cc6f997007ee271c3,ARGNXTVVVGTTPQTATIDF
5f2b351cc6f997007ee271c6,ARGENGVAVADPHFDY
5f2b351cc6f997007ee271c7,ARHAYDFWSGYYYYYGMDV
5f2b351cc6f997007ee271cb,AKANGALRPKPYYFDY
5f2b351cc6f997007ee271cc,ARXXXXASAATPAYYGMDV
5f2b351cc6f997007ee271cd,AREXAYYGFWSGYHARYGMDV
5f2b351cc6f997007ee271ce,ARGTPTPMDIVVAPDDSYYFDY
5f2b351cc6f997007ee271cf,ARSPNWGTLFFDY
5f2b351cc6f997007ee271d1,AKDLRTLAGFGHDV
5f2b351cc6f997007ee271d3,ARDKGRXRVGWIAYCGSGCYFDY
5f2b351cc6f997007ee271d6,ARVTVTVVTADDAFDI
5f2b351cc6f997007ee271d8,ARDEVTMIGSFQH
5f2b351cc6f997007ee271d9,ARQYCGGGACYSAAFDI
5f2b351cc6f997007ee271dd,AKDMGSSSAGGYYYYGMDV
5f2b351cc6f997007ee271df,AHXPPQSHANFDY
5f2b351cc6f997007ee271e3,ARVGSSSCGCYYYGGFDY
5f2b351cc6f997007ee271e4,ARXXSVIVIRPVYFDY
5f2b351cc6f997007ee271e5,ARDGSGWGWFDP
5f2b351cc6f997007ee271e7,ASXXTGGWLVPGYSFDY
5f2b351cc6f997007ee271ea,ARGSLYSSGGVDY
5f2b351cc6f997007ee271ec,ARDTTGTTDY
5f2b351cc6f997007ee271ed,ARDNPWARAFDI
5f2b351cc6f997007ee271ee,ARGRXXLVTYYNWFDY
5f2b351cc6f997007ee271f0,ARGTFHERFGWYFDY
5f2b351cc6f997007ee271f4,TGQIITVMWTEDVFDV
5f2b351cc6f997007ee271f5,AREPSGEWLRFDY
5f2b351cc6f997007ee271f8,ARXXNAGXFDWFDP
5f2b351cc6f997007ee271f9,ARDQKSGNYYYYGMDV
5f2b351cc6f997007ee271fb,ARGREAAYYYYFDY
5f2b351cc6f997007ee271fd,ARAQSLQLALPSSYGMDY
5f2b351cc6f997007ee271fe,ARSGLGYFHGMGV
5f2b351cc6f997007ee271ff,ARDQARWDSGYYGYGFDY
5f2b351cc6f997007ee27202,ARYSGSYLAYFQH
5f2b351cc6f997007ee27203,ARFRHNYYGSGLPPAPLGLDY
5f2b351cc6f997007ee27204,ARLRRGYSSGYYGIDY
5f2b351cc6f997007ee27205,AKGGGRVGATTLDY
5f2b351cc6f997007ee27206,ARHPDSANYXRXGDGFDY
5f2b351cc6f997007ee27209,ARDEGYKGVVITMGNY
5f2b351cc6f997007ee2720a,ARGTPTPTDIVVAPDDSYYFDY
5f2b351cc6f997007ee2720f,ARGQSDYYYGMDV
5f2b351cc6f997007ee27213,AIWTYDFWSGFSGVY
5f2b351cc6f997007ee27215,ARDGDFLESRGKFDY
5f2b351cc6f997007ee27216,VLACLITGYHPTSVTVTWY
5f2b351cc6f997007ee27217,AHEEEERGAFDY
5f2b351cc6f997007ee27218,ARDHDLEGSGYGEGXFDY
5f2b351cc6f997007ee27219,ARPKTTMTTVYSFDY
5f2b351cc6f997007ee2721a,ARVRAPAGMATGWFDP
5f2b351cc6f997007ee2721b,ARVGGLDV
5f2b351cc6f997007ee2721d,ANSDSGVHRY
5f2b351cc6f997007ee27222,ARDPYDFWSGYTVRGGMDV
5f2b351cc6f997007ee27223,ARGSGGRRITIFGVFIDY
5f2b351cc6f997007ee27225,ARHVDGSGSYFGNFDY
5f2b351cc6f997007ee27227,AAQNYDYVQDAFDI
5f2b351cc6f997007ee27228,ARGGSYXXSSCCYAGFDY
5f2b351cc6f997007ee27229,ARPKRGTYYDFWS
5f2b351cc6f997007ee2722a,ARGRLVAPAAIVY
5f2b351cc6f997007ee2722b,ARVRRNFDSPAFDI
5f2b351cc6f997007ee2722c,ARGXAASGYDXNYGMDX
5f2b351cc6f997007ee2722d,ARKRGYYGMDV
5f2b351cc6f997007ee2722f,ARXRYXFWXSSGWYXXYLDY
5f2b351cc6f997007ee27232,AHALWFGDPLGWFDP
5f2b351cc6f997007ee27233,ARGEGGYCSSTSCLSAFDP
5f2b351cc6f997007ee27235,ARDRVGIAVCNYVDF
5f2b351cc6f997007ee27236,ARXXGGNPHWYFDL
5f2b351cc6f997007ee27238,ARERXXVVPHI
5f2b351cc6f997007ee2723a,ARDLSEAFDI
5f2b351cc6f997007ee2723b,ARSIKSPKYYYDSSGYWPKYYFDY
5f2b351cc6f997007ee27243,ATSGTPFQH
5f2b351cc6f997007ee27244,AARPRWYFDL
5f2b351cc6f997007ee27245,ASLYISGGDFDY
5f2b351cc6f997007ee27246,ARIPGLGYCTNGVCYVMDV
5f2b351cc6f997007ee27247,ARYSQQLVRKDAFDI
5f2b351cc6f997007ee27249,ARAPTKASDVFPIISGCRHPKDNSPVVLACLITGYHPTSVTVTWY
5f2b351cc6f997007ee2724a,ARDWGVGAVYFDY
5f2b351cc6f997007ee2724b,ARDXWGDYCSSSSCYRXSFDY
5f2b351cc6f997007ee2724c,ARDCGPHEWLLYSPFYYYGMDV
5f2b351cc6f997007ee2724d,ARVIAVGXXWYFDY
5f2b351cc6f997007ee2724f,ARDTYPDDYGYT
5f2b351cc6f997007ee27250,ARGVMPLYGSNYGMDV
5f2b351cc6f997007ee27255,ARXDXXSXSXFLYYYYGMDV
5f2b351cc6f997007ee27256,ARDRVVVPAARIYYYYGMDV
5f2b351cc6f997007ee2725a,ARDVLYDSSGYYGY
5f2b351cc6f997007ee2725c,ARGRARTDAVTLVAY
5f2b351cc6f997007ee2725f,ARAYDYSSSCYYCDY
5f2b351cc6f997007ee27261,VKAASLRFLEWLSLRARGYFDY
5f2b351cc6f997007ee27262,ARARALYSSSWSFDY
5f2b351cc6f997007ee27263,ARGXAGTSGYWSGYRXPTLCYFDY
5f2b351cc6f997007ee27264,ARSGVVLVPAAQRKREYYYYGMDV
5f2b351cc6f997007ee27266,ARDGAXGXVXXXXFDY
5f2b351cc6f997007ee27267,ARHGQQQLVNWFDP
5f2b351cc6f997007ee27269,ARLYGHDSSSSGGWYFDL
5f2b351cc6f997007ee2726c,ARVGATRDY
5f2b351cc6f997007ee2726d,ARRVDTVVVTRYYYYGNAMDV
5f2b351cc6f997007ee2726e,ARGPFTRGAFDI
5f2b351cc6f997007ee27270,ARDYHYYDSSGYYGYYYGMDV
5f2b351cc6f997007ee27271,ARASSWSHDAFDI
5f2b351cc6f997007ee27272,ARGGDSSYGAPAPFDY
5f2b351cc6f997007ee27275,ARXLGYXYGGSSWPNYYFDY
5f2b351cc6f997007ee27276,AKSRAVGIDLDAFDI
5f2b351cc6f997007ee27277,ATSGTPFQH
5f2b351cc6f997007ee27278,ARGXRGSSSCYYGXDY
5f2b351cc6f997007ee27279,ARFSNWNLDY
5f2b351cc6f997007ee2727a,ARDHAH
5f2b351cc6f997007ee2727c,ARDLGYCSGGCCWYYYYGIDF
5f2b351cc6f997007ee2727d,AREXLXYGVGATTVDAFDI
5f2b351cc6f997007ee2727f,ARANCDGDCRGRCYYGMDV
5f2b351cc6f997007ee27281,ARQGGQH
5f2b351cc6f997007ee27282,ARPTSQYYDFWSGYSFDY
5f2b351cc6f997007ee27284,ARTPPDFWSSYRSSNWFDY
5f2b351cc6f997007ee27287,ARPSHSGYIQGAFDY
5f2b351cc6f997007ee27288,ARDGSRGSPPLFDY
5f2b351cc6f997007ee27289,AGSYGPGDAVDI
5f2b351cc6f997007ee2728a,ARDXLMRGTLDAFDI
5f2b351cc6f997007ee2728b,ATGYNWDLLPFDI
5f2b351cc6f997007ee2728c,ARVTGPMSXFWSGYGDAYGMDV
5f2b351cc6f997007ee2728d,ARGGPILWFGASSNWFDP
5f2b351cc6f997007ee2728e,ARDRGRWQLADPWDY
5f2b351cc6f997007ee2728f,AHGSGSYLXYYALFDY
5f2b351cc6f997007ee27290,ARGVVVGITSCHFDF
5f2b351cc6f997007ee27292,ARGLXWWELXTGFDY
5f2b351cc6f997007ee27295,ARAKTKSGPTPDS
5f2b351cc6f997007ee27296,ARDFRRVIRSHMDNY
5f2b351cc6f997007ee27298,ARGVGITIVGVVTRSWDF
5f2b351cc6f997007ee27299,ARGTTDRATPD
5f2b351cc6f997007ee2729a,ASTAGSQWLVGH
5f2b351cc6f997007ee2729d,ARXXXXQQXXLXXLDL
5f2b351cc6f997007ee2729e,TYMTRRPRCSGGRCYSLDY
5f2b351cc6f997007ee2729f,ANPLNGSYYYYGMDV
5f2b351cc6f997007ee272a0,ASFLEWLYSYYFDY
5f2b351cc6f997007ee272a1,AKSPQDLVVITTALDY
5f2b351cc6f997007ee272a5,ARXXXXTTSFYYYYGMDV
5f2b351cc6f997007ee272a7,ARGIAAAGTGFDWFDP
5f2b351cc6f997007ee272a8,GRGRHAAADGSGRRWFDP
5f2b351cc6f997007ee272a9,AKGNSMFYYDS
5f2b351cc6f997007ee272ac,AREGSWSADQNYYGMDV
5f2b351cc6f997007ee272ad,ARESIYGIQLSNYFDY
5f2b351cc6f997007ee272ae,ARDQSVPVAKNWFDP
5f2b351cc6f997007ee272b0,ARXGXNXXAXAX
5f2b351cc6f997007ee272b2,ARLGYSSGWDDAFDI
5f2b351cc6f997007ee272b6,ARASDYYGSGSYYDY
5f2b351cc6f997007ee272b7,ARGGCSSTSCYLFFDY
5f2b351cc6f997007ee272ba,AREQATMVMVVRYSSFDY
5f2b351cc6f997007ee272bb,TRERVEIYDFWSHGWFDP
5f2b351cc6f997007ee272c0,ARDGSMTTVTSNDFDY
5f2b351cc6f997007ee272c1,ARSVSYLSYDS
5f2b351cc6f997007ee272c2,ARVDTFLWNPYLRF
5f2b351cc6f997007ee272c3,ARXRXGVTCSNXFDF
5f2b351cc6f997007ee272c4,ARESGSAYWFDP
5f2b351cc6f997007ee272c6,ARDKRSTGYCGSTGCFDY
5f2b351cc6f997007ee272c8,APQGADSSGYYFHRDWYFDL
5f2b351cc6f997007ee272c9,ARPKYQLLLREGFDY
5f2b351cc6f997007ee272ca,ARXRSIAVAGRGXYFDH
5f2b351cc6f997007ee272cc,ARGSGGRRITIFGVFIDY
5f2b351cc6f997007ee272ce,TLHYHDYGDYSPEGAVDI
5f2b351cc6f997007ee272cf,ARDLDEETLLWFGEFLRPTGGQFDY
5f2b351cc6f997007ee272d1,ARDXSAXNCGVYYYXGMDV
5f2b351cc6f997007ee272d3,ARYSGSYLAYFQH
5f2b351cc6f997007ee272d5,ARSPNWGTLFFDY
5f2b351cc6f997007ee272d7,ARESQYGDAWYGDH
5f2b351cc6f997007ee272d8,ASPTISRLFGMDV
5f2b351cc6f997007ee272da,AKLISSSFVFDY
5f2b351cc6f997007ee272db,ARDDIVAGLLQRGYFDY
5f2b351cc6f997007ee272dd,ARNLVGYSSGYPFYYYYGMDV
5f2b351cc6f997007ee272df,ARRPPGGGGSPYFDY
5f2b351cc6f997007ee272e2,ARGNLVFAAGVTAPAALNY
5f2b351cc6f997007ee272e7,ATWAVADRLIIDS
5f2b351cc6f997007ee272e8,ARSPNWGTLFFDY
5f2b351cc6f997007ee272e9,RGSSSHTLDY
5f2b351cc6f997007ee272ea,ARDGDIAAAGHLDF
5f2b351cc6f997007ee272ed,ARGSWFDDSCYGFDV
5f2b351cc6f997007ee272ee,AREGSGGSNDYYYGMDV
5f2b351cc6f997007ee272f0,AREEEHGSGFDH
5f2b351cc6f997007ee272f2,VRXXXXXGYTRFDY
5f2b351cc6f997007ee272f4,ARAGFRLRFLEPSPIFDY
5f2b351cc6f997007ee272f5,ARGSYPRLVRRGAFDI
5f2b351cc6f997007ee272f7,ARRGENWNYDY
5f2b351cc6f997007ee272f8,ARHYSALDH
5f2b351cc6f997007ee272f9,ARHAYSSGWEDWFDH
5f2b351cc6f997007ee272ff,ARVGVGSVLANCFDY
5f2b351cc6f997007ee27301,VLACLITGYHPTSVTVTWY
5f2b351cc6f997007ee27302,V
5f2b351cc6f997007ee27304,ARVDQREMATIMSTDNFDY
5f2b351cc6f997007ee27305,ARVPLKYGSSGY
5f2b351cc6f997007ee27309,ARYGADCSSSGCYMRGAFDY
5f2b351cc6f997007ee2730b,ARHEAAAGTHNWFDP
5f2b351cc6f997007ee2730d,TRDTNYIAFDI
5f2b351cc6f997007ee2730e,ARGVLQSLEWLLANCYFGMDV
5f2b351cc6f997007ee27310,ARGPNDDAFDI
5f2b351cc6f997007ee27313,ARDEALRGGIVSFDAFDL
5f2b351cc6f997007ee27314,ARDASYYSSSDAFDF
5f2b351cc6f997007ee27315,ARKIQLWYYDY
5f2b351cc6f997007ee27316,AHTYFREGSSSSELYFDY
5f2b351cc6f997007ee27317,ARESAHSSPADP
5f2b351cc6f997007ee2731a,ARRGSGADDPYGLDV
5f2b351cc6f997007ee2731b,ARADPNLKWELLPVXY
5f2b351cc6f997007ee2731c,ARRPARYPLDY
5f2b351cc6f997007ee2731d,ARVLGLAAAGRSWFDP
5f2b351cc6f997007ee2731e,ARXDWLSQYYFDY
5f2b351cc6f997007ee27320,ARXAPASGYYGMXXXXFDV
5f2b351cc6f997007ee27321,ARGIAAAGRGAFFDS
5f2b351cc6f997007ee27322,ARRXAPTAAGXFDX
5f2b351cc6f997007ee27325,ARGSITVTTAYFDY
5f2b351cc6f997007ee27326,ARGSVXXSCGGGSCYXDY
5f2b351cc6f997007ee27328,ARGNGESGRGYCFDY
5f2b351cc6f997007ee2732a,ARNRYSNFI
5f2b351cc6f997007ee2732d,ATVRLDYDSSGYSN
5f2b351cc6f997007ee2732e,ARDLSYYYGMDV
5f2b351cc6f997007ee2732f,ARVGIAAAGTEFNY
5f2b351cc6f997007ee27330,ARSLSSIAARPYFQH
5f2b351cc6f997007ee27332,ATKLPTPY
5f2b351cc6f997007ee27333,ATGPQQWELSPPIVH
5f2b351cc6f997007ee27334,ARDDSGLDY
5f2b351cc6f997007ee27338,ATYSSQSSWFDP
5f2b351cc6f997007ee2733a,ARVRAPAGMATGWFDP
5f2b351cc6f997007ee2733c,ARVKGXLGYSNGWXPSAFDY
5f2b351cc6f997007ee2733d,ARDPRIIVATIDDYFDD
5f2b351cc6f997007ee2733e,ATSGTPFEY
5f2b351cc6f997007ee27341,ARDPSINERELYAFDM
5f2b351cc6f997007ee27346,ARQTLYTAMVDY
5f2b351cc6f997007ee27347,VREGNWNLDL
5f2b351cc6f997007ee27348,AKDNGGQGAFDI
5f2b351cc6f997007ee2734a,ARDRYGDYAAGY
5f2b351cc6f997007ee2734c,ARCPDGWR
5f2b351cc6f997007ee2734e,ARGYCTGRSCHVTPYYFDS
5f2b351cc6f997007ee2734f,ARGXRTVTXNY
5f2b351cc6f997007ee27350,ARDVAATVVELSSDNWFDY
5f2b351cc6f997007ee27351,ARRNYYDSSGYGRTYXFDY
5f2b351cc6f997007ee27353,AHRPTYQLQKEGNWFDP
5f2b351cc6f997007ee27355,AAPYSGYVNRLDV
5f2b351cc6f997007ee27356,ARLLLGGVFDI
5f2b351cc6f997007ee27358,AREXYDSGSXXXXDAFDI
5f2b351cc6f997007ee27359,ARHPISWYDFWSGNYGMDV
5f2b351cc6f997007ee2735a,ARVDCXDGCYPDGFDY
5f2b351cc6f997007ee2735b,ARGEMGIFGDYYGMDV
5f2b351cc6f997007ee2735d,ARRGLTGGFSHSYNWFDP
5f2b351cc6f997007ee2735e,ARGLGARCGGYFLAGFDY
5f2b351cc6f997007ee2735f,TYRRSGGSYWAS
5f2b351cc6f997007ee27361,ARVDCSSTSCGQKYYYGTDV
5f2b351cc6f997007ee27362,ARRARGYCSGASCYGIDY
5f2b351cc6f997007ee27368,ARTSGYDSGPGPGGSGRRFFDY
5f2b351cc6f997007ee2736a,ARVVXFGGVIVXPTYYYGMDY
5f2b351cc6f997007ee2736b,ARXPGYYDFWSGYYDFDY
5f2b351cc6f997007ee2736f,ARWGHY
5f2b351cc6f997007ee27370,TRQIITVSWTTDVFDL
5f2b351cc6f997007ee27371,ASRQQQLPYFDY
5f2b351cc6f997007ee27373,ARGLAAAGTYDY
5f2b351cc6f997007ee27374,ARGLNDVAAXLDY
5f2b351cc6f997007ee27375,ARGLGIAAPWGGY
5f2b351cc6f997007ee27376,ARPPNPGYSYVGAFDI
5f2b351cc6f997007ee27378,ARDWVFGVVSRVFDY
5f2b351cc6f997007ee27379,ARVAFYYDXRXGXFAFDI
5f2b351cc6f997007ee2737a,ARERAGSSGDFDAFYI
5f2b351cc6f997007ee2737b,ARRVXL
5f2b351cc6f997007ee2737c,VKVDLMVGGPIGAMDV
5f2b351cc6f997007ee2737d,AREDSGGYYYVDWFDP
5f2b351cc6f997007ee27380,ARQVAARPRRPVDY
5f2b351cc6f997007ee27381,AREHLRCGGDCSLKTWFDH
5f2b351cc6f997007ee27383,VGRGKFSNGWHYFDY
5f2b351cc6f997007ee27387,AQGSTSYYYGMDV
5f2b351cc6f997007ee27388,ARGXXXGSSRSSSXRFDY
5f2b351cc6f997007ee27389,ASGQSITMIVVVIGHGAFDI
5f2b351cc6f997007ee2738a,AREESSSWFNWFDP
5f2b351cc6f997007ee2738c,ARGSIAARPRRRFYWFDP
5f2b351cc6f997007ee27390,ARGMYYDXWTGPETLGWFDY
5f2b351cc6f997007ee27392,ARLSSSVRIVPATVIDY
5f2b351cc6f997007ee27393,ARGEPYYYGMDV
5f2b351cc6f997007ee27397,ARDCHGIFGVVRPYYYYGMDV
5f2b351cc6f997007ee27398,ARGGGGYFIDY
5f2b351cc6f997007ee27399,ENSPSDTSSVAVGCLAQDF
5f2b351cc6f997007ee2739b,ARAADLSGSDFGN
5f2b351cc6f997007ee2739c,ARHYSALDH
5f2b351cc6f997007ee273a1,ARISRAHYDSSGYFYFDY
5f2b351cc6f997007ee273a2,AKAKYSSSSFDY
5f2b351cc6f997007ee273a3,ATIDGIPEY
5f2b351cc6f997007ee273a4,AKVAGSXXXY
5f2b351cc6f997007ee273a5,ARDRDGYNRD
5f2b351cc6f997007ee273a7,ARGRELYYYGMDV
5f2b351cc6f997007ee273a8,ATSGTPFQH
5f2b351cc6f997007ee273aa,ARGVGDGVTGTTYYYGMDF
5f2b351cc6f997007ee273ac,ARXRSSWYYFDY
5f2b351cc6f997007ee273ad,ARVSGTMGLEGTTLXSIXCFDY
5f2b351cc6f997007ee273ae,ARIPTSIAAAGGGGYYYGMDV
5f2b351cc6f997007ee273af,ARADRIGSSWYGIDY
5f2b351cc6f997007ee273b5,ARVSDIVATWGADY
5f2b351cc6f997007ee273b9,AKDIGGSYPYYYYGMDG
5f2b351cc6f997007ee273ba,ASRGGNSGDFDY
5f2b351cc6f997007ee273bb,ARVTYQGPRKRENGVGIDY
5f2b351cc6f997007ee273bc,ARVGLYYDFWNARNSYLDS
5f2b351cc6f997007ee273be,ARXXCSSGXXYXXSDX
5f2b351cc6f997007ee273bf,ARGAGELPLXXGYYFDY
5f2b351cc6f997007ee273c1,ARRPAARPPDY
5f2b351cc6f997007ee273c2,ARLKVGGYXGYFDY
5f2b351cc6f997007ee273c6,TRHVRSAGRAQYFDQ
5f2b351cc6f997007ee273c9,ARSGRGTASWFDP
5f2b351cc6f997007ee273ca,ARXRIXIGYGVDX
5f2b351cc6f997007ee273cc,ARGTIYDY
5f2b351cc6f997007ee273cd,ASIAAAGTLPYYYGMDV
5f2b351cc6f997007ee273ce,ARQFYHDTSRSSSYWYFDL
5f2b351cc6f997007ee273cf,ARGTGGYDSSGCYFYGMDV
5f2b351cc6f997007ee273d0,ARGXXIMTWFGVXIXXYGGFDY
5f2b351cc6f997007ee273d4,ASYXXGWXY
5f2b351cc6f997007ee273d5,ARLETYYDFWSGYRDFDY
5f2b351cc6f997007ee273d6,ARETVTYNWFDP
5f2b351cc6f997007ee273d7,ARXXRVTIFGVAFDP
5f2b351cc6f997007ee273d8,ARLGELDFWSSSLDD
5f2b351cc6f997007ee273da,AKVILEAYCGGDCRDAFDI
5f2b351cc6f997007ee273db,ARDRGGELPSDY
5f2b351cc6f997007ee273dd,ARASYKLYSYGPNYYYYGMDV
5f2b351cc6f997007ee273de,ARPYDSSGYSAFDI
5f2b351cc6f997007ee273e0,ARVKGIGPPAEH
5f2b351cc6f997007ee273e2,ASGHSSSVDVDY
5f2b351cc6f997007ee273e4,SRRIISVADYFDY
5f2b351cc6f997007ee273e5,AGRGYPHYYYGMDV
5f2b351cc6f997007ee273e7,AQSLRPXXDGILGY
5f2b351cc6f997007ee273e8,ARASSWSHDAFDI
5f2b351cc6f997007ee273e9,AKGPDYFDSSGYVY
5f2b351cc6f997007ee273eb,ARLAPHYCSSTSCYDGWD
5f2b351cc6f997007ee273ec,ARDXIGSVIVLXXXWDAFDI
5f2b351cc6f997007ee273ed,ARGEDYFDY
5f2b351cc6f997007ee273ee,ARHPRYGAFDY
5f2b351cc6f997007ee273ef,ARVRRWDTAMTRGDY
5f2b351cc6f997007ee273f0,ARGGGSSDSSGCYRGQDYFDY
5f2b351cc6f997007ee273f2,AREQQDFWKDYFDY
5f2b351cc6f997007ee273f3,ARARHLDSGLSEDAFDY
5f2b351cc6f997007ee273f4,GRLTGRAAAGS
5f2b351cc6f997007ee273f7,ARDREVDTEWYFDL
5f2b351cc6f997007ee273f8,ARGGQPPRGYCFDY
5f2b351cc6f997007ee273fa,AREGQSYCGSASCYWIDY
5f2b351cc6f997007ee273fb,ARIGSFGAXADGYFDY
5f2b351cc6f997007ee273fe,ARXKQXGTYLRTGAFDX
5f2b351cc6f997007ee273ff,AGDPRGYVLYFFDY
5f2b351cc6f997007ee27400,ARRLCGTSGSRYRYYGLDD
5f2b351cc6f997007ee27401,ARGSFGYSFGH
5f2b351cc6f997007ee27403,ARGHCGGDCYALDY
5f2b351cc6f997007ee27405,ARGPHSTAWYFGYFDL
5f2b351cc6f997007ee27407,ARGAVVTAPAEYFHH
5f2b351cc6f997007ee27408,ARHQINYDSSGWDRGGIDL
5f2b351cc6f997007ee2740a,VRDAGRDGHNYHFDH
5f2b351cc6f997007ee2740c,ARGEYSSSTIFDY
5f2b351cc6f997007ee2740d,AREDSGGYCYYYGLDL
5f2b351cc6f997007ee27410,AREGRGGFYQLFDY
5f2b351cc6f997007ee27412,ARIIAVAGRGNWFDH
5f2b351cc6f997007ee27413,AREGXYDFWSGWGYYYGLDH
5f2b351cc6f997007ee27414,ARVGLYYDFWNARNSYLDS
5f2b351cc6f997007ee27416,ARDXXXXLXVPTYFDY
5f2b351cc6f997007ee27417,ARGGSYDYXXLWGSFDY
5f2b351cc6f997007ee27418,ARDADYGGWLGSWFDS
5f2b351cc6f997007ee2741a,AKGPSYCSGGSCHTVAWGSSFDY
5f2b351cc6f997007ee2741c,AREESVVAAATSGGYFDFDN
5f2b351cc6f997007ee2741f,VLACLITGYHPTSVTVTWY
5f2b351cc6f997007ee27422,ARDLDYGDYPDFDY
5f2b351cc6f997007ee27423,ARGHAHDY
5f2b351cc6f997007ee27426,AREVAAAATAGDFDY
5f2b351cc6f997007ee27427,AHRRISVPPAIGYNWFDP
5f2b351cc6f997007ee27429,ARGSSYLEWLLSSSDY
5f2b351cc6f997007ee2742a,AHRRSTFGVVILFDY
5f2b351cc6f997007ee2742b,AXVPGILGIXYFDY
5f2b351cc6f997007ee2742c,ARQERYNSGYDYYLDY
5f2b351cc6f997007ee2742d,AHMGGFDTTMARRRDAFDI
5f2b351cc6f997007ee27432,AKVRTVHQYGMDV
5f2b351cc6f997007ee27433,AKXXYGTRRFXDXDAFDI
5f2b351cc6f997007ee27435,ARAAELSGSDFGN
5f2b351cc6f997007ee27436,ARDQMVAEWFDP
5f2b351cc6f997007ee27438,ARDRRCLEATALYYDGFDY
5f2b351cc6f997007ee27439,ARLGTGASHYDY
5f2b351cc6f997007ee2743b,ARDVGIDSYGYNFDY
5f2b351cc6f997007ee2743d,ARAGCECSGWYGXFDY
5f2b351cc6f997007ee2743e,ARGPKYSSSCYXYWCIDY
5f2b351cc6f997007ee2743f,ARIISITGTTGYYYGMDV
5f2b351cc6f997007ee27440,ARGGTDIVVVXAGDYXXXXDV
5f2b351cc6f997007ee27441,ARIDVASYYFDY
5f2b351cc6f997007ee27442,ARVHYVGRGYRYAFDY
5f2b351cc6f997007ee27443,ARIGRGYYYYYGMDV
5f2b351cc6f997007ee27444,ARAPVATIDFDY
5f2b351cc6f997007ee27448,TTTYADAFDI
5f2b351cc6f997007ee2744a,AREPGELVGMAVTGVIDV
5f2b351cc6f997007ee2744b,ARGWRWLQF
5f2b351cc6f997007ee2744d,ARGREYIVVVVAATGNWFDP
5f2b351cc6f997007ee2744e,ARGGSYYFTGYSDL
5f2b351cc6f997007ee27450,ARPARQQTIFGVVPNYYYGMDV
5f2b351cc6f997007ee27451,ARRIGGGDY
5f2b351cc6f997007ee27452,ARGFGXTSVQRAVDV
5f2b351cc6f997007ee27455,ARGEGFPGWFDP
5f2b351cc6f997007ee27457,ARHFVTFDY
5f2b351cc6f997007ee27458,ARGAVVTAPAEYFHH
5f2b351cc6f997007ee2745c,AHSTGVNNLYFDF
5f2b351cc6f997007ee2745f,ARLAGKDYGDSV
5f2b351cc6f997007ee27460,AAGDGSFDV
5f2b351cc6f997007ee27461,ARXRGRPLEWLDYYGLDL
5f2b351cc6f997007ee27464,ATEFGDSSGYWGY
5f2b351cc6f997007ee27465,ARLXSYGXEGXAFDI
5f2b351cc6f997007ee27466,AREXGRRGFDY
5f2b351cc6f997007ee27467,ARLSDIYLASGFDI
5f2b351cc6f997007ee27468,ASRGYAASWYDATFDA
5f2b351cc6f997007ee27469,SASAPTLFPLVSCENSPSDTSSVAVGCLAQDFQ
5f2b351cc6f997007ee2746a,ARGRGGTFSGSYYYYGMDV
5f2b351cc6f997007ee2746c,ARSTSGYYSH
5f2b351cc6f997007ee2746d,ARGXXXGTAXXXFDP
5f2b351cc6f997007ee2746e,ARDQMVAEWFDP
5f2b351cc6f997007ee27473,ARLTAFDNYNWFDP
5f2b351cc6f997007ee27474,ARGTXXGXAXXXXDDYFDY
5f2b351cc6f997007ee27475,ARHYSALDH
5f2b351cc6f997007ee27478,AHRRFIAAALPFDY
5f2b351cc6f997007ee27479,ARNPTGPGGFDV
5f2b351cc6f997007ee2747a,ARGNGIVGANYCFDD
5f2b351cc6f997007ee2747e,ARXXXXXXVVXMXXYFDX
5f2b351cc6f997007ee27480,ARDGRDYGGLXPXGGMDV
5f2b351cc6f997007ee27482,ATDAIVPAASFMC
5f2b351cc6f997007ee27484,ARGSVSSWYYFDY
5f2b351cc6f997007ee27486,ATSYGDYGGMGYYYYYYGMDV
5f2b351cc6f997007ee27487,ARDKREYYDSGGCYPS
5f2b351cc6f997007ee27489,ARDFYPSPXGGVGAFDX
5f2b351cc6f997007ee2748f,AKEITIFGVENV
5f2b351cc6f997007ee27492,ARDLPATETGWFDP
5f2b351cc6f997007ee27494,AHERPLRSDSGGYPDY
5f2b351cc6f997007ee27498,TTDPSLMVRGVNQNY
5f2b351cc6f997007ee2749e,ARDYFGTAKTNWFDP
5f2b351cc6f997007ee274a2,AKGTCSSTSCYNVY
5f2b351cc6f997007ee274a3,ARGLGVAIVTPFVLLIDY
5f2b351cc6f997007ee274a4,ARGGGDGGNFD
5f2b351cc6f997007ee274a7,ARELPPLVPLDY
5f2b351cc6f997007ee274a8,ARGVGDLDLYDSSGHYYGY
5f2b351cc6f997007ee274a9,AREESSXXXSGGYYYGFDY
5f2b351cc6f997007ee274aa,ARSVAATGEGYYYGMDV
5f2b351cc6f997007ee274ad,ARSGMWELLSKRGYFDY
5f2b351cc6f997007ee274b1,ATQYQLRGRAYYYYGMDV
5f2b351cc6f997007ee274b2,AREARYDSSGYYRRTTHDAFDI
5f2b351cc6f997007ee274b4,VHRRGGDFDY
5f2b351cc6f997007ee274b5,ARGGYSHSRLGRSYGMDV
5f2b351cc6f997007ee274b6,ARGXXGSATPYCYYYGIDY
5f2b351cc6f997007ee274ba,ARXRERYNYFDY
5f2b351cc6f997007ee274bb,ARLGVSSAYDTFDV
5f2b351cc6f997007ee274bd,ARGGVFRGGCCYYYGFDY
5f2b351cc6f997007ee274bf,MRQKGDY
5f2b351cc6f997007ee274c1,ARDTHRTRIPADF
5f2b351cc6f997007ee274c3,ARIREGVVQWELXFDY
5f2b351cc6f997007ee274c5,ARPGLERLPDAFDI
5f2b351cc6f997007ee274c9,ATNSGRYFNFDY
5f2b351cc6f997007ee274ca,ANLGYCSSTSCRDYYYGMDV
5f2b351cc6f997007ee274cc,ARGTPTPTDIVVAPDDSYYFDY
5f2b351cc6f997007ee274ce,AHRGXAAARGGSFDY
5f2b351cc6f997007ee274d0,DTAMVLDY
5f2b351cc6f997007ee274d2,ARGGTXXXXXLCYFDX
5f2b351cc6f997007ee274d5,ARDEACCSGGYYYDGFDF
5f2b351cc6f997007ee274d7,ARRSVLDHYYYGMDV
5f2b351cc6f997007ee274d8,ARDRGNTAMVVDGNWFDY
5f2b351cc6f997007ee274d9,AGDAQTGNYFHPRDF
5f2b351cc6f997007ee274dc,ARLVKDDRSRASLHAFDI
5f2b351cc6f997007ee274dd,ARATTYRGRGVLDY
5f2b351cc6f997007ee274e1,ARGGSYSDH
5f2b351cc6f997007ee274e2,ARXXXMAAAGXFDY
5f2b351cc6f997007ee274e3,ASAGDLFDY
5f2b351cc6f997007ee274e4,ATGAVGTSCLYLPFDY
5f2b351cc6f997007ee274e6,AREGSTDFDY
5f2b351cc6f997007ee274e8,ASLPYDSTGPTS
5f2b351cc6f997007ee274e9,AKGRRGSGFSHYLDS
5f2b351cc6f997007ee274eb,ARVFDLGGKVPAAISP
5f2b351cc6f997007ee274ec,ARQYPLGRGSGGYGYFDY
5f2b351cc6f997007ee274ed,AKGVDTAMVKSFDY
5f2b351cc6f997007ee274ef,AKLQWLVQHAFDI
5f2b351cc6f997007ee274f0,ARSGVKAAXXVNDY
5f2b351cc6f997007ee274f1,ARDXLGAAAGTDY
5f2b351cc6f997007ee274f5,ARDRSQSGWYWGYFDY
5f2b351cc6f997007ee274f8,ARGLVDPVVIAGSTYGMDV
5f2b351cc6f997007ee274fa,ARDYYDRSGSPFFDI
5f2b351cc6f997007ee274fd,ARXXXXLTIMGVY
5f2b351cc6f997007ee274fe,ARDSITMVGVVTXGXAFDY
5f2b351cc6f997007ee274ff,ATDSVTFQGRMDV
5f2b351cc6f997007ee27501,ARGRRGNTYGFTKLDS
5f2b351cc6f997007ee27502,ARVGDYVRSDY
5f2b351cc6f997007ee27504,AHWGYSYGSDAFDI
5f2b351cc6f997007ee27505,AREESGYYYDSSGYYQYFDH
5f2b351cc6f997007ee27507,ARGRRTGGRCYSLAFDY
5f2b351cc6f997007ee27508,ISGCRHPKDNSPVVLACLITGYHPTSVTVTWY
5f2b351cc6f997007ee27509,ARGRKVAATLFDY
5f2b351cc6f997007ee2750a,ARIIVGDGIDAFDI
5f2b351cc6f997007ee2750c,ARGGIAAAGTGDY
5f2b351cc6f997007ee2750d,ARALRGRDYYYGMDV
5f2b351cc6f997007ee2750e,ARVAXPGYSSGWCGFDY
5f2b351cc6f997007ee27512,ARGXNIQLRLTGFDY
5f2b351cc6f997007ee27513,ARDPMKDCSVTSCSGY
5f2b351cc6f997007ee27515,ARDYRLGVSGPLGF
5f2b351cc6f997007ee27516,ARTPYTTGFHYHFDL
5f2b351cc6f997007ee27518,ARGGSAAGPRWFDP
5f2b351cc6f997007ee2751a,ARGTPTPTDIVVAPDDSYYFDY
5f2b351cc6f997007ee2751b,ARHFYGSSCYGYFDY
5f2b351cc6f997007ee2751c,AREXHWDSWRDYFDY
5f2b351cc6f997007ee2751d,ARXXEXXLXCFDX
5f2b351cc6f997007ee27520,ARVGVVAVXGGIDY
5f2b351cc6f997007ee27521,ARSTIFGVVTD
5f2b351cc6f997007ee27522,ARVARTKAYFEY
5f2b351cc6f997007ee27524,ARGRGATAY
5f2b351cc6f997007ee27527,ARAGADSGGYCYCFDY
5f2b351cc6f997007ee27528,VKDPSEDYYYYYGMDV
5f2b351cc6f997007ee27529,ARVGLDGAGIYYYYGLDV
5f2b351cc6f997007ee2752a,ARAPPYSSSWYAV
5f2b351cc6f997007ee2752c,ARXCGSGSCXTDYYGFDF
5f2b351cc6f997007ee2752d,AREXSPWVGHAGFDX
5f2b351cc6f997007ee2752e,ARQRVVVTAIHHEPFDY
5f2b351cc6f997007ee27530,ARVVQGGSCFAWFDY
5f2b351cc6f997007ee27533,AHSKYSSGWYPFS
5f2b351cc6f997007ee27534,ARDLIAAAGDYYFDY
5f2b351cc6f997007ee27535,ENSPSDTSSVAVGCLAQDFQ
5f2b351cc6f997007ee27536,ARQGYYGSGSYIGY
5f2b351cc6f997007ee27537,ARVRGDWYFDL
5f2b351cc6f997007ee2753c,ARAPYAGGGWFDP
5f2b351cc6f997007ee2753f,ARGRGLRFNRKYRLPTYYYYGMDV
5f2b351cc6f997007ee27540,ARGIDYSSGWYEXGAFDX
5f2b351cc6f997007ee27541,ARDPGGSYNPMGGY
5f2b351cc6f997007ee27542,AREGDYGCGRYDSHALDF
5f2b351cc6f997007ee27543,ARGTPTPTDIVVAPDDSYYFDY
5f2b351cc6f997007ee27545,ARGXLXSATGGWLFHDY
5f2b351cc6f997007ee27546,ATLAAAGGTGGY
5f2b351cc6f997007ee27547,ARVLELXXAXRNWFDP
5f2b351cc6f997007ee2754b,ARDTDYVVVTPGYVDF
5f2b351cc6f997007ee2754e,ARDRTGGPWGALDI
5f2b351cc6f997007ee27550,ARYSGSYLAYFQH
5f2b351cc6f997007ee27551,ARPKRIAVAGTNWFDY
5f2b351cc6f997007ee27554,ATLSGRRGWFDP
5f2b351cc6f997007ee27556,ARVASGYSSNQWTYYYYYGMDV
5f2b351cc6f997007ee27557,ARXXPXXVVXAXXXXFDY
5f2b351cc6f997007ee2755b,ARGRGYYDY
5f2b351cc6f997007ee2755c,ARGGGGYGSSSYYGFDY
5f2b351cc6f997007ee2755f,ARDADGYGSEDYFDY
5f2b351cc6f997007ee27560,ARXMXGIVGVVSSDY
5f2b351cc6f997007ee27561,ARQGYDSSGYYHPFSEHFDY
5f2b351cc6f997007ee27562,ARSYDFWSGYHTGSDY
5f2b351cc6f997007ee27563,AREQWGDTAIDDAFDI
5f2b351cc6f997007ee27566,ARDGGSCGYCYDDFDY
5f2b351cc6f997007ee27567,ATIAAASPGDDY
5f2b351cc6f997007ee27568,ARRRPSANWYDATFDN
5f2b351cc6f997007ee27569,ARRIVEKLVVATTQYGFDY
5f2b351cc6f997007ee2756a,ARRVDWEDAFDI
5f2b351cc6f997007ee2756b,ARDRGAGADY
5f2b351cc6f997007ee2756c,AKDMQQWRNLRGAFDI
5f2b351cc6f997007ee27570,AAARQ
5f2b351cc6f997007ee27571,AGGVSITEQRNAFDI
5f2b351cc6f997007ee27573,SHRLKGQGAVHY
5f2b351cc6f997007ee27575,ARXXSMIVVVLRPVYFDY
5f2b351cc6f997007ee2757b,ARGGRKIQLSRYNS
5f2b351cc6f997007ee2757c,ARVSPPTLGVAAEVDY
5f2b351cc6f997007ee2757e,AKSKLDSDGYFYMDVFEV
5f2b351cc6f997007ee27580,XXHTMVRGVIITIDY
5f2b351cc6f997007ee27582,GRLPPKRSSTRD
5f2b351cc6f997007ee27583,AKALGYYPHYGMDV
5f2b351cc6f997007ee27584,ARELPPLVPFDY
5f2b351cc6f997007ee27585,ARDGRSSSCYYYSFDY
5f2b351cc6f997007ee27587,ARDPGYSYGKGPFDY
5f2b351cc6f997007ee2758a,ARGGIVVAANWFDY
5f2b351cc6f997007ee2758c,ERIRLEDLEMDY
5f2b351cc6f997007ee2758d,AKGSYYYGSRTYYLLN
5f2b351cc6f997007ee2758f,ARDAAFDI
5f2b351cc6f997007ee27590,AKDKMYCSGDCHSVGAGMDV
5f2b351cc6f997007ee27591,ARGYPLLGVRCWFDP
5f2b351cc6f997007ee27592,ARRTGWYYLPRDYYGMDV
5f2b351cc6f997007ee27593,TTDERGSYYVGQVDI
5f2b351cc6f997007ee27594,ARGTGVVVAGGYGFDY
5f2b351cc6f997007ee27595,AKGLPSRYFDS
5f2b351cc6f997007ee27596,ARDRGGILGWYDHGGFDY
5f2b351cc6f997007ee27597,ARGELAMAANGYFDY
5f2b351cc6f997007ee2759c,AHTRDDYGSDFDY
5f2b351cc6f997007ee2759d,ARXXVVXVIRXPXYXDALDV
5f2b351cc6f997007ee2759e,ARXGRXGXGYCSGGYCGSFDY
5f2b351cc6f997007ee275a0,ATTMVRGHNAFDI
5f2b351cc6f997007ee275a3,AKDLASSIAARPFDY
5f2b351cc6f997007ee275a5,ATGPQQWELSPPIVH
5f2b351cc6f997007ee275a6,ARHXYXXXGTAAGTSSYWFDS
5f2b351cc6f997007ee275a8,AKGDSGVTFYYYYGMDV
5f2b351cc6f997007ee275a9,ARYYSYYGMDV
5f2b351cc6f997007ee275ab,ARHHYGSGGDAFDI
5f2b351cc6f997007ee275ac,ARGRRVVARAGYYYYGMDV
5f2b351cc6f997007ee275af,AHRRVVMTDILFDS
5f2b351cc6f997007ee275b0,ASGVAVIDY
5f2b351cc6f997007ee275b1,AKEDYYDSSGYPFDY
5f2b351cc6f997007ee275b2,ARDTDLRASRCYCDGFDI
5f2b351cc6f997007ee275b4,ARXXSAVATPVGFDH
5f2b351cc6f997007ee275b6,ARAPFVVATHNYYYGMDV
5f2b351cc6f997007ee275b8,ARLERGYYDFSIDY
5f2b351cc6f997007ee275bb,ARDQVPSRGSASAPTLFPLVSCENSPSDTSSVAVGCLAQDF
5f2b351cc6f997007ee275bc,ARDRVEDIVILPAGIQYYYYGMDV
5f2b351cc6f997007ee275bd,ARVVASYRSYDFDY
5f2b351cc6f997007ee275bf,ARQEYSSSSGSS
5f2b351cc6f997007ee275c4,ARDGYNSSCYXAFDY
5f2b351cc6f997007ee275c5,ARDSLGSNPGN
5f2b351cc6f997007ee275c6,TRGTSYDY
5f2b351cc6f997007ee275c8,AKTQEMVRGLLMS
5f2b351cc6f997007ee275c9,ARGFSGRKGKGGGFDL
5f2b351cc6f997007ee275ca,AHRPWGXXXEYFDY
5f2b351cc6f997007ee275cc,ARELGGSSGYSCYAFDY
5f2b351cc6f997007ee275cd,ARAWCGGDCYGGFRNWFDP
5f2b351cc6f997007ee275d0,ARHYSALDH
5f2b351cc6f997007ee275d1,ARGRELYYYGMDV
5f2b351cc6f997007ee275d2,ARXXXYCGSXSXNYYXXXIDY
5f2b351cc6f997007ee275d4,AKCIGGSKNGMDV
5f2b351cc6f997007ee275d5,AKSPQDLVVITTALDY
5f2b351cc6f997007ee275d9,ARDGRAVASXYGIDY
5f2b351cc6f997007ee275e1,ARHQIPYVVVPAARLNYGMDV
5f2b351cc6f997007ee275e2,ARRDGGCFDP
5f2b351cc6f997007ee275e5,ARHLRAGDWFDP
5f2b351cc6f997007ee275e6,AKGHYDFWSGSHYGMDV
5f2b351cc6f997007ee275e8,ARDTVPDY
5f2b351cc6f997007ee275e9,ARVKGIGPPAEH
5f2b351cc6f997007ee275ea,ARRNEGVLDALDI
5f2b351cc6f997007ee275eb,ARDVVYSWNYGQYNWFDP
5f2b351cc6f997007ee275ec,ARRTTVAGLDY
5f2b351cc6f997007ee275f0,TFKVGAIDY
5f2b351cc6f997007ee275f2,ARIDGTGWYEIDY
5f2b351cc6f997007ee275f3,ARERLVVAXTDAFDI
5f2b351cc6f997007ee275f4,AIGLDY
5f2b351cc6f997007ee275f5,ETCPDRYCSSTSCSYQRDSLLVLRS
5f2b351cc6f997007ee275f6,ARGVVVAAAVYGFDY
5f2b351cc6f997007ee275f8,ARAAXGEWLVPXYYYXFDY
5f2b351cc6f997007ee275f9,AHMRKFEVGYCSSTSCLTATDV
5f2b351cc6f997007ee275fb,AKPLEPSAG
5f2b351cc6f997007ee275fc,ASRYSSGSDY
5f2b351cc6f997007ee275fe,ARGRELYYYGMDV
5f2b351cc6f997007ee27600,AGVLGSGSPSLSGMDV
5f2b351cc6f997007ee27602,AHIAVWFGELSRDFDY
5f2b351cc6f997007ee27603,AIGPHSDAFDI
5f2b351cc6f997007ee27604,ARXHVVATXXYYGMDV
5f2b351cc6f997007ee27605,ARDHXWSGSLAWFDY
5f2b351cc6f997007ee27606,ARIPTSIAAAGGGGYYYGMDV
5f2b351cc6f997007ee27608,ARQSMSGGLN
5f2b351cc6f997007ee27609,ARVGQQLVLDY
5f2b351cc6f997007ee2760a,ARIYVLGSGYVWGSLQLRD
5f2b351cc6f997007ee2760d,ARGRGAVAGLHWFDP
5f2b351cc6f997007ee2760e,ARTTEVVALDF
5f2b351cc6f997007ee27610,ARGTAAE
5f2b351cc6f997007ee27611,ATFVVVAAAITKGAFDI
5f2b351cc6f997007ee27612,ARERLGQANWFDP
5f2b351cc6f997007ee27615,ARISRGAYDFDI
5f2b351cc6f997007ee27616,ARGRELYYYGMDV
5f2b351cc6f997007ee27617,ARILRYSNIDY
5f2b351cc6f997007ee27619,ARAGSTAVVGYHYGMDV
5f2b351cc6f997007ee2761b,AHTDPLQNDYGDYGDAFDI
5f2b351cc6f997007ee2761c,ASVKXSSGRYEDY
5f2b351cc6f997007ee2761e,ARHRGDGSSGGYPHGHCFDY
5f2b351cc6f997007ee27624,ARGLVLGPGGATTYNWFDP
5f2b351cc6f997007ee27625,ARTLATRFDF
5f2b351cc6f997007ee27629,ARGRWDCSGGGHQFEALDY
5f2b351cc6f997007ee2762a,ARGDQLQPNWFDP
5f2b351cc6f997007ee2762c,AREPXGIAVASXSHIDY
5f2b351cc6f997007ee2762e,ARHYSALDH
5f2b351cc6f997007ee27631,ARGSFASYYDSSGYYTHWYFDL
5f2b351cc6f997007ee27632,ARHTPPTPDYGDYFDY
5f2b351cc6f997007ee27633,AREEVGAVAGTFDY
5f2b351cc6f997007ee27635,ARGTRDDCGFDY
5f2b351cc6f997007ee27636,ARLGVSSAYDTFDV
5f2b351cc6f997007ee27637,ARLRTVVYYYYGMDV
5f2b351cc6f997007ee27638,ATSGTPFQH
5f2b351cc6f997007ee2763a,ARGPWIAVAGTGDY
5f2b351cc6f997007ee2763b,ARVFDSSGCIAIDY
5f2b351cc6f997007ee2763c,ARWNIAARGGFDY
5f2b351cc6f997007ee2763e,ARAGEGDIXGPGGFDD
5f2b351cc6f997007ee2763f,ASGVVPAAIRLPEY
5f2b351cc6f997007ee27641,ARELTYYHDNSGHARDY
5f2b351cc6f997007ee27643,ARDHIGSSGTSYGLFDY
5f2b351cc6f997007ee27645,ARGPRYXYYAFDY
5f2b351cc6f997007ee27646,AHRRSGSSWYPYCYGMDV
5f2b351cc6f997007ee27647,ARSYDWRLYGMDV
5f2b351cc6f997007ee2764b,ARGPAAGYDY
5f2b351cc6f997007ee2764e,ARLVGGAYTVRGXPDAFDF
5f2b351cc6f997007ee2764f,ERAGTNCSRSQL
5f2b351cc6f997007ee27650,ARLLRVLTLRXLEWFPADDDWFDP
5f2b351cc6f997007ee27651,ARHPRTSWSFDY
5f2b351cc6f997007ee27652,ARHRSHTIFGVAGLLTGYYYYGMDV
5f2b351cc6f997007ee27653,ARVGGASYYDSSGPFDY
5f2b351cc6f997007ee27654,AREFHYDSSASLGGDI
5f2b351cc6f997007ee27656,ARGTIYDY
5f2b351cc6f997007ee27660,ARARVXPITAASTVPLDV
5f2b351cc6f997007ee27662,AKEFSTGRVLAATVYFDY
5f2b351cc6f997007ee27663,ATDTRELLRLRDYYYGMDV
5f2b351cc6f997007ee27664,AGGSPGWGFKDY
5f2b351cc6f997007ee27665,ARGAVPSYYSGSSCCYCFDY
5f2b351cc6f997007ee27666,ARDQVPSRGSASAPTLFPLVSCENSPSDTSSVAVGCLAQDFD
5f2b351cc6f997007ee2766a,AHTNCREDSSSSEVYFDY
5f2b351cc6f997007ee2766b,ARDXVVAPCXDYTYYYYGMDV
5f2b351cc6f997007ee2766c,ARHPLDXIVGVSGYFDL
5f2b351cc6f997007ee2766d,ARELPPLVPFDY
5f2b351cc6f997007ee27670,AAALETPHAGT
5f2b351cc6f997007ee27673,ARLENEYSSGWTGYYGMDY
5f2b351cc6f997007ee27675,ARHYSALDH
5f2b351cc6f997007ee27676,ARDKVGATYY
5f2b351cc6f997007ee27677,ARDRAITIFGVVAGNYFDY
5f2b351cc6f997007ee27678,ARVIXDXSSSSCYHXXFDY
5f2b351cc6f997007ee27679,ARVYCSGGSCPSGD
5f2b351cc6f997007ee2767a,ARGXWDRETAGAGYYGIDY
5f2b351cc6f997007ee2767c,ARDEGSSWARFDY
5f2b351cc6f997007ee2767e,ARAIGGMVAATTGGIDY
5f2b351cc6f997007ee27681,ARRGRSWSGYCGFDF
5f2b351cc6f997007ee27682,ARGTDYCGSTSCYTYNWFDH
5f2b351cc6f997007ee27684,ARYEWLSLLNRPKWFDP
5f2b351cc6f997007ee27685,ARDFGPTG
5f2b351cc6f997007ee27687,ARDPYYYGCAGNYYYCMDV
5f2b351cc6f997007ee27688,ARXGXWGXXSWFDY
5f2b351cc6f997007ee2768c,ARDDCXSSSXFDY
5f2b351cc6f997007ee2768e,TPGAAADWFDP
5f2b351cc6f997007ee27690,AHAKIYCGTGGCYDRRFDS
5f2b351cc6f997007ee27691,ASGGEVTTGSSFDY
5f2b351cc6f997007ee27694,ARDVSGVPASN
5f2b351cc6f997007ee27695,ARVRRSWETRRQFYSDY
5f2b351cc6f997007ee27697,ARHSEYCSSTSCLDY
5f2b351cc6f997007ee27698,AGPGSYLTI
5f2b351cc6f997007ee27699,ARHSHYYDSSGYYVPMALDV
5f2b351cc6f997007ee2769b,AREAVRYSGCWAFDY
5f2b351cc6f997007ee2769e,ARSSYGMDV
5f2b351cc6f997007ee276a0,ARDRDLFYYFGMDV
5f2b351cc6f997007ee276a1,ARGLDRRSCYWYYFDY
5f2b351cc6f997007ee276a3,ERAGTNCSRSQL
5f2b351cc6f997007ee276a6,ARQLGITIFGVVNY
5f2b351cc6f997007ee276a9,ARDRRSGYDYWSGYYGFDY
5f2b351cc6f997007ee276aa,ARGGREQQLAFDY
5f2b351cc6f997007ee276ab,ARVFGGSSPSPDY
5f2b351cc6f997007ee276ac,ARGPDFADSXYFDDSP
5f2b351cc6f997007ee276ad,ARVPYYDCWSASLQPDF
5f2b351cc6f997007ee276ae,AGDSRWLXFDD
5f2b351cc6f997007ee276b2,ARRVVVPAAVSFDY
5f2b351cc6f997007ee276b3,ARGYGLSSGRYSELNWFDY
5f2b351cc6f997007ee276b5,ARIGSYGNGCWYY
5f2b351cc6f997007ee276b7,ARCYGDYGWFDP
5f2b351cc6f997007ee276b8,ARGKWYYDGSPLLDY
5f2b351cc6f997007ee276bb,ARPGGSGTGFGY
5f2b351cc6f997007ee276bc,ARTYGGYYYSSGSYYLDY
5f2b351cc6f997007ee276be,ARHGVLRFLEWSDYYYYGMDV
5f2b351cc6f997007ee276c2,ATYGYGYYYYYGMDV
5f2b351cc6f997007ee276c4,AXXXXGAEYSYGLLVDY
5f2b351cc6f997007ee276c7,ARGLYGDXXXYGY
5f2b351cc6f997007ee276ca,ARGRCSSGYDXFDY
5f2b351cc6f997007ee276cb,ARIRFRGXQQFYYGIDY
5f2b351cc6f997007ee276cc,ATRGQVXATACXXGFDI
5f2b351cc6f997007ee276cd,AHRPGPESYYYDNYYDSSGDEFDY
5f2b351cc6f997007ee276d1,AHRDESYYGQGAFDI
5f2b351cc6f997007ee276d2,ARGTAAAGYDAFDI
5f2b351cc6f997007ee276d3,ARGTAAAGYDAFDI
5f2b351cc6f997007ee276d5,ARALRGYPLDY
5f2b351cc6f997007ee276d7,AREIVVVPAAIGAVLDY
5f2b351cc6f997007ee276d9,ARLTYSSGWRGYWYFDL
5f2b351cc6f997007ee276db,RVVVGARDY
5f2b351cc6f997007ee276dc,ARDEYGSGGYYQGFDY
5f2b351cc6f997007ee276e3,ARVRNDGYNSGVGDY
5f2b351cc6f997007ee276e4,ARQKGYSYNFDY
5f2b351cc6f997007ee276e5,ARGAVVTAPAEYFHH
5f2b351cc6f997007ee276e7,ATNDYGGNSVVY
5f2b351cc6f997007ee276e9,ARERDTAMVPNRGKFDY
5f2b351cc6f997007ee276ea,ATRPTIFGVVIDY
5f2b351cc6f997007ee276ec,ARLPDFRGGMDV
5f2b351cc6f997007ee276ed,ARLITPGYSSGGEYFDY
5f2b351cc6f997007ee276ef,ARLHTTGDDY
5f2b351cc6f997007ee276f0,ARVRGDSDYFDY
5f2b351cc6f997007ee276f2,ARVRYNDSGTTDPYYFDY
5f2b351cc6f997007ee276f3,ARGTPTPTDIVVAPDDSYYFDY
5f2b351cc6f997007ee276f6,AREVKYGYYYGMDV
5f2b351cc6f997007ee276f7,ARHYSALDH
5f2b351cc6f997007ee276f8,SASAPTLVPLVSCENSPSDTGSVAVGCLAQDF
5f2b351cc6f997007ee276fc,ARDNQQWMSHDV
5f2b351cc6f997007ee27701,ARRNPXAGNYSYGLDV
5f2b351cc6f997007ee27702,ARDVRRDRIAVAGAFDY
5f2b351cc6f997007ee27705,ARDIGXYGVAXXXYYYGIDY
5f2b351cc6f997007ee27707,AREKAGVAGGDAFDI
5f2b351cc6f997007ee27708,ARDIDCSSTSCYWWSLILDY
5f2b351cc6f997007ee27709,ARAEYXRYCSGGSCLRPAYYYGIDV
5f2b351cc6f997007ee2770a,ALDDYGTYSH
5f2b351cc6f997007ee27710,ARGVPAASHDFQH
5f2b351cc6f997007ee27712,ARLGSSLP
5f2b351cc6f997007ee27717,ARVTVGFWSGYSTDY
5f2b351cc6f997007ee2771b,ARDFGYSSTSHFDF
5f2b351cc6f997007ee2771d,ARIHRYYYGMDV
5f2b351cc6f997007ee27721,ARXGVSTGXGXDY
5f2b351cc6f997007ee27722,ARGPDGSGYQEYFQH
5f2b351cc6f997007ee27723,ARMGPEGMGLGFDY
5f2b351cc6f997007ee27725,ARQEVATNLVEYFQH
5f2b351cc6f997007ee27727,ARGSASAPTLFPLVSCENSPSDTSSVAVGCLAQDFQ
5f2b351cc6f997007ee27729,ARXXXXXSXXSSGXXYFDY
5f2b351cc6f997007ee2772a,ATPRVSNGWYEDY
5f2b351cc6f997007ee2772c,ARIIAVAGRGNWFDP
5f2b351cc6f997007ee2772d,ARAASQQLVPGYFDL
5f2b351cc6f997007ee2772f,AHRRSDEGSGYDSAALR
5f2b351cc6f997007ee27730,ARGSDYSRGYCAWFDY
5f2b351cc6f997007ee27731,ARDFTG
5f2b351cc6f997007ee27732,ARVRRSWETRRQFYSDY
5f2b351cc6f997007ee27735,ARNRWLWPAQAYGMDV
5f2b351cc6f997007ee27736,AMRYCSSTSCRRGVYFDY
5f2b351cc6f997007ee2773a,ARDLNSILEWLIRGYYGMDV
5f2b351cc6f997007ee2773b,ATLGLPVFNDYEDY
5f2b351cc6f997007ee2773d,VKDRGPLNRVNIRYFDL
5f2b351cc6f997007ee2773e,AREGQYTAMADYFDY
5f2b351cc6f997007ee27740,ARGEFSGRSGSCWYCFDY
5f2b351cc6f997007ee27742,ARPSHSARTEYYFDY
5f2b351cc6f997007ee27743,ARQFYHDTSRSSSYWYFDL
5f2b351cc6f997007ee27744,ARLSSHYFDKSGSDRYYFDY
5f2b351cc6f997007ee27745,AREPRLRFCSSTSCEPAGWDYYYYGMDV
5f2b351cc6f997007ee27746,ARDLEDSSGYXSDY
5f2b351cc6f997007ee27749,ARDVFRYNWNYVPYYFDY
5f2b351cc6f997007ee2774a,ARDTIGVLRFRYFDL
5f2b351cc6f997007ee2774c,ARGTTTPTDIVVVSGASYYFGY
5f2b351cc6f997007ee27750,ARPKVTNRQVGYFDL
5f2b351cc6f997007ee27751,ARSWGGCSSVSCYWAEYFPH
5f2b351cc6f997007ee27753,ARVFGGYHDY
5f2b351cc6f997007ee27754,ARGGNCDSINCYNWFDY
5f2b351cc6f997007ee27755,VRPSRYGSGWSPDY
5f2b351cc6f997007ee27756,ARHLIAVAGTIDGMDV
5f2b351cc6f997007ee27757,ARGRRGNTYGFTKLDS
5f2b351cc6f997007ee27758,ARGGLSSAPGFDY
5f2b351cc6f997007ee2775d,ARDLLLYRGGAGYFDL
5f2b351cc6f997007ee2775e,ARDNQQWMSHDV
5f2b351cc6f997007ee2775f,ARWPPQRHSSSLDR
5f2b351cc6f997007ee27767,ARNQHDSGSCTGGLDY
5f2b351cc6f997007ee2776b,ARAVRVGSSRAPDY
5f2b351cc6f997007ee2776c,ARGLRRSSVFDY
5f2b351cc6f997007ee2776d,EP
5f2b351cc6f997007ee2776f,ARHLRIAAADG
5f2b351cc6f997007ee27771,ARLSGXRLYYGMDV
5f2b351cc6f997007ee27772,ARQVYLGDRLDP
5f2b351cc6f997007ee27777,ASGDY
5f2b351cc6f997007ee27779,ARGRRSYGSSCRIDY
5f2b351cc6f997007ee2777a,ARRXXEYSXXXCFDX
5f2b351cc6f997007ee2777d,AHSRLTYCSSTSCSNWFDP
5f2b351cc6f997007ee2777e,ARGDRGRVKLGADDAFDF
5f2b351cc6f997007ee27780,AREGXXGSSPGXXXYYYYGMDY
5f2b351cc6f997007ee27781,AREDGGSDYSDAFAI
5f2b351cc6f997007ee27783,TSNLDY
5f2b351cc6f997007ee27784,ARDRHQQVMAGTGFDY
5f2b351cc6f997007ee27785,ARGRVRSLIVVIQGGPDYFDY
5f2b351cc6f997007ee27787,ARSYAAGXLVGPY
5f2b351cc6f997007ee27788,ARDPSINERELYAFDM
5f2b351cc6f997007ee27789,ARXHSKXVXMGAFDI
5f2b351cc6f997007ee2778a,ARGVVQGPIYYYGMDY
5f2b351cc6f997007ee2778d,ARAVRVAGAGHDYFDY
5f2b351cc6f997007ee2778f,ARRPGGSSTYCGGCSWYYGFDL
5f2b351cc6f997007ee27790,ARLPKYYFDESAFDI
5f2b351cc6f997007ee27791,ARDYYDSSGYFSY
5f2b351cc6f997007ee27792,ARDIHPLQLDEEDAFDI
5f2b351cc6f997007ee27793,ARGGRGDWFDP
5f2b351cc6f997007ee27795,AKTRRETRRTYSSGRGPFDY
5f2b351cc6f997007ee27797,ARDNPWARAFDI
5f2b351cc6f997007ee27798,AHRRHSISSGYYYDY
5f2b351cc6f997007ee2779b,ARDYYDSSGYFQGMDN
5f2b351cc6f997007ee277a3,AHSDVGPNAFDI
5f2b351cc6f997007ee277a5,ARDIRYSSGSFDY
5f2b351cc6f997007ee277a6,AREGDXTCYXSSGSSGMDV
5f2b351cc6f997007ee277a8,ARHYSALDH
5f2b351cc6f997007ee277a9,TRRNYYDHWYFDL
5f2b351cc6f997007ee277ab,ARGRPELLISGYYFDY
5f2b351cc6f997007ee277ad,ARDLSGSYYDGMDV
5f2b351cc6f997007ee277ae,ARPDRFAFYVEL
5f2b351cc6f997007ee277af,ARRVTPHGGNWFDP
5f2b351cc6f997007ee277b0,ARGVV
5f2b351cc6f997007ee277b1,TTDPSSPYSSSSDVDY
5f2b351cc6f997007ee277b4,ARREYSSSYFDY
5f2b351cc6f997007ee277b5,ARDLPSPQQLVFGDAFDI
5f2b351cc6f997007ee277b7,ARDAFDI
5f2b351cc6f997007ee277b8,ARGDSSSTTPFDP
5f2b351cc6f997007ee277bc,ARGYCRSSGWYLRXFDY
5f2b351cc6f997007ee277bd,AKDRGRGGQQLYGRDV
5f2b351cc6f997007ee277bf,AGVFGGSSPSPDY
5f2b351cc6f997007ee277c0,AAGDGSFDV
5f2b351cc6f997007ee277c1,ALLPQDY
5f2b351cc6f997007ee277c3,ARVSIYYYYGMDV
5f2b351cc6f997007ee277c4,ARGPIWSNSYYGRWYWFDY
5f2b351cc6f997007ee277c7,ARHRDYCDSSGPNWFDP
5f2b351cc6f997007ee277c8,ARPSFLRGSGWYYFDY
5f2b351cc6f997007ee277c9,ARGAYSGSYYYFDY
5f2b351cc6f997007ee277ca,ARGRARTDAVTLVAY
5f2b351cc6f997007ee277cb,ARVLTIIFGXAVGYLDY
5f2b351cc6f997007ee277cc,ARGNFEKNIAAAGIDY
5f2b351cc6f997007ee277ce,AREFGGYCSSTSCYLADY
5f2b351cc6f997007ee277cf,ARGCSSISCYGXCFDY
5f2b351cc6f997007ee277d0,ARQNWNDVVLGMDV
5f2b351cc6f997007ee277d1,ARDRWGGSGXYYFDY
5f2b351cc6f997007ee277d4,ARIQGEGGSQAFDY
5f2b351cc6f997007ee277d7,ARDIRGYSSSGNFDF
5f2b351cc6f997007ee277d9,VRVPAADWYFER
5f2b351cc6f997007ee277db,ARQGPXYYDSSGYYYVDY
5f2b351cc6f997007ee277dc,ARDEGGISGAGWGTRYWFDF
5f2b351cc6f997007ee277de,ASRSSSSNY
5f2b351cc6f997007ee277e0,ARVDYDSSGXYRHTKANFDY
5f2b351cc6f997007ee277e3,ARTIVVVTAPLDY
5f2b351cc6f997007ee277e5,ARYFKQRNWFDP
5f2b351cc6f997007ee277e7,ARSSTDYSDYHNYGMDV
5f2b351cc6f997007ee277e8,ARGRREVVPAARRFDP
5f2b351cc6f997007ee277e9,ARHGGGNWRSTNWYFFHS
5f2b351cc6f997007ee277eb,TTNRTGYGMDV
5f2b351cc6f997007ee277ed,ARLPDYYDSSGYRRDWYFDL
5f2b351cc6f997007ee277f0,ATVRRNYYWGTWXXYFDY
5f2b351cc6f997007ee277f1,ARXXXXXXTPXPXFDY
5f2b351cc6f997007ee277f2,ARDSSSTSCYLDLDY
5f2b351cc6f997007ee277f3,ARYSSGLTTLDY
5f2b351cc6f997007ee277f4,ARVGGWRLIVGAGYFDL
5f2b351cc6f997007ee277f5,AXXPKLGRTSARYYYDYGMDV
5f2b351cc6f997007ee277f6,ARHIVVLSGFDP
5f2b351cc6f997007ee277f7,ATLEMATITNWFDP
5f2b351cc6f997007ee277f8,ARRYSSIRGWYGIDP
5f2b351cc6f997007ee277f9,AHSDWTLLKY
5f2b351cc6f997007ee277fc,ARGKAAAQCSLGYYYGFDY
5f2b351cc6f997007ee277fd,AAARQ
5f2b351cc6f997007ee277ff,ARMTAVTKVGGGNWFDP
5f2b351cc6f997007ee27802,VRDHEGSGWYGDF
5f2b351cc6f997007ee27804,ARESGXWCDPGCRIDY
5f2b351cc6f997007ee27805,ARGDVAAAGGYNCLDY
5f2b351cc6f997007ee27807,ARXXXYNGSGCSDFDY
5f2b351cc6f997007ee27808,ARHVIVVPAGLLTLYYFDY
5f2b351cc6f997007ee27809,ARGASGSGQXWFDP
5f2b351cc6f997007ee2780b,AREMVRYFDWLLMEKDGMDV
5f2b351cc6f997007ee2780c,ARDXGDYSGSYAVDAFDY
5f2b351cc6f997007ee2780d,ARPTSCDGGFCRLDY
5f2b351cc6f997007ee2780f,AREVGETTRXQYAFDY
5f2b351cc6f997007ee27810,ARHXSXGSRWYYFDY
5f2b351cc6f997007ee27811,ARGGLSSAPGFDY
5f2b351cc6f997007ee27812,ARGTSGSY
5f2b351cc6f997007ee27815,ARGGYQLPRKYFQH
5f2b351cc6f997007ee27816,ARDRNMYANPTGYSGMDV
5f2b351cc6f997007ee27817,ARDDLGYSGYGSCFDY
5f2b351cc6f997007ee27818,ARXXXYGWSGDXTYYFDY
5f2b351cc6f997007ee27819,WRQAPTKAPDVFPIISGCRHPKDNSPVVLACLITGYHPTSVTVTWY
5f2b351cc6f997007ee2781a,ARGGGCSWSCCFDY
5f2b351cc6f997007ee2781b,ARGRGAVAGLHWFDP
5f2b351cc6f997007ee2781d,ARGSRSSWYDV
5f2b351cc6f997007ee2781f,ARDMVAVRRVDY
5f2b351cc6f997007ee27824,ARGVRRPFDP
5f2b351cc6f997007ee27825,ARMDYDVWXGHWHTVWFDV
5f2b351cc6f997007ee2782a,ARAKWLLGDAYYFDY
5f2b351cc6f997007ee2782d,ARVGWGYDYPDY
5f2b351cc6f997007ee2782f,AAAVDTGYCSSTSCRYGMDV
5f2b351cc6f997007ee27832,ARETERGSSYGGVGSCDY
5f2b351cc6f997007ee27833,ARGKRTAYYCYGWADAFDF
5f2b351cc6f997007ee27834,ARHLNYATGAFDV
5f2b351cc6f997007ee27837,AREXEYSSXGFDY
5f2b351cc6f997007ee27838,ARVPLYGSGSTVDY
5f2b351cc6f997007ee2783e,ARGDSSGSRRYRFDY
5f2b351cc6f997007ee2783f,AHKGVGMASNFWSYFDY
5f2b351cc6f997007ee27840,AKDLDCSSTSCYAFDI
5f2b351cc6f997007ee27842,AREGWCVXQDYYGMDF
5f2b351cc6f997007ee27843,ARAGPRDADSI
5f2b351cc6f997007ee27844,ARAPTKAPDVFPIISGCRHPKDNSPVVLACLITGYHPTSVTVTWY
5f2b351cc6f997007ee27845,AHRQEEDSNLHNWFDP
5f2b351cc6f997007ee27847,ARAPXIVVATAASDYYFDY
5f2b351cc6f997007ee27848,ARGIKGGYDPVGYFDY
5f2b351cc6f997007ee2784a,ARVGGIVVVVAAIDY
5f2b351cc6f997007ee2784b,ARSTIFGVVTD
5f2b351cc6f997007ee2784c,ARRRRTYCSSTSCYPYCFDY
5f2b351cc6f997007ee2784e,ARAIIVVVISRDGFDV
5f2b351cc6f997007ee2784f,ARVSPYSGSDY
5f2b351cc6f997007ee27851,ARDPFAYWSSGRWLFDF
5f2b351cc6f997007ee27852,STFTLGQSW
5f2b351cc6f997007ee27853,ARGVTQLVGAN
5f2b351cc6f997007ee27855,ARVRSERDPYFDL
5f2b351cc6f997007ee27857,ARISWYCSSTSCPPPHMDWFDP
5f2b351cc6f997007ee27858,ARTALGAYVIDF
5f2b351cc6f997007ee27859,AGPGSYLTI
5f2b351cc6f997007ee2785b,ARDYDFWSGYYRNFDY
5f2b351cc6f997007ee2785c,ARVPXKDSGSYSFDY
5f2b351cc6f997007ee2785e,ARXXHCNCSGXTXYCFDV
5f2b351cc6f997007ee27862,ARGGDEFRSSSCLANCFDY
5f2b351cc6f997007ee27865,ARDFEGGWLFEY
5f2b351cc6f997007ee2786b,ARDRSXGXAAAVPVVVETSFDN
5f2b351cc6f997007ee27870,ARYRYYYDSSGYYGDY
5f2b351cc6f997007ee27871,VKEGGDV
5f2b351cc6f997007ee27873,TSNLDY
5f2b351cc6f997007ee27874,ARDPSGDDDIWSGYYCGFDV
5f2b351cc6f997007ee27875,ARRDSRGYDAFDI
5f2b351cc6f997007ee27876,AKWSYHNYAFDF
5f2b351cc6f997007ee27878,TAGTNQRVGGGY
5f2b351cc6f997007ee27879,ARHDRLVYSHPIDH
5f2b351cc6f997007ee2787b,ARGGAAGADFDY
5f2b351cc6f997007ee2787e,ATLAEWREDAGGGY
5f2b351cc6f997007ee2787f,ARGWGTAVVGKYYYGMDY
5f2b351cc6f997007ee27880,ARRDNYSGSWXXSEGFDY
5f2b351cc6f997007ee27882,AHRRSGYNAGWDQGDFDY
5f2b351cc6f997007ee27883,ARDLVDSGYGFNWFDP
5f2b351cc6f997007ee27885,ARGGLRRPRDGCSGSYCFDY
5f2b351cc6f997007ee27886,ARDGSKPGPSTFDY
5f2b351cc6f997007ee27887,ASGHSSSVDVDY
5f2b351cc6f997007ee27888,AHTLIVVVPAAPNWFDP
5f2b351cc6f997007ee27889,VCLYNGGFDP
5f2b351cc6f997007ee2788c,ARGKDCSSTRCPKGYYYYGMDV
5f2b351cc6f997007ee2788e,ARGRTRRVWGVSGGYYGFDY
5f2b351cc6f997007ee27891,ARDGSYSNYYYGMDV
5f2b351cc6f997007ee27892,ARHLYRYCSGTTCYNVRVDP
5f2b351cc6f997007ee27895,ARQVPLNGGPAATYFDI
5f2b351cc6f997007ee27898,AREDGTRRGAYNVLDY
5f2b351cc6f997007ee2789d,ARDRXGRYYASSGYGNALDF
5f2b351cc6f997007ee2789e,ARIMWDYGMDV
5f2b351cc6f997007ee2789f,ARVENGVAAADPYFDY
5f2b351cc6f997007ee278a0,ARGGAAAAYYYDGFDV
5f2b351cc6f997007ee278a2,TTDVGY
5f2b351cc6f997007ee278a3,RGILTGRSGNYFDY
5f2b351cc6f997007ee278a4,ARGAAAGGAIDY
5f2b351cc6f997007ee278a5,ARGARSYYDGSPSKNDAFDI
5f2b351cc6f997007ee278a6,ARGRGIVANAFDI
5f2b351cc6f997007ee278a7,ARGPDFWSGSSXXXXXYDYGMDV
5f2b351cc6f997007ee278ab,ARETLIFGVIKARGPDY
5f2b351cc6f997007ee278ac,ARHYSALDH
5f2b351cc6f997007ee278ad,ARGRLTTVPDFWSGYTPSVYYYYGMDV
5f2b351cc6f997007ee278af,ARSAPCSTTSCYQDGMDA
5f2b351cc6f997007ee278b3,ARGREFDRXLVAASLDY
5f2b351cc6f997007ee278b4,ATMWDIVVVPAALSY
5f2b351cc6f997007ee278b6,ARHSTKWELPGAYYYGMXSTS
5f2b351cc6f997007ee278b7,ARVLAQQLVGAGY
5f2b351cc6f997007ee278b8,ARDXLXGXGAFDI
5f2b351cc6f997007ee278b9,GRLPPKRSSTRD
5f2b351cc6f997007ee278ba,ARLRPTSQYDLSGYAGVDY
5f2b351cc6f997007ee278bb,ARGYARGSGGKGNYHFDY
5f2b351cc6f997007ee278be,ARNGGYSTYNYYGMDV
5f2b351cc6f997007ee278c0,ANTLITSLGEY
5f2b351cc6f997007ee278c1,ASDRERLKWNDGNAFEV
5f2b351cc6f997007ee278c2,ASHPMLRGVPENWFDP
5f2b351cc6f997007ee278c4,ARDIVATIPSSYGMDV
5f2b351cc6f997007ee278c6,AKGRFGH
5f2b351cc6f997007ee278c8,ARVGPDTAMVTYYFDY
5f2b351cc6f997007ee278cb,ARGDDLELVAFDI
5f2b351cc6f997007ee278cc,ARLAVAGIGDY
5f2b351cc6f997007ee278ce,AKDKAAAGYYYYGMDV
5f2b351cc6f997007ee278cf,ARGRSMDY
5f2b351cc6f997007ee278d0,ARLSRGSFGVY
5f2b351cc6f997007ee278d2,ARDWMLNWFDL
5f2b351cc6f997007ee278d4,ARAPTKAPDVFPIISGCRHPKDNSPVVLACLITGYHPTSVTVTWY
5f2b351cc6f997007ee278d6,ARRFETCIDY
5f2b351cc6f997007ee278d7,AKDMMQLWLDGEYYYGMDV
5f2b351cc6f997007ee278d9,ASRGXSPRIGFWFDF
5f2b351cc6f997007ee278da,AYTYYDFWSGYGGYYYGMDV
5f2b351cc6f997007ee278dc,ARDKDQKSTHPYGSGPGFDI
5f2b351cc6f997007ee278dd,ATENYGSGVYGMDV
5f2b351cc6f997007ee278de,ARXSGGVIVPXAXXVDY
5f2b351cc6f997007ee278df,ARATLTTYAFDI
5f2b351cc6f997007ee278e0,ARSVAATGEGYYYGMDV
5f2b351cc6f997007ee278e1,ATGPQQWELSPPIVH
5f2b351cc6f997007ee278e2,ARVRRLLWLQGYYYYYGMDV
5f2b351cc6f997007ee278e6,ARAWGLGYYDSSEAYYYGMDV
5f2b351cc6f997007ee278e9,ARDVSRLWGLADCYGMDV
5f2b351cc6f997007ee278eb,ARHPGSWSYYEWFDY
5f2b351cc6f997007ee278ef,AREAVGAATYYGIDV
5f2b351cc6f997007ee278f1,ARGQYDSWSGYPGFDY
5f2b351cc6f997007ee278f2,ARDIFVMVGVATQLYYGFDY
5f2b351cc6f997007ee278f3,ASPRIXYYYDSSGYTFDY
5f2b351cc6f997007ee278f4,AKDRGGGYYYTVDY
5f2b351cc6f997007ee278f5,ARDRXPRIAVAGATYYEGMDF
5f2b351cc6f997007ee278f7,ARXGASLATXVADY
5f2b351cc6f997007ee278f8,ARSAPHIGFWGYSGYDSPPLDY
5f2b351cc6f997007ee278f9,ARAGGDYYFDY
5f2b351cc6f997007ee278fa,ARGVREVATVPVC
5f2b351cc6f997007ee278fb,ARRGYSSSWNWYFDL
5f2b351cc6f997007ee278fc,AKDXXXXGRVDCDGNXXCDY
5f2b351cc6f997007ee278fd,ASPTISRLFGMDV
5f2b351cc6f997007ee278ff,AHTVVVPAGTGDAFDI
5f2b351cc6f997007ee27900,ARGGGTVXRXADY
5f2b351cc6f997007ee27901,ARCRGGSSCYWWHGLAD
5f2b351cc6f997007ee27902,ARVSPSLDSCEHSSGAFDY
5f2b351cc6f997007ee27905,YWFEP
5f2b351cc6f997007ee27906,ARVDDYGGY
5f2b351cc6f997007ee27908,ARGYSSSPHHY
5f2b351cc6f997007ee27909,ARAHGSGRLNCFDP
5f2b351cc6f997007ee2790b,AREVSRYPYSSSQENWFDP
5f2b351cc6f997007ee2790d,ATGVYYYYGMDV
5f2b351cc6f997007ee27910,ARDEVTLAATNNFDY
5f2b351cc6f997007ee27911,ARGSGAAVGYCSGGSCYAFDY
5f2b351cc6f997007ee27912,ARVRRSWETRRQFYSDY
5f2b351cc6f997007ee27916,AREATIAAAGRDDCFDY
5f2b351cc6f997007ee2791a,ARTYDGYAFDI
5f2b351cc6f997007ee2791d,AHRATIFGNNAFDI
5f2b351cc6f997007ee2791e,ARDSNSMVRGVIGIDY
5f2b351cc6f997007ee2791f,AKLPRGPVGSDY
5f2b351cc6f997007ee27924,ARHWRSGDYGYYLHGIDY
5f2b351cc6f997007ee27925,ARGGRGTYYYGSGSYSYSGDY
5f2b351cc6f997007ee27927,ARVAAASGYFDY
5f2b351cc6f997007ee27928,ARXKGXXGVISYYFDY
5f2b351cc6f997007ee2792d,ARAGGVDSAMAGSFDY
5f2b351cc6f997007ee2792e,ARVIVVVPAAPLGASTYYYYGMDV
5f2b351cc6f997007ee2792f,ARGEDYSSSYDGFDY
5f2b351cc6f997007ee27931,AREWYDYGDRIENFFDY
5f2b351cc6f997007ee27933,ASGYTRSGSIDY
5f2b351cc6f997007ee27936,AKDPTIVXVGGAGLLG
5f2b351cc6f997007ee27937,ARGGGDSSSWTGY
5f2b351cc6f997007ee27938,AGGSSWFHY
5f2b351cc6f997007ee27939,ARRGKVLEV
5f2b351cc6f997007ee2793c,ARGXXAKKWVLWERFDY
5f2b351cc6f997007ee2793e,ARGLDAFDI
5f2b351cc6f997007ee27941,AREDILXQWPLPSXNY
5f2b351cc6f997007ee27942,GRLPPKRSSTRD
5f2b351cc6f997007ee27945,ARGGDIVVVVYASSDFDY
5f2b351cc6f997007ee27946,ARXREVVRQRYGLDV
5f2b351cc6f997007ee27948,ARGPLGKFDY
5f2b351cc6f997007ee27949,AKSPQDVVVITTALDY
5f2b351cc6f997007ee2794a,ARGSRSCRYYGFDF
5f2b351cc6f997007ee2794b,ARDIVNSGSGSYSLAY
5f2b351cc6f997007ee2794e,ARDGHFDY
5f2b351cc6f997007ee2794f,ARRGFDLGYGMDV
5f2b351cc6f997007ee27950,RVVVGARDY
5f2b351cc6f997007ee27955,ARXPSNSSYDWYGFDF
5f2b351cc6f997007ee27956,AREGLGLVVVPAATGMDV
5f2b351cc6f997007ee27957,AACDSSGYYYVDRGCCFDY
5f2b351cc6f997007ee27958,ARDTGYYYGSGGYYGP
5f2b351cc6f997007ee27959,AHMETDYDFWSGSVGGYFDY
5f2b351cc6f997007ee2795a,ARLTLIAVAGTVDY
5f2b351cc6f997007ee2795b,ARRSGSFDAFDI
5f2b351cc6f997007ee2795c,ARQIVVPRGAFDI
5f2b351cc6f997007ee27960,ARGDYYGWGCFDY
5f2b351cc6f997007ee27961,ARXXAXXYDFWXGXXXXXDV
5f2b351cc6f997007ee27962,AKGEGGNLPLPEY
5f2b351cc6f997007ee27963,ARGVXWLLPYYFDY
5f2b351cc6f997007ee27966,ARYDNFDY
5f2b351cc6f997007ee27967,ARPTAGSGVDAFDI
5f2b351cc6f997007ee27968,ARARKQWLGSFFDY
5f2b351cc6f997007ee27969,ARHNSSFRDDYYYGMDV
5f2b351cc6f997007ee2796b,ARGTGYCSSSSWYPWWGLDY
5f2b351cc6f997007ee2796c,AKAGSGWETDY
5f2b351cc6f997007ee2796e,ARVLGGGIKAPLDY
5f2b351cc6f997007ee2796f,ARYPQEYDSLTGYYTHFDY
5f2b351cc6f997007ee27970,ARPPVLHSGGYETDVFHT
5f2b351cc6f997007ee27972,ARAGGXSSSCYGYYFDY
5f2b351cc6f997007ee27973,ARLLRGPPDYSNILFDY
5f2b351cc6f997007ee27974,ARGAWMITCGGVVWARNWFDP
5f2b351cc6f997007ee27976,ASPRTIAARPRWFDP
5f2b351cc6f997007ee27978,ARDVVVXXGAMGXFDY
5f2b351cc6f997007ee27979,AKDQSPLYDSSGYT
5f2b351cc6f997007ee2797a,ARDRRSGPRALDC
5f2b351cc6f997007ee2797c,AGGRELYYYGMDV
5f2b351cc6f997007ee2797d,ARVGGVGDWGSTSYFDF
5f2b351cc6f997007ee2797f,ARDYXDXGSSXSYGYFGF
5f2b351cc6f997007ee27980,ARHYGQTGPXXYYYGMDV
5f2b351cc6f997007ee27982,ARAXGXGAVNNYLDGFDP
5f2b351cc6f997007ee27983,AKDSAYSSG
5f2b351cc6f997007ee27986,ARQGGTILDY
5f2b351cc6f997007ee27988,AHRRRSSTSWTQAFDI
5f2b351cc6f997007ee27989,ASVLRKVLENVH
5f2b351cc6f997007ee2798a,VRGEVAILVVPGATGGDF
5f2b351cc6f997007ee2798c,ARVNPTEPQWLQAYFDY
5f2b351cc6f997007ee2798e,ASQLGGSGWYGYYYYGMDV
5f2b351cc6f997007ee2798f,ARAFCPTTGCYFTFDI
5f2b351cc6f997007ee27990,ARXXXRGGYXXXXGXDY
5f2b351cc6f997007ee27992,ARRRRGGGSCDYYWFDY
5f2b351cc6f997007ee27995,ARAPFLDCSAGSCYFDF
5f2b351cc6f997007ee27997,ARHYSALDH
5f2b351cc6f997007ee27998,ATGPQQWELSPPIVH
5f2b351cc6f997007ee27999,ARGRGGSSGPYYYLDY
5f2b351cc6f997007ee2799d,AREXVXSLGRGYYGVDY
5f2b351cc6f997007ee2799e,ARRSAXSGYGSGRFWGDP
5f2b351cc6f997007ee2799f,ASHPTWELLGGEAY
5f2b351cc6f997007ee279a0,VLACLITGYHPTSVTVTWY
5f2b351cc6f997007ee279a1,ARLNQQLGDYYYYGMDV
5f2b351cc6f997007ee279a3,ARAGGTTMIVVPGGYYFDF
5f2b351cc6f997007ee279a5,ARIGRGYYYYYGMDV
5f2b351cc6f997007ee279a6,ARGRITGATWFDY
5f2b351cc6f997007ee279a8,ARDGRSVVAEVWNCYGFDY
5f2b351cc6f997007ee279ad,ARAPFITGTGGRLYTWFDP
5f2b351cc6f997007ee279ae,AGYGSGSFFDY
5f2b351cc6f997007ee279af,ARVTGDYVWGSYRLGDYYYYYGMDV
5f2b351cc6f997007ee279b1,ARVTTDHYFDY
5f2b351cc6f997007ee279b2,ARHYSALDH
5f2b351cc6f997007ee279b4,ASEYTAMAQGSXDY
5f2b351cc6f997007ee279b7,ARDLGFIPDPQY
5f2b351cc6f997007ee279b8,ARDVSRWVAVAGT
5f2b351cc6f997007ee279bc,ARDARQWLVRXESFDV
5f2b351cc6f997007ee279be,AIQATRGPDYGGKPTFDY
5f2b351cc6f997007ee279bf,ARDXVVVAVTSLLGFDY
5f2b351cc6f997007ee279c1,ARHNRDIVVVIN
5f2b351cc6f997007ee279c2,ARVLKGSWDYDNWFDP
5f2b351cc6f997007ee279c3,ARCQARLAPSIDY
5f2b351cc6f997007ee279c4,ITGTY
5f2b351cc6f997007ee279c6,ARGGYDTYYYGMDV
5f2b351cc6f997007ee279c7,ARXYEXSXXXGXFDI
5f2b351cc6f997007ee279c8,TTDSPAQYYYDSSGYITRRDAFDI
5f2b351cc6f997007ee279ca,ARGSXQYQLXGAFDY
5f2b351cc6f997007ee279cc,AKVPMVXXXXDYYXXXDV
5f2b351cc6f997007ee279cd,ASFSEWSPFDY
5f2b351cc6f997007ee279ce,ARDCPRGRANGGGFDL
5f2b351cc6f997007ee279d2,AKDRDRXSIGTSESWAFDY
5f2b351cc6f997007ee279d4,ARELLEGTGYCDSSYGFDY
5f2b351cc6f997007ee279d7,ARXXGGWSYAFDF
5f2b351cc6f997007ee279d8,ARGGGCAVGGPPDCFDY
5f2b351cc6f997007ee279da,AREEDTGDCYXXDI
5f2b351cc6f997007ee279db,AREQGLYGDYYFDY
5f2b351cc6f997007ee279dd,ARDNWSYGDAFDI
5f2b351cc6f997007ee279e1,ARDEDRGNRRGQVAFDY
5f2b351cc6f997007ee279e2,ARGAIVVVPAAPDY
5f2b351cc6f997007ee279e3,ARGGLVRGYDYWVNCFDY
5f2b351cc6f997007ee279e6,ARGXXGGXLXSRGYGIDV
5f2b351cc6f997007ee279e7,ARIPTSIAAAGGGGYYYGMDV
5f2b351cc6f997007ee279e8,ARVPVVTYLIDY
5f2b351cc6f997007ee279e9,ARDXXXTMXEVAGTCWFDY
5f2b351cc6f997007ee279ea,ARVEEWLREYGMDV
5f2b351cc6f997007ee279eb,AHPYSSSWGEGAFDI
5f2b351cc6f997007ee279ec,ARHYSALDH
5f2b351cc6f997007ee279ed,ARGAQITMVTGLKFGNNWFDP
5f2b351cc6f997007ee279ee,VGDDLALRGLSDR
5f2b351cc6f997007ee279f1,ARVAPAGSVRRRSKDWYFDL
5f2b351cc6f997007ee279f3,ARGRLVAFHY
5f2b351cc6f997007ee279f8,ATDARGGENPDY
5f2b351cc6f997007ee279fb,ARDXXDDYYSSPTAFDY
5f2b351cc6f997007ee27a00,ARVRWLHDGGPSFDY
5f2b351cc6f997007ee27a02,AREIYCSSSSWYGGDFDY
5f2b351cc6f997007ee27a03,ASSSSTSEENWFDP
5f2b351cc6f997007ee27a05,ARVGVIAAYGMDV
5f2b351cc6f997007ee27a06,ARGXSGRXYDSGGWFDP
5f2b351cc6f997007ee27a07,GRLPPKRSSTRD
5f2b351cc6f997007ee27a09,ARAWGPVILGATKQGDGSGAFDI
5f2b351cc6f997007ee27a0b,ARETSYGTYYDSSGYYAFDD
5f2b351cc6f997007ee27a11,ARHRRYRSGTSCYYGMDV
5f2b351cc6f997007ee27a14,ARDGVGYDSSVRAFDI
5f2b351cc6f997007ee27a17,ARVDGXXXXTTPFDP
5f2b351cc6f997007ee27a19,ARDRGSGAFDI
5f2b351cc6f997007ee27a1a,LPDRGGESY
5f2b351cc6f997007ee27a1b,ARDYYGSGSYYKGYYGMDV
5f2b351cc6f997007ee27a1c,ATEALTNAGAGDGYATDAFDI
5f2b351cc6f997007ee27a1d,ARGGSMAAASDYHGFDY
5f2b351cc6f997007ee27a1e,AKDIDAVVD
5f2b351cc6f997007ee27a24,ARGGGRGEVLTYYGFDY
5f2b351cc6f997007ee27a25,AKDFHLASTGLPGH
5f2b351cc6f997007ee27a26,ARDEGYSYEKFDD
5f2b351cc6f997007ee27a2b,ARKTVVAVEATAYYFDY
5f2b351cc6f997007ee27a2c,ARGQGGWGRXYYXXGFDX
5f2b351cc6f997007ee27a2e,ARDSGTAGGPYDYYGMDV
5f2b351cc6f997007ee27a2f,ATSYWXXHYFDY
5f2b351cc6f997007ee27a31,AKADYDFWSGYRISLSFDY
5f2b351cc6f997007ee27a33,ARXVXGGNXVXVAXAXFDI
5f2b351cc6f997007ee27a37,ARHYSALDH
5f2b351cc6f997007ee27a3a,ARDRGSGYSCFDY
5f2b351cc6f997007ee27a3d,ARAWCGGDCYGGFRNWFDP
5f2b351cc6f997007ee27a3e,AHRHTSSCFDY
5f2b351cc6f997007ee27a3f,ARDPGXSSWDAFDY
5f2b351cc6f997007ee27a40,ARTRAMGEFYYYYGIDV
5f2b351cc6f997007ee27a42,AGYGSGSFFDY
5f2b351cc6f997007ee27a43,ATVGATYYFDY
5f2b351cc6f997007ee27a47,ARXAIAVGXPLTSPFDY
5f2b351cc6f997007ee27a48,ARERIHRSTSHYCYYYYGMDV
5f2b351cc6f997007ee27a49,ARVXCXSGXCYFDYF
5f2b351cc6f997007ee27a4b,ASEWSGAFDI
5f2b351cc6f997007ee27a4d,ARDSGRMVLGVAVLTHGMDV
5f2b351cc6f997007ee27a4e,ARGGYSSSCYY
5f2b351cc6f997007ee27a50,ARGAYCSSTSCFDY
5f2b351cc6f997007ee27a52,ARDTRGLNFDY
5f2b351cc6f997007ee27a57,ARHVWELPFDY
5f2b351cc6f997007ee27a58,ARAQAWEVDY
5f2b351cc6f997007ee27a59,AHSRGYCSSTSCYRAAFDI
5f2b351cc6f997007ee27a5d,GRLPPKRSSTRD
5f2b351cc6f997007ee27a60,AKDTPVAY
5f2b351cc6f997007ee27a61,ALTLSPRWYFDL
5f2b351cc6f997007ee27a63,ARGLGGGARLLHY
5f2b351cc6f997007ee27a65,GIAARGSYWYFDL
5f2b351cc6f997007ee27a66,ARDXSXGGXFDY
5f2b351cc6f997007ee27a67,ARDRVAARFNYYFDY
5f2b351cc6f997007ee27a69,ARDXERFGYGIDELDY
5f2b351cc6f997007ee27a6d,ARGFDGGGWGVTLSFDY
5f2b351cc6f997007ee27a6f,ARDSDDYGDPGYFDL
5f2b351cc6f997007ee27a70,VCLYNGGFDP
5f2b351cc6f997007ee27a72,ARHGPCYYDSSGWRGFDY
5f2b351cc6f997007ee27a74,ARAAPWIQWLVRGFYIDY
5f2b351cc6f997007ee27a75,ARDLAPLVGASDY
5f2b351cc6f997007ee27a76,ARQWGYSGSYSRVFDY
5f2b351cc6f997007ee27a78,ARRSKRSGVRFLEWSHSPYYYGMDV
5f2b351cc6f997007ee27a7a,ARXGMVVVIRGLXDDFDF
5f2b351cc6f997007ee27a7b,ARSPPAANWFDY
5f2b351cc6f997007ee27a7d,AREGDIKSGWGYYCAFDY
5f2b351cc6f997007ee27a7e,ARGLPYCSGGSCYVGSWFDP
5f2b351cc6f997007ee27a80,ARGSGWYYFDF
5f2b351cc6f997007ee27a81,ARGGGGWYIDH
5f2b351cc6f997007ee27a82,ARAKVTGRRTYSSGWYGRDAFDI
5f2b351cc6f997007ee27a83,ARHKDVLTGHGAFDI
5f2b351cc6f997007ee27a87,ARGAFRAWLLRSWSRTFDY
5f2b351cc6f997007ee27a89,ARPLGTNAIWYFDL
5f2b351cc6f997007ee27a8b,ARFGDIVLMVYDY
5f2b351cc6f997007ee27a8c,ATDRTP
5f2b351cc6f997007ee27a8d,ATIDGIPEY
5f2b351cc6f997007ee27a8e,ARDXDCGSGXYSYGMDV
5f2b351cc6f997007ee27a8f,ARXSGGXCSGWCGXDX
5f2b351cc6f997007ee27a90,ATSGTPFQH
5f2b351cc6f997007ee27a91,ATLSGRRGWFDP
5f2b351cc6f997007ee27a92,ARLXRGGXSYXYGMDV
5f2b351cc6f997007ee27a93,ARYRRLDSDGFYSSSDY
5f2b351cc6f997007ee27a94,ARDTMQQLALDS
5f2b351cc6f997007ee27a95,ARVPGIAAADPDY
5f2b351cc6f997007ee27a97,AKSDVDIVATITSFTFDY
5f2b351cc6f997007ee27a99,ARESSIGARYFDY
5f2b351cc6f997007ee27a9c,ARAXARXXTAMSYWLDY
5f2b351cc6f997007ee27a9f,ATGIQLWSMDVS
5f2b351cc6f997007ee27aa0,ARTWYYDFWIVRRWFDP
5f2b351cc6f997007ee27aa1,ARGTPTPTDIVVAPDDSYYFDY
5f2b351cc6f997007ee27aa4,ALIRGMYGDYDPYYHFMMDV
5f2b351cc6f997007ee27aa6,ARXPGXGSCYYGMDV
5f2b351cc6f997007ee27aa7,ARPEGVRDHQPPGGHYFDY
5f2b351cc6f997007ee27aa9,ARQYYYGSSCSVDFDY
5f2b351cc6f997007ee27aaa,TTKGYGSGRYAFDI
5f2b351cc6f997007ee27aad,AKDDWDYYDTSGPFDY
5f2b351cc6f997007ee27aae,AREAVGVGSTGCYFDY
5f2b351cc6f997007ee27aaf,ARFAWGGGLDY
5f2b351cc6f997007ee27ab0,ARRHLNLRSNWFDP
5f2b351cc6f997007ee27ab1,ARANYDIPPRGFDY
5f2b351cc6f997007ee27ab4,ARGVYDSLYYFDY
5f2b351cc6f997007ee27ab5,AKDKREHCSSVRCYLQDH
5f2b351cc6f997007ee27ab6,ARGPMRELRPSSC
5f2b351cc6f997007ee27ab7,ARDRGGAIDY
5f2b351cc6f997007ee27ab8,ARAWCGGDCYGGFRNWFDP
5f2b351cc6f997007ee27ab9,ARGQMLRRSDSYGNWFDP
5f2b351cc6f997007ee27aba,ARGTPTPTDIVVAPDESYYFDY
5f2b351cc6f997007ee27abb,AKARMATRQLD
5f2b351cc6f997007ee27abc,ARGXPFEYSSXSXASGGFDY
5f2b351cc6f997007ee27abd,ARGVASDYYYLGWDV
5f2b351cc6f997007ee27ac1,ARRGLEDLWLNDY
5f2b351cc6f997007ee27ac5,AREYTPXAESGYYYCYGMDV
5f2b351cc6f997007ee27ac6,AHSLGIEGFDDAFDI
5f2b351cc6f997007ee27acd,ARDXYCSSTSCPKGPYYYYGMDV
5f2b351cc6f997007ee27ace,ARGXXGTXIATTGIDY
5f2b351cc6f997007ee27acf,ARHYSALDH
5f2b351cc6f997007ee27ad1,ARGYWRGSCCLGLDVYFDY
5f2b351cc6f997007ee27ad3,AKDRGNVEHPPWFDP
5f2b351cc6f997007ee27ad5,ATPGACGIYCWYFDL
5f2b351cc6f997007ee27ad7,AHALDYCSGGSCYIFDY
5f2b351cc6f997007ee27ad8,ARGYWVYYSWSCGRHCFDY
5f2b351cc6f997007ee27adb,ARMGDHLGAAFDY
5f2b351cc6f997007ee27adc,ARWDXXGXYXXDGAXLDY
5f2b351cc6f997007ee27ade,ARDRNGY
5f2b351cc6f997007ee27ae0,ARGVPPDHVLHMGGDAFDI
5f2b351cc6f997007ee27ae3,ARSRVAXXXRGPIDY
5f2b351cc6f997007ee27ae6,ARGHCSLTSCYPMDV
5f2b351cc6f997007ee27ae7,ARHYSALDH
5f2b351cc6f997007ee27ae8,ARRGGVRYFDWLPSRYFDL
5f2b351cc6f997007ee27aea,ARGRGVTIHSGGVAHTARGCFDL
5f2b351cc6f997007ee27aeb,ARGTRDYVWGSYRLRFGY
5f2b351cc6f997007ee27aec,ARDXXERXAXPYXNGFDY
5f2b351cc6f997007ee27aed,ARSGDSSGYLTY
5f2b351cc6f997007ee27aef,FDH
5f2b351cc6f997007ee27af3,ARGGPGIAAAGACYFDY
5f2b351cc6f997007ee27af6,ATGDYDSSGVDY
5f2b351cc6f997007ee27af7,ARGXAVCXLYYFDY
5f2b351cc6f997007ee27af9,ARTRNDSWGGPTQNYFDY
5f2b351cc6f997007ee27afa,AVPSHSGYIQGAFDY
5f2b351cc6f997007ee27afc,AHLYHYYDSSGYYWEVFDY
5f2b351cc6f997007ee27afd,TTAPYDAFDI
5f2b351cc6f997007ee27b01,ARGFERDGYIEYFRADV
5f2b351cc6f997007ee27b03,TTAEGKRIYDFWSQPNWFDP
5f2b351cc6f997007ee27b04,ARMATIFGVVTPDY
5f2b351cc6f997007ee27b05,ARHYSALDH
5f2b351cc6f997007ee27b07,ARNXYQLLYSHTGMDY
5f2b351cc6f997007ee27b08,ARELEYWYFDL
5f2b351cc6f997007ee27b0a,ARLGVVVVPAAKPVPDAFDI
5f2b351cc6f997007ee27b0b,ARESHCSSTSCSYYYYGMDV
5f2b351cc6f997007ee27b0d,ARDRNYISFDT
5f2b351cc6f997007ee27b12,ARAFGMDV
5f2b351cc6f997007ee27b14,ARHPQGQLVRDAFDI
5f2b351cc6f997007ee27b15,ARAGPHSGGCDGNFDY
5f2b351cc6f997007ee27b16,ARDRALNWSYSPCYFDY
5f2b351cc6f997007ee27b19,ARVAY
5f2b351cc6f997007ee27b1c,AKDIGEGLYYYGMDV
5f2b351cc6f997007ee27b1d,ARFRRSFDY
5f2b351cc6f997007ee27b1f,ARGRLIMVVVVTATDFDY
5f2b351cc6f997007ee27b20,ARDSSCSSSICYGAFDI
5f2b351cc6f997007ee27b21,AREGY
5f2b351cc6f997007ee27b22,ARXATHXTSGYGSXXGPFDA
5f2b351cc6f997007ee27b23,ARXXXXRXXXXGEXSAFTT
5f2b351cc6f997007ee27b24,ARVEGVVGATHGYCCFDP
5f2b351cc6f997007ee27b26,ARDASSNEPVSMKYYFDY
5f2b351cc6f997007ee27b27,VRGKYGVDV
5f2b351cc6f997007ee27b30,ARIDYYDILTGSYYFDY
5f2b351cc6f997007ee27b32,ARDIGDXYXGNSFDF
5f2b351cc6f997007ee27b36,ARDSRYSYGPTPQPY
5f2b351cc6f997007ee27b38,ARGXKXLXX
5f2b351cc6f997007ee27b39,ARDSGVTTFDY
5f2b351cc6f997007ee27b3d,ARDRXRHYYVWSGYQDKHRFDY
5f2b351cc6f997007ee27b3e,ARHLLAVAGEAYYFDY
5f2b351cc6f997007ee27b3f,ARETLIFGVIKARGPDY
5f2b351cc6f997007ee27b40,ARDGDLELSDTFYYYYGMDV
5f2b351cc6f997007ee27b41,ARVIGWAEAFDI
5f2b351cc6f997007ee27b42,ARDGADSSGSSLXAFDI
5f2b351cc6f997007ee27b44,AGQPYSRNWFDP
5f2b351cc6f997007ee27b45,ARXXXSSXXSXATXFDY
5f2b351cc6f997007ee27b46,ARDGGATYDAFDL
5f2b351cc6f997007ee27b48,ARHEGGTNYFYGMDV
5f2b351cc6f997007ee27b49,AHRRIAAVGIAYFDY
5f2b351cc6f997007ee27b4a,ARETVTYNWFDP
5f2b351cc6f997007ee27b4b,ARVGRKSRSYTY
5f2b351cc6f997007ee27b4c,ARDYSLRGLIG
5f2b351cc6f997007ee27b4e,AREYYDFWSGKNGPNWFDP
5f2b351cc6f997007ee27b4f,ARHGGLGSSRSGNWFDP
5f2b351cc6f997007ee27b50,TRLGVVGATNYYYGMDV
5f2b351cc6f997007ee27b52,ARGYCTNDVCYSFDD
5f2b351cc6f997007ee27b53,ARHEPREGVTIFGVVNFFDY
5f2b351cc6f997007ee27b55,AHILFDQLPTPAFDI
5f2b351cc6f997007ee27b57,ARGTAAGPLNY
5f2b351cc6f997007ee27b58,AREPGTICGVATXTTTFDY
5f2b351cc6f997007ee27b5a,ARRSTAAAPFDY
5f2b351cc6f997007ee27b5d,ARXLGIXXAGTRGSXXYYGLDV
5f2b351cc6f997007ee27b5e,ARVRRSGGGSPSDFLDY
5f2b351cc6f997007ee27b61,ARGHYDGY
5f2b351cc6f997007ee27b63,ARDMSSLLRDLDC
5f2b351cc6f997007ee27b64,ARGDPINYYDSSGYYGYFDY
5f2b351cc6f997007ee27b65,ARLFTSPYYWDF
5f2b351cc6f997007ee27b66,ARGGCIIVVVVGAYYAFDY
5f2b351cc6f997007ee27b67,ARFGGPGLVRELVYYYYYGMDV
5f2b351cc6f997007ee27b68,ASKKRVGMDV
5f2b351cc6f997007ee27b6a,ARLPKYYFDESAFDI
5f2b351cc6f997007ee27b6b,ARGHSRDGVGTTAXVXIDD
5f2b351cc6f997007ee27b6d,ARTRDDYLSHKEYYFDY
5f2b351cc6f997007ee27b6e,ARDSVNMVVAGGYYFDY
5f2b351cc6f997007ee27b6f,AILEGG
5f2b351cc6f997007ee27b70,ARIRDAAASSDYYYGMDV
5f2b351cc6f997007ee27b73,ASGVTSDYYYYGMDV
5f2b351cc6f997007ee27b74,ARALETDV
5f2b351cc6f997007ee27b77,AREEEHGSGFDH
5f2b351cc6f997007ee27b78,AHGSGSYYYFDY
5f2b351cc6f997007ee27b7a,ASLNDYGSASAPTLFPLVSCENSPSDTSSVAVGCLAQDFD
5f2b351cc6f997007ee27b7b,ARDPXIAAAGTSYYYGMDV
5f2b351cc6f997007ee27b7d,AKGXXAWIGDXGMDX
5f2b351cc6f997007ee27b80,ARIRVDGPFDY
5f2b351cc6f997007ee27b82,ARGFLEGQLGLARFDY
5f2b351cc6f997007ee27b83,ARGGPRRDGYNF
5f2b351cc6f997007ee27b84,AXXPMIAVXXXXFDY
5f2b351cc6f997007ee27b86,ARXEDXXXXXAFDI
5f2b351cc6f997007ee27b87,VWRPPYYDFWSGREY
5f2b351cc6f997007ee27b89,ARGRYDGNHGGXSFDY
5f2b351cc6f997007ee27b8a,AATAILISGHSEDELYYFDY
5f2b351cc6f997007ee27b8b,ATDKQSGMSYYYYGMDD
5f2b351cc6f997007ee27b8c,ARVRSGNWWSGYYYYGMDV
5f2b351cc6f997007ee27b8e,ARDGCHSGCGGYYFDY
5f2b351cc6f997007ee27b8f,AYSGRHAFDI
5f2b351cc6f997007ee27b90,AKKYYYDSSGHGRNDAFDI
5f2b351cc6f997007ee27b91,ARKRIAAAGTQRPFDY
5f2b351cc6f997007ee27b92,AKTGSWYEDY
5f2b351cc6f997007ee27b95,ARDMKGYFDY
5f2b351cc6f997007ee27b96,ARXPGCSSTSCYXAFDX
5f2b351cc6f997007ee27b98,ARGVVPVGAAADYFMDY
5f2b351cc6f997007ee27b99,ARVKNLEWLLRQPGPGFDY
5f2b351cc6f997007ee27b9b,ARGFSFDGWGECPFDL
5f2b351cc6f997007ee27b9e,ARVKGIGPPAEH
5f2b351cc6f997007ee27ba0,ARGXAAVAWYYCGLDY
5f2b351cc6f997007ee27ba3,ARRYSRGSSASCYSRWFDY
5f2b351cc6f997007ee27ba6,ARGGMVRGAXHDWFDP
5f2b351cc6f997007ee27ba7,ARXXPIVVVATNCFDY
5f2b351cc6f997007ee27ba8,ARAPTKAPDVFPIISGCRHPKDNSPVVLACLITGYHPTSVTVTWY
5f2b351cc6f997007ee27baa,ARDLRLGGGATDY
5f2b351cc6f997007ee27bad,ARQGCWSSCSGAYFDY
5f2b351cc6f997007ee27bae,AIIPYWNYVV
5f2b351cc6f997007ee27baf,ARVTGPMSYFWSGYGDAYGMDV
5f2b351cc6f997007ee27bb1,ARIGCGGWELSA
5f2b351cc6f997007ee27bb2,ARHSSLSWFGEIATYYFDY
5f2b351cc6f997007ee27bb3,ARDVGSGNYGXSXFDY
5f2b351cc6f997007ee27bb6,ARGDSGWYRTQMYYFDY
5f2b351cc6f997007ee27bb9,ARDGGYRSVTMVASFDY
5f2b351cc6f997007ee27bba,ARACTSGWCWFDP
5f2b351cc6f997007ee27bbc,AGRGPAFDI
5f2b351cc6f997007ee27bbd,ARSTVTTGQIDY
5f2b351cc6f997007ee27bbf,AREDQLLREGFQH
5f2b351cc6f997007ee27bc0,ARXXDXXGYLXDY
5f2b351cc6f997007ee27bc5,ITGTY
5f2b351cc6f997007ee27bc7,ARDDLLTPIVATH
5f2b351cc6f997007ee27bc8,AQFWSGYFPDS
5f2b351cc6f997007ee27bc9,AKGPNXXDWSYVDY
5f2b351cc6f997007ee27bca,ATGTTTPTDIVVVSGASYYFGY
5f2b351cc6f997007ee27bcc,ARDGDFLESRGNFDY
5f2b351cc6f997007ee27bcd,GRDRYSGGWFLDL
5f2b351cc6f997007ee27bcf,ARLXXXXGDXXGXXPDY
5f2b351cc6f997007ee27bd2,ARIRSFGRVGARPGVVDY
5f2b351cc6f997007ee27bd7,VGDDLALRGLSDR
5f2b351cc6f997007ee27bd8,ARGEGRWLRLSGGFDY
5f2b351cc6f997007ee27bd9,ARDLSDYDISGPDY
5f2b351cc6f997007ee27bda,ARSVAATGEGYYYGMDV
5f2b351cc6f997007ee27bdb,ARAGIVVVAAGTAKGFDY
5f2b351cc6f997007ee27bdd,ARSGRGTASWFDP
5f2b351cc6f997007ee27bdf,ARHGSRGGTGMDV
5f2b351cc6f997007ee27be0,ARGXXXVLRSPERLTGWFDY
5f2b351cc6f997007ee27be1,AKERGRGNFWYFDL
5f2b351cc6f997007ee27be3,ARQGVGEEGSPAFDI
5f2b351cc6f997007ee27be4,ARLDTAMVHYYGMDV
5f2b351cc6f997007ee27be6,ARGVGIVATSAFDI
5f2b351cc6f997007ee27be8,ARGTSSGYYYGMDV
5f2b351cc6f997007ee27be9,ARLLRGPPDYSNILFDY
5f2b351cc6f997007ee27bea,ARKSVPSRLRAVDDYYDSSMSPLDWYFDL
5f2b351cc6f997007ee27bec,ARGPDCCSTSWSDWYFDY
5f2b351cc6f997007ee27bed,ARGYSGYD
5f2b351cc6f997007ee27bef,ARDVLGGFLDWLLLNFDY
5f2b351cc6f997007ee27bf1,ARKGKDSSNIYYFDY
5f2b351cc6f997007ee27bf2,ARLWSGVGFSSSDY
5f2b351cc6f997007ee27bf3,ARGGEYYYDSSGYPGDY
5f2b351cc6f997007ee27bf4,ARXXXIXWAGPGXXLDY
5f2b351cc6f997007ee27bf5,ARECGSEVGYGMDY
5f2b351cc6f997007ee27bf9,ARDVREYYDSSGYYEYCFDY
5f2b351cc6f997007ee27bfb,ARGLMXSSSWYEEYCMDD
5f2b351cc6f997007ee27bfd,ARAIVVPAAMDV
5f2b351cc6f997007ee27bfe,ASLANWNSFRSFYYGMDV
5f2b351cc6f997007ee27bff,ARDPSHSRFGWFDP
5f2b351cc6f997007ee27c01,ARDACGSPSCFDY
5f2b351cc6f997007ee27c05,AGPHVISSPAGMDV
5f2b351cc6f997007ee27c06,ARDPGQLDLDY
5f2b351cc6f997007ee27c09,ARLSNSYGYNI
5f2b351cc6f997007ee27c0b,ATDGFGLRYAFDI
5f2b351cc6f997007ee27c0d,TRTAWSDYYKH
5f2b351cc6f997007ee27c0f,ARRSLAAAGH
5f2b351cc6f997007ee27c10,ARGRSSGLSDY
5f2b351cc6f997007ee27c11,ARGLAQLRGNRPKTFDY
5f2b351cc6f997007ee27c13,ARVGPCSSTSCDFQPXGFDD
5f2b351cc6f997007ee27c14,ARDXYSNGVXGTSTTMDV
5f2b351cc6f997007ee27c15,AREFQPYYDSSGGCYLDI
5f2b351cc6f997007ee27c19,ARIETIFGVVISIDP
5f2b351cc6f997007ee27c1a,AHLHYYGSGNFYTGVYLDY
5f2b351cc6f997007ee27c1c,ARVGGGGCDWYAFDY
5f2b351cc6f997007ee27c1f,ARDWGVGAVYFDY
5f2b351cc6f997007ee27c20,ARGDQAARFDY
5f2b351cc6f997007ee27c21,ARRYSSSWQNAAFDI
5f2b351cc6f997007ee27c22,ARAKTKSGPTPDS
5f2b351cc6f997007ee27c23,ARDITVAGGDGMDV
5f2b351cc6f997007ee27c26,VTALEIRRFDC
5f2b351cc6f997007ee27c2a,ARAADLSGSDFGN
5f2b351cc6f997007ee27c2b,ARHRHEEDY
5f2b351cc6f997007ee27c2c,ARGSNIAAAAVDY
5f2b351cc6f997007ee27c2d,AGLLLGGVFDI
5f2b351cc6f997007ee27c2e,ARGGTPSDY
5f2b351cc6f997007ee27c30,ARSGDYSSSWYRMGYSFDY
5f2b351cc6f997007ee27c31,ARILAGRDGDFPVLIFDY
5f2b351cc6f997007ee27c32,ARDGPLGREAMAFDI
5f2b351cc6f997007ee27c34,AKDIWRVWFGFYGMDV
5f2b351cc6f997007ee27c36,ASRDQQXPXWYYDY
5f2b351cc6f997007ee27c37,TRSQYPENWFDP
5f2b351cc6f997007ee27c38,ARDRFRVLGAFDI
5f2b351cc6f997007ee27c3a,ARRGYDFWSGQYWYFDL
5f2b351cc6f997007ee27c3b,ARXGYRYYRFXXXXXXFDH
5f2b351cc6f997007ee27c3d,ARHYSALDH
5f2b351cc6f997007ee27c3e,ARPYPVRYAGYSSNWFDP
5f2b351cc6f997007ee27c40,ARHVRRWDWFDP
5f2b351cc6f997007ee27c42,AREKRSSGWYRVDY
5f2b351cc6f997007ee27c43,ARGGIAVAGNSDV
5f2b351cc6f997007ee27c48,ARGXGGGXGSYNGMDY
5f2b351cc6f997007ee27c49,GRLPPKRSSTRD
5f2b351cc6f997007ee27c4e,VRRGTATLAGAFDI
5f2b351cc6f997007ee27c4f,ARGXRGSYDYWGGMDV
5f2b351cc6f997007ee27c51,ARVPGVGAKRGIDY
5f2b351cc6f997007ee27c53,ARHYSALDH
5f2b351cc6f997007ee27c56,ARGRCPNWGCSGPYWYFDL
5f2b351cc6f997007ee27c59,ARXLDDSGSXGYYYYGMDV
5f2b351cc6f997007ee27c5a,ARDSSGYFA
5f2b351cc6f997007ee27c5b,ARVRASGRAYNWFDP
5f2b351cc6f997007ee27c5d,MTERRWEGEYY
5f2b351cc6f997007ee27c60,ARDSGSYGSTGYXGDFDY
5f2b351cc6f997007ee27c61,ARGSWFGDNYYYGMDV
5f2b351cc6f997007ee27c62,ARRGEYCSSTSCYSPPDY
5f2b351cc6f997007ee27c64,ASRSGWPEELGFDP
5f2b351cc6f997007ee27c66,ARGSRQLXXDYFDY
5f2b351cc6f997007ee27c69,ARGTPTPTDIVVAPDDSYYFDY
5f2b351cc6f997007ee27c6c,AKAGTRGSRTCSSTSCYWPDY
5f2b351cc6f997007ee27c6e,ARETLIFGVIKARGPDY
5f2b351cc6f997007ee27c70,ARGTTTPTDIVVVSGASYYFGY
5f2b351cc6f997007ee27c71,ARHGDYYGSGVFDY
5f2b351cc6f997007ee27c75,VKLGYCSGGACFGLDY
5f2b351cc6f997007ee27c76,AHSRGFGESRLRGGMDV
5f2b351cc6f997007ee27c79,ARDRWSSGWWEDY
5f2b351cc6f997007ee27c7f,ARGSAXYRGRYSYCFDY
5f2b351cc6f997007ee27c80,TKGGGHNDFDL
5f2b351cc6f997007ee27c84,ARGREYRTSYSKSATSPFDC
5f2b351cc6f997007ee27c86,ARDLGLEEDH
5f2b351cc6f997007ee27c87,ERWPQWELLL
5f2b351cc6f997007ee27c88,ATSGTPFQH
5f2b351cc6f997007ee27c8a,ARGLEVTSDQILQRQSPFDY
5f2b351cc6f997007ee27c8b,ARGCSRSTTSDYYDSSVLEMCDAFDI
5f2b351cc6f997007ee27c8c,ARAGVVAAGMGXAFDY
5f2b351cc6f997007ee27c8d,AHSVGIAAAGSRSFDY
5f2b351cc6f997007ee27c8e,TTNRTGYGMDV
5f2b351cc6f997007ee27c8f,TTDDSWY
5f2b351cc6f997007ee27c90,ARDPGYSYGYDY
5f2b351cc6f997007ee27c91,ATVKVATITGHAFDI
5f2b351cc6f997007ee27c93,KWELSRYYGMDV
5f2b351cc6f997007ee27c94,ARDPEYYYDSSGYSAYFDY
5f2b351cc6f997007ee27c95,ARHLXXGWRXYCFDY
5f2b351cc6f997007ee27c97,ARKTLFDI
5f2b351cc6f997007ee27c98,ARAGPGSSSDRWFDP
5f2b351cc6f997007ee27c99,ARRSVAVVGDP
5f2b351cc6f997007ee27c9b,ARGGPIDY
5f2b351cc6f997007ee27c9c,ARAGXXXRGRPLLLNGLDI
5f2b351cc6f997007ee27c9d,AKDYGXHSSSSYYFDY
5f2b351cc6f997007ee27c9e,ASPNWFVGSC
5f2b351cc6f997007ee27c9f,ARGIKGGYDPVGYFDY
5f2b351cc6f997007ee27ca0,ARVAGGXVPAAIMVYYGMDY
5f2b351cc6f997007ee27ca1,ARDDSAGRDFDY
5f2b351cc6f997007ee27ca2,ARWXNLARGYYYYGMDV
5f2b351cc6f997007ee27ca6,ARVAGDSGSDY
5f2b351cc6f997007ee27ca8,ARVLGYCGSASCYTVYWYFDL
5f2b351cc6f997007ee27ca9,ARYWGVACDGWSSXYGMDD
5f2b351cc6f997007ee27caa,ARDAGRG
5f2b351cc6f997007ee27cac,ARGFSAAGYLDY
5f2b351cc6f997007ee27cae,ARHEAAAGPFDY
5f2b351cc6f997007ee27caf,AKANLVVTTGXLDY
5f2b351cc6f997007ee27cb0,ASHPSPLAAAGFHFDY
5f2b351cc6f997007ee27cb5,ARIQSATPRYYYGMDV
5f2b351cc6f997007ee27cb7,ARQRGXXXRXQHDFDY
5f2b351cc6f997007ee27cb8,ARGNWGTVSGTGWFDP
5f2b351cc6f997007ee27cb9,ATSGTPFEY
5f2b351cc6f997007ee27cba,ARFHPQIPYYGXYGMDV
5f2b351cc6f997007ee27cbc,ARVXDVVVVAIXGRFDY
5f2b351cc6f997007ee27cbf,ARGKHGVAY
5f2b351cc6f997007ee27cc3,ATWSRVGRAPGFDV
5f2b351cc6f997007ee27cc4,ARGXTXEAGAPFDY
5f2b351cc6f997007ee27cc5,ARRRGLEWLLRYDGYFDF
5f2b351cc6f997007ee27cc6,AHTLGAGGVVVVAADNWFDP
5f2b351cc6f997007ee27cc7,ARAGNWGIIVVPVTPKYFDY
5f2b351cc6f997007ee27cc9,ARDYWGSSYYYYGFDX
5f2b351cc6f997007ee27cca,ARGPSHDYGSGNYHFDY
5f2b351cc6f997007ee27cce,ARVGYYDFWSGYYQGMDV
5f2b351cc6f997007ee27ccf,ARGQGNLGGSGSYLHYCYGMDV
5f2b351cc6f997007ee27cd0,AHYRGWYFSPTTNNYFDY
5f2b351cc6f997007ee27cd2,ARPTAVAVCDXLDAFDY
5f2b351cc6f997007ee27cd4,ARVPDY
5f2b351cc6f997007ee27cd5,ARHPANTGRQYYGMDV
5f2b351cc6f997007ee27cd6,ARGXGXAXGVLDY
5f2b351cc6f997007ee27cd8,ARRSGWYVYYFDY
5f2b351cc6f997007ee27cda,ARDXTIFGGVVPAAITFDYGMDV
5f2b351cc6f997007ee27cdb,AKTRYSSSSGRYFDL
5f2b351cc6f997007ee27cdc,ASSLPVSSSVRKGVYFDY
5f2b351cc6f997007ee27cde,ARIALIAGRLTYYYAMDV
5f2b351cc6f997007ee27ce0,AGDSDHFYYVMRV
5f2b351cc6f997007ee27ce2,AAGNFDFWTWWY
5f2b351cc6f997007ee27ce3,ARDWVFGEVYAGLFDY
5f2b351cc6f997007ee27ce5,ARQYAAFDI
5f2b351cc6f997007ee27ce7,ARRYRSDSSYFEY
5f2b351cc6f997007ee27ce8,ARRVPSRGRSRFQGWFDH
5f2b351cc6f997007ee27ce9,ARDGRENWFDP
5f2b351cc6f997007ee27ceb,AXSXXTGGVSAGYFDY
5f2b351cc6f997007ee27ced,AKDQVADLYYYYGMDV
5f2b351cc6f997007ee27cef,AKVVHLYGSIDF
5f2b351cc6f997007ee27cf0,ARGRGIVPADITWGRHWFDP
5f2b351cc6f997007ee27cf1,ARXXXXDXSSGXSXY
5f2b351cc6f997007ee27cf3,AREQWGDTAIDDAFDI
5f2b351cc6f997007ee27cf9,ARGGGGSCLLRLLWYDY
5f2b351cc6f997007ee27cfa,ARILSTGLFDY
5f2b351cc6f997007ee27cfb,ARAQSSRGGYXFDY
5f2b351cc6f997007ee27cfe,ARGLXTXXTANYYXMDV
5f2b351cc6f997007ee27cff,ARVSGRVCSGGSCWFDY
5f2b351cc6f997007ee27d00,ATGPQQWELSPPIVH
5f2b351cc6f997007ee27d01,ARDPTGYGLTXRXXFDX
5f2b351cc6f997007ee27d02,AKGQSDFGVLTSYGMDV
5f2b351cc6f997007ee27d03,ARGGXALMEIYHFDY
5f2b351cc6f997007ee27d0a,ARDRRDGYKATFDY
5f2b351cc6f997007ee27d12,ARVLAPGSGYYLYGDY
5f2b351cc6f997007ee27d15,ARGSMTTVTHYFDY
5f2b351cc6f997007ee27d16,ASASYYDVWRGNYKHGKDY
5f2b351cc6f997007ee27d18,AAQNYDYVQDAFDI
5f2b351cc6f997007ee27d19,ARGELGGANCXFDY
5f2b351cc6f997007ee27d1a,ARELQTRIAASDY
5f2b351cc6f997007ee27d1c,ARRPKLWFGEGEDAFDI
5f2b351cc6f997007ee27d1d,ARDRTARRAAPGWYFDL
5f2b351cc6f997007ee27d1e,ARPGSEDSSGAYGDYDAFDI
5f2b351cc6f997007ee27d20,ARSGSYYDAFDI
5f2b351cc6f997007ee27d22,VTHGPY
5f2b351cc6f997007ee27d23,ARDPGLRFLEWSLNYYYYGMDV
5f2b351cc6f997007ee27d24,ATRYIVVVPAAKTDFDY
5f2b351cc6f997007ee27d2a,ARARWSGYHRTYYFDY
5f2b351cc6f997007ee27d2b,ARGWELLSFDY
5f2b351cc6f997007ee27d2c,ARDLKAVPGFGIDC
5f2b351cc6f997007ee27d30,ARVRSERDPYFDL
5f2b351cc6f997007ee27d32,ARGRSSNGYSNYPFDY
5f2b351cc6f997007ee27d35,ARGPLGIDY
5f2b351cc6f997007ee27d36,ATFRFGAWLP
5f2b351cc6f997007ee27d37,ARXGDTVVVAAAVQRYNWFDP
5f2b351cc6f997007ee27d3a,AHRREPITMIADSGNDAFDI
5f2b351cc6f997007ee27d3c,ARAQSTMLGVAYTYSDAFDY
5f2b351cc6f997007ee27d3e,ARYSYSRLGDAFDI
5f2b351cc6f997007ee27d40,ARSLVMNAADL
5f2b351cc6f997007ee27d41,ARGGTIEADIDY
5f2b351cc6f997007ee27d43,ARLPKYYFDESAFDI
5f2b351cc6f997007ee27d44,TGDPYGALLYYFDY
5f2b351cc6f997007ee27d45,ASIVVPAATTDY
5f2b351cc6f997007ee27d46,XRRAGTKSFDR
5f2b351cc6f997007ee27d47,ARXPXCGGXSSSXSGYYYYGFDF
5f2b351cc6f997007ee27d49,ARDXSGNQGYFDY
5f2b351cc6f997007ee27d4b,ARDGLVVGADSGP
5f2b351cc6f997007ee27d4c,ARXRGSYYGTGSSYAAFDY
5f2b351cc6f997007ee27d4e,ARGRGLGATAMGY
5f2b351cc6f997007ee27d4f,ARGWELLSFDY
5f2b351cc6f997007ee27d51,ARDTSRGNDFDY
5f2b351cc6f997007ee27d53,AKDARDGYNFGY
5f2b351cc6f997007ee27d54,ASPGIVGAMSAFDI
5f2b351cc6f997007ee27d55,AHSRPLLGVFDI
5f2b351cc6f997007ee27d57,ARGVDSSASRLDY
5f2b351cc6f997007ee27d5f,ARHVPRITMIAFDI
5f2b351cc6f997007ee27d60,ARGKKGXTAADGDYYGMDV
5f2b351cc6f997007ee27d62,ARAKAKSGPTPDS
5f2b351cc6f997007ee27d64,AINPRDHGA
5f2b351cc6f997007ee27d66,ARGVPAASHYFQH
5f2b351cc6f997007ee27d67,ARGPXXXXXYXGMDV
5f2b351cc6f997007ee27d68,ARARGATGTTVDY
5f2b351cc6f997007ee27d69,ARQAIWXGGXXRPGSWYFDF
5f2b351cc6f997007ee27d70,ARLXIRVGNGXYNWFDP
5f2b351cc6f997007ee27d71,ARGXVVAATXDGIDX
5f2b351cc6f997007ee27d73,ARGRGDMVRGVIHNYYGMDV
5f2b351cc6f997007ee27d77,AAGDGSLDV
5f2b351cc6f997007ee27d79,ARESSRTILGVVPIRYDAFDI
5f2b351cc6f997007ee27d7b,ARMATIFGVATPDY
5f2b351cc6f997007ee27d7c,ARYIPRQLYYFDY
5f2b351cc6f997007ee27d7f,ATTRGDYYDGSGPNGIDY
5f2b351cc6f997007ee27d81,ASQIILGAFDI
5f2b351cc6f997007ee27d82,ARGLDDFGAT
5f2b351cc6f997007ee27d83,ARSDRKMVHLNDY
5f2b351cc6f997007ee27d84,ARAQSQGQRTRAFAFDI
5f2b351cc6f997007ee27d88,ARDNWSYGDAFDI
5f2b351cc6f997007ee27d8a,ARDSGHGGGSCGSHGFDF
5f2b351cc6f997007ee27d8c,ARAADLSGSDFGN
5f2b351cc6f997007ee27d8d,ARGSGDLLAAGSDYGLDV
5f2b351cc6f997007ee27d8e,ARDRXFDNGWGSGXHGLDV
5f2b351cc6f997007ee27d91,AHGYSSSWWGFGGFDP
5f2b351cc6f997007ee27d92,ARDFWSGNFFDY
5f2b351cc6f997007ee27d93,ASLGGELFPSDY
5f2b351cc6f997007ee27d94,ARXXXGYYGSGXWXFDP
5f2b351cc6f997007ee27d95,ARAGTAMSGLEDY
5f2b351cc6f997007ee27d99,AREEEHGSGFDH
5f2b351cc6f997007ee27d9a,ARRVLYYDFWSGYYTGIDNWFDP
5f2b351cc6f997007ee27d9d,TRDHPLGYDFWSGYWGGFDP
5f2b351cc6f997007ee27d9e,ARDRXLIGGTVATXFDY
5f2b351cc6f997007ee27da0,VRDVTAVPGVGLDY
5f2b351cc6f997007ee27da1,ARVGIVXIXPXNWFDP
5f2b351cc6f997007ee27da4,ARDKTTPYGMDV
5f2b351cc6f997007ee27da5,AKARXXSSGCYXDFDY
5f2b351cc6f997007ee27da7,ARHAIGSRGCFDL
5f2b351cc6f997007ee27da9,ARDGIKSTTTTSDGFDF
5f2b351cc6f997007ee27daa,ARGTQGGYYGSGGYPYGFDY
5f2b351cc6f997007ee27dab,ARHGGLGSSRSGNWFDP
5f2b351cc6f997007ee27db1,ARSAPCSTTSCYQDGMDA
5f2b351cc6f997007ee27db2,ATSRPQAWFLA
5f2b351cc6f997007ee27db3,ARHGLDFFPLNDAFDI
5f2b351cc6f997007ee27db8,ATVGWSDYYYYGMDV
5f2b351cc6f997007ee27db9,AXXXCSGXYLDVDX
5f2b351cc6f997007ee27dba,ARAPYSSGWTPLDY
5f2b351cc6f997007ee27dbb,ARVGGLDV
5f2b351cc6f997007ee27dbc,ARGPRSGYRYYYYYGMDV
5f2b351cc6f997007ee27dbd,AREGGGVSCYYGWGFDY
5f2b351cc6f997007ee27dbf,AIRGGHGGSYTGDF
5f2b351cc6f997007ee27dc0,AREALEGSGSYYCYDYGIDY
5f2b351cc6f997007ee27dc1,ARXVRXVVAGXIDY
5f2b351cc6f997007ee27dc2,ARERSTGATSSDYFDF
5f2b351cc6f997007ee27dc3,AKDMLVGATPFDY
5f2b351cc6f997007ee27dc5,ARLGVLGPSAYYYYGMDV
5f2b351cc6f997007ee27dc6,VRDRTAVAGVGIDY
5f2b351cc6f997007ee27dca,ARGRGGFGHYYYYGMDV
5f2b351cc6f997007ee27dcc,AKGSGSAAFDN
5f2b351cc6f997007ee27dcd,ARKEPAFGDTGAFDI
5f2b351cc6f997007ee27dd0,AIFVVVPAALRKAEYFQH
5f2b351cc6f997007ee27dd1,ARFRDSGQQLVRGEGFDP
5f2b351cc6f997007ee27dd3,ARDVYDCGGDYAVF
5f2b351cc6f997007ee27dd4,ARAVPTMADAFDI
5f2b351cc6f997007ee27dd7,ARVYSSSPTLVLDY
5f2b351cc6f997007ee27dd8,ARLPKYYFDESAFDI
5f2b351cc6f997007ee27ddd,ARDYYDSSAGRND
5f2b351cc6f997007ee27ddf,VKDLGGQSDY
5f2b351cc6f997007ee27de0,ARFFALGYCSSTSCYTNY
5f2b351cc6f997007ee27de1,ARGGXYSSSSLSGDFDY
5f2b351cc6f997007ee27de4,ARDYSNYHNYYYGMDV
5f2b351cc6f997007ee27de7,ARGFRESSGTNGDIDY
5f2b351cc6f997007ee27de8,ARGTIYDY
5f2b351cc6f997007ee27dea,AGGNAGGSGSHDFDY
5f2b351cc6f997007ee27deb,ARGHTQGRSGFDY
5f2b351cc6f997007ee27dec,ASSTGYYDSSGDVWYYFDY
5f2b351cc6f997007ee27df1,ARDVLVWFEWPAGAFDY
5f2b351cc6f997007ee27df3,ARDTRXTTNYVRGGXWLFDF
5f2b351cc6f997007ee27df4,ARETLIFGVIKARGPDY
5f2b351cc6f997007ee27df5,ARYWPGAASRXYYDGIDY
5f2b351cc6f997007ee27df6,ARFASTPFDWWYFDL
5f2b351cc6f997007ee27df7,ARHEGRYYFDY
5f2b351cc6f997007ee27dfa,AKGKGLANSAMARSYYYGMDV
5f2b351cc6f997007ee27dfc,ARGIAVAGYDY
5f2b351cc6f997007ee27dfd,ATDXVLRXLEWXXYDGFDV
5f2b351cc6f997007ee27dfe,ARAPARGSSSLNY
5f2b351cc6f997007ee27dff,ARGRSMVVXAGPSFDY
5f2b351cc6f997007ee27e01,AREHLYGDYDY
5f2b351cc6f997007ee27e02,ASSSSFWYFDR
5f2b351cc6f997007ee27e03,ARHEWDRSANWNYLYFRFWWFDP
5f2b351cc6f997007ee27e05,ARDQSYDFWSGYYXXRXWFDP
5f2b351cc6f997007ee27e07,ARGGDCCCRGSYCYYGMDA
5f2b351cc6f997007ee27e08,ARGASPYGSGKFDTLDH
5f2b351cc6f997007ee27e09,ARATVGTPDY
5f2b351cc6f997007ee27e0b,AREYTYYYGSGSYYWD
5f2b351cc6f997007ee27e0e,ARDPEARTVAFDY
5f2b351cc6f997007ee27e12,ARDLGDLSGYFDY
5f2b351cc6f997007ee27e13,AREAHNNDSPLHYFDY
5f2b351cc6f997007ee27e14,ARDRYSGSNGFDY
5f2b351cc6f997007ee27e15,ARQSVLQWVPADFDY
5f2b351cc6f997007ee27e17,ARXGYQLLELYCFDY
5f2b351cc6f997007ee27e18,AREARXEVAXTGRDYFDY
5f2b351cc6f997007ee27e19,ARGGDDSSGWAASFDY
5f2b351cc6f997007ee27e1a,AREAYDSGWLGCRHYAFDI
5f2b351cc6f997007ee27e1b,ARVCYGSYGKDQLLLRYGRY
5f2b351cc6f997007ee27e1c,AHRQNFVGGGIAAAGDWFDP
5f2b351cc6f997007ee27e22,ARSPCTSTSCYPDY
5f2b351cc6f997007ee27e23,VGDDLALRGLSDR
5f2b351cc6f997007ee27e25,ARDWGYGDYDVDY
5f2b351cc6f997007ee27e27,ASGYLHDSSGYRYHYGMDV
5f2b351cc6f997007ee27e28,ARAPIVVAAAATFDY
5f2b351cc6f997007ee27e2a,ARQGDNYDSGGYYYCFDY
5f2b351cc6f997007ee27e2c,ARXGPDSSGQHDY
5f2b351cc6f997007ee27e2d,ARGKRGATITCFDY
5f2b351cc6f997007ee27e2e,ARDGXDGDPXEYYFDY
5f2b351cc6f997007ee27e2f,ARMTYSGAWYEDY
5f2b351cc6f997007ee27e30,ARDAYCSGDCCYVPLDH
5f2b351cc6f997007ee27e33,ARHARWGSCGNGWYGFDY
5f2b351cc6f997007ee27e34,ARGRPVPAGNYFDY
5f2b351cc6f997007ee27e35,ARVVGSLHNYYFDY
5f2b351cc6f997007ee27e36,ARVCLYYYDSSGYHDY
5f2b351cc6f997007ee27e3b,ATGDY
5f2b351cc6f997007ee27e3d,LYSYDSSGYYEYYFDY
5f2b351cc6f997007ee27e3f,AREVRGGTDY
5f2b351cc6f997007ee27e41,AASSTHDY
5f2b351cc6f997007ee27e43,ARGCXNGYYAWDAFDY
5f2b351cc6f997007ee27e44,ARGGVVTPPRFDY
5f2b351cc6f997007ee27e49,ARGRTSAAFGGVSAY
5f2b351cc6f997007ee27e4a,AREGQMATNPFDY
5f2b351cc6f997007ee27e4b,ARDLLAAPTKGDY
5f2b351cc6f997007ee27e4d,ARVGVFVEELGSNGGVVSFTRKCLDI
5f2b351cc6f997007ee27e4e,ARERDHYSGGYYAXSFDY
5f2b351cc6f997007ee27e4f,ARDGSHGYIYPLNSWFDY
5f2b351cc6f997007ee27e50,ARTLLSNTWYKRRFDP
5f2b351cc6f997007ee27e51,ARGRAVAGIRWFDP
5f2b351cc6f997007ee27e52,ARGMGSGSPNWFDP
5f2b351cc6f997007ee27e53,ARAVVVAXDGYFDY
5f2b351cc6f997007ee27e54,ARSAPCSTTSCYQDGMDA
5f2b351cc6f997007ee27e55,ARRRRLLEWLLYLEVCYFDY
5f2b351cc6f997007ee27e57,ARGGFRQNDSTFNYPYDAFDI
5f2b351cc6f997007ee27e58,ASFVVVKLKDAFDI
5f2b351cc6f997007ee27e5c,ARDPTSXGCGGSNYFDY
5f2b351cc6f997007ee27e5f,ARECGSGSSSCHSPYFDY
5f2b351cc6f997007ee27e63,ARGRGEDTTMVVATYYFDY
5f2b351cc6f997007ee27e66,ATARYYD
5f2b351cc6f997007ee27e68,ATSIHSGYDSV
5f2b351cc6f997007ee27e6a,ARTTPFDY
5f2b351cc6f997007ee27e6b,AHAPQYYYDSSGYYS
5f2b351cc6f997007ee27e6c,ARGAFRAWLLRSWSRTFDY
5f2b351cc6f997007ee27e6e,ANSDSGVHRY
5f2b351cc6f997007ee27e6f,ARGSYCSSSSCYSYGIDF
5f2b351cc6f997007ee27e70,AHYNWNYFI
5f2b351cc6f997007ee27e75,ARISFWDSNYDFWSGYWYYFDY
5f2b351cc6f997007ee27e77,ARDVSGVPASN
5f2b351cc6f997007ee27e7a,ARDYYGSGS
5f2b351cc6f997007ee27e7b,ARDIGFIGDYSGXDX
5f2b351cc6f997007ee27e7c,ARDGGCYYAGNWFDH
5f2b351cc6f997007ee27e7f,ARDAGGGYYYYFDY
5f2b351cc6f997007ee27e80,ARGRXQQQLVGGAYGXDY
5f2b351cc6f997007ee27e84,VKEGGSLDD
5f2b351cc6f997007ee27e86,GRDRYSGGWFLDR
5f2b351cc6f997007ee27e87,ARGRRLGVXVAATXXCXDY
5f2b351cc6f997007ee27e89,ASPRGVGY
5f2b351cc6f997007ee27e8b,AXXXXXXXXCXXXDY
5f2b351cc6f997007ee27e8d,ARIGRGAARSPFFDY
5f2b351cc6f997007ee27e8e,AKDKNPSGYDYFDY
5f2b351cc6f997007ee27e90,ARGGYXDSGGPFDY
5f2b351cc6f997007ee27e93,ARDPXTXCGVGMQSXGFDV
5f2b351cc6f997007ee27e95,AIQVVETAKDYDFWSGYYIGNWFDY
5f2b351cc6f997007ee27e97,ARTGGLITMID
5f2b351cc6f997007ee27e9a,ARGGITEMAVVTYYYGFDV
5f2b351cc6f997007ee27e9b,ARWGIAAAGNYFAY
5f2b351cc6f997007ee27e9d,AHSGNWNLNWFDP
5f2b351cc6f997007ee27e9e,ARXXFGSGGSGGFDY
5f2b351cc6f997007ee27e9f,ARGXYXNSSGNWFDP
5f2b351cc6f997007ee27ea0,ARRAMANDAFDI
5f2b351cc6f997007ee27ea1,ARGTXGIAAGRGWFDY
5f2b351cc6f997007ee27ea2,ARALRGIVVVPATMGAAGMDV
5f2b351cc6f997007ee27ea4,AGPIT
5f2b351cc6f997007ee27ea7,ARDGXRGLIVVAXDAFDF
5f2b351cc6f997007ee27eaa,ARLNVVDDILTGPIDY
5f2b351cc6f997007ee27eab,ARVVRIFGVVIDY
5f2b351cc6f997007ee27eb1,ARGRGQLGCMDV
5f2b351cc6f997007ee27eb2,ARDHSYGSSACYAGCFDY
5f2b351cc6f997007ee27eb3,ARGEQQLVGTDV
5f2b351cc6f997007ee27eb4,ARELISGIAAAEGFDP
5f2b351cc6f997007ee27eb5,ARGGRKIQLSRYNS
5f2b351cc6f997007ee27eb8,ARGSASAPTLFPLVSCENSPSDTSSVAVGCLAQDF
5f2b351cc6f997007ee27eb9,ARDRWVWVLLCDAFDF
5f2b351cc6f997007ee27ebb,ARGTLFVNLRYYYGTLDV
5f2b351cc6f997007ee27ebd,ARHEEYQLPETGGVSYFDY
5f2b351cc6f997007ee27ebf,AREYDCWSGCYELDYFDY
5f2b351cc6f997007ee27ec2,ASXXETGVSXSXYFDY
5f2b351cc6f997007ee27ec3,ARXVRDRLPPDY
5f2b351cc6f997007ee27ec5,ARAKTKSGPTPDS
5f2b351cc6f997007ee27ec6,ARVIYYRVKSRGWFDP
5f2b351cc6f997007ee27ec7,AKQXXLRFDYGMDV
5f2b351cc6f997007ee27ec8,ARDQMVAEWFDP
5f2b351cc6f997007ee27ecb,ARDPGYADIRTDY
5f2b351cc6f997007ee27ecd,ARDASGSGFDY
5f2b351cc6f997007ee27ece,ARSGRGATVMGTIDY
5f2b351cc6f997007ee27ed1,ARELPPLVPFDY
5f2b351cc6f997007ee27ed2,AHSPRWSDYYTYYYGMDV
5f2b351cc6f997007ee27ed3,GRSWGSSLLLRYGR
5f2b351cc6f997007ee27ed4,ARDRGLWPI
5f2b351cc6f997007ee27ed5,ARRGYSSGWEQFDY
5f2b351cc6f997007ee27ed6,ARIHPISIAVASRRAKYYFDY
5f2b351cc6f997007ee27ed8,ERAYDYYYGMDV
5f2b351cc6f997007ee27eda,AREDTEVVVVVDY
5f2b351cc6f997007ee27edc,ARVXAXAGMATGWFDP
5f2b351cc6f997007ee27ede,VRIMVGAAGGSH
5f2b351cc6f997007ee27edf,ARHGGGNWRSTNWYFFHS
5f2b351cc6f997007ee27ee0,ARVWGRIYGMDV
5f2b351cc6f997007ee27ee1,ARDPGQLDLDY
5f2b351cc6f997007ee27ee2,ARAVQVPVYEDALPFDI
5f2b351cc6f997007ee27ee4,AHRTLHYDSSGFDY
5f2b351cc6f997007ee27ee5,ARDGDFLESRWNFDY
5f2b351cc6f997007ee27eed,ARGLDDFGAT
5f2b351cc6f997007ee27eee,ARAIVVVPAASSDYFDY
5f2b351cc6f997007ee27ef0,ARVGATVDY
5f2b351cc6f997007ee27ef1,ARDLTGGVGXPVGXDYDYGMDV
5f2b351cc6f997007ee27ef4,ARAPGPGADRPDY
5f2b351cc6f997007ee27ef5,AKDLRKLAGFGHDG
5f2b351cc6f997007ee27efc,ARERLGQANWFDP
5f2b351cc6f997007ee27efe,AGCRLLREYSPLDV
5f2b351cc6f997007ee27f00,ARLDGYNSFDY
5f2b351cc6f997007ee27f03,ARGWPSRGGVDY
5f2b351cc6f997007ee27f04,ASXGSWGLLVTTDFDY
5f2b351cc6f997007ee27f07,AHSPEMDSSSWYGKFDY
5f2b351cc6f997007ee27f0b,ARGHPLYGMDV
5f2b351cc6f997007ee27f0d,VRDLAGVGAPSA
5f2b351cc6f997007ee27f0f,ARYSGSYLAYFQH
5f2b351cc6f997007ee27f10,ARDGVYSDGLN
5f2b351cc6f997007ee27f11,ARGXXSCSSACCXGFDS
5f2b351cc6f997007ee27f12,ARENVGWGXXGGYXYAIDY
5f2b351cc6f997007ee27f14,ARELWFGELNFITASDY
5f2b351cc6f997007ee27f15,ARYSGSYLAYFQH
5f2b351cc6f997007ee27f16,ARECVXGVDA
5f2b351cc6f997007ee27f18,AAGNFDFWTWWY
5f2b351cc6f997007ee27f19,ARSYDSSGTLPFAFDI
5f2b351cc6f997007ee27f1a,ARSECSSTSCNWYDYYGMDV
5f2b351cc6f997007ee27f1c,ARDQLRRVQLRTYYDYGMDV
5f2b351cc6f997007ee27f1d,ARDALGWSAWS
5f2b351cc6f997007ee27f1e,ARDGPHYYDSSGYLNNFDY
5f2b351cc6f997007ee27f1f,TTDNHASFDI
5f2b351cc6f997007ee27f20,ALTRKYYGMDV
5f2b351cc6f997007ee27f21,ARALRFLEWLGEYDI
5f2b351cc6f997007ee27f22,AREERGSSSWPNPFDY
5f2b351cc6f997007ee27f23,GRDDLIIEAGVDHYYGMDV
5f2b351cc6f997007ee27f25,ARDFDHPTRFDL
5f2b351cc6f997007ee27f26,ARDHYDSSGYYHPDSFDF
5f2b351cc6f997007ee27f28,ARVLRRVPAANSLAY
5f2b351cc6f997007ee27f2a,ARSHREYDDASGTRANWFDP
5f2b351cc6f997007ee27f2e,ARQGXGYDXCSGXLDYYYYGMDV
5f2b351cc6f997007ee27f31,TIHITDLQYYFDY
5f2b351cc6f997007ee27f33,ARRESGTYHFDY
5f2b351cc6f997007ee27f34,ARTHCGNDCFPDAFDL
5f2b351cc6f997007ee27f35,ARGSGSGSYCVDY
5f2b351cc6f997007ee27f36,AHSVPKQLDWMPDY
5f2b351cc6f997007ee27f37,ARVLAQQLVGAGY
5f2b351cc6f997007ee27f3b,ARGGRSDAFDI
5f2b351cc6f997007ee27f3d,ARXXTAGNNWFDY
5f2b351cc6f997007ee27f3e,ARLATYYDFWSGPMPLVGLIDY
5f2b351cc6f997007ee27f3f,ARARGSWWGLLNWYFDF
5f2b351cc6f997007ee27f43,ARRGGYSGYDYQYYFDY
5f2b351cc6f997007ee27f44,ARVLGGGSKAPLDY
5f2b351cc6f997007ee27f46,AKDRGRWLLTSLGD
5f2b351cc6f997007ee27f4a,ARIGTGYYYFDY
5f2b351cc6f997007ee27f4b,AHRTLYYDSSGYYYADFDY
5f2b351cc6f997007ee27f4d,ARDRGIXXWAYGFDI
5f2b351cc6f997007ee27f4f,AXXXAAXGFDY
5f2b351cc6f997007ee27f50,ARGPVGLELEVXDY
5f2b351cc6f997007ee27f53,ARGXVDGSSACCHEXDY
5f2b351cc6f997007ee27f54,ARDWMKQQLVLSPVDY
5f2b351cc6f997007ee27f55,ARERVVMAAGYFDY
5f2b351cc6f997007ee27f57,ARDPYDSSGY
5f2b351cc6f997007ee27f5b,ARDEGYSYEKFDD
5f2b351cc6f997007ee27f5c,ARDDGETFPYAMDV
5f2b351cc6f997007ee27f5d,SSQRLGGFYGMDV
5f2b351cc6f997007ee27f5e,ARAPEAVLGAPNXVDY
5f2b351cc6f997007ee27f5f,ARLVGYSSGPTFYYYYGMDV
5f2b351cc6f997007ee27f60,AKVPRSYNNYGSSASWYHFDY
5f2b351cc6f997007ee27f61,ARGGDSSSSRSRWYFDY
5f2b351cc6f997007ee27f63,ARASGCEXXGNYYFDY
5f2b351cc6f997007ee27f64,GRLPPKRSSTRD
5f2b351cc6f997007ee27f65,AREMEQRVGCVGY
5f2b351cc6f997007ee27f67,AKGSAFDM
5f2b351cc6f997007ee27f69,ARWWGGLDY
5f2b351cc6f997007ee27f6a,GSSRGSLPAAAGRKGWV
5f2b351cc6f997007ee27f6c,ARDXPRHRXYYGYGMDV
5f2b351cc6f997007ee27f72,SSQRLGGFYGMDV
5f2b351cc6f997007ee27f73,ASLVGATDFDY
5f2b351cc6f997007ee27f74,ARGDGCSCCTSYYYGFDV
5f2b351cc6f997007ee27f78,ANSDSGVHRY
5f2b351cc6f997007ee27f7a,ARLGGIVAVCLGGFDX
5f2b351cc6f997007ee27f7d,ARDRRSWFGELFDY
5f2b351cc6f997007ee27f7f,ARVGDYGDYPFDY
5f2b351cc6f997007ee27f80,AKGLDVVDYYYGMDV
5f2b351cc6f997007ee27f81,ARGQTYVVIGLSSGEDAFDI
5f2b351cc6f997007ee27f83,ARAGTRNIGRGDAFDH
5f2b351cc6f997007ee27f86,ARDALGVQNWFDP
5f2b351cc6f997007ee27f8b,ARGSGGRRITIFGVFIDY
5f2b351cc6f997007ee27f8d,ARVIRVITFRGVIVRYYFDY
5f2b351cc6f997007ee27f8f,ARGLRYSSSSSCYYGMDV
5f2b351cc6f997007ee27f91,AAPYSGYVNRLDV
5f2b351cc6f997007ee27f92,AHVDTAMEGFDY
5f2b351cc6f997007ee27f94,ARLTMVRGVIP
5f2b351cc6f997007ee27f96,ARRMRLPDYYYYYGMDV
5f2b351cc6f997007ee27f97,AGVSPVCGSDH
5f2b351cc6f997007ee27f98,ARVGPIVVVVATAGDYCFDY
5f2b351cc6f997007ee27f99,AHRLYSYAFDI
5f2b351cc6f997007ee27f9a,ARDHSAWFGELWGGFDY
5f2b351cc6f997007ee27f9b,ASTFWSDDY
5f2b351cc6f997007ee27f9d,ARHYSALDH
5f2b351cc6f997007ee27f9e,ARMPRQEVRGVIITPFDY
5f2b351cc6f997007ee27fa0,ARLPHIVVVAADIAIDVFDV
5f2b351cc6f997007ee27fa1,ARHVGXGCRGSWDYXWLVX
5f2b351cc6f997007ee27fa3,AHLTDGYSYGYIDY
5f2b351cc6f997007ee27fa4,ARHGSAWYSRRLDP
5f2b351cc6f997007ee27fa5,ARRWEVGAKGGMDV
5f2b351cc6f997007ee27fa7,ARIWSGSNWFDP
5f2b351cc6f997007ee27fad,AKERAAGNYYYYGMDV
5f2b351cc6f997007ee27fae,ARIGISGSYGFDYYGMDV
5f2b351cc6f997007ee27fb0,ARDLDGYNNHDALNF
5f2b351cc6f997007ee27fb1,ARGPNRIAVVTSYYWFDY
5f2b351cc6f997007ee27fb4,ARDRYGSGSYGYYYYYGMDV
5f2b351cc6f997007ee27fb6,ARDRXVTYSGSSSYYGMDY
5f2b351cc6f997007ee27fb8,AGVLGSGSPSLSGMDV
5f2b351cc6f997007ee27fbb,ARIWSGSNWFDP
5f2b351cc6f997007ee27fbd,ARDRTLYFDY
5f2b351cc6f997007ee27fbe,ARAPWLLGIMDF
5f2b351cc6f997007ee27fc1,AHTDVEMATTPDY
5f2b351cc6f997007ee27fc6,ARHXWGXAAATTXDY
5f2b351cc6f997007ee27fc7,ARLTYSSGWRGYWYFDL
5f2b351cc6f997007ee27fc8,ATSRDRTPNT
5f2b351cc6f997007ee27fc9,ARSQGYGVCYDY
5f2b351cc6f997007ee27fca,ATQIYMMIVVTELHLDWAFDI
5f2b351cc6f997007ee27fcb,AKDFTAADY
5f2b351cc6f997007ee27fcc,AKDRGAGYNYADY
5f2b351cc6f997007ee27fcf,ARAEADPDHFGVVVAAGGFDY
5f2b351cc6f997007ee27fd1,ARIGVGGDVVAAFDF
5f2b351cc6f997007ee27fd3,ARLRARAITVTTPTYDY
5f2b351cc6f997007ee27fd6,TRGWC
5f2b351cc6f997007ee27fd8,ARXXMVXXXANGWFDP
5f2b351cc6f997007ee27fdb,AHIIAAAGTYFDY
5f2b351cc6f997007ee27fdc,ARAWGSRWEHLS
5f2b351cc6f997007ee27fdd,ARGEQQLVGTDV
5f2b351cc6f997007ee27fde,AKGLPSRYCDS
5f2b351cc6f997007ee27fdf,ARDAIHCSSTSC
5f2b351cc6f997007ee27fe0,ATTEGY
5f2b351cc6f997007ee27fe1,ARGTPTPTDIVVAPDDSYYFDY
5f2b351cc6f997007ee27fe2,ARDYAAGRSTNAFDI
5f2b351cc6f997007ee27fe3,TXQIITVMWTEDVFDV
5f2b351cc6f997007ee27fe5,AXXXXSXGSGXXDX
5f2b351cc6f997007ee27fe7,ARPXGAAADXXDAFDI
5f2b351cc6f997007ee27fe8,ARGLLGVVVVALYDVDT
5f2b351cc6f997007ee27fe9,ARGQGSYYGECYGFDY
5f2b351cc6f997007ee27fea,ARDCCDGSGYGNFDY
5f2b351cc6f997007ee27fed,ARDVDIVVVAGDYYYGMDV
5f2b351cc6f997007ee27fef,ARHYSALDH
5f2b351cc6f997007ee27ff2,ARDLGDIVVVHSCERIDY
5f2b351cc6f997007ee27ff3,ARGVSDCGGVAPDFWFDY
5f2b351cc6f997007ee27ff4,ARIIQLWPYYGMNL
5f2b351cc6f997007ee27ff6,ARHTMDSGRYRGAIDY
5f2b351cc6f997007ee27ff8,ARIRHYDFWSGYYRGGWFDP
5f2b351cc6f997007ee27ffa,ARHMAAGSFDY
5f2b351cc6f997007ee27ffd,AHGSIAAAAPFDY
5f2b351cc6f997007ee27ffe,ARRLWSGGCDXYYFDY
5f2b351cc6f997007ee28000,ARDGXYYCCSGSFDY
5f2b351cc6f997007ee28002,AKGLPSRYFDS
5f2b351cc6f997007ee28005,ARGLAPGIVVVPAAGTHDY
5f2b351cc6f997007ee28006,ARGLDDFGAT
5f2b351cc6f997007ee28009,ARGGGIVAAPMSGFDY
5f2b351cc6f997007ee2800a,ARGXXRGQLVGAXDY
5f2b351cc6f997007ee2800b,ATSGTPFQH
5f2b351cc6f997007ee2800c,ARRAHSNADPYYTMDV
5f2b351cc6f997007ee2800d,ARPLGVXAARPYFDH
5f2b351cc6f997007ee2800e,ARGDPLVVVDAFDI
5f2b351cc6f997007ee28014,AHIATDSSGYYYVTSYDY
5f2b351cc6f997007ee28017,ARGGKXYCSSTSSRXWALAYWFDP
5f2b351cc6f997007ee28019,AHTRRYYGSSGYDIDY
5f2b351cc6f997007ee2801a,ARGRGAVAGLHWFDP
5f2b351cc6f997007ee2801c,ARXXXXXXSWGRCGEGYYGFDX
5f2b351cc6f997007ee2801e,AKDLINTQNNGYGMDV
5f2b351cc6f997007ee2801f,ARDSXGSFSSGNYYFDY
5f2b351cc6f997007ee28021,AHXTGGLXFGELYFDY
5f2b351cc6f997007ee28022,ATSGTPFQH
5f2b351cc6f997007ee28023,ARGGGWGRSRCSSTSCYRGRRYYYYGMDV
5f2b351cc6f997007ee28025,ARVRMIVVXCYYYAFDI
5f2b351cc6f997007ee28026,AEDYC
5f2b351cc6f997007ee28027,ARESTVGIAGGXFDY
5f2b351cc6f997007ee2802a,ARPGGVXXXRLYDFDY
5f2b351cc6f997007ee2802b,AHRQEEDSNLHNWFDP
5f2b351cc6f997007ee2802c,ARGLVVTAVTARFDY
5f2b351cc6f997007ee2802e,ARGDGDGSGYYGSSRY
5f2b351cc6f997007ee2802f,ATVEMIVVGDWFDP
5f2b351cc6f997007ee28033,ARAPSAVGSDFWFDP
5f2b351cc6f997007ee28034,ARXXSAVGSXFWFDP
5f2b351cc6f997007ee28035,ARPKGLTYYDFWSGYGGASLYFDY
5f2b351cc6f997007ee28036,ALSYSRNWNYVY
5f2b351cc6f997007ee28037,ARDLSGSYYDGMDV
5f2b351cc6f997007ee28039,ARDRTAPGGGGTFDY
5f2b351cc6f997007ee2803a,ARVDVRLGELSYDY
5f2b351cc6f997007ee2803b,ARPPYGSGTGFDY
5f2b351cc6f997007ee2803c,ARSSIAAAAFDP
5f2b351cc6f997007ee2803e,ARXADGLXCIVGAVDX
5f2b351cc6f997007ee2803f,ARGGGVWYFDL
5f2b351cc6f997007ee28041,ARASLSPKVPFQVVVPAALDY
5f2b351cc6f997007ee28044,ARVLGYCGSASCYTVYWYFDL
5f2b351cc6f997007ee28045,AKDQGGPNFSKD
5f2b351cc6f997007ee28048,ARDPRGYVLYFFDY
5f2b351cc6f997007ee28049,ATSGTPFQH
5f2b351cc6f997007ee2804a,ASGVSKQPADY
5f2b351cc6f997007ee2804c,ARHRGRGGSQFDY
5f2b351cc6f997007ee2804d,ARQIAVAATDY
5f2b351cc6f997007ee2804f,ARGLGMVRGVRV
5f2b351cc6f997007ee28050,ARGSGYCYXSGVKGLGMDD
5f2b351cc6f997007ee28052,ARGLKSXXXFXXXXXDX
5f2b351cc6f997007ee28053,ARHGDRFTTLNWFDP
5f2b351cc6f997007ee28056,ARYSGSYLAYFQH
5f2b351cc6f997007ee28058,ARRPYGGNSVYFDY
5f2b351cc6f997007ee28059,ARXXYXYDXXSYRXXXDX
5f2b351cc6f997007ee2805d,ARRSPLGPYWYFDL
5f2b351cc6f997007ee2805e,AVIPYYDSGGKGDY
5f2b351cc6f997007ee28061,ASEWSGAFDI
5f2b351cc6f997007ee28064,ARGGHDYXSSGWYDY
5f2b351cc6f997007ee28065,AHSNITFGGVIAPPPRY
5f2b351cc6f997007ee28068,AKVVHLYGSIDF
5f2b351cc6f997007ee2806d,ARGRLVRVGNWFDP
5f2b351cc6f997007ee2806e,ARLAAAGFDY
5f2b351cc6f997007ee28071,ARIGLGSYYGMDV
5f2b351cc6f997007ee28073,ALLPQDY
5f2b351cc6f997007ee28074,ARGLYGDSSGSPKPFDY
5f2b351cc6f997007ee28076,ARHGYSGYDFRFDY
5f2b351cc6f997007ee28078,ARDMTALTIGNSFDY
5f2b351cc6f997007ee28079,ARGLGGGARCLHY
5f2b351cc6f997007ee2807b,VRQFMVVAEGRTHGMDV
5f2b351cc6f997007ee2807e,ARLAAPY
5f2b351cc6f997007ee2807f,ARXXXRXGXXFDP
5f2b351cc6f997007ee28081,ARLLTGPSDYSNILFDY
5f2b351cc6f997007ee28088,ARXGXPDARGGYTFYHGDY
5f2b351cc6f997007ee28089,ARSRPVSYWYSYGPFDF
5f2b351cc6f997007ee2808a,ARVTDTQVGGPNWFDP
5f2b351cc6f997007ee2808c,ARGQGFTIFGVVINGFDY
5f2b351cc6f997007ee2808d,ARDXLIQLXXRGDCYXH
5f2b351cc6f997007ee2808f,AREGGDSSSYDY
5f2b351cc6f997007ee28090,ARERSGRHFDF
5f2b351cc6f997007ee28091,ANSDSGVHRY
5f2b351cc6f997007ee28093,ARYSSGHYTHFDY
5f2b351cc6f997007ee28094,TSPAILEWLFDY
5f2b351cc6f997007ee28095,ARGRVSVALTVSCFDY
5f2b351cc6f997007ee28097,ARHGGATAFYPKSDLDY
5f2b351cc6f997007ee28099,ARGGMVTTXSGFDY
5f2b351cc6f997007ee2809b,ARGMGVVAASTSIYYGLDV
5f2b351cc6f997007ee2809c,ARGXNYGSGGGGCFDY
5f2b351cc6f997007ee2809e,ARARYXYYGMDV
5f2b351cc6f997007ee280a0,ARQHTRKWYSSSWLLWYFDL
5f2b351cc6f997007ee280a5,ARIEKAMD
5f2b351cc6f997007ee280a7,ARSGWTGSTGEYYFDY
5f2b351cc6f997007ee280a9,ARAPSWSNNWFDP
5f2b351cc6f997007ee280aa,ARDPQLGGSASAPTLFPLVSCENSPSDTSSVAVGCLAQDF
5f2b351cc6f997007ee280ad,ARGRRAGLGIVVATPVCWFDY
5f2b351cc6f997007ee280b2,ARVRGNYDSRDCYDD
5f2b351cc6f997007ee280b3,ARDKTGRDDYSMDD
5f2b351cc6f997007ee280b4,TSTDLLNRNYPS
5f2b351cc6f997007ee280b5,ARRAAAGNVGGNWFDY
5f2b351cc6f997007ee280b7,ARHLKAVVEEGYLDY
5f2b351cc6f997007ee280bb,ARGSLYYYDSSGYAMLGYFDY
5f2b351cc6f997007ee280bd,ARHYSALDH
5f2b351cc6f997007ee280be,ARVRMDTKLTWDY
5f2b351cc6f997007ee280bf,ARGTXXRGXXXDFDH
5f2b351cc6f997007ee280c2,ARDNQQWMSHDV
5f2b351cc6f997007ee280c4,ARSAPCSTTSCYQDGMDA
5f2b351cc6f997007ee280c5,ARLGYCGGGSCGYYFDY
5f2b351cc6f997007ee280c6,ARLAGKDYGDSV
5f2b351cc6f997007ee280c8,ARATIGVAAGTSDCFDY
5f2b351cc6f997007ee280c9,ARGHXAIAGSGGFDY
5f2b351cc6f997007ee280cb,ARDXYGRRLITTGFDY
5f2b351cc6f997007ee280cc,ARVSGSYYNWEDY
5f2b351cc6f997007ee280cd,ARVGCDSRVYYFDY
5f2b351cc6f997007ee280ce,GRXXXLTVXDY
5f2b351cc6f997007ee280cf,ARESSAAAGPKPYYFDY
5f2b351cc6f997007ee280d2,ARDYY
5f2b351cc6f997007ee280d6,ARDLTRHYYGSGDV
5f2b351cc6f997007ee280d9,ARSRRLGYCSGGSWYSFDY
5f2b351cc6f997007ee280dc,ASLQSFLAVTYDWYFDL
5f2b351cc6f997007ee280dd,ARGXEVAAATYYYNGSWGFDV
5f2b351cc6f997007ee280de,ARXHYGXGXXHGYCXDF
5f2b351cc6f997007ee280df,AREYYYDTLRYGMDV
5f2b351cc6f997007ee280e0,ARVKRPHSDYGSXAYYYGMDF
5f2b351cc6f997007ee280e1,ARAWCGGDCYGGFRNWFDP
5f2b351cc6f997007ee280e3,ARGXFXXSEWRLHXAFDY
5f2b351cc6f997007ee280e4,ARYSGSYLAYFQH
5f2b351cc6f997007ee280ea,AREVWLSCCGIDRY
5f2b351cc6f997007ee280eb,ARDNQQWMSHDV
5f2b351cc6f997007ee280ed,TTDSGVYGMDV
5f2b351cc6f997007ee280f1,ARDIAAAGNNWFDP
5f2b351cc6f997007ee280f3,ARGWDHYNILTGYEGYGLDV
5f2b351cc6f997007ee280f4,ARMEGYQDYFDY
5f2b351cc6f997007ee280f7,ARXXPXXXATAXGSASXGXDY
5f2b351cc6f997007ee280f8,ARLPKYYFDESAFDI
5f2b351cc6f997007ee280fe,ARTYPYGMDV
5f2b351cc6f997007ee28100,ARGXXRGXSLXXFDY
5f2b351cc6f997007ee28101,ARAYCSSXPAAINYGMDV
5f2b351cc6f997007ee28102,ARGCMTTITGGYFDY
5f2b351cc6f997007ee28104,ARDXQGANMAIDI
5f2b351cc6f997007ee28105,AYLRFLEWVPDI
5f2b351cc6f997007ee2810b,ARGRELYYYGMDV
5f2b351cc6f997007ee2810d,VLGVTIPRTYGMDV
5f2b351cc6f997007ee2810e,ATRRSGSYLGLDC
5f2b351cc6f997007ee28111,ARDLXYXXXXCXYXFDY
5f2b351cc6f997007ee28112,ARXTPYCSSTSCYPEWDFDY
5f2b351cc6f997007ee28114,TRGRGGDGHFDY
5f2b351cc6f997007ee28115,AREYYFDY
5f2b351cc6f997007ee28117,AREGSGSGYEVWFDP
5f2b351cc6f997007ee28118,ASSPAAIGGGYYGMDV
5f2b351cc6f997007ee2811b,ARGFPGYDFWSGDGFDV
5f2b351cc6f997007ee2811d,ARGXRATNTSCYDGIDX
5f2b351cc6f997007ee2811e,ARGRYAFDI
5f2b351cc6f997007ee2811f,ARGDHMAVVRADRGWFDY
5f2b351cc6f997007ee28120,ARDRAATVYYFDY
5f2b351cc6f997007ee28121,ARGGKVVVAVNFDY
5f2b351cc6f997007ee28122,GDXFDY
5f2b351cc6f997007ee28123,ARDQKSSGWDRAADY
5f2b351cc6f997007ee28124,AREPAGRGGPSYYYYYGMDY
5f2b351cc6f997007ee28126,AKDRVGATPRNRFDY
5f2b351cc6f997007ee28127,ARGLLAVVAAAMTRGF
5f2b351cc6f997007ee28129,ARXIMVVAXGYYSYGIDY
5f2b351cc6f997007ee2812c,ARGTIYDY
5f2b351cc6f997007ee2812d,ARDLSPRSLPYYFDY
5f2b351cc6f997007ee2812e,ARGVEGSSRLYRVVFDS
5f2b351cc6f997007ee2812f,ARDAECDSSASYSCFDL
5f2b351cc6f997007ee28130,ARRDYNTNDYYFPSLFDY
5f2b351cc6f997007ee28131,ARGXYCSSTSCQYGMDV
5f2b351cc6f997007ee28132,ATQVNYYFDY
5f2b351cc6f997007ee28135,AKVEADGVVVVVASPYALGM
5f2b351cc6f997007ee28136,ASGGMVRGVIINDGWFDH
5f2b351cc6f997007ee28137,ARDRLRLVIFSIRASDY
5f2b351cc6f997007ee28138,ARXGIXAMVXXXXNWFDP
5f2b351cc6f997007ee2813a,AKAGTRGSRTCSSTSCYWPDY
5f2b351cc6f997007ee2813b,ARGRVVVAAAMHRVAFDY
5f2b351cc6f997007ee28141,ARDMPVGAHYYYGFDF
5f2b351cc6f997007ee28142,ARDXGCSGSXSYYSEGFDY
5f2b351cc6f997007ee28145,ARGATDYSPLDY
5f2b351cc6f997007ee28146,ARGXREDWGSGSYPHYFDY
5f2b351cc6f997007ee28147,ARREDYSSTSLFDF
5f2b351cc6f997007ee28148,ARRGDILTGDYCLDY
5f2b351cc6f997007ee28149,ATGLNQLVHG
5f2b351cc6f997007ee2814a,AKGGWIWGAGDH
5f2b351cc6f997007ee2814b,ARARIAGPFQH
5f2b351cc6f997007ee28150,ARVPSSGYYFDY
5f2b351cc6f997007ee28151,ARETRRRDGYNSGIYGFDY
5f2b351cc6f997007ee28152,AKDSAYSSG
5f2b351cc6f997007ee28153,ARSGWSRKIDY
5f2b351cc6f997007ee28156,ARGKDYFDSTGYLIDY
5f2b351cc6f997007ee28157,ARPSVTGTIPDV
5f2b351cc6f997007ee28158,ARETLIFGVIKARGPDY
5f2b351cc6f997007ee28159,ASPRGIDADAFDF
5f2b351cc6f997007ee2815c,SRSFSSGGID
5f2b351cc6f997007ee2815e,ASITGPGVIDRFDY
5f2b351cc6f997007ee2815f,ARGLGGSSXYYQYGFDI
5f2b351cc6f997007ee28160,ARDGXCSSXGGYNYYGMDV
5f2b351cc6f997007ee28164,ARRGXRXAAGXGKXFDH
5f2b351cc6f997007ee28165,ASRERYSSDYYYGMDV
5f2b351cc6f997007ee28166,ARKGATVTTSDWYFDL
5f2b351cc6f997007ee28167,ARDVGSSWYYFDY
5f2b351cc6f997007ee28168,ARDLXSSSWYPYLDY
5f2b351cc6f997007ee28169,ARDGNREVAAVAPAEDDFDF
5f2b351cc6f997007ee2816a,ARDFSEDSSSVPGNY
5f2b351cc6f997007ee2816b,ARGSASAPTLFPLVSCENSPSDTSSVAVSCLAQDF
5f2b351cc6f997007ee2816c,ARHDCSNQLLSDSYYYGMDV
5f2b351cc6f997007ee2816d,ARDVVGEGCYYSMDV
5f2b351cc6f997007ee2816e,ARHDRLVYSHPIDH
5f2b351cc6f997007ee2816f,ARLLLGGVFDI
5f2b351cc6f997007ee28170,ARHEXYSXTCCYXXYFDF
5f2b351cc6f997007ee28173,ARDLYGAGGY
5f2b351cc6f997007ee28174,ARDGGREGGGDSYSFDY
5f2b351cc6f997007ee28176,ARVLVWAAVYYYYYGMDV
5f2b351cc6f997007ee28177,AKXXGSGDYGXRKGFDY
5f2b351cc6f997007ee28178,ARGPMTSYVGPPLY
5f2b351cc6f997007ee2817a,ARERDAFYI
5f2b351cc6f997007ee2817b,VRGGGYYDDSSGLILQS
5f2b351cc6f997007ee2817c,ARAQDCGALGXHYDGFDY
5f2b351cc6f997007ee28180,ARRXXXYFSSGTXXAXDF
5f2b351cc6f997007ee28181,ARAPPPPPGKLDWLSGFDP
5f2b351cc6f997007ee28182,ARDXKXHXXGAGTGYFDY
5f2b351cc6f997007ee28184,ARGHTKYDFWSGYPYEDY
5f2b351cc6f997007ee28186,ARWRGSSSCYAEGYFDY
5f2b351cc6f997007ee28187,ARGXDXGXXTGAFDX
5f2b351cc6f997007ee28188,ATLDIAAAGTYY
5f2b351cc6f997007ee2818a,ARGGGNYCSSXCCPNWFDP
5f2b351cc6f997007ee2818c,AKDQSGSYWPWGAFDI
5f2b351cc6f997007ee2818d,ARGXXVXATTGXFDY
5f2b351cc6f997007ee2818e,ARSYDWRLYGMDV
5f2b351cc6f997007ee2818f,AAGNFXXWTWWY
5f2b351cc6f997007ee28190,AREAVXLATVTYNWFDP
5f2b351cc6f997007ee28194,ARGSSFQH
5f2b351cc6f997007ee28195,ARDGRQLVSEXYGMDV
5f2b351cc6f997007ee28197,ARGXXLRFWXXVXTYFDY
5f2b351cc6f997007ee28199,ARGTDMAKDGRPEXMDV
5f2b351cc6f997007ee2819a,ARDGERGGAWLGDRTVGSFDP
5f2b351cc6f997007ee2819b,ARRGIAAATLQGMDV
5f2b351cc6f997007ee2819c,ARGSSWINWYFDL
5f2b351cc6f997007ee2819f,ARWVVKHCGHYGMDV
5f2b351cc6f997007ee281a1,ARDSRDDFCSGYYGMDV
5f2b351cc6f997007ee281a3,ARFSVTPIE
5f2b351cc6f997007ee281a6,ARGPVSSYCYYGFDY
5f2b351cc6f997007ee281a7,ARHTGGRLDY
5f2b351cc6f997007ee281a9,AREFXFGRGGAATDNYYYGMDV
5f2b351cc6f997007ee281ab,AIGQSGYLDY
5f2b351cc6f997007ee281ac,ARRKVLGGYYLRHDAFDI
5f2b351cc6f997007ee281ae,ARGRKRLLGDCDYFDY
5f2b351cc6f997007ee281b3,ARAADLSGSDFGN
5f2b351cc6f997007ee281b4,ARXGCGXXXWSGSRSNWFDP
5f2b351cc6f997007ee281b5,AREDSXGXDY
5f2b351cc6f997007ee281b6,TRVRDIYGSGPWQEY
5f2b351cc6f997007ee281b8,ARGQRATAGTSLSWFDP
5f2b351cc6f997007ee281b9,ARDXVRGDSYNPFDY
5f2b351cc6f997007ee281be,AREGQVWVRGYSYGVIDY
5f2b351cc6f997007ee281c0,ARGRYPGSSGWSGYTFDF
5f2b351cc6f997007ee281c1,ARGPHSSASGDY
5f2b351cc6f997007ee281c2,ARGEVRKYYYYGMDV
5f2b351cc6f997007ee281c3,ARGRELYYYGMDV
5f2b351cc6f997007ee281c5,ARWYGSSXSMDV
5f2b351cc6f997007ee281c7,ARGERTPPPRITMVRGVIPYYFDY
5f2b351cc6f997007ee281ca,ARHIYSSNWDQGGYFDS
5f2b351cc6f997007ee281cd,AALPPVTRGAFDY
5f2b351cc6f997007ee281ce,ARGWGDYCSGGSCSHXDIDY
5f2b351cc6f997007ee281d1,AGGHTELGYCSGGSCYSGDY
5f2b351cc6f997007ee281d2,AGGRELYYYGMDV
5f2b351cc6f997007ee281d4,ARDLRKYGMDV
5f2b351cc6f997007ee281d5,ARGHYDYSGCLHYFDY
5f2b351cc6f997007ee281d6,ARXRGEYSSXGXGXXFDY
5f2b351cc6f997007ee281d7,ARVSHVREDY
5f2b351cc6f997007ee281d8,ARIRYDSSEAWFDP
5f2b351cc6f997007ee281da,ARDGDFLESRGKFDY
5f2b351cc6f997007ee281db,ARQXGTIPVVGSYFDY
5f2b351cc6f997007ee281dd,ARGPXVVVXDACFDY
5f2b351cc6f997007ee281e0,ARDVGGSCSYCCGFDY
5f2b351cc6f997007ee281e2,ARGTXXXRXYFDY
5f2b351cc6f997007ee281e4,ATIDGIPEY
5f2b351cc6f997007ee281e6,ARDRFHYGSNSSNREXHNCFDY
5f2b351cc6f997007ee281e7,ARHPVXRFLEWLFPDAFDI
5f2b351cc6f997007ee281e8,ARGGGDGGNFD
5f2b351cc6f997007ee281eb,AKDFGYNWNDGLDY
5f2b351cc6f997007ee281ec,AADTSYYYGMDV
5f2b351cc6f997007ee281ed,ARGPXIRGXGXFDY
5f2b351cc6f997007ee281f0,ARGTYYYDSSGVFDY
5f2b351cc6f997007ee281f1,AGATGAYYYGNTFDX
5f2b351cc6f997007ee281f2,ARGSYGMDV
5f2b351cc6f997007ee281f4,ARTSDYDFWSGYYTPYGMDV
5f2b351cc6f997007ee281f5,AHIDYDILTATYFDY
5f2b351cc6f997007ee281f6,ARQSHYDSSGYPFDY
5f2b351cc6f997007ee281f7,ARHRHYXYTSGQNCFDY
5f2b351cc6f997007ee281f9,ARGRLCGVMAYYDYFDY
5f2b351cc6f997007ee281fa,AKDRGSAAAPEYYGMDV
5f2b351cc6f997007ee281fc,AHRDESYYGQGAFDI
5f2b351cc6f997007ee281fe,AREHDYGDYGGMDV
5f2b351cc6f997007ee28200,AKEPGDYDSSAGAFDI
5f2b351cc6f997007ee28202,ARDGSTSWRVYPMDV
5f2b351cc6f997007ee28204,ARGRVSSGWYRDY
5f2b351cc6f997007ee28205,ARRIAIFGVVYCFDY
5f2b351cc6f997007ee28207,ARTLLSNTWYKRRFDP
5f2b351cc6f997007ee28208,ARETVTYNWFDP
5f2b351cc6f997007ee2820a,ARRMKYYDSSGYWAPSWYFDL
5f2b351cc6f997007ee2820b,ARDLRNEYISDWYVDY
5f2b351cc6f997007ee2820d,AKGHSTV
5f2b351cc6f997007ee28213,ARXHXXXXXELMLLXXYYYGMDV
5f2b351cc6f997007ee28215,ARDXXVCGYSCGYYGMDV
5f2b351cc6f997007ee28217,ARLDGGYSGYDPFDY
5f2b351cc6f997007ee28218,ARXSGGSSXXXHGLDY
5f2b351cc6f997007ee28219,ARDFRXGXYSYYGFDY
5f2b351cc6f997007ee2821f,AREMRRYCSSTSCYRSYYGMDV
5f2b351cc6f997007ee28220,ARIRSTSGYYSFDY
5f2b351cc6f997007ee28221,ARDRQPGRGTGDFDY
5f2b351cc6f997007ee28223,ARGDYYGSGSYDY
5f2b351cc6f997007ee28225,ARYQRRITIFGVVTNPRSDAFGI
5f2b351cc6f997007ee28226,AVYGSGSYYNY
5f2b351cc6f997007ee28227,ARDHEGPGGNY
5f2b351cc6f997007ee28228,ARDWMLNWFDL
5f2b351cc6f997007ee2822d,ARVRASGRAYNWFDP
5f2b351cc6f997007ee2822e,ARDRSSSYYSXXCCFDY
5f2b351cc6f997007ee28232,ARAGGYCSSTSCYDSEDNWFDP
5f2b351cc6f997007ee28233,ARDSFGSCYYXFDY
5f2b351cc6f997007ee28234,ARATYGDSPWAFDI
5f2b351cc6f997007ee28238,ARGIKGGYDPVGYFDY
5f2b351cc6f997007ee2823a,ARGMGDGQHDPAEYFQH
5f2b351cc6f997007ee2823d,ARDWMLNWFDL
5f2b351cc6f997007ee2823e,TTVAG
5f2b351cc6f997007ee2823f,ARSSTRYGDYEGDFDY
5f2b351cc6f997007ee28241,ARLRARAITVTTPIYDY
5f2b351cc6f997007ee28242,AKGRRGSGFSHYLDS
5f2b351cc6f997007ee28245,AREKXLQTGWYFDL
5f2b351cc6f997007ee28246,ARDRXSCDWDWFDY
5f2b351cc6f997007ee2824a,ARMSRLSGFYYMDY
5f2b351cc6f997007ee2824e,ARGFITKQFDY
5f2b351cc6f997007ee28251,ARGDRTYSSGLGFQH
5f2b351cc6f997007ee28252,ARVGGYYSSSSNGFDP
5f2b351cc6f997007ee28253,ARDPYDSSGY
5f2b351cc6f997007ee28254,SASAPTLFPLVSCENSPSDTSSVAVGCLAQDFQ
5f2b351cc6f997007ee28258,ASGGDLWGGYPLNWFDP
5f2b351cc6f997007ee2825c,ARGLDDLGAT
5f2b351cc6f997007ee2825e,ASHSSDTSPLIDY
5f2b351cc6f997007ee2825f,ARDIVDTAMVAYYYGMDV
5f2b351cc6f997007ee28261,AREGMEAFDI
5f2b351cc6f997007ee28263,ATLSGRRGWFDP
5f2b351cc6f997007ee28265,ARDLVYYYPSGSADY
5f2b351cc6f997007ee28266,ARGQAGASFDY
5f2b351cc6f997007ee28267,AREIQQYPDY
5f2b351cc6f997007ee2826b,ARVGDWYYYGMDV
5f2b351cc6f997007ee2826d,ARIMXYCSSSSYLSGAFDY
5f2b351cc6f997007ee2826e,ARGRGYEDY
5f2b351cc6f997007ee28270,ASLVRVWRPGDGMDV
5f2b351cc6f997007ee28271,ARHXYSYGLGFDY
5f2b351cc6f997007ee28272,VKEGGSLDD
5f2b351cc6f997007ee28274,ATEVGAKEYYYGMDV
5f2b351cc6f997007ee28275,AHNGGRGDLDH
5f2b351cc6f997007ee28277,ARDDYDDGDYYFDY
5f2b351cc6f997007ee28278,TGDPYGALLYYFDY
5f2b351cc6f997007ee28279,ASEYSSSWYLGY
5f2b351cc6f997007ee2827a,ARVRVGDTSSWLXNGFDY
5f2b351cc6f997007ee2827d,ARDQGLXAAAGRNNWYFDL
5f2b351cc6f997007ee2827e,AREXXXXXXVLGDSWYFDY
5f2b351cc6f997007ee2827f,ARSXNSXXWDQESSFDI
5f2b351cc6f997007ee28280,ATLGYSSSWHINGGDY
5f2b351cc6f997007ee28281,ARDRSGNSWYVGGWFDH
5f2b351cc6f997007ee28282,ANGGVAARPGWVYDY
5f2b351cc6f997007ee28283,ATAVGATGGGAFDI
5f2b351cc6f997007ee28284,ARGGIVVVVAALDY
5f2b351cc6f997007ee28285,ARDPPIAVGYPGYYYWFDY
5f2b351cc6f997007ee28288,ARVSNAXXLGYHDYLDV
5f2b351cc6f997007ee2828b,AARDFWSGYSFDY
5f2b351cc6f997007ee2828e,ARRGGFDY
5f2b351cc6f997007ee2828f,ARAVVVPAAIGY
5f2b351cc6f997007ee28290,ARDNQQWMSHDV
5f2b351cc6f997007ee28295,ARYSYSRLGDAFDI
5f2b351cc6f997007ee28296,ARTEMVLDY
5f2b351cc6f997007ee28298,ARERTYYDFWSGYGYYYYGMDV
5f2b351cc6f997007ee2829a,ARDVDQLPQGNYYGMDV
5f2b351cc6f997007ee2829b,ARXGRGGYSAYLDY
5f2b351cc6f997007ee2829c,ARAPDNXDXYSGYPFDY
5f2b351cc6f997007ee2829f,ARXPYCSSTSYYYYGMDV
5f2b351cc6f997007ee282a0,ARLDVKFGVISFFDY
5f2b351cc6f997007ee282a1,ARGVDIVATSAFDI
5f2b351cc6f997007ee282a4,ARGRELGMEVDY
5f2b351cc6f997007ee282a5,ARDRYDFWSGYYAP
5f2b351cc6f997007ee282a6,ESPLRDRQWLVFLRACL
5f2b351cc6f997007ee282a7,ARDGPGIAVAGTGPEYFDL
5f2b351cc6f997007ee282aa,ARRVGAARXWAFDX
5f2b351cc6f997007ee282ad,ARHYSALEH
5f2b351cc6f997007ee282ae,AREGWGYSSSWYYFDY
5f2b351cc6f997007ee282b1,ARDVRNGSPT
5f2b351cc6f997007ee282b2,AGDPFFDAVVPATAGLYYFDY
5f2b351cc6f997007ee282b3,ARAGRIAARPFGY
5f2b351cc6f997007ee282b5,AGSGSLDY
5f2b351cc6f997007ee282b6,AKVESDVVVVVVASPYALDM
5f2b351cc6f997007ee282b7,AHQDYDILTGEKADDAFDI
5f2b351cc6f997007ee282b9,ASASAAMVISSCFDY
5f2b351cc6f997007ee282bd,VRHEGGTNYFYGMDV
5f2b351cc6f997007ee282c0,VRDQHCSGGSCNGSPGVFNF
5f2b351cc6f997007ee282c1,ARGGDLEEAFDI
5f2b351cc6f997007ee282c3,ARVGDYVRSDY
5f2b351cc6f997007ee282c4,ARVHCSGGSCYSVSIAVAGAFDY
5f2b351cc6f997007ee282c5,ARGSXVGDCSXGCCYXFDP
5f2b351cc6f997007ee282c8,ARNRLLRDPYDV
5f2b351cc6f997007ee282c9,ARGXGYSYGLGGVGYGMDV
5f2b351cc6f997007ee282ca,ARDLHYFNYDSEYYFGS
5f2b351cc6f997007ee282cc,AREEEHGSGFDH
5f2b351cc6f997007ee282ce,AKGLPSRYFDS
5f2b351cc6f997007ee282d1,AGPYYDFWSGYYN
5f2b351cc6f997007ee282d2,ARAGPHTAIRSFDP
5f2b351cc6f997007ee282d3,AAGNFDFWTWWY
5f2b351cc6f997007ee282d4,ARGGIAARLQH
5f2b351cc6f997007ee282d5,AHKALWSGYPDNHWFDP
5f2b351cc6f997007ee282d6,ARFASTPFDWWYFDL
5f2b351cc6f997007ee282d7,AHFWSGYSYYFDY
5f2b351cc6f997007ee282d8,AREVERSGMDV
5f2b351cc6f997007ee282db,VHRRDSGSGLDY
5f2b351cc6f997007ee282dc,ARSEWTRYYYYGMDV
5f2b351cc6f997007ee282de,ARGVTQGTDY
5f2b351cc6f997007ee282df,ARDXGGSTSCYAYYYYGYGR
5f2b351cc6f997007ee282e0,ARHPYYEAFDI
5f2b351cc6f997007ee282e1,ARTGYSSSWYYFDY
5f2b351cc6f997007ee282e4,ATFAGPNCSGGSCYLDYYYGLDV
5f2b351cc6f997007ee282e5,ARGGSAAGPRWFDP
5f2b351cc6f997007ee282e6,VRAGKWYELQWFFDL
5f2b351cc6f997007ee282e7,ARLRPTSQYDLSGYAGVDY
5f2b351cc6f997007ee282e8,VKDVTAVAGSASAPTLFPLVSCENSPSDTSSVAVGCLAQDF
5f2b351cc6f997007ee282eb,AREGEVRADHFDY
5f2b351cc6f997007ee282ee,ARETQGVRGVNWFDP
5f2b351cc6f997007ee282f1,ARGGGGNFDY
5f2b351cc6f997007ee282f2,ARGVXXFGVVRXXXTYCFGN
5f2b351cc6f997007ee282f3,ASTQYQLSPPGMDV
5f2b351cc6f997007ee282f4,ARXXXXXXLPAARXXFDF
5f2b351cc6f997007ee282f5,ARKPRTAISAFDI
5f2b351cc6f997007ee282f7,ARGIVGGYCSSTSCPKTRSFDY
5f2b351cc6f997007ee282f9,AHWECTTASCYAFDI
5f2b351cc6f997007ee282fa,AREGXXXXXQXSSFDY
5f2b351cc6f997007ee282fd,AAARQ
5f2b351cc6f997007ee282fe,ARGRARTDAVTLVAY
5f2b351cc6f997007ee282ff,ARGVPGGY
5f2b351cc6f997007ee28304,ARAERVGWHYYYYGMDV
5f2b351cc6f997007ee28305,ARDNWEDRGTGY
5f2b351cc6f997007ee28307,AKGSYYYGSRTYYLLN
5f2b351cc6f997007ee28308,AAPYSGYVNRLDV
5f2b351cc6f997007ee2830b,ARQSRPYSSSWFDP
5f2b351cc6f997007ee2830c,ARDRRDLGRWIQLWHGGWFDP
5f2b351cc6f997007ee2830d,ATYPXRNGYYGSGTHGAFDY
5f2b351cc6f997007ee2830e,ATEDGHY
5f2b351cc6f997007ee28310,ATSGTPFEY
5f2b351cc6f997007ee28311,AIEPATGSSMSWAARCYEYGFDY
5f2b351cc6f997007ee28314,ARSYDWRLYGMDV
5f2b351cc6f997007ee28317,ARMGSLDY
5f2b351cc6f997007ee28319,ARGCIAAAWSYSCFDP
5f2b351cc6f997007ee2831c,ARDGRERNSLAVAFSVDY
5f2b351cc6f997007ee2831d,ARTCSSTSCYRKAEYFQH
5f2b351cc6f997007ee28320,ARGRGIASEGAIDY
5f2b351cc6f997007ee28324,ARIGGAAAQDWYFDL
5f2b351cc6f997007ee28325,ARSSTDYSDYHNYGMDV
5f2b351cc6f997007ee28326,ARIGPPTMVTKDAFDH
5f2b351cc6f997007ee28327,ARGQGRRDGYADGDY
5f2b351cc6f997007ee2832b,ATRREQPNYYYXGMDV
5f2b351cc6f997007ee2832c,ARTPEHIVVVPAAQRPNWFDP
5f2b351cc6f997007ee2832d,ARHPQGQLGRDAFDF
5f2b351cc6f997007ee28332,ARSSNLDTAMVSY
5f2b351cc6f997007ee28334,ARAGVGLYGLDY
5f2b351cc6f997007ee28335,ARQEYQLLGRYFDY
5f2b351cc6f997007ee28336,ARDLGFLAIVAGISYFDY
5f2b351cc6f997007ee28337,ARXGXAVAGXFDX
5f2b351cc6f997007ee28338,AREGRGNALDL
5f2b351cc6f997007ee28339,ARDAEHQVWAIYGVFDF
5f2b351cc6f997007ee2833a,ATRDFWRAGYFAP
5f2b351cc6f997007ee2833b,ARGRDGSFRSSYNYWCFDY
5f2b351cc6f997007ee2833c,ARQGCGTNCYDGLDP
5f2b351cc6f997007ee2833d,ARSAPCSTTSCYQDGMDA
5f2b351cc6f997007ee2833e,VHDYGDYVFDY
5f2b351cc6f997007ee2833f,ARIRSFGRVGARPGVFDY
5f2b351cc6f997007ee28341,ARGPLTAAGH
5f2b351cc6f997007ee28342,GRRPPKSSSTRD
5f2b351cc6f997007ee28344,ARDXVQSEWLLRSCFDY
5f2b351cc6f997007ee28345,AHIGFGTYFDY
5f2b351cc6f997007ee28346,TRQIITVMWTEDVFDV
5f2b351cc6f997007ee28347,AKGQSDFGVLTSYGMDV
5f2b351cc6f997007ee2834a,AHISHSHNRIQLGAFDI
5f2b351cc6f997007ee2834b,ARIPTSIAAAGGGGYYYGMDV
5f2b351cc6f997007ee2834c,ARDTT
5f2b351cc6f997007ee2834d,VRHEGGTNYFYGMDV
5f2b351cc6f997007ee2834f,ARMDQEKGLIDY
5f2b351cc6f997007ee28350,ARGAYSSSTLLRYGSFDV
5f2b351cc6f997007ee28351,ARGLRGGPHYYYYGMDV
5f2b351cc6f997007ee28352,ARVIGELLTQADY
5f2b351cc6f997007ee28355,ARGDQNXGSYCDIDF
5f2b351cc6f997007ee28356,ARRAVAGAAYYGMDV
5f2b351cc6f997007ee28357,ARDGVAQDISGYKGRFGP
5f2b351cc6f997007ee28358,ARDRTIFGVPEYYFDY
5f2b351cc6f997007ee2835f,ARDLRDYYDSSGPNWFDP
5f2b351cc6f997007ee28360,TRVREGWELPYFDY
5f2b351cc6f997007ee28361,ARDSDSSGXCYCGY
5f2b351cc6f997007ee28362,ARFHDSSVG
5f2b351cc6f997007ee28363,ARGLLWFGELSD
5f2b351cc6f997007ee28364,AREYPFLSGARYNPFDS
5f2b351cc6f997007ee28365,ARVVAAAGTPEAFDI
5f2b351cc6f997007ee28367,ARDIRYSSGSFDY
5f2b351cc6f997007ee28368,ARVRRYSDRLLYYFDY
5f2b351cc6f997007ee2836a,ARLPAGRRSYCLGY
5f2b351cc6f997007ee2836d,ARGYRHRGREYYYGMDD
5f2b351cc6f997007ee2836f,ARDWGVGAVYFDY
5f2b351cc6f997007ee28370,ARGIVAATVRGVGFDF
5f2b351cc6f997007ee28373,AKDEXXXAATXRPFDY
5f2b351cc6f997007ee28375,ATGRGWSGLTGY
5f2b351cc6f997007ee28376,ARRGMVRGXGLDY
5f2b351cc6f997007ee2837a,ATGPQQWELSPPIVH
5f2b351cc6f997007ee2837b,ARDPIGDFDWLGDY
5f2b351cc6f997007ee2837c,ARGFPVVVPAAIVVSNYYYGMDV
5f2b351cc6f997007ee2837f,ARVATVTTWLDY
5f2b351cc6f997007ee28380,ARTYDGYAFDI
5f2b351cc6f997007ee28381,ARGRSVQLYEWLSDGFDY
5f2b351cc6f997007ee28382,VSDSLKTVFDY
5f2b351cc6f997007ee28383,ARSYDWRLYGMDV
5f2b351cc6f997007ee28384,ARGATAFGVVPDS
5f2b351cc6f997007ee28385,AHKFNRRYYYGSGNGNHWFDP
5f2b351cc6f997007ee28386,ARDIGXXXVGGVPFCLDY
5f2b351cc6f997007ee28388,ARHRRTMAATMVFDY
5f2b351cc6f997007ee2838a,ASLWGAEGL
5f2b351cc6f997007ee2838b,ARQLVGVISFDP
5f2b351cc6f997007ee2838c,ARLFDSYGRWYFDL
5f2b351cc6f997007ee2838f,ARGWSSGYYYDGNWFDF
5f2b351cc6f997007ee28390,ARDPEDGSSSCYGIDY
5f2b351cc6f997007ee28391,ARDRXXVIAAAGIFPGGYWFDY
5f2b351cc6f997007ee28393,AREXXXXGSSCGSRGXSYXFDF
5f2b351cc6f997007ee28398,ASYSSSWYY
5f2b351cc6f997007ee2839b,ARSGRGTASWFDP
5f2b351cc6f997007ee2839c,ATSRDRTPNT
5f2b351cc6f997007ee283a0,AREWWEGIAATSGDY
5f2b351cc6f997007ee283a1,ARDLLDYYCSSTSCYSASLLAYYYYGMDV
5f2b351cc6f997007ee283a4,AHGLEYSSAVPFDY
5f2b351cc6f997007ee283a5,ARXCXXDSSGWYXRLDDYFDY
5f2b351cc6f997007ee283ab,AREIXYWYCSGAGCHGDH
5f2b351cc6f997007ee283ac,ARERKPHLYYYYGMDV
5f2b351cc6f997007ee283ad,ARDGDCLESRGNFDY
5f2b351cc6f997007ee283af,ARDKREYYDSGGCYPS
5f2b351cc6f997007ee283b0,ARGXXXGSXSEXYYYYGIDY
5f2b351cc6f997007ee283b1,YYRVVGATTVDY
5f2b351cc6f997007ee283b2,AAGDGSFDV
5f2b351cc6f997007ee283b3,AKDRAVPVTRSSYYYYGMDV
5f2b351cc6f997007ee283b4,ARDXXXSXGXRGDSFDY
5f2b351cc6f997007ee283b5,ATGIQLWSMDVS
5f2b351cc6f997007ee283b6,ARDGEQHPFDY
5f2b351cc6f997007ee283b8,ARGWPGDGSSSYYGFDY
5f2b351cc6f997007ee283bb,ATSRDRTPNT
5f2b351cc6f997007ee283bc,ASPNNWKPTARKEYGMDV
5f2b351cc6f997007ee283bd,ARGEADSHNGHAFDY
5f2b351cc6f997007ee283bf,STMSRFRDY
5f2b351cc6f997007ee283c0,ATGRXTILGVGTENYYFGMDV
5f2b351cc6f997007ee283c2,AHSRVADSADCFDY
5f2b351cc6f997007ee283c4,ARQGVFGVVLEDY
5f2b351cc6f997007ee283c5,ARGXNVRGVMVTAYYFDY
5f2b351cc6f997007ee283c7,ARGYSSREGFDP
5f2b351cc6f997007ee283ca,ATSRDRTPKT
5f2b351cc6f997007ee283cd,AREYTYYYGSGSYYWD
5f2b351cc6f997007ee283cf,ARGPIASGDHSVAGNWFDY
5f2b351cc6f997007ee283d0,AINPRDHGAXXX
5f2b351cc6f997007ee283d2,ARIPYGYGDLWYFDL
5f2b351cc6f997007ee283d3,AREVKSLGKTFDI
5f2b351cc6f997007ee283d4,AKLRDGYKILDY
5f2b351cc6f997007ee283d5,ARPSPLRSGYGIDY
5f2b351cc6f997007ee283d7,ARVGAAMADPGWYFDL
5f2b351cc6f997007ee283da,ARDGGATYDAFDI
5f2b351cc6f997007ee283db,ARQXVXAVPASXGGYWFDS
5f2b351cc6f997007ee283dc,ARDQGGATGY
5f2b351cc6f997007ee283dd,ARELTPYGSGSYTDY
5f2b351cc6f997007ee283de,ARETLIFGVIKARGPDY
5f2b351cc6f997007ee283df,GRAHTSTITVFGVVNAPDY
5f2b351cc6f997007ee283e1,AREVENGSSGWXSXYGFDI
5f2b351cc6f997007ee283e3,ARDFGLVPAAIGGGNYYYGMDV
5f2b351cc6f997007ee283e5,ATSNSIVVAIEFAY
5f2b351cc6f997007ee283e6,ARGWARVVPLFEY
5f2b351cc6f997007ee283e8,AKEIKYSFGSGAYFFDQ
5f2b351cc6f997007ee283ea,ARGGGYSNGWYCFDF
5f2b351cc6f997007ee283ec,ARIQGEGGSQAFDY
5f2b351cc6f997007ee283ed,ARDGDFLESRGNFDY
5f2b351cc6f997007ee283ef,ARMVRGVITLDY
5f2b351cc6f997007ee283f0,AREAVPAARTYYFDY
5f2b351cc6f997007ee283f1,AKVPESHRSLGTAPGQWLNYYYGFDV
5f2b351cc6f997007ee283f2,ASRDRGYFDY
5f2b351cc6f997007ee283f3,ARDPAVVPASLGNWFDP
5f2b351cc6f997007ee283f4,AKTRSNYDVGSGYYVGYYYYYYGMDV
5f2b351cc6f997007ee283f7,ASSSTVVNGGRDALDX
5f2b351cc6f997007ee283f8,ARVAYGGSPDYFDY
5f2b351cc6f997007ee283fa,ARASVLRGVVATIWFDY
5f2b351cc6f997007ee283ff,ARHCSALDH
5f2b351cc6f997007ee28400,AGHSFPYGVDL
5f2b351cc6f997007ee28401,ARLWKSTAARGGFWFDY
5f2b351cc6f997007ee28402,ARDRTGGPWGALDI
5f2b351cc6f997007ee28404,ARVLSSSGRYFDL
5f2b351cc6f997007ee28408,AREGPPPFGGMDV
5f2b351cc6f997007ee2840a,ARNNVDQLLYPSRYFDL
5f2b351cc6f997007ee2840b,ARAPTKAPDVFPIISGCRHPKDNSPVVLACLITGYHPTSVTVTWY
5f2b351cc6f997007ee2840e,ARXRMAXGGNYFYDGIDX
5f2b351cc6f997007ee2840f,ARHVIPSPSRYYYGMDV
5f2b351cc6f997007ee28415,ARGRIGDYYYGMDV
5f2b351cc6f997007ee28417,ARVXYSSSGSPHCDY
5f2b351cc6f997007ee2841a,AXGXSSDYGRXAFDX
5f2b351cc6f997007ee2841b,ARDQMVAEWCDP
5f2b351cc6f997007ee2841d,ARDLRDGDKGKAFDY
5f2b351cc6f997007ee2841f,ARGLLFWSGYQYYFDY
5f2b351cc6f997007ee28420,ARGSGPGDGSAFDT
5f2b351cc6f997007ee28421,ARHLGMPQISSCFDH
5f2b351cc6f997007ee28422,ARHYSALDH
5f2b351cc6f997007ee28423,ARGWIAVAINYGLDY
5f2b351cc6f997007ee28424,ARDLGGRGFDP
5f2b351cc6f997007ee28425,ARSPQEAAGTQRYFDY
5f2b351cc6f997007ee28427,ARXXGRGSRSDYYCFDY
5f2b351cc6f997007ee28429,GRLPPKRSSTRD
5f2b351cc6f997007ee2842d,ARAGAGVEYFDY
5f2b351cc6f997007ee2842f,ARENAHDTSGGTTTDY
5f2b351cc6f997007ee28434,ARDVKTGYDSSXSYWYYGMDV
5f2b351cc6f997007ee28435,ARGADCWSGALDDY
5f2b351cc6f997007ee28436,ASPDPLYGDYGRDYYYGMDV
5f2b351cc6f997007ee28437,AREXQSRGSDY
5f2b351cc6f997007ee2843a,ARQWGLLRFLEWLEFDY
5f2b351cc6f997007ee2843b,ARETLIFGVIKARGPDY
5f2b351cc6f997007ee2843c,AHGSIAAAAPFDY
5f2b351cc6f997007ee2843f,ARSVAATGEGYYYGMDV
5f2b351cc6f997007ee28442,ARDGSTSWRVYPMDV
5f2b351cc6f997007ee28443,ARYGMTTVTRRGFDP
5f2b351cc6f997007ee28445,ARCAFGELWFDY
5f2b351cc6f997007ee28446,ARYSGPLSSSGYYVFDY
5f2b351cc6f997007ee28447,ARDTMVRGVHTFDY
5f2b351cc6f997007ee28448,SASAPTLFPLVSCENSPSDTSSVAVGCLAQDFQ
5f2b351cc6f997007ee2844b,ARLDKXIAAAGTDY
5f2b351cc6f997007ee2844c,ARAGSCSSSXGYYFDY
5f2b351cc6f997007ee2844d,AAEGSFAYYFDY
5f2b351cc6f997007ee2844e,ARXXEGXSSTYXYSDXFDX
5f2b351cc6f997007ee28451,VREDAARFDP
5f2b351cc6f997007ee28452,ARVGESGSGSYFDP
5f2b351cc6f997007ee28453,ARXPDEFGTGRYGNDY
5f2b351cc6f997007ee28456,ARRGEGYNLGY
5f2b351cc6f997007ee28457,ARDLFVGARGNWFDP
5f2b351cc6f997007ee28458,AREGPPYSSASCQYYYGMDV
5f2b351cc6f997007ee2845a,ARYSGSYLAYFQH
5f2b351cc6f997007ee2845b,ARDPYXXGYXAFDY
5f2b351cc6f997007ee2845f,ARGRARTDAVTLVAY
5f2b351cc6f997007ee28460,ARDRRSGPRALDC
5f2b351cc6f997007ee28461,ARERVVTFGVVTTNFDY
5f2b351cc6f997007ee28464,ARDPXXSGYSSSWDGFDY
5f2b351cc6f997007ee28466,ATSGTPFQH
5f2b351cc6f997007ee28467,IRGYSNIDY
5f2b351cc6f997007ee2846a,ARGSRCGSSWGYFDY
5f2b351cc6f997007ee2846f,ARDLCGSGSSWYFDH
5f2b351cc6f997007ee28470,ARGADSSGYNDWFDY
5f2b351cc6f997007ee28472,ARGQAGAPAHGSFDI
5f2b351cc6f997007ee28473,SRARELNLHDY
5f2b351cc6f997007ee28475,ARGGWVAAASTCLDX
5f2b351cc6f997007ee28478,ARGRMVGGYYYYGLDF
5f2b351cc6f997007ee2847a,ARQGEGGPGKPMVRGVRIRYFDL
5f2b351cc6f997007ee2847b,ARMKGYCGGGCYPVRGFDY
5f2b351cc6f997007ee2847d,ARQSRAPGIVGATIPRLVSTHFDY
5f2b351cc6f997007ee2847f,ARAVTYYDFWSGYLGPYFDY
5f2b351cc6f997007ee28480,GRGGGGVVGATRVDY
5f2b351cc6f997007ee28481,ARQGSRYSWNXLLLLLGEVFDY
5f2b351cc6f997007ee28482,ARTEMVLDY
5f2b351cc6f997007ee28485,ARXXEXXAXVXDY
5f2b351cc6f997007ee28486,ARLKSVDRRVXXAGYYDYGMDV
5f2b351cc6f997007ee28487,ARDWMLNWFDL
5f2b351cc6f997007ee28488,ARDLGFIPDPQY
5f2b351cc6f997007ee28489,ARGRGRGAAAVGY
5f2b351cc6f997007ee2848a,ARDLGYGNYYGMDV
5f2b351cc6f997007ee2848b,ARDVGRRWSGDDGLDI
5f2b351cc6f997007ee2848c,ARMPITGDXYVESHFDY
5f2b351cc6f997007ee2848d,ARDGRFDP
5f2b351cc6f997007ee28490,ATARLGTFFDY
5f2b351cc6f997007ee28492,ARDRLVRRVGAWYFDL
5f2b351cc6f997007ee28493,AHRPKSIAAPLGGNWFDP
5f2b351cc6f997007ee28494,VTALEIRRFDC
5f2b351cc6f997007ee28495,ARVVVGVAVDYYGLDV
5f2b351cc6f997007ee28496,ARSIVXAGATYDCDLDY
5f2b351cc6f997007ee28497,AKGYYYESSGWNWHFDL
5f2b351cc6f997007ee28498,AREGMEAFDI
5f2b351cc6f997007ee28499,ARRAGTAIPGVXYXFDY
5f2b351cc6f997007ee2849a,AKDNXFRVFFGEVLGTHSYFAMDV
5f2b351cc6f997007ee2849b,ARTITPTMIDY
5f2b351cc6f997007ee2849e,ARGLHSGWFDP
5f2b351cc6f997007ee284a0,ARHYSALDH
5f2b351cc6f997007ee284a1,ARXXXXAVAGRGYYFDY
5f2b351cc6f997007ee284a2,ARDPSINERELYAFDM
5f2b351cc6f997007ee284a3,VKEGGDV
5f2b351cc6f997007ee284a4,ASYQGXGSSWXSSLDN
5f2b351cc6f997007ee284a6,AQGSTSYYYGMDV
5f2b351cc6f997007ee284a9,ARGPHGFDY
5f2b351cc6f997007ee284aa,ARGRVAPGRGSAFDY
5f2b351cc6f997007ee284ab,ARDRSGPAVRFHFDY
5f2b351cc6f997007ee284ac,ARSQYYDSSGYHAGAFDI
5f2b351cc6f997007ee284ad,ARGPRYCSGGTCAFWAFDI
5f2b351cc6f997007ee284ae,ARGLRAFIGSGSP
5f2b351cc6f997007ee284af,ARSSIAAAAFDP
5f2b351cc6f997007ee284b1,ARGXTXCSSTSCFWYXXDX
5f2b351cc6f997007ee284b2,AREGWATSSPLGDY
5f2b351cc6f997007ee284b3,ATDGVVPAATFFDY
5f2b351cc6f997007ee284b4,ARDNNIAARPRTSYFDY
5f2b351cc6f997007ee284b7,ARIFYDSSGVIMGTD
5f2b351cc6f997007ee284b8,ARGXGSSXYFKLESDFDL
5f2b351cc6f997007ee284b9,ARYXPGGRDCYXXXGFDL
5f2b351cc6f997007ee284ba,ARGXXXAEXGNVMDY
5f2b351cc6f997007ee284bb,ARKYCSSTSCYDDAFDI
5f2b351cc6f997007ee284bd,ARAGXGNXXXYGMDV
5f2b351cc6f997007ee284bf,MDV
5f2b351cc6f997007ee284c1,TRVLRGSPDDY
5f2b351cc6f997007ee284c2,ARDEVVAGFDY
5f2b351cc6f997007ee284c4,ARGKGEAAQFSFGMDV
5f2b351cc6f997007ee284c5,ARGGGPAATMVVGVRYYGFDY
5f2b351cc6f997007ee284c8,ARAXARGSTSYYPLDY
5f2b351cc6f997007ee284c9,ARLWFGETWFDP
5f2b351cc6f997007ee284cb,ARHYSALDH
5f2b351cc6f997007ee284cc,Y
5f2b351cc6f997007ee284ce,ARDDCSGGSCFRY
5f2b351cc6f997007ee284cf,ARRNRVAARAGCFDY
5f2b351cc6f997007ee284d0,ARGLPSGGGDYYGRGMDY
5f2b351cc6f997007ee284d1,AHRAYYYGSGSYYTSYMYNWFDP
5f2b351cc6f997007ee284d2,ARSYDWRLYGMDV
5f2b351cc6f997007ee284d3,AADTSYYYGMDV
5f2b351cc6f997007ee284d4,ARDMDVTVTGTXFDY
5f2b351cc6f997007ee284d6,ARFVTGTSDY
5f2b351cc6f997007ee284d8,ARDLAPSVGASDY
5f2b351cc6f997007ee284da,ARGXXRGYYESGVXXFDX
5f2b351cc6f997007ee284db,AHIWKDYDCWSGFDY
5f2b351cc6f997007ee284dc,ARAWCGGDCYGGFRNWFDP
5f2b351cc6f997007ee284dd,ARVSSGYYYFDY
5f2b351cc6f997007ee284de,ARGXMVSACGFDD
5f2b351cc6f997007ee284e0,ARDPDCSSTSCHPGWIDY
5f2b351cc6f997007ee284e1,ARETLIFGVIKARGPDY
5f2b351cc6f997007ee284e2,ARWNYYDSSGYYSNFQH
5f2b351cc6f997007ee284e3,ARVLVAAATTKTSCLDY
5f2b351cc6f997007ee284e4,ARDHYGMDV
5f2b351cc6f997007ee284e6,ARAFEYGDNNYVLSI
5f2b351cc6f997007ee284e7,ARGGXYGSWXYYYYGMDV
5f2b351cc6f997007ee284e9,ARADDFGY
5f2b351cc6f997007ee284ed,AHTLLVGSSWGVFDY
5f2b351cc6f997007ee284ef,ARXXXEGHWYFDY
5f2b351cc6f997007ee284f0,VRYQYDSSGYYPY
5f2b351cc6f997007ee284f1,ARDDLPGTGTNLKFVY
5f2b351cc6f997007ee284f2,ARAPPEAEEICSGGYYNYFDY
5f2b351cc6f997007ee284f3,ARXTXXXXHHXGSYGXFDY
5f2b351cc6f997007ee284f6,ARDGVGGNSAN
5f2b351cc6f997007ee284f7,ARAXGXVGVPAAXDX
5f2b351cc6f997007ee284f8,ARXXSSGEAVLVQXWFDY
5f2b351cc6f997007ee284fa,AHTQPPAALTWDY
5f2b351cc6f997007ee284fb,TRSVGIRSSWSS
5f2b351cc6f997007ee284fc,ARGEKYCASTSCYKRGYYFDY
5f2b351cc6f997007ee284fd,ARGPSAGANSASWYFDF
5f2b351cc6f997007ee284fe,ASDGYYYDXTGYFDY
5f2b351cc6f997007ee284ff,AREVPARANGSPAYFDY
5f2b351cc6f997007ee28501,ARGRRSSVYYSFDY
5f2b351cc6f997007ee28505,AKWPAAGGSFDDY
5f2b351cc6f997007ee28506,ARXXGXVADAFDI
5f2b351cc6f997007ee28508,ARFSRGQGEAYYDDYGMDV
5f2b351cc6f997007ee2850a,ARVVTFPYYGGEGFDY
5f2b351cc6f997007ee2850b,ARDVDKSDAFDI
5f2b351cc6f997007ee2850e,ARRDLTYYYDSSGYSPFDY
5f2b351cc6f997007ee2850f,ARVGSYSSGWXXDY
5f2b351cc6f997007ee28510,VRYSGGRGFDY
5f2b351cc6f997007ee28511,AREDIVTPRFDY
5f2b351cc6f997007ee28512,ARGQCGRAWCYYGMDV
5f2b351cc6f997007ee28513,AREREQFWSGYSGLRNTYLDH
5f2b351cc6f997007ee28515,ARKRYHWGSYRYTHLYYFDY
5f2b351cc6f997007ee28518,ARGXRXSGSYWIDY
5f2b351cc6f997007ee28519,ARIQSATPRYYYGMDV
5f2b351cc6f997007ee2851a,ARAPXGSSSWYYFDY
5f2b351cc6f997007ee2851b,ARLGRMVVVVVVTDSGDYFDY
5f2b351cc6f997007ee2851e,ARDFRGSSTSCYDDTSCRGADAFDI
5f2b351cc6f997007ee2851f,ARGRYPKGAFDI
5f2b351cc6f997007ee28521,ARSGVVLVPAAQRKREYYDYGMDG
5f2b351cc6f997007ee28523,SRLSAFEYSSSSGGIKGLYYYYYGMDV
5f2b351cc6f997007ee28524,ARGETGTASDAFDI
5f2b351cc6f997007ee28525,ARSYSSSWYRDGGIGYWDY
5f2b351cc6f997007ee28526,ARSLAGGYSHHNYAFDY
5f2b351cc6f997007ee2852e,ARLNYDFWSGYPYGMDV
5f2b351cc6f997007ee28532,ARDAPWGGYYGAIDD
5f2b351cc6f997007ee28536,ARDXYWGLDSSSWYFDH
5f2b351cc6f997007ee28539,ARKXXXGGNPFDY
5f2b351cc6f997007ee2853a,ARGLRRFGRGISCRPDYFDH
5f2b351cc6f997007ee2853c,ARDVLYDSSGYYGY
5f2b351cc6f997007ee2853d,ASWXXXVATTTQNYGIDV
5f2b351cc6f997007ee2853e,ASEYLCSSTSCYTGYYYYGMDV
5f2b351cc6f997007ee2853f,ARHXGXXGSSWXGXGFDY
5f2b351cc6f997007ee28542,ARQRYDFWSGYSNWFDP
5f2b351cc6f997007ee28543,ARSMVRGVFDY
5f2b351cc6f997007ee28544,DTPSLRAAAGTPAWGYGR
5f2b351cc6f997007ee28545,ARGGSSRVRVFFSDY
5f2b351cc6f997007ee28546,AKGSGSAAFDN
5f2b351cc6f997007ee28547,ARHYSALDH
5f2b351cc6f997007ee28548,ARDERPYGMDV
5f2b351cc6f997007ee2854a,ARAADLSGSDFGN
5f2b351cc6f997007ee2854d,ARGSDIVVVPAAKSYYYGMDY
5f2b351cc6f997007ee2854f,ARSNLAMGRGGLDY
5f2b351cc6f997007ee28550,VRTRYNSGWFPGYFFDL
5f2b351cc6f997007ee28551,ARTHLSSSGTSFEDY
5f2b351cc6f997007ee28555,ARVGGLDV
5f2b351cc6f997007ee28556,ATLSGRRGWFDP
5f2b351cc6f997007ee28557,AHRRLDSSSKLGAFDI
5f2b351cc6f997007ee28558,ARGEYSYGLLVDY
5f2b351cc6f997007ee28559,ARGDRYDPSFDY
5f2b351cc6f997007ee2855a,ARGRDSSGWYDYYYGMDV
5f2b351cc6f997007ee2855b,AKDFSYSSSWYGPFDY
5f2b351cc6f997007ee2855c,AKEVGAXTIXXAFDF
5f2b351cc6f997007ee2855d,ARDDVNGGRSFWPGCFYYG
5f2b351cc6f997007ee2855e,ANSGLLLEHYYGMHV
5f2b351cc6f997007ee2855f,ATASIDLLEGAWIQLGY
5f2b351cc6f997007ee28561,ARXLDNFXDGAVNCXDY
5f2b351cc6f997007ee28563,ARXLGVGGNASGTSXL
5f2b351cc6f997007ee28565,ARGLSIAVAGT
5f2b351cc6f997007ee28566,ARRSPLGPYWYFDL
5f2b351cc6f997007ee28567,ASYGDVSYSSGSFDY
5f2b351cc6f997007ee28568,ARDXTXXGMLDHTLDY
5f2b351cc6f997007ee2856a,ARDGVLKTMVGVYYYGMDV
5f2b351cc6f997007ee2856b,ARXXEXXXXGDDHDAFDI
5f2b351cc6f997007ee2856c,ARDXXTXYGVATTAXGFDX
5f2b351cc6f997007ee2856e,AAGNFDFWTWWY
5f2b351cc6f997007ee2856f,AGEYSSHHYNVMDV
5f2b351cc6f997007ee28573,ARGTPTPTDIVVAPDDSYYFDY
5f2b351cc6f997007ee28574,ARLGVWAAAELAVYYCWGSLYSSGWSPTYYYGMDV
5f2b351cc6f997007ee28576,ARHTYSYGYAVSTHFDY
5f2b351cc6f997007ee28578,ARGLDDFGAT
5f2b351cc6f997007ee2857a,ARXSSKGIXNXYYYGFDV
5f2b351cc6f997007ee2857c,ARHPGYCGGYYYGLDY
5f2b351cc6f997007ee2857d,ATDRRDGYNRYYYYGMDV
5f2b351cc6f997007ee2857e,ARXXGIVALPTVDY
5f2b351cc6f997007ee28580,ARDYSLRGLID
5f2b351cc6f997007ee28581,ARGPIWPPRGGARNWFDP
5f2b351cc6f997007ee28582,ARHRREYPFDQ
5f2b351cc6f997007ee28583,ARENYYDCSSGRPFFDY
5f2b351cc6f997007ee28586,ARGVPAASHYFQH
5f2b351cc6f997007ee28587,VEQWLVLGAFDI
5f2b351cc6f997007ee28589,ARDNYXXASFDY
5f2b351cc6f997007ee2858a,ARHGTGVARDVVGH
5f2b351cc6f997007ee2858c,VREPSGGYAXYXXGIDY
5f2b351cc6f997007ee2858e,ARDNKIAARPRTSYVDY
5f2b351cc6f997007ee28591,ARVSXASGSSYNYGNLDY
5f2b351cc6f997007ee28592,AREGHSCYXY
5f2b351cc6f997007ee28593,ARAAGVTILAVAEDFDY
5f2b351cc6f997007ee28595,ARSYSSSWYHHYFDY
5f2b351cc6f997007ee28597,ARDRFLGWFDP
5f2b351cc6f997007ee28598,ARVSSGYYRVYDY
5f2b351cc6f997007ee28599,ARDTVXSGTDY
5f2b351cc6f997007ee2859a,ARXXHGYGNYYGIDY
5f2b351cc6f997007ee2859b,ARRIVATRHNWFDP
5f2b351cc6f997007ee2859e,ARGTGPQNWFDP
5f2b351cc6f997007ee2859f,ARESLGSTHQYYFDY
5f2b351cc6f997007ee285a0,AREKPRGGMDV
5f2b351cc6f997007ee285a2,ARHYSALDH
5f2b351cc6f997007ee285a4,ARVPLYYYDSSGYYPSDYYYGMDV
5f2b351cc6f997007ee285ab,APQXADSSGYYFHRDWYXXL
5f2b351cc6f997007ee285ac,AAVSHGSGSYPDV
5f2b351cc6f997007ee285ad,AKGVGYSYGGY
5f2b351cc6f997007ee285af,ARERSLIDSSGXYSHFDY
5f2b351cc6f997007ee285b1,AKGPDYFDSSGYVY
5f2b351cc6f997007ee285b6,ARENTAMPFDY
5f2b351cc6f997007ee285b7,ARVHKFRDSSGWYYFDY
5f2b351cc6f997007ee285b9,ASDXYGSXGDXXXTTTXDX
5f2b351cc6f997007ee285ba,ARXXXXXSXSCDFDY
5f2b351cc6f997007ee285bb,ARGRELYYYGMDV
5f2b351cc6f997007ee285bc,ARLAVSGRGGGFDY
5f2b351cc6f997007ee285bf,AHSXXMXXXXVPAAMGNXDY
5f2b351cc6f997007ee285c0,ARVGGXXDCSGSCYFDY
5f2b351cc6f997007ee285c1,ARGYSNLDY
5f2b351cc6f997007ee285c2,ARASVAVGVPRFDP
5f2b351cc6f997007ee285c3,ARSGDDYYFYTMDV
5f2b351cc6f997007ee285c6,AXGXSGXXXGGN
5f2b351cc6f997007ee285c7,ARAAEVGDAFDI
5f2b351cc6f997007ee285c8,ARGQMLIYDMDV
5f2b351cc6f997007ee285c9,ARGHGGVVTDAAHFDY
5f2b351cc6f997007ee285ca,DI
5f2b351cc6f997007ee285cb,ARRKGGSSGNWYFDH
5f2b351cc6f997007ee285cc,ARGTPTPTDIVVAPDDSYYFDY
5f2b351cc6f997007ee285cd,ARETPTPTDIVVAPDDSYYFDY
5f2b351cc6f997007ee285d1,TREVGGVDY
5f2b351cc6f997007ee285d2,TTDYYG
5f2b351cc6f997007ee285d3,ARGSSLRQKTTQKNRAGSSWYKNWFDP
5f2b351cc6f997007ee285d6,ARAWCGGDCYGGFRNWFDP
5f2b351cc6f997007ee285d7,ARGLSNRVVTTALAGANWFDY
5f2b351cc6f997007ee285d8,ASRCYTGCAGGFDY
5f2b351cc6f997007ee285dd,ARGELLYYGMDV
5f2b351cc6f997007ee285df,ARGCPXIIVVAGAGDGFDY
5f2b351cc6f997007ee285e0,ARDXGFSYYNSSRYFFDY
5f2b351cc6f997007ee285e2,ARSXVVTYYFWFDY
5f2b351cc6f997007ee285e3,ARAPILRFGLDV
5f2b351cc6f997007ee285e5,ARVSGGLSPDY
5f2b351cc6f997007ee285e6,ARDLVNF
5f2b351cc6f997007ee285e7,ARGRGCRASSSWYKGAVDY
5f2b351cc6f997007ee285e8,ARXLLGXGPVGVVTSFDY
5f2b351cc6f997007ee285e9,ARDLTPYYDSSGYPA
5f2b351cc6f997007ee285eb,ARGPMRELRPSSC
5f2b351cc6f997007ee285ec,ARGPAAANNWFDP
5f2b351cc6f997007ee285ed,ARAPYSSGWTPLDY
5f2b351cc6f997007ee285ee,ARLPHIVVVAADIAIDVFDV
5f2b351cc6f997007ee285f0,ARGPYXXHSSGARDCFDY
5f2b351cc6f997007ee285f1,ARXRRXTXTIGYFDY
5f2b351cc6f997007ee285f4,ARPDSYGWYAFDY
5f2b351cc6f997007ee285f5,TRQIITVMWTEDVFDV
5f2b351cc6f997007ee285f8,ARQGCGTNCYGGLDP
5f2b351cc6f997007ee285fa,ARSVVGATAI
5f2b351cc6f997007ee285fc,ARGRXMATSXRAFDY
5f2b351cc6f997007ee285fe,ARDEGVGMVVAAARFDY
5f2b351cc6f997007ee285ff,ARVYSGGLPAXFDY
5f2b351cc6f997007ee28600,ARDLVDVPAAYSYYYGMDV
5f2b351cc6f997007ee28601,ATWAVADRLIIDS
5f2b351cc6f997007ee28602,ARYNYDSSGYVY
5f2b351cc6f997007ee28603,AKXSQAITMVRGAFDY
5f2b351cc6f997007ee28604,ARSPVMNAADL
5f2b351cc6f997007ee28605,ARDQMVAEWFDP
5f2b351cc6f997007ee28606,ARFRGLGIINYGGNSAYDY
5f2b351cc6f997007ee2860a,ARLYEYSSLYPSCYYYGMDV
5f2b351cc6f997007ee2860c,ARAKTKSGPTPDS
5f2b351cc6f997007ee2860d,ARLSKGSYNWNDECRRYFDY
5f2b351cc6f997007ee2860e,ARGRPYDYVRGTSGTTDGFDY
5f2b351cc6f997007ee2860f,ARLPKYYFDESAFDI
5f2b351cc6f997007ee28612,TTPHXGSGSYPY
5f2b351cc6f997007ee28614,ARFVRSLEWVPGQYYFDY
5f2b351cc6f997007ee28617,ARXGLVAAAAYFDX
5f2b351cc6f997007ee28619,AGDQDSSGRDSFDT
5f2b351cc6f997007ee2861a,ARGVXAAAGTAHCGLDL
5f2b351cc6f997007ee2861b,ARGGNSGQGFNWFDP
5f2b351cc6f997007ee2861c,ARQGXYSSSWSAFDY
5f2b351cc6f997007ee2861d,ARGLTLRAFDY
5f2b351cc6f997007ee2861f,ARXYDVYWSGTGYFDY
5f2b351cc6f997007ee28622,ARLPKYYFDESAFDI
5f2b351cc6f997007ee28624,ASVTVVPAATPDY
5f2b351cc6f997007ee28625,ARSLPSLRYGMDV
5f2b351cc6f997007ee28626,ARRGLVHPFDY
5f2b351cc6f997007ee28627,AHGFYFDY
5f2b351cc6f997007ee28628,ARHQFLGGWYVWDTFDY
5f2b351cc6f997007ee28629,ARDRGILYNWFDP
5f2b351cc6f997007ee2862a,ARGSRWWELRVSCDY
5f2b351cc6f997007ee2862b,ARLPKYYFDESAFDI
5f2b351cc6f997007ee2862d,ARXXXXWXXVDX
5f2b351cc6f997007ee2862e,VRSLRFLDSVQGYFDL
5f2b351cc6f997007ee2862f,ARFRGQGMMYAALTVDY
5f2b351cc6f997007ee28634,ARGVPAASHYFQH
5f2b351cc6f997007ee28635,ARAAPGEGSSSCYDFDY
5f2b351cc6f997007ee28639,ARVVGSLHNYYFDY
5f2b351cc6f997007ee2863a,AHRLSSSSWGEYFDF
5f2b351cc6f997007ee2863b,ARGGRTTISGDSYFDY
5f2b351cc6f997007ee2863c,AREWPPPFGGMDV
5f2b351cc6f997007ee2863d,ARHEGSSDAFDI
5f2b351cc6f997007ee2863e,ARVAHGRSDS
5f2b351cc6f997007ee28640,ARDSSLRAIVQ
5f2b351cc6f997007ee28643,ARGWYGNPWDY
5f2b351cc6f997007ee28645,ARVEAATDWFDH
5f2b351cc6f997007ee28648,ASDYDFWSGYQY
5f2b351cc6f997007ee28649,ARVTFGDDGHAFDI
5f2b351cc6f997007ee2864b,ARKGYQLLSGTPFDY
5f2b351cc6f997007ee2864e,ARRDSRGYDAFDI
5f2b351cc6f997007ee28650,ARDQMVAEWFDP
5f2b351cc6f997007ee28652,ARDGDYYESSGDD
5f2b351cc6f997007ee28653,AAGNFDFWTWWY
5f2b351cc6f997007ee28654,ARGTPTPTDIVVAPDDSYYFDY
5f2b351cc6f997007ee28657,ARGGVVDYGXXDWFDD
5f2b351cc6f997007ee28659,ARXXFKMVVRVIAGLYYFDY
5f2b351cc6f997007ee2865a,SGQHLQLAYSYYGGLDV
5f2b351cc6f997007ee2865d,AHLXLYDSSGYWVYAFDI
5f2b351cc6f997007ee2865e,ARLADYCDSNGSGLFDY
5f2b351cc6f997007ee2865f,ARGRXXXMXXXXRTTGXXXYYYGMDV
5f2b351cc6f997007ee28660,ARKQRASYGGNPDWYFDL
5f2b351cc6f997007ee28662,ARXPTXXYYGLGSYTSLDY
5f2b351cc6f997007ee28663,ARHSGSYVAY
5f2b351cc6f997007ee28664,ATLSGRRGWFDP
5f2b351cc6f997007ee28665,ARGNXAXVVAGQAFDI
5f2b351cc6f997007ee28666,ARDFSPPPLTIFGVVIRNGMDV
5f2b351cc6f997007ee28667,ARGAGXSGSSDAFDI
5f2b351cc6f997007ee28668,ARRRRDGYVEDRDY
5f2b351cc6f997007ee2866b,ARIRASMVRGVTAFDY
5f2b351cc6f997007ee2866d,GRLPPKRSSTRD
5f2b351cc6f997007ee28671,ARETGLRFDP
5f2b351cc6f997007ee28673,AKXGYGHIYFDK
5f2b351cc6f997007ee28674,ARDLGFIPDPQY
5f2b351cc6f997007ee28675,ARGCIGGTPXGFDY
5f2b351cc6f997007ee28676,AXXQGXRYXXGXX
5f2b351cc6f997007ee2867a,ARDNQQWMSHDV
5f2b351cc6f997007ee2867c,ARAKTKSGPTPDS
5f2b351cc6f997007ee2867d,ARGRNYYDSSGYSPDPFDY
5f2b351cc6f997007ee2867e,ARDPAGVLSDSYYDYVWGSCRYRGPLYGMDV
5f2b351cc6f997007ee2867f,ARDGGXDSGSGYGVRRFDY
5f2b351cc6f997007ee28680,AHTGSAGSGFGEWGD
5f2b351cc6f997007ee28681,VHDYGDYVFDY
5f2b351cc6f997007ee28684,ARDSSWSSYAASFDN
5f2b351cc6f997007ee28686,ASGYSYRPFDY
5f2b351cc6f997007ee28688,AAAPSGLDAFDI
5f2b351cc6f997007ee2868c,ATGXRDGTTXLPENYGMDV
5f2b351cc6f997007ee2868d,ARFAPGDYSNDKVWDY
5f2b351cc6f997007ee2868e,ARSGSYYDAFDI
5f2b351cc6f997007ee2868f,AAGNFDFWTWWY
5f2b351cc6f997007ee28690,ARHYSALDH
5f2b351cc6f997007ee28691,ARGGPGDCSGGSCYSPFDY
5f2b351cc6f997007ee28692,ASVTAAVTSXDY
5f2b351cc6f997007ee28694,ASAIGLLDL
5f2b351cc6f997007ee28695,ASQGPDGSWYNWFDP
5f2b351cc6f997007ee28699,ARISLTRNYDFWSGYYQQIFVYDY
5f2b351cc6f997007ee2869b,TTGAPV
5f2b351cc6f997007ee2869c,ARGGVRAIXVVPAALKYFEH
5f2b351cc6f997007ee2869d,ARDGVGGSYWKLDY
5f2b351cc6f997007ee2869e,ASGVHSSPSRY
5f2b351cc6f997007ee286a0,LRGIRGFDI
5f2b351cc6f997007ee286a1,ARGRDTSRWYRGAFDI
5f2b351cc6f997007ee286a2,ARGLGYCTGGSCTFDY
5f2b351cc6f997007ee286a3,AHRPWGYFDY
5f2b351cc6f997007ee286a4,ARELVVVATTAVCDY
5f2b351cc6f997007ee286a6,ARMAMSGYDYLVRYYFDY
5f2b351cc6f997007ee286a7,ARERYCGGTDYYYYGMDV
5f2b351cc6f997007ee286ac,AKDISQLLDAFDI
5f2b351cc6f997007ee286b2,ARSSTDRISGSELDAFDI
5f2b351cc6f997007ee286b3,ATDSRRWLPLDY
5f2b351cc6f997007ee286b6,ARAGXYSSGWLDFDY
5f2b351cc6f997007ee286b7,ARGXXEYQIQRSDYHDAFDI
5f2b351cc6f997007ee286b8,AREGADRRSCYXXDY
5f2b351cc6f997007ee286bd,ARGSRIVAVLDCFDY
5f2b351cc6f997007ee286c1,ARAAHGSGSYLFDY
5f2b351cc6f997007ee286c2,ARGGGGIVVVPAAMVAFDI
5f2b351cc6f997007ee286c4,ARDRGYSGTYVGAFDI
5f2b351cc6f997007ee286c5,ARAKPRTTAPVY
5f2b351cc6f997007ee286c6,ARGETGTASDAFDI
5f2b351cc6f997007ee286ca,AREVIGFGELLGETDYFDY
5f2b351cc6f997007ee286cb,ARHYSALDH
5f2b351cc6f997007ee286cd,ARVLAPGSGYYLYGDY
5f2b351cc6f997007ee286d0,ARGVXVXRERFDPIDY
5f2b351cc6f997007ee286d1,ARGASGRGDSSRSCFDY
5f2b351cc6f997007ee286d3,AHWGYSYGSDAFDI
5f2b351cc6f997007ee286d4,VRWIRVSGSFDY
5f2b351cc6f997007ee286d5,ARDEVRGWESKSFHLDY
5f2b351cc6f997007ee286d7,ARDYYGSGSYYKGYYGMDV
5f2b351cc6f997007ee286d9,ARXGSGNXFLLDY
5f2b351cc6f997007ee286da,ARVAY
5f2b351cc6f997007ee286db,ARRGVXVAGVTATXAFDI
5f2b351cc6f997007ee286de,ARRTGYYGSXSYCYGSALDY
5f2b351cc6f997007ee286df,ARGREKPDYGDYVRTDAFDI
5f2b351cc6f997007ee286e0,AREWRKDYYDSSGYYGPFDY
5f2b351cc6f997007ee286e1,ARDYLRLGEFFYNYFEY
5f2b351cc6f997007ee286e5,ASGSYGSGGSRGYYYYYGMDV
5f2b351cc6f997007ee286e6,ARVTSIMLGVVXYYYYGMDV
5f2b351cc6f997007ee286e7,ARGLYYYASYYFDY
5f2b351cc6f997007ee286e9,ARGVASDYYYLGLDV
5f2b351cc6f997007ee286eb,ARHRGCSNCSXYHSGFDY
5f2b351cc6f997007ee286ec,ATASGSYYAPAGEFDY
5f2b351cc6f997007ee286ef,AIRATMVRGVRTYRN
5f2b351cc6f997007ee286f2,ARHAFDRVSSCYYDYGFDY
5f2b351cc6f997007ee286f5,AVDYGGNLPYDY
5f2b351cc6f997007ee286f9,ARHGGSDWSGLCWFDH
5f2b351cc6f997007ee286fb,ARHHEMYGDYVLTT
5f2b351cc6f997007ee286fc,ARLGLGEYQLLSYFDY
5f2b351cc6f997007ee286fd,ARDRVGFICSGGSCFPWSDAFDI
5f2b351cc6f997007ee286fe,ARGSASAPTLFPLVSCENSPSDTSSVAVGCLAQDF
5f2b351cc6f997007ee286ff,AKEPQQWLEPPNAGLSPFDY
5f2b351cc6f997007ee28701,ARGLRYFDWLLWEGWFDP
5f2b351cc6f997007ee28703,ARDLQLLSEPEYFQH
5f2b351cc6f997007ee28705,ARLMATVTTTLYYYYGMDV
5f2b351cc6f997007ee28706,AKDSRDIMYYYDSSGSHYHLYYFDY
5f2b351cc6f997007ee28708,ARGQMLRRSDSYGNWFDP
5f2b351cc6f997007ee2870c,TAGLGASDNDY
5f2b351cc6f997007ee28710,ARGPTMGSSWYPQDWFDY
5f2b351cc6f997007ee28712,ARRGGPRLAFDP
5f2b351cc6f997007ee28713,AREHLRCGGDCSLETWFDP
5f2b351cc6f997007ee28714,ASRTYYYDSSGYYGSAFDI
5f2b351cc6f997007ee28715,ARDDRQLTGCSRLDY
5f2b351cc6f997007ee28716,AAPYSGYVNRLDV
5f2b351cc6f997007ee28718,ARGKGEAAQFSFGMDV
5f2b351cc6f997007ee28719,AHXHXSGNFYTGVYLDY
5f2b351cc6f997007ee2871b,AXRGRXSXXXXXXXDXWFDX
5f2b351cc6f997007ee2871c,ARHYSALDH
5f2b351cc6f997007ee2871e,ASRKDEXQTLIXMVITTGDFDI
5f2b351cc6f997007ee28720,ARSVAATGEGYYYGMDV
5f2b351cc6f997007ee28722,ARDTRRGSASAPTLFPLVSCENSPSDTSSVAVGCLAQDF
5f2b351cc6f997007ee28723,ARAGVIAAGRSLLFDY
5f2b351cc6f997007ee28724,ARDSVGLGSYGSSGYAFDY
5f2b351cc6f997007ee28725,ARTGDRYYFDY
5f2b351cc6f997007ee28727,ARSSTDYSDYHNYGMDV
5f2b351cc6f997007ee28728,AKAGDYDFWSGYHHFDY
5f2b351cc6f997007ee28729,ARYGSSSDLDY
5f2b351cc6f997007ee2872d,AGKSTHDFWSGFHQLLRSLEYLDY
5f2b351cc6f997007ee28730,ARARRYWDTRRGFYFDY
5f2b351cc6f997007ee28732,ARGYDSIGFQH
5f2b351cc6f997007ee28738,TTDRDWFDP
5f2b351cc6f997007ee28739,ARFYNTAMVTSRWFDP
5f2b351cc6f997007ee2873d,QHRRYNRNGRGIDY
5f2b351cc6f997007ee2873f,ARDTTGIAARYFDY
5f2b351cc6f997007ee28741,ASPATTFPLDAFDI
5f2b351cc6f997007ee28742,ARDRYSSSWYSNGMDV
5f2b351cc6f997007ee28745,ARFTWWRWEFYNGFDY
5f2b351cc6f997007ee28746,ARGGSAAGPRWFDP
5f2b351cc6f997007ee28748,ARXXXXATAXNXFDF
5f2b351cc6f997007ee28749,ARGMPRDGYDDY
5f2b351cc6f997007ee2874a,ARWGHY
5f2b351cc6f997007ee2874b,ARHYSALDH
5f2b351cc6f997007ee2874e,ARDPGPAAESNWFDP
5f2b351cc6f997007ee2874f,ANVDYAARDY
5f2b351cc6f997007ee28750,ARVKAVAGNTAYGMDV
5f2b351cc6f997007ee28754,ARAWCGGDCYGGFRNWFDP
5f2b351cc6f997007ee28756,AHANPLEMATIFDY
5f2b351cc6f997007ee28759,ARDRWGXIFFDY
5f2b351cc6f997007ee2875c,ARHYSALDH
5f2b351cc6f997007ee2875d,ARXGXEVVLAASYAFDY
5f2b351cc6f997007ee2875e,ARDPRYYSYWYYVVDY
5f2b351cc6f997007ee28760,AGPGLTGTLF
5f2b351cc6f997007ee28761,ARGRRFDP
5f2b351cc6f997007ee28762,AHSRGYSGYDLPNY
5f2b351cc6f997007ee28763,ARGTVGGTPYGMDG
5f2b351cc6f997007ee28764,ARDLPSSQGNGMDV
5f2b351cc6f997007ee28765,ARDLDDSSGYTLDY
5f2b351cc6f997007ee28766,ARGGGDSSWHNWFDP
5f2b351cc6f997007ee28768,TRFGDYATAPFGG
5f2b351cc6f997007ee28769,ASETEGFRGVIMY
5f2b351cc6f997007ee2876a,ARGQWLDYGMDV
5f2b351cc6f997007ee2876b,ARDQKYYGSGKGFDY
5f2b351cc6f997007ee2876d,ARGLYDYVWGSYRTTYFDY
5f2b351cc6f997007ee2876f,AREXXCCGGGCFNWFDP
5f2b351cc6f997007ee28770,ARLMSIAFFDY
5f2b351cc6f997007ee28772,AXXXXGSXSCXXXXDX
5f2b351cc6f997007ee28773,ARGPSGTYVNY
5f2b351cc6f997007ee28775,ARDGSGSCWYTAFDY
5f2b351cc6f997007ee28776,SHRLKGQGAVHY
5f2b351cc6f997007ee28777,ARWTPTPTDIVVAPDDSYYFDY
5f2b351cc6f997007ee28779,ARDPSINERELYAFDM
5f2b351cc6f997007ee2877d,ARCRDGNFAFDY
5f2b351cc6f997007ee2877f,APGTTGD
5f2b351cc6f997007ee28780,VRDAGRYPNWYFDL
5f2b351cc6f997007ee28781,ARGRYDXGSYXPSDY
5f2b351cc6f997007ee28782,ARIPSGNYPYFDY
5f2b351cc6f997007ee28783,ARGVGGATMTLVDY
5f2b351cc6f997007ee28784,ARGVPAASHYFQH
5f2b351cc6f997007ee28787,AKAFERXXPVLDTLDI
5f2b351cc6f997007ee28789,ARGEVDDDAFDI
5f2b351cc6f997007ee2878b,AHSYDTRLQRAMYWFDP
5f2b351cc6f997007ee2878f,AGSGSLDY
5f2b351cc6f997007ee28792,ARGXAAGRLGAFDY
5f2b351cc6f997007ee28793,ARGGLWFGESCDY
5f2b351cc6f997007ee28795,ARGYSGSEFYGIDY
5f2b351cc6f997007ee28796,ARLGGYGGNSSMHFDY
5f2b351cc6f997007ee28798,ARPGRRTLDGL
5f2b351cc6f997007ee2879a,AREGDSSGYYPLDY
5f2b351cc6f997007ee2879b,ARGRVGMVXGASNNWFDP
5f2b351cc6f997007ee2879e,ARHGAHDFWSGYYDY
5f2b351cc6f997007ee287a0,TTDTTXSGYGNY
5f2b351cc6f997007ee287a3,TTAGIVVVPAAKISYYYGMDV
5f2b351cc6f997007ee287a4,ARLVVDDWDGNWFDP
5f2b351cc6f997007ee287a7,ARDRAFSTAYQSFDY
5f2b351cc6f997007ee287a8,ARRPMIVVVVVTALDI
5f2b351cc6f997007ee287a9,ARSVAATGEGYYYGMDV
5f2b351cc6f997007ee287ab,ARCSRYCCGCYGAFDY
5f2b351cc6f997007ee287ae,AHSNYYDSSGSDQNFDY
5f2b351cc6f997007ee287b0,ARDRRGIAVVRVDYHGIGY
5f2b351cc6f997007ee287b1,ARFASTPFDWWYFDL
5f2b351cc6f997007ee287b3,ARDRRSGPRALDC
5f2b351cc6f997007ee287b5,ARGLTVKGEGYYYYGMDV
5f2b351cc6f997007ee287b7,ARDASGDDWGVDASTLDY
5f2b351cc6f997007ee287b8,ARGKSAAVXGGSGYYCIDY
5f2b351cc6f997007ee287b9,ARAGVGLYGLDY
5f2b351cc6f997007ee287bb,AREVSIAVASGGFDY
5f2b351cc6f997007ee287bc,ARRXKNLYYYGMDV
5f2b351cc6f997007ee287bd,ARDRGRYCSSGYYYYGMDV
5f2b351cc6f997007ee287c2,ARDXXYYYDSSGYYDAGYFXY
5f2b351cc6f997007ee287c3,ARAYSYGLAGGWFDP
5f2b351cc6f997007ee287c5,ARGGSSSSNYWYFDL
5f2b351cc6f997007ee287c7,AREKGGGLVLGRVYYYGMDV
5f2b351cc6f997007ee287c8,ARGARWLQHYFDY
5f2b351cc6f997007ee287c9,ARLRYNWNDYDV
5f2b351cc6f997007ee287cb,AHSLWSGPGGDY
5f2b351cc6f997007ee287cc,AREGLXEYYGYDCCFDY
5f2b351cc6f997007ee287cd,ARGRIFRVVVGLXAFDI
5f2b351cc6f997007ee287ce,ARGXGXXDY
5f2b351cc6f997007ee287d0,AREATRYIGVVTNDAFDY
5f2b351cc6f997007ee287d1,AXRGVAGAAVPGVDP
5f2b351cc6f997007ee287d3,ARESDSSGQNSDAFDI
5f2b351cc6f997007ee287d5,ASFGRVGYSYVGYGMRR
5f2b351cc6f997007ee287d6,TTGRITIFGVVWHYFDY
5f2b351cc6f997007ee287d7,ARGRGVGYFGF
5f2b351cc6f997007ee287da,ATSRPQAWFLA
5f2b351cc6f997007ee287db,ARDRGGVVTASYYYYGMDV
5f2b351cc6f997007ee287dc,ARDFWSGNFFDY
5f2b351cc6f997007ee287dd,ARDRYGSGSCYFDY
5f2b351cc6f997007ee287de,ARASDYYGWGRYYYWFDY
5f2b351cc6f997007ee287df,ARSSWSYSGHDAFNI
5f2b351cc6f997007ee287e1,ARGEKYCASTSCYKRGYYFDY
5f2b351cc6f997007ee287e2,ARVRRSWETRRQFYSDY
5f2b351cc6f997007ee287e4,ARDSGLSGYCWYGMDY
5f2b351cc6f997007ee287e5,ARLSSDGSWPPHYFDC
5f2b351cc6f997007ee287e7,ARDLSGSYYDGMDV
5f2b351cc6f997007ee287e8,ARASSGWDEYFEH
5f2b351cc6f997007ee287e9,ASGHRDYYDSSGYYDAFDI
5f2b351cc6f997007ee287ed,ARDLGGGASDY
5f2b351cc6f997007ee287f2,AKDRAPTYYDVWSGHDY
5f2b351cc6f997007ee287f4,ATTSRYCDGTSCP
5f2b351cc6f997007ee287f7,ARDREYYYDSSGSGAFDI
5f2b351cc6f997007ee287fd,AHTMGSYVPWGFDY
5f2b351cc6f997007ee28800,ARAATSDAWSGYYGDFDY
5f2b351cc6f997007ee28802,AHRGKGYCPSTSCYQE
5f2b351cc6f997007ee28803,AHRGPICSSTSCYQVMRNWFDH
5f2b351cc6f997007ee28804,ARSFYDFWSGPHYFDY
5f2b351cc6f997007ee28805,ERSDFGGVNAFDI
5f2b351cc6f997007ee28806,GRLPPKRSSTRD
5f2b351cc6f997007ee2880b,TTERWNANTYDAFDI
5f2b351cc6f997007ee2880d,ARRTGYDSSGVYFDY
5f2b351cc6f997007ee2880e,ARGFSAAGYLDY
5f2b351cc6f997007ee28810,ARXYYVGSGYXTXDY
5f2b351cc6f997007ee28811,ARDGVGIVVVPAAMGDYYYYGMDV
5f2b351cc6f997007ee28815,ARGVGAAVQGNAYYYYGMDV
5f2b351cc6f997007ee28816,AKSPQDLVVITTALDY
5f2b351cc6f997007ee28819,ARLFDSYGRWYFDL
5f2b351cc6f997007ee2881c,ARGRNQLLYPFDY
5f2b351cc6f997007ee2881d,ARDYYGSSCDHFXVRYAFDY
5f2b351cc6f997007ee2881e,ARDVLQDYWFDVDP
5f2b351cc6f997007ee28821,ARHYSALDH
5f2b351cc6f997007ee28822,VRRGHSNSPFFDY
5f2b351cc6f997007ee28823,ARSVAATGEGYYYGMDV
5f2b351cc6f997007ee28824,ARVRGYSYGFDY
5f2b351cc6f997007ee28826,ARCXGGCSGSYKLPFDY
5f2b351cc6f997007ee28827,ATDLPNYDSSGYIY
5f2b351cc6f997007ee2882b,ARGTPTPTDIVVAPDDSYYFDY
5f2b351cc6f997007ee2882c,ARGSSYLEWLLSSSDY
5f2b351cc6f997007ee2882e,ARHTSVSAYDFWSGFSSPQYFDY
5f2b351cc6f997007ee28830,AKVGGNSEGDY
5f2b351cc6f997007ee28831,ARXXXYXXX
5f2b351cc6f997007ee28833,ATSGAFVI
5f2b351cc6f997007ee28834,VREDAARFDP
5f2b351cc6f997007ee28837,ARRYDFCSGSCCSGSDGFDH
5f2b351cc6f997007ee28838,ARGPVRSSGWSSGDYFDY
5f2b351cc6f997007ee28839,ARLGVXFGGGAADY
5f2b351cc6f997007ee2883c,ARTMVRGVTPYNWFDP
5f2b351cc6f997007ee2883d,ARHQPILYVVPRCIGGRFDY
5f2b351cc6f997007ee2883e,ARARKYGAYWXDFDY
5f2b351cc6f997007ee28840,ARHVLTAVAGGVVDAANRGYFDY
5f2b351cc6f997007ee28842,TTGLERRYDY
5f2b351cc6f997007ee28846,ARDPGIIVATIDDYFDY
5f2b351cc6f997007ee28848,ARLPKYYFDESAFDI
5f2b351cc6f997007ee28849,ARSVAATGEGYYYGMDV
5f2b351cc6f997007ee2884a,ARASGXWXXSSXGIDY
5f2b351cc6f997007ee2884b,AHRLLPDFNGMDV
5f2b351cc6f997007ee2884c,AKERREFFWSGYPIS
5f2b351cc6f997007ee28850,ARRDLSSSSGEGA
5f2b351cc6f997007ee28852,TRLALRKNYYYDSSGYSDY
5f2b351cc6f997007ee28853,AREGTHSDFWSYYYYGMDV
5f2b351cc6f997007ee28855,ARGKRIVVVITRSCHYGMDV
5f2b351cc6f997007ee28856,ARGRLGASRTEVKT
5f2b351cc6f997007ee28857,VRDHGVGATREPDPPYYYYGMDV
5f2b351cc6f997007ee28858,ARGSGXIVGVAGXRXFDY
5f2b351cc6f997007ee2885a,SRHYSALDH
5f2b351cc6f997007ee2885d,ARIPTSIAAAGGGGYYYGMDV
5f2b351cc6f997007ee2885e,AREMRFWSGTDAFDM
5f2b351cc6f997007ee28860,GLACLITGYHPTSVTVTWY
5f2b351cc6f997007ee28863,ASVKLGISTY
5f2b351cc6f997007ee28864,ARDLDDSSGYTLDY
5f2b351cc6f997007ee28865,ARHGNVPPNYYGSGSYQDWFDP
5f2b351cc6f997007ee28866,ARQEDIVVVPAALYPRRSYYYGMDV
5f2b351cc6f997007ee2886a,ARGGGGIIVVPAAXPYGFDY
5f2b351cc6f997007ee2886b,ARXYNSGXXXWXDY
5f2b351cc6f997007ee2886c,AREGGSDYYWFDY
5f2b351cc6f997007ee2886e,ARIGGTSCSRGWFDP
5f2b351cc6f997007ee2886f,ARGVGAARNWFDP
5f2b351cc6f997007ee28870,ARDGGEVPDY
5f2b351cc6f997007ee28872,TREIGRRTKNRGDIDS
5f2b351cc6f997007ee28876,ARGPYWSGYSLHAFDI
5f2b351cc6f997007ee28879,ASAKGADYGLFDP
5f2b351cc6f997007ee2887a,ARCRSSGWPRYVYFDY
5f2b351cc6f997007ee2887b,ARGQMVVVTARSNGFDY
5f2b351cc6f997007ee2887c,ARHDVYDSSGLYPR
5f2b351cc6f997007ee2887d,ARSXXYXXXXSCXAEXDY
5f2b351cc6f997007ee2887e,ARGPNIAATYYCYFDD
5f2b351cc6f997007ee2887f,ARDQMVAEWFDP
5f2b351cc6f997007ee28880,ARVXKFSQGYYGMDV
5f2b351cc6f997007ee28881,ARDYYGTXSGYQPXFDY
5f2b351cc6f997007ee28884,ARIRVDGPFDY
5f2b351cc6f997007ee28885,ARRNDRAAKAFDI
5f2b351cc6f997007ee28889,AREPDIAAAGTRTLLDY
5f2b351cc6f997007ee2888b,VLACLITGYHPTSVTVTWY
5f2b351cc6f997007ee2888e,ARGMGAXXGYCSGTXXXFDV
5f2b351cc6f997007ee28893,AHLRYFDWKFDY
5f2b351cc6f997007ee28895,ARGYGVRGGGSYFDY
5f2b351cc6f997007ee28898,ARLPKYYFDESAFDI
5f2b351cc6f997007ee28899,ARDPHGGYWPIYFYYGMDV
5f2b351cc6f997007ee2889c,AHYNWQYGDLDY
5f2b351cc6f997007ee2889e,ARDGXGXDSGGDCYDCGFDL
5f2b351cc6f997007ee2889f,ARAWGNSGWYSSAQDY
5f2b351cc6f997007ee288a0,AKDISKEANSGWYXFDY
5f2b351cc6f997007ee288a1,ARPRDSGYNSGCFDY
5f2b351cc6f997007ee288a4,ARVPDPVLMVRSDGGYFDY
5f2b351cc6f997007ee288a5,AKGGQQLVVYYGMDV
5f2b351cc6f997007ee288a6,ARSVAATGEGYYYGMDV
5f2b351cc6f997007ee288a8,AKLRDGYKILDY
5f2b351cc6f997007ee288ab,ARLLKGATNRGTVYFDY
5f2b351cc6f997007ee288ad,ARGPVSVYYDFWSGYYELDY
5f2b351cc6f997007ee288ae,ATDHLVYYGSGSPYAFDI
5f2b351cc6f997007ee288af,ARSHYGGTYYFDY
5f2b351cc6f997007ee288b1,TRQLATFQDH
5f2b351cc6f997007ee288b2,VRGEGYYDSSGYAKIFAF
5f2b351cc6f997007ee288b3,ENSPSDTSSVAVGCLAQDF
5f2b351cc6f997007ee288b4,ARXREDYDCWSGIDY
5f2b351cc6f997007ee288b6,ARIDCSSTSCYSYGMDV
5f2b351cc6f997007ee288b8,ARAMPATSSLDY
5f2b351cc6f997007ee288b9,ARVKPVKXKXRWDAFDI
5f2b351cc6f997007ee288ba,ARVFGGSSPSPDY
5f2b351cc6f997007ee288bc,ARCGRSSCWSNWFDY
5f2b351cc6f997007ee288bd,AHKAPTKANWFDP
5f2b351cc6f997007ee288bf,ASDPXCYGGSSGSXXPRRFDY
5f2b351cc6f997007ee288c0,ARXXRITIFGVVTXYXDGIDV
5f2b351cc6f997007ee288c1,ARGLRYCSSTSCYGFDY
5f2b351cc6f997007ee288c4,ARARRYWDTRRGFYFDY
5f2b351cc6f997007ee288c5,ARXCXRKXYYGSSGGYWFDY
5f2b351cc6f997007ee288c6,ATSLLDTVMVLSGMAD
5f2b351cc6f997007ee288c8,ARSVLMGGFGRRKDAFDI
5f2b351cc6f997007ee288c9,ARQASAYYYDSTRLHDY
5f2b351cc6f997007ee288ca,ARGIADSYIVGAKGLGMDV
5f2b351cc6f997007ee288cc,ARXGNXXXNYXVDX
5f2b351cc6f997007ee288cd,ARDGEFLVGSAYGNAFDY
5f2b351cc6f997007ee288cf,ARAPWLLGIMDF
5f2b351cc6f997007ee288d1,ARGNCSGGSCPLDY
5f2b351cc6f997007ee288d2,ARVGPYFGGSSCCFDY
5f2b351cc6f997007ee288d6,ARGGGITMIVAVITNRFDY
5f2b351cc6f997007ee288da,AKDRVEKCSTFDHYDYDGFDV
5f2b351cc6f997007ee288db,ARVTDTQVGGPNWFDP
5f2b351cc6f997007ee288df,VKEGGDV
5f2b351cc6f997007ee288e0,ARQACGFAGIDY
5f2b351cc6f997007ee288e1,ARXXXGRXXVVRSWYXXXGXYYGFDV
5f2b351cc6f997007ee288e2,ARTPQLAEWLFRSGWFDP
5f2b351cc6f997007ee288e3,ARLSRGSFGVY
5f2b351cc6f997007ee288e4,ARGGRFGELIGNGMDV
5f2b351cc6f997007ee288e6,ARGARVVVAVATDSFDY
5f2b351cc6f997007ee288e9,ARGTRSAVALGXWFDH
5f2b351cc6f997007ee288eb,ARDKSGXNRPDP
5f2b351cc6f997007ee288ec,ARGCDVGAGYCFDY
5f2b351cc6f997007ee288ed,ARGMMRATGVRLLPXXMDV
5f2b351cc6f997007ee288ee,ARGVAARLTRNNCXFDP
5f2b351cc6f997007ee288f1,ARGKYSTFDY
5f2b351cc6f997007ee288f2,ARGYGDYVGWFDP
5f2b351cc6f997007ee288f3,ARGEVCSGTSCYFDY
5f2b351cc6f997007ee288f7,ARARGYCSSTSCYGGRFDP
5f2b351cc6f997007ee288fb,VRGPGRTAPEVNY
5f2b351cc6f997007ee288fd,ARDNQQWMSHDV
5f2b351cc6f997007ee288ff,ARVARTKAYFEY
5f2b351cc6f997007ee28900,ARGPHSTAWYFGYFDL
5f2b351cc6f997007ee28901,ARHVSGGYYPY
5f2b351cc6f997007ee28902,ARDGDGDNRRPYYQYGMDV
5f2b351cc6f997007ee28905,AREQGAVAGPAFDY
5f2b351cc6f997007ee28908,ARYWSGGSCYIRRAFDI
5f2b351cc6f997007ee2890a,ARDEQRGXVAECFDX
5f2b351cc6f997007ee2890b,ARGDYGDYGRYAFDI
5f2b351cc6f997007ee2890c,AREWGSGYYDGMDV
5f2b351cc6f997007ee2890e,ARGRSSSGYYPRRGEYFQH
5f2b351cc6f997007ee2890f,ARXGVAATLXXSFDY
5f2b351cc6f997007ee28910,ATGKXGHHYXYYGLDV
5f2b351cc6f997007ee28912,ARDYSLRGLID
5f2b351cc6f997007ee28913,ARERGGMDV
5f2b351cc6f997007ee28915,ARELAYCSSTSCYGDHFDY
5f2b351cc6f997007ee2891c,AKDIRGQQLVIDY
5f2b351cc6f997007ee2891d,ATSGTPFQH
5f2b351cc6f997007ee2891e,ARLPKYYFDESAFDI
5f2b351cc6f997007ee28920,GPAPATCLLLLRRSGR
5f2b351cc6f997007ee28924,ARGGSSGDSSVDRGYYFDY
5f2b351cc6f997007ee28926,ARDQIPDEDKFFDY
5f2b351cc6f997007ee28927,ARHTMLRGAIITIDY
5f2b351cc6f997007ee28928,ARHGCYDYGGNCCXFDI
5f2b351cc6f997007ee28929,ARDXNRXRLYGTGXYFFDF
5f2b351cc6f997007ee2892a,ARDGGDSSXYSYGFDY
5f2b351cc6f997007ee2892c,ASMYYDVLTGYWHPLDV
5f2b351cc6f997007ee2892d,ASGGAMADAFDI
5f2b351cc6f997007ee2892e,ARSKIAVAGNLSDF
5f2b351cc6f997007ee2892f,AREAGYCSSSSCYPNYFDY
5f2b351cc6f997007ee28932,ARLSESCLASGFDS
5f2b351cc6f997007ee28933,ARHYSALDH
5f2b351cc6f997007ee28935,ARLEYSSRSSLGDFDY
5f2b351cc6f997007ee28938,ATSGTPFEY
5f2b351cc6f997007ee2893a,ARGQXYDCWGGYXDDYYYYGMDV
5f2b351cc6f997007ee2893b,ATSGTPFQH
5f2b351cc6f997007ee2893c,ARKSMYYDFWSALYYYGMDV
5f2b351cc6f997007ee2893d,ARMRQRSGSFDC
5f2b351cc6f997007ee28940,ARSLNMVRGVSYYGMDV
5f2b351cc6f997007ee28941,ARLPEAGIAARPNGY
5f2b351cc6f997007ee28942,ARGLAYCGGDCPAXGYFDV
5f2b351cc6f997007ee28943,ARGLAYCGGDCSCYFDF
5f2b351cc6f997007ee28944,ARGIAARLYYFDY
5f2b351cc6f997007ee28945,ARGHTELGYCSGGSCYSGDY
5f2b351cc6f997007ee28948,ARASDCSSGYYYGIDY
5f2b351cc6f997007ee2894a,AGPGDY
5f2b351cc6f997007ee2894b,ATDLPPRFGGH
5f2b351cc6f997007ee2894c,AAAGITGTTRYDY
5f2b351cc6f997007ee2894d,ARRYNWNYILFDY
5f2b351cc6f997007ee2894f,ARGRVDYYGMDV
5f2b351cc6f997007ee28950,ARDSRGYFDY
5f2b351cc6f997007ee28951,AWYVGSFSWFDP
5f2b351cc6f997007ee28959,ARGXXXXDSFDYFDX
5f2b351cc6f997007ee2895a,ARIRLTYYYDSSGYYHPQYYFDY
5f2b351cc6f997007ee2895b,ARGHIVVVPAAMPEPDYYYYGMDV
5f2b351cc6f997007ee2895c,ARGGGGVGGRGYSGFDF
5f2b351cc6f997007ee2895d,ARQRMSYGXWLDY
5f2b351cc6f997007ee28960,AKRSNSWHYFDY
5f2b351cc6f997007ee28961,ARDLRNSYXCCLVGV
5f2b351cc6f997007ee28963,ARGFTENSGWYGKDAFDY
5f2b351cc6f997007ee28964,ARAVGCRSGSCREGAFDY
5f2b351cc6f997007ee28965,ARQRVVVAAAQTNRDDAFDI
5f2b351cc6f997007ee28968,ARGTPTPTDIVVAPDDSYYFDY
5f2b351cc6f997007ee2896f,ARRKGYSGALFDY
5f2b351cc6f997007ee28970,ARESGGDDYSDY
5f2b351cc6f997007ee28972,AREPRYQLLSGGYYYGMDV
5f2b351cc6f997007ee28974,ARDRTRIGSPSDY
5f2b351cc6f997007ee28975,ARVVYDTSSTGDWLDP
5f2b351cc6f997007ee28978,ARGSWSVWYYYDSSGYYYFDY
5f2b351cc6f997007ee28979,ARDIGYGVFDY
5f2b351cc6f997007ee2897a,ARLTGIAAAGI
5f2b351cc6f997007ee2897b,ARDTGYSSSRVAVAFDI
5f2b351cc6f997007ee2897c,ARDMGIAATATIPFDY
5f2b351cc6f997007ee2897d,ARGRPELLISGYYFDY
5f2b351cc6f997007ee2897f,ARGYXAGGRINWFDY
5f2b351cc6f997007ee28980,ARGXDSSXYXYCIDY
5f2b351cc6f997007ee28981,ARHYSALDH
5f2b351cc6f997007ee28982,ARAGSSCNYFDY
5f2b351cc6f997007ee28983,AREGQLDYXGSDAFDI
5f2b351cc6f997007ee28984,VKSHPFDL
5f2b351cc6f997007ee28985,ARXXPXSXGXYFCIDY
5f2b351cc6f997007ee28987,ARDPGAFGAFDI
5f2b351cc6f997007ee28988,ARDDRIVGVAAAICFDY
5f2b351cc6f997007ee28989,ARDALGVQNWFDP
5f2b351cc6f997007ee2898a,ARGHTQGRSGDY
5f2b351cc6f997007ee2898c,ARDLGXSSSGGSYYYYGMDV
5f2b351cc6f997007ee2898d,ARGVPVCISRWLPHDFDY
5f2b351cc6f997007ee28990,ARARRYWDTRRGFCFDY
5f2b351cc6f997007ee28991,ARHLGEGVDTRITMIVVVYEFDY
5f2b351cc6f997007ee28992,ARDRLRVLVATWFDL
5f2b351cc6f997007ee28994,ARLRAMGAVEAPLDY
5f2b351cc6f997007ee28995,ARDXXSGTYYNWFDP
5f2b351cc6f997007ee28996,ARGEVRKYYYYGMDV
5f2b351cc6f997007ee28997,ARERWFDY
5f2b351cc6f997007ee2899a,ARGRLGTITAAAARSFDY
5f2b351cc6f997007ee2899b,SRLIGGDGMDV
5f2b351cc6f997007ee2899d,ARGXXGYSSSSRAWVDY
5f2b351cc6f997007ee2899e,VRDGGNYWYFDL
5f2b351cc6f997007ee2899f,AKSLSPFDWLKEPFDY
5f2b351cc6f997007ee289a0,ARHRRGTSCFDY
5f2b351cc6f997007ee289a1,ARGGRIWSGNXYGQDY
5f2b351cc6f997007ee289a2,AHRGRGWIDY
5f2b351cc6f997007ee289a3,ARGTQGTAMVTFYGY
5f2b351cc6f997007ee289a4,AXRXXXXGGSXXGXYYYGMDV
5f2b351cc6f997007ee289a5,AKVYQLLDAFDI
5f2b351cc6f997007ee289a6,ARGSWAFDI
5f2b351cc6f997007ee289a7,ARGLKPPLAAAGTLFDY
5f2b351cc6f997007ee289a8,AREPAATRGYYYYGIDY
5f2b351cc6f997007ee289ab,ARGPRGVAGTHYYYGMDV
5f2b351cc6f997007ee289ad,ARLPKYYFDESAFDI
5f2b351cc6f997007ee289ae,AKEXAPRSSWYVREHSSGWGYFDY
5f2b351cc6f997007ee289b0,ARGRGYCDYCGMDV
5f2b351cc6f997007ee289b2,ARIMSYMGEDY
5f2b351cc6f997007ee289b4,ARGTPTPTDIVVAPDDSYYFDY
5f2b351cc6f997007ee289b5,ARVGGRLGWFDP
5f2b351cc6f997007ee289b6,ARRGSSLSLDF
5f2b351cc6f997007ee289ba,ARGGSYSDH
5f2b351cc6f997007ee289bc,ARVATVTTWLDY
5f2b351cc6f997007ee289bd,ARDSGSYYYVFDY
5f2b351cc6f997007ee289be,ARIKYSNYYYGMDV
5f2b351cc6f997007ee289bf,ASSGLCTARGNYYYGMDV
5f2b351cc6f997007ee289c0,ARVRADHGYFDP
5f2b351cc6f997007ee289c3,AHFAPLRFLEWHNDAFDI
5f2b351cc6f997007ee289c4,STVDTAMVGGDY
5f2b351cc6f997007ee289c6,ARDLGXXRXGXDX
5f2b351cc6f997007ee289c7,ARILWFGDPVKDGNWFDP
5f2b351cc6f997007ee289ca,ARXXDGYSGNSXXFDP
5f2b351cc6f997007ee289cc,ARLVGDSSSWYGLGMDV
5f2b351cc6f997007ee289cd,ARPHPELAVAGTRGYYWFDP
5f2b351cc6f997007ee289ce,ARAPANVPAAIDY
5f2b351cc6f997007ee289cf,ARHGTAAAAAGGLHGMDY
5f2b351cc6f997007ee289d0,ARGCLXGXYTTFDL
5f2b351cc6f997007ee289d3,ARLTGIAAAGI
5f2b351cc6f997007ee289d4,AKGLERVPVAIDAFDI
5f2b351cc6f997007ee289d5,ARXGSXSXNYNYYGNLDD
5f2b351cc6f997007ee289d6,ARDMNRSTAVDFDY
5f2b351cc6f997007ee289d8,ARDLAVVGTGMDV
5f2b351cc6f997007ee289da,ARGGRVIAAFGLVSGGFDY
5f2b351cc6f997007ee289db,TTTTVVNPSLFDY
5f2b351cc6f997007ee289dd,ARGLEMATIDWTT
5f2b351cc6f997007ee289de,FSEWELPY
5f2b351cc6f997007ee289df,ARDXGXXXSSYGQDYYYXTVWTS
5f2b351cc6f997007ee289e0,ARDESLGWCYNSSWFDY
5f2b351cc6f997007ee289e3,ARLDSSSSGGQDS
5f2b351cc6f997007ee289e4,ARGYFEGPAMAPFDY
5f2b351cc6f997007ee289e6,AHNGPSSSSWYYGYYYYGMDV
5f2b351cc6f997007ee289e7,ARHGYYDSSGYMADAFDI
5f2b351cc6f997007ee289e8,ENSPSDTSSVAVGCLAQDFQ
5f2b351cc6f997007ee289e9,ARGKRGVMLAFDI
5f2b351cc6f997007ee289ed,ARDXDDSGGDAFDI
5f2b351cc6f997007ee289ef,ARELGPYYFDY
5f2b351cc6f997007ee289f0,ARDWGQPQSWLFR
5f2b351cc6f997007ee289f2,YYPADGVGNDY
5f2b351cc6f997007ee289f3,ARAKTKRGPTPDS
5f2b351cc6f997007ee289f5,AGSGGLDS
5f2b351cc6f997007ee289f6,AREREGQQTTGHWFDP
5f2b351cc6f997007ee289fa,ARDRYDSSGYSSSYWYFDL
5f2b351cc6f997007ee289fb,ARRKSTAAATTTTFDY
5f2b351cc6f997007ee289fc,ARGLAREEYYFDY
5f2b351cc6f997007ee28a01,ARRPRVDXWDWRLRLMNGALDI
5f2b351cc6f997007ee28a02,ARVFGEVTPWDFDF
5f2b351cc6f997007ee28a05,TKEGDYFDRRSEARDV
5f2b351cc6f997007ee28a08,ARXGXXRXDTSGCDAXY
5f2b351cc6f997007ee28a0a,ARGRYSYGQYYYYGMDV
5f2b351cc6f997007ee28a0b,ARAEGYDFWSGSFYFDY
5f2b351cc6f997007ee28a0e,ARVRRVDDFWSGSLDY
5f2b351cc6f997007ee28a10,AHLYGVVAANMGSGFDP
5f2b351cc6f997007ee28a12,ASAGIIVGAPWFDY
5f2b351cc6f997007ee28a14,ARXVKTLRDI
5f2b351cc6f997007ee28a16,AARGYSYGYPGEAHAFDY
5f2b351cc6f997007ee28a17,AHSSPPPRRITIFGVVKEDWFDP
5f2b351cc6f997007ee28a19,ARHGAYYEYGFDF
5f2b351cc6f997007ee28a1a,ARLPKYYFDESAFDI
5f2b351cc6f997007ee28a1d,ARHYSALDH
5f2b351cc6f997007ee28a1e,ARDLWDTGAGYYYYYGMDV
5f2b351cc6f997007ee28a20,ARDRMYGSSWSCXXIDY
5f2b351cc6f997007ee28a21,ARSVAATGEGYYYGMDV
5f2b351cc6f997007ee28a22,ARDXXDXPXXXXV
5f2b351cc6f997007ee28a23,ASGVAGVTGYYYYYYGVWTS
5f2b351cc6f997007ee28a26,ARGGSPGLHGMDV
5f2b351cc6f997007ee28a2a,ARVGSRNYGYGNSIAAAGIRDY
5f2b351cc6f997007ee28a2b,AREIRGSGA
5f2b351cc6f997007ee28a2e,ARDNQQWMSHDV
5f2b351cc6f997007ee28a2f,ARGVEVAXTGTXDF
5f2b351cc6f997007ee28a33,ARDGSSGYYGYYGIDD
5f2b351cc6f997007ee28a38,ARGRPSPVVNRYFDY
5f2b351cc6f997007ee28a39,ARDLNPHFVSSWYAFDI
5f2b351cc6f997007ee28a3a,ARKVTAGAGSYQXDY
5f2b351cc6f997007ee28a3b,ARGLERSSSCGYFDY
5f2b351cc6f997007ee28a3d,ARDLGGRGFDP
5f2b351cc6f997007ee28a3e,AKHRGEYSLFGGFDY
5f2b351cc6f997007ee28a40,ARWGGYYRTFDY
5f2b351cc6f997007ee28a42,ARGHDLWSGSYXCYPXDY
5f2b351cc6f997007ee28a43,ARGHPYYDFWSGYYISNYYYGMDV
5f2b351cc6f997007ee28a44,ARRWRXCGSSSCHXLYFDY
5f2b351cc6f997007ee28a45,ARVIIGCYWWYEVDY
5f2b351cc6f997007ee28a48,AHSYHCSSTSCYLLLGHRKQYYFDY
5f2b351cc6f997007ee28a49,ARSHAERGHSYGASFPDY
5f2b351cc6f997007ee28a4a,ARVSIYYYYGMDV
5f2b351cc6f997007ee28a4b,VRAGYSTGWHVLY
5f2b351cc6f997007ee28a4d,ARXGNWSXSSYDFDY
5f2b351cc6f997007ee28a51,AKDSRASRTSRMPDV
5f2b351cc6f997007ee28a53,ARDFRGFGAAAIPGGIELDAFDI
5f2b351cc6f997007ee28a54,ARRGFSYDWFDP
5f2b351cc6f997007ee28a55,ARDGKGYSGYE
5f2b351cc6f997007ee28a57,ARAVGGEYQLLLDWFDY
5f2b351cc6f997007ee28a59,ARGGSYSDH
5f2b351cc6f997007ee28a5b,ARPNGPVAGTGWFDF
5f2b351cc6f997007ee28a5c,ARFFDFIDY
5f2b351cc6f997007ee28a5d,ARGGSSRVRVFFSDY
5f2b351cc6f997007ee28a61,ASGVGAAAAGSETSDY
5f2b351cc6f997007ee28a63,ARDSDYCGGDCYTD
5f2b351cc6f997007ee28a65,AHRQVAREFDP
5f2b351cc6f997007ee28a68,ARGWGSSGYGSCTNGFDY
5f2b351cc6f997007ee28a6a,ARGSWAFDI
5f2b351cc6f997007ee28a6d,ARPYRRXXALSCFDY
5f2b351cc6f997007ee28a6e,ARQLDVDSSYGGTIDY
5f2b351cc6f997007ee28a70,AHWECTTASCYAFDI
5f2b351cc6f997007ee28a72,ARDNQQWMSHDV
5f2b351cc6f997007ee28a74,AREDGPSDWPNCDSDDCGFDL
5f2b351cc6f997007ee28a76,TTDRPSY
5f2b351cc6f997007ee28a79,ARGDIVVVPAAIDY
5f2b351cc6f997007ee28a7a,ARTLATRFDF
5f2b351cc6f997007ee28a7b,ARGLAPHKPMVRGDGFDP
5f2b351cc6f997007ee28a7c,ARRGASGSYSRGAFDI
5f2b351cc6f997007ee28a7d,AYLRFLEWVPDI
5f2b351cc6f997007ee28a7e,ARXPXYGSGYYGMDX
5f2b351cc6f997007ee28a7f,ARGARICSSACCGYCXCFDL
5f2b351cc6f997007ee28a81,ASARYYNSSSGYWXYGMDV
5f2b351cc6f997007ee28a84,ARGPRGSVAAIWGDNWFDP
5f2b351cc6f997007ee28a89,ARGIDYGDGCHFKFDY
5f2b351cc6f997007ee28a8a,ARDRGYYDFWGGNYTGTNYFDH
5f2b351cc6f997007ee28a8f,ARDGDGDNRRPYYQYGMDV
5f2b351cc6f997007ee28a91,ARGLLEQWLPRDRNWFDP
5f2b351cc6f997007ee28a93,ARDGVAQDISGYKGRFGP
5f2b351cc6f997007ee28a94,ARAGMTHYYYGMDV
5f2b351cc6f997007ee28a95,ARERMRPXCGVSDPFDF
5f2b351cc6f997007ee28a96,AKERSLAGDY
5f2b351cc6f997007ee28a98,ARDTIIGVVTFDY
5f2b351cc6f997007ee28a99,AKWGRMQEASHFDF
5f2b351cc6f997007ee28a9b,ARMLGARTFYLDS
5f2b351cc6f997007ee28a9c,ATNYR
5f2b351cc6f997007ee28a9d,AHRSYGSGSYDY
5f2b351cc6f997007ee28a9f,ARGRSGGAVLWYGGXXFDH
5f2b351cc6f997007ee28aa0,ARIRCGYCNTTDCPHYYGLDV
5f2b351cc6f997007ee28aa2,ARGRVGARWDYYFDY
5f2b351cc6f997007ee28aa5,AKEMTLPPNTYYYGMDV
5f2b351cc6f997007ee28aa7,ARXGGLGXCGCYFDF
5f2b351cc6f997007ee28aa8,ARHCGGDCYSDLSRAPPFRDALAI
5f2b351cc6f997007ee28aaa,ARISKAAATPGARDY
5f2b351cc6f997007ee28aac,ARXQXSXSYAXXXAFDY
5f2b351cc6f997007ee28aad,AREEEHGSGFDH
5f2b351cc6f997007ee28aae,ARIRAAPRGAFDI
5f2b351cc6f997007ee28ab0,ARASEPRTIDY
5f2b351cc6f997007ee28ab1,AKDINPYDSSGSYLDY
5f2b351cc6f997007ee28ab2,AKXXLYYDFLHDX
5f2b351cc6f997007ee28ab3,ARDRRLYGDYGNSNFDYYSGMDV
5f2b351cc6f997007ee28ab4,ARHRRSIAARPNWFDP
5f2b351cc6f997007ee28ab5,AREGXYSSCGYWAFDF
5f2b351cc6f997007ee28ab6,ARRSSGYDY
5f2b351cc6f997007ee28ab7,ERVSSGRASSDY
5f2b351cc6f997007ee28ab8,ARVVWGGVVENGFDY
5f2b351cc6f997007ee28abc,ARGARGYRSYYDSLNGFDY
5f2b351cc6f997007ee28abd,ARVQAGYGGYYFDY
5f2b351cc6f997007ee28abe,ARRRAYCGGDCYMY
5f2b351cc6f997007ee28ac1,ARGGDNGAFDI
5f2b351cc6f997007ee28ac2,ATGSELRAAEYFQH
5f2b351cc6f997007ee28ac5,ARHYSALDH
5f2b351cc6f997007ee28ac8,ARDLQQLVRRKNAFDI
5f2b351cc6f997007ee28ac9,ARDSYGAYEAGFDF
5f2b351cc6f997007ee28aca,ARQFYHDTSRSSSYWYFDL
5f2b351cc6f997007ee28acb,AGPSIGDSSDYYLFEY
5f2b351cc6f997007ee28acc,AHGITMVRGPRVHAFXI
5f2b351cc6f997007ee28acf,AKVREVVAARAGAIDX
5f2b351cc6f997007ee28ad0,VRGPGRTAPEVNY
5f2b351cc6f997007ee28ad1,ARGHDYXXGSDG
5f2b351cc6f997007ee28ad2,ARSGRITMVGVATTCLDY
5f2b351cc6f997007ee28ad5,AHTPAGWFGEYYFDY
5f2b351cc6f997007ee28ad7,ARRTTGGVIAARLDQYFDY
5f2b351cc6f997007ee28ad9,ARGRQWLTDH
5f2b351cc6f997007ee28adb,ARGEYRLLSPHYFDY
5f2b351cc6f997007ee28adc,ARDLSANYGMDV
5f2b351cc6f997007ee28add,ARDLPRVRTGGDCAFDI
5f2b351cc6f997007ee28ade,AVDKGITVIVAVMVM
5f2b351cc6f997007ee28adf,AREWPPPFGGMDV
5f2b351cc6f997007ee28ae0,ARGRRFGELCDY
5f2b351cc6f997007ee28ae3,ARHYMIVVVIXNYFDH
5f2b351cc6f997007ee28ae5,ARGXYXSSGYRTXGGGFDY
5f2b351cc6f997007ee28ae8,ARIAHSRGIFDY
5f2b351cc6f997007ee28aea,ATQIYIMIVVTELHLDWAFDI
5f2b351cc6f997007ee28aeb,ARTRMEKGTGGWGDGFDI
5f2b351cc6f997007ee28aed,ARHYSALDH
5f2b351cc6f997007ee28af0,AREGDPRTTSYYYYYSGMDV
5f2b351cc6f997007ee28af1,ARVEDLTAPVVPLYNWFDP
5f2b351cc6f997007ee28af2,ARVXAXDDSWSGSPFDY
5f2b351cc6f997007ee28af3,ARDYYDKSREMGDY
5f2b351cc6f997007ee28af8,ARVGTQWDLWFDL
5f2b351cc6f997007ee28afa,ARDGDGDNRRPYYQYGMDV
5f2b351cc6f997007ee28afb,ARDYSLRGLID
5f2b351cc6f997007ee28afc,ARXXXYYGSGXXXXXMDV
5f2b351cc6f997007ee28afd,ARDPGXGGTAPNWFDP
5f2b351cc6f997007ee28b00,ARGTPTPTDIVVAPDDSYYFDY
5f2b351cc6f997007ee28b02,ARGRXPFRVAITGXFDL
5f2b351cc6f997007ee28b03,ASVGATLPRPQYFHD
5f2b351cc6f997007ee28b05,ARDSLXRFVWSGYYYGXMDV
5f2b351cc6f997007ee28b06,ARGGYGSGTY
5f2b351cc6f997007ee28b09,ARGGVRGVYFDY
5f2b351cc6f997007ee28b0a,AXGQLLXXXDY
5f2b351cc6f997007ee28b0b,ARELGIPGWFDP
5f2b351cc6f997007ee28b0c,ARGRYXXYGGGXFDX
5f2b351cc6f997007ee28b0d,ARGGGWSSYYIDY
5f2b351cc6f997007ee28b0e,ARGTDSRGCYSSDYAFDY
5f2b351cc6f997007ee28b0f,TTDYYGSASAPTLFPLVSCENSPSDTSSVAVGCLAQDFQ
5f2b351cc6f997007ee28b12,ARRDHCTSVDCPFDS
5f2b351cc6f997007ee28b14,ARGAVKYSSSSRFDY
5f2b351cc6f997007ee28b16,ARDYYGSGGD
5f2b351cc6f997007ee28b18,ARHYSALDH
5f2b351cc6f997007ee28b1a,ARIWQGLYGHLGAFDI
5f2b351cc6f997007ee28b1b,ARAHYGDSSSWYSWFDY
5f2b351cc6f997007ee28b1d,ARDGVYSYGLN
5f2b351cc6f997007ee28b1e,TTDYYG
5f2b351cc6f997007ee28b1f,AHKSPGRRGLVRGVIMTYYFDY
5f2b351cc6f997007ee28b20,ARMHGGNYGMDV
5f2b351cc6f997007ee28b22,ARGGGFCSSSWRGDRCWFDP
5f2b351cc6f997007ee28b23,ARSHYGGTYYFDY
5f2b351cc6f997007ee28b24,ARLGFGELRIYYFDY
5f2b351cc6f997007ee28b25,ARQRYGSGGYLPGRYGFDY
5f2b351cc6f997007ee28b26,ARGRDLFDY
5f2b351cc6f997007ee28b29,ARDGAIHRPAATSNWFDP
5f2b351cc6f997007ee28b2a,ARGXRHDCSSTRPADYFGMDY
5f2b351cc6f997007ee28b2b,ARGPXXSGSHXXAGNWFDY
5f2b351cc6f997007ee28b31,ARDKGKGDFWSGYYVSDYYYYGMDV
5f2b351cc6f997007ee28b32,ARGIIAAAGYXCFDY
5f2b351cc6f997007ee28b38,ARDRRLRLGELSLSGFDY
5f2b351cc6f997007ee28b39,ARFPPTRRAFDI
5f2b351cc6f997007ee28b3b,ARHELENTYYDFWSGYNRNWFDP
5f2b351cc6f997007ee28b3c,ARGRRSSGLDY
5f2b351cc6f997007ee28b3d,ARHYSALDH
5f2b351cc6f997007ee28b3e,ARGVAGARKGTNWIDP
5f2b351cc6f997007ee28b3f,ARNDFWSGKNWFDP
5f2b351cc6f997007ee28b40,ARRTTIFGVLIFDY
5f2b351cc6f997007ee28b42,ARGTPTPTDIVVAPDDSYYFDY
5f2b351cc6f997007ee28b43,ARGXXXXXXX
5f2b351cc6f997007ee28b44,ARQSCTSTSCPFDY
5f2b351cc6f997007ee28b48,APTPSTLLDY
5f2b351cc6f997007ee28b4a,ERSAPYGLLLRYGR
5f2b351cc6f997007ee28b4b,ARLFIVGAPNWFDP
5f2b351cc6f997007ee28b4d,AREFWSGNFFDY
5f2b351cc6f997007ee28b4e,ARGMPYYGLGSYFTMDY
5f2b351cc6f997007ee28b4f,ARGGFELYCSSTSCYRGLFDI
5f2b351cc6f997007ee28b51,AHRAGKGMATITAVAFDI
5f2b351cc6f997007ee28b52,ARWGIAAAGNYFSY
5f2b351cc6f997007ee28b55,ARGNSSSGGPYYCIDY
5f2b351cc6f997007ee28b56,ARDNYGYRSSWSYYFDY
5f2b351cc6f997007ee28b5c,ARPNWGSPDDFDI
5f2b351cc6f997007ee28b5d,ARXXSGASFDY
5f2b351cc6f997007ee28b60,AHKKSGIAAADRNFQH
5f2b351cc6f997007ee28b61,ARDGAAAGTRDAFDI
5f2b351cc6f997007ee28b64,ARDYYHGSGYPLFDY
5f2b351cc6f997007ee28b68,ARGTSSVRGYCSGGSCDSYYYYGV
5f2b351cc6f997007ee28b69,ARLTGIAAAGI
5f2b351cc6f997007ee28b6b,ARDDDWEGMLECDESFDY
5f2b351cc6f997007ee28b6d,ARGSRAHIDDDYYFDY
5f2b351cc6f997007ee28b6e,SRGSITIFGVVILNWYFDL
5f2b351cc6f997007ee28b6f,AKYDSSGQRDYYYYGMDV
5f2b351cc6f997007ee28b70,ARTTGDRIVVVPEYFQH
5f2b351cc6f997007ee28b72,ARGAIAALGY
5f2b351cc6f997007ee28b74,VRGPGRTAPEVNY
5f2b351cc6f997007ee28b75,ARDGEYSGCDYYFEFDF
5f2b351cc6f997007ee28b77,ARVPPRVGGTLYYYYGMDV
5f2b351cc6f997007ee28b79,AKVKRGVLQWLEWVTYFYYGFDI
5f2b351cc6f997007ee28b7a,AEDYC
5f2b351cc6f997007ee28b7b,ARVAPVSYYFDY
5f2b351cc6f997007ee28b7c,AKDXSGYHDYDFDF
5f2b351cc6f997007ee28b7d,ARGFGGGCCSNGCFDY
5f2b351cc6f997007ee28b7e,ARVPVGANGDGCY
5f2b351cc6f997007ee28b7f,ATSRDRTPNT
5f2b351cc6f997007ee28b80,ARLGPLGIGARGVDY
5f2b351cc6f997007ee28b84,ARXLGERGSGGXSXGGDY
5f2b351cc6f997007ee28b87,ARDPAAANNWFDP
5f2b351cc6f997007ee28b89,ARRFYYGMDV
5f2b351cc6f997007ee28b8b,ARXGGAXNXDAFDI
5f2b351cc6f997007ee28b8c,ARHYSALDH
5f2b351cc6f997007ee28b8d,ARDPTGSLDV
5f2b351cc6f997007ee28b8e,ARASFEWSSYYLGYYYFDY
5f2b351cc6f997007ee28b8f,ARRRIAALTLDY
5f2b351cc6f997007ee28b90,ARNDHVVVTGSRDLHFDY
5f2b351cc6f997007ee28b91,ARGNAPRRGGYYYGFDY
5f2b351cc6f997007ee28b92,ARVPSGGWFDP
5f2b351cc6f997007ee28b93,AHRVRPSTFDY
5f2b351cc6f997007ee28b94,ARGEEQLVFNDY
5f2b351cc6f997007ee28b95,ACHRITIFGVVPYGMDV
5f2b351cc6f997007ee28b99,ARGRAATGYFDY
5f2b351cc6f997007ee28b9d,ARGXXIGVVXAAXDXXFDX
5f2b351cc6f997007ee28b9e,ARHYSALDH
5f2b351cc6f997007ee28ba1,ARDSELVVGAFDI
5f2b351cc6f997007ee28ba2,ARGXYCSTXGPRDNWFDP
5f2b351cc6f997007ee28ba3,TIHITDLQYYFDY
5f2b351cc6f997007ee28ba4,ARDDHSSGYPAWFDP
5f2b351cc6f997007ee28ba5,ARGSGEWXYYRYAIDY
5f2b351cc6f997007ee28ba6,ARQRVVTANLWFDY
5f2b351cc6f997007ee28baa,ARDLDAAAGSGSYGGFDY
5f2b351cc6f997007ee28bab,ARHSSPAGEQQPFDY
5f2b351cc6f997007ee28bac,ATVLGATXGGVAGFDI
5f2b351cc6f997007ee28bb0,ASEDIFGVVLHAENWSVGMDL
5f2b351cc6f997007ee28bb2,ARDRLMDNYGSSGYYFDY
5f2b351cc6f997007ee28bb3,VRDVRSGYDRFDS
5f2b351cc6f997007ee28bb5,ARSSSTRDFDS
5f2b351cc6f997007ee28bb7,ARNLDTLDY
5f2b351cc6f997007ee28bb8,ARHYSALDH
5f2b351cc6f997007ee28bbb,ARDRGGAIDY
5f2b351cc6f997007ee28bbc,ARADQAGKGGCDSFDY
5f2b351cc6f997007ee28bbd,ARHSARXRNRLKIPYYYGLDV
5f2b351cc6f997007ee28bbe,ARAPYSSSWYGTYGMDV
5f2b351cc6f997007ee28bc2,ARDGGWHSSDY
5f2b351cc6f997007ee28bc3,ARGXXGDYGDSGNYAVDY
5f2b351cc6f997007ee28bc6,ARGGPIDY
5f2b351cc6f997007ee28bc9,ARGTRYGGSGGDWFYFDY
5f2b351cc6f997007ee28bcd,ARGYYGGCSGYSAFDY
5f2b351cc6f997007ee28bd0,AHPTFEYYYGSGSVYYFDY
5f2b351cc6f997007ee28bd1,ARLPKYYFDESAFDI
5f2b351cc6f997007ee28bd2,ARSGLGYFHGMGV
5f2b351cc6f997007ee28bd3,ARDNQQWMSHDV
5f2b351cc6f997007ee28bd4,ARLGWDTSGWYYFDY
5f2b351cc6f997007ee28bd6,ARHFDTRGFYYGWFDP
5f2b351cc6f997007ee28bd7,ARDWGVGAVYFDY
5f2b351cc6f997007ee28bd9,ARDHEYCYYRYGR
5f2b351cc6f997007ee28bdb,ARIRVDGPFDY
5f2b351cc6f997007ee28bdd,ARVHQGAMVRGGYGGNWFDY
5f2b351cc6f997007ee28bde,ARTGNSGWGVNFDL
5f2b351cc6f997007ee28be4,ARSTVTTGQIDY
5f2b351cc6f997007ee28be5,ARXXXXSGXYXXXDY
5f2b351cc6f997007ee28be6,ARHRRRTYYDFWSGFYGMDV
5f2b351cc6f997007ee28be7,AREGLERVDFDY
5f2b351cc6f997007ee28be8,ARDLHYFNYDSEYYFGS
5f2b351cc6f997007ee28bea,ARAGHIVALRGEYFQH
5f2b351cc6f997007ee28bec,ARVAASHRGDWGFDY
5f2b351cc6f997007ee28bed,ARGXXXXXXDX
5f2b351cc6f997007ee28bf0,ARGRRSYGRSRLNDY
5f2b351cc6f997007ee28bf3,ARGXHVRMAGSGFDY
5f2b351cc6f997007ee28bf4,ASGPIWSGSLGAFDI
5f2b351cc6f997007ee28bf6,ARIRVDGPFDY
5f2b351cc6f997007ee28bf7,ARDPGSSDFWSGYYDY
5f2b351cc6f997007ee28bf8,ARXXGLXTIAGVTPNYYYGMDV
5f2b351cc6f997007ee28bf9,ARSTYCSGGSCLDY
5f2b351cc6f997007ee28bfa,ATLXXXKXWSSASCSSLNDYYYYGMDV
5f2b351cc6f997007ee28bfc,ARXVTVGVTPGDYXYFDY
5f2b351cc6f997007ee28bfe,ARHQRGQWLVDY
5f2b351cc6f997007ee28bff,ARGWQQQLXPSGCDYGIDY
5f2b351cc6f997007ee28c00,AAVFGGEPYGMDV
5f2b351cc6f997007ee28c03,VRGIWRGEDY
5f2b351cc6f997007ee28c05,ARQIGGVAPIDH
5f2b351cc6f997007ee28c06,ARHGLWFCRSCGGDCYYFDY
5f2b351cc6f997007ee28c0a,ARPTAGSGVDAFDI
5f2b351cc6f997007ee28c0b,AHRRLWQYSSSALGYFDY
5f2b351cc6f997007ee28c0d,ASHPSPLAAAGYHFDY
5f2b351cc6f997007ee28c0e,ARESRSTDYYYYYGLDV
5f2b351cc6f997007ee28c0f,ARDAGSGGNSGPFDY
5f2b351cc6f997007ee28c11,ARHGPHRSSWYNWFDP
5f2b351cc6f997007ee28c12,ARAGGXXDWVADAXDAFDI
5f2b351cc6f997007ee28c13,ARVRGRPNGFDP
5f2b351cc6f997007ee28c14,AGDRGASSYFDY
5f2b351cc6f997007ee28c15,ARLDLSSGHYYGMDV
5f2b351cc6f997007ee28c16,ARDGSGSYYRARGDIDY
5f2b351cc6f997007ee28c17,ARGSIKARITGVRRGGFDS
5f2b351cc6f997007ee28c1a,ARSTYSSSWYRNSGIRFDY
5f2b351cc6f997007ee28c1d,ARRGGSGQGYDFDY
5f2b351cc6f997007ee28c1e,ARVMVSSSWDXSGGSYYAFDF
5f2b351cc6f997007ee28c1f,ARLWDSSGYYGAYYFDY
5f2b351cc6f997007ee28c22,TMEALGY
5f2b351cc6f997007ee28c23,ATSGTPFQH
5f2b351cc6f997007ee28c26,ASSGN
5f2b351cc6f997007ee28c27,AXGXWFGSXXXDY
5f2b351cc6f997007ee28c29,ALIRGMYGDYDPYYHFMMDV
5f2b351cc6f997007ee28c2d,ARDIVGIVAASGFDH
5f2b351cc6f997007ee28c2f,ARGRKQWLSAIHYYYGMDV
5f2b351cc6f997007ee28c31,ARLMHYSSSSYGY
5f2b351cc6f997007ee28c32,TYMTRRPQCSGGRCYSLDY
5f2b351cc6f997007ee28c35,ARDXXNCNGSGRSXSYWXDY
5f2b351cc6f997007ee28c37,ATSSPRDYRGLHV
5f2b351cc6f997007ee28c38,AKDKNPSGYDYFDY
5f2b351cc6f997007ee28c3c,ARGISSITRFWLVGRAIFDY
5f2b351cc6f997007ee28c3d,ARHSGSYLAYFQH
5f2b351cc6f997007ee28c3e,ARGYDILTGTASAYYFDY
5f2b351cc6f997007ee28c3f,GRLPPKRSSTRD
5f2b351cc6f997007ee28c42,VTVLGATWVAGFDI
5f2b351cc6f997007ee28c43,ARDXGQYQXDNYYGMDV
5f2b351cc6f997007ee28c44,ARELTYYHDNSGHARDY
5f2b351cc6f997007ee28c46,AREAVDCGGSYXGCFDY
5f2b351cc6f997007ee28c48,ARARPSRVTRDAFDI
5f2b351cc6f997007ee28c4c,ARHGDGEPRSSGLHAFDI
5f2b351cc6f997007ee28c4d,ARXYXXXGXGYSXXFDY
5f2b351cc6f997007ee28c4e,ARDYKMGYSNSIFDY
5f2b351cc6f997007ee28c50,ARGRGDMVRGVIHNYYGMDV
5f2b351cc6f997007ee28c51,ARGEFEIYGAAAGNDY
5f2b351cc6f997007ee28c53,ARGGRDPKESNERGGEIGSGPRSGWFDP
5f2b351cc6f997007ee28c54,ARXSYGYGGFDY
5f2b351cc6f997007ee28c55,ASERGARN
5f2b351cc6f997007ee28c56,TTGDGSFDV
5f2b351cc6f997007ee28c57,ARDFRILLRAWGGDYVREPFDY
5f2b351cc6f997007ee28c59,ARGGXIPVGGQSGIENWFDH
5f2b351cc6f997007ee28c5b,ARSYSHDYGSGWNYGTYFDY
5f2b351cc6f997007ee28c5d,AHSVYSSSWYLDY
5f2b351cc6f997007ee28c5f,ARDSSSCYFGGHRXNFDY
5f2b351cc6f997007ee28c60,ARLSGKGY
5f2b351cc6f997007ee28c61,ARAANXLEMXVVPVAGPNWFDY
5f2b351cc6f997007ee28c62,AGGVASDYYYLGLDV
5f2b351cc6f997007ee28c63,ARDKVGATYY
5f2b351cc6f997007ee28c64,ARLFSSGWYGADY
5f2b351cc6f997007ee28c65,ARXLYXGSSWCFDY
5f2b351cc6f997007ee28c67,ARGLWFGELSGYNWFDP
5f2b351cc6f997007ee28c6a,ASSLSGRPFGG
5f2b351cc6f997007ee28c6e,ARTKDWFDP
5f2b351cc6f997007ee28c6f,ARGVEVPAASHTFDY
5f2b351cc6f997007ee28c70,AGAPYQLSGWFDP
5f2b351cc6f997007ee28c72,ARGVAAAYDSSGYFDY
5f2b351cc6f997007ee28c74,ARVSVWFGERGYFDL
5f2b351cc6f997007ee28c76,ARGPLKYGSAGY
5f2b351cc6f997007ee28c7b,ARHYSALDH
5f2b351cc6f997007ee28c80,TRRXVVSSLRGWFDP
5f2b351cc6f997007ee28c81,ARDYRRSAKTCFGY
5f2b351cc6f997007ee28c83,ARRGDCGSGSCYTDCFDY
5f2b351cc6f997007ee28c85,ARERGSSTDFGYYYYGMDV
5f2b351cc6f997007ee28c87,ARDVDGSGSSSCYGMDD
5f2b351cc6f997007ee28c8e,ARVMGADYGWFDP
5f2b351cc6f997007ee28c8f,ARDWGDSSSWFWYYGMDV
5f2b351cc6f997007ee28c90,ARSTIFGVVIPFDY
5f2b351cc6f997007ee28c92,ARLSRGSFGVY
5f2b351cc6f997007ee28c93,ARGVTVRVVAAGVDCYFDY
5f2b351cc6f997007ee28c94,ARDQVAVVPYHYFDY
5f2b351cc6f997007ee28c99,ANSDSGVHRY
5f2b351cc6f997007ee28c9a,ARDRXXXYSSGGYVGRYYYYGMDV
5f2b351cc6f997007ee28c9d,ARGVPAASHYFQH
5f2b351cc6f997007ee28c9f,ARDHEALTIFGATKGFDP
5f2b351cc6f997007ee28ca0,ARQLPYYGVATTVTLDV
5f2b351cc6f997007ee28ca1,ARDYDFWSNSYGRVGGIDY
5f2b351cc6f997007ee28ca2,AHSHAIFGVVPFDY
5f2b351cc6f997007ee28ca4,ARGDHWEDGMDV
5f2b351cc6f997007ee28cab,ARXWACSSSSSGYXYY
5f2b351cc6f997007ee28cac,ARDSPVTGDYYYYGLDV
5f2b351cc6f997007ee28cad,ARGGGDYSDSLAY
5f2b351cc6f997007ee28cae,ARGHRNSGSYGKMIGFDY
5f2b351cc6f997007ee28cb0,TGRVGALAYWFDP
5f2b351cc6f997007ee28cb1,ARRYDRGGYLXGAFDN
5f2b351cc6f997007ee28cb4,ARDIGSVAVYYHYGMDV
5f2b351cc6f997007ee28cb5,AHRGRGWIDY
5f2b351cc6f997007ee28cb7,ARGYIVVVAAAMHYYYAMDV
5f2b351cc6f997007ee28cb9,ARLRFGAAAVNDY
5f2b351cc6f997007ee28cbd,TIHITDLQYYLDY
5f2b351cc6f997007ee28cbe,ARGGVAARPFDY
5f2b351cc6f997007ee28cc1,ARAIGGTALYSFDY
5f2b351cc6f997007ee28cc2,ARGLGGVAVAGAVDF
5f2b351cc6f997007ee28cc3,ARHGPPGRGREYYFDY
5f2b351cc6f997007ee28cc5,ARSVAATGEGYYYGMDV
5f2b351cc6f997007ee28cc7,ASQYRGGFDS
5f2b351cc6f997007ee28cc9,VRHVGYSGWLDH
5f2b351cc6f997007ee28cca,ARGGSIAAIAGGYFDF
5f2b351cc6f997007ee28ccc,ARLHLTLDPAANDAFDI
5f2b351cc6f997007ee28ccf,AREEYYYDRSAYYPYNWFDP
5f2b351cc6f997007ee28cd2,ARGPHGFDY
5f2b351cc6f997007ee28cd8,ARDKGRGTSCNSFDY
5f2b351cc6f997007ee28cd9,ARYSYSRLGDAFDI
5f2b351cc6f997007ee28cda,ARAARIAARPCVY
5f2b351cc6f997007ee28cdd,ARIPRYYYYGMDV
5f2b351cc6f997007ee28cde,ASGAGDAFDI
5f2b351cc6f997007ee28ce0,ARRGDMVRGVIID
5f2b351cc6f997007ee28ce1,AHIGGYYYDSSGFYLSRLFDY
5f2b351cc6f997007ee28ce5,ARDSRGDTGAFDI
5f2b351cc6f997007ee28ce6,ARDSLMTTVTKGWAFHI
5f2b351cc6f997007ee28ce7,ARRPARYPLDY
5f2b351cc6f997007ee28ce8,AGRHSYGRDY
5f2b351cc6f997007ee28ce9,ARIRSFGRVGARPGVFDY
5f2b351cc6f997007ee28cea,ARALQAAAGIGYYGIDY
5f2b351cc6f997007ee28ced,ARLAGKDYGDSV
5f2b351cc6f997007ee28cee,ARXSASKYQLVRRGAFDH
5f2b351cc6f997007ee28cef,ARERIWSGYXYGFDX
5f2b351cc6f997007ee28cf1,ARMACGGXVIRXDYXGFDX
5f2b351cc6f997007ee28cf3,AKDSRDGYYYFDY
5f2b351cc6f997007ee28cf4,ARISKAAATPGARDY
5f2b351cc6f997007ee28cf6,ARGQSRGVAVACADWFDH
5f2b351cc6f997007ee28cf8,AQRAQAGANSLTGPRIGGMDV
5f2b351cc6f997007ee28cfa,ASIEDXLPQGAEYFQH
5f2b351cc6f997007ee28cfc,VAGRGGDY
5f2b351cc6f997007ee28cfe,ARRYSSIRGWYGIDP
5f2b351cc6f997007ee28cff,AARLDSSGWYGNAFDI
5f2b351cc6f997007ee28d01,ALLPQDY
5f2b351cc6f997007ee28d03,ARVTIQKFSSDWYGATYFLDH
5f2b351cc6f997007ee28d04,AHRPGGSGYRNGYNWFDP
5f2b351cc6f997007ee28d05,ARDFGSGYSGSRWFDP
5f2b351cc6f997007ee28d06,ARGYGDYVGWFDP
5f2b351cc6f997007ee28d0a,ARDNRTYYGSWSGYYDY
5f2b351cc6f997007ee28d0b,ARGDSAVVHTAYCFDY
5f2b351cc6f997007ee28d0c,ASEXXAGTTSRFDY
5f2b351cc6f997007ee28d0e,ARDIGTPYYYYGMDV
5f2b351cc6f997007ee28d0f,ARDNYYFESSTFDL
5f2b351cc6f997007ee28d12,AREARQLWTAPFDY
5f2b351cc6f997007ee28d13,ARAPPYSSSWYAV
5f2b351cc6f997007ee28d14,AKHGASRYFDL
5f2b351cc6f997007ee28d17,ARRIVVIAAAXDPVDY
5f2b351cc6f997007ee28d1a,ARLSKEPNY
5f2b351cc6f997007ee28d1b,ARGPRAGPKAKNFDY
5f2b351cc6f997007ee28d1d,ARGPIYYYYYGMDV
5f2b351cc6f997007ee28d1e,AREDIAVAGGYYGMDV
5f2b351cc6f997007ee28d1f,ATGPSIVATSYYVDGMDD
5f2b351cc6f997007ee28d20,ALMGVVGATFLXY
5f2b351cc6f997007ee28d22,ARPSHSARTEYYFDY
5f2b351cc6f997007ee28d23,ARDXPPGCSGGNFDX
5f2b351cc6f997007ee28d24,ARXDYDLRSRSNGCDYFFDY
5f2b351cc6f997007ee28d26,ARDXXGXSLXRGFDY
5f2b351cc6f997007ee28d27,ARIQDCSSTSCYHYGMDV
5f2b351cc6f997007ee28d2b,ARHYSALDH
5f2b351cc6f997007ee28d2c,Y
5f2b351cc6f997007ee28d2d,AREGGVWSGXFDL
5f2b351cc6f997007ee28d2e,AREQWGDTAIDDAFDI
5f2b351cc6f997007ee28d2f,ATFVVVPAAITKGAFDI
5f2b351cc6f997007ee28d33,ARDSRVTSVYXAGRAVANWFDP
5f2b351cc6f997007ee28d35,ACVGVPPTFDY
5f2b351cc6f997007ee28d36,ARGRRGNTYGFTKLDS
5f2b351cc6f997007ee28d37,ATKLPTPY
5f2b351cc6f997007ee28d38,ATSGAFVI
5f2b351cc6f997007ee28d3a,ARGXEVAPAGYXYCFDY
5f2b351cc6f997007ee28d3b,ARGLAYSYGRTPRGFDY
5f2b351cc6f997007ee28d41,ARGXXXSXSGSEWXDX
5f2b351cc6f997007ee28d42,ARGYGDSCGWSIRXFDY
5f2b351cc6f997007ee28d43,ARGRDTSRWYSGAFDI
5f2b351cc6f997007ee28d44,ARRPYGGNSVYFDY
5f2b351cc6f997007ee28d45,ARFRNSWYFDY
5f2b351cc6f997007ee28d48,ARDGLWYYDSSDQRRSRYFDL
5f2b351cc6f997007ee28d4a,ASKIAVADPYYYDGMDV
5f2b351cc6f997007ee28d4b,AHRRHSISSGYYYDY
5f2b351cc6f997007ee28d4c,ATLSGRELLDY
5f2b351cc6f997007ee28d4e,ARAQGGYYYDFDY
5f2b351cc6f997007ee28d4f,ARNXSDRAGGCCRCASYGIDY
5f2b351cc6f997007ee28d50,ARRWLQLEY
5f2b351cc6f997007ee28d51,ARILVGAPPLDDAFDI
5f2b351cc6f997007ee28d52,ARHVMCSSSWSETQVGAFDI
5f2b351cc6f997007ee28d55,AKFIAALGRGGFDV
5f2b351cc6f997007ee28d57,AQTGYSSSWYYFDY
5f2b351cc6f997007ee28d58,ASTPIRAALTRGIWFDY
5f2b351cc6f997007ee28d59,ANSDSGVHRY
5f2b351cc6f997007ee28d5b,AHRSGSFQAFDY
5f2b351cc6f997007ee28d5c,AKHGASRYFDL
5f2b351cc6f997007ee28d5d,ASSRRVPAAIWYFDL
5f2b351cc6f997007ee28d5e,ARDPXTTXDSCDGAFDV
5f2b351cc6f997007ee28d5f,ARGAVVTAPAEYFHH
5f2b351cc6f997007ee28d60,ARHYQLLHFDY
5f2b351cc6f997007ee28d61,ARCSVSYDAFDI
5f2b351cc6f997007ee28d63,ARGLRAAAGTGLVDY
5f2b351cc6f997007ee28d66,ARGGCRSSGYDDCFDY
5f2b351cc6f997007ee28d68,ARAPSITSCGVVSNWFDP
5f2b351cc6f997007ee28d69,ARKWRVADTGGFDY
5f2b351cc6f997007ee28d6a,AHTGYSYGLLYFDY
5f2b351cc6f997007ee28d6e,ARQWFGELFADY
5f2b351cc6f997007ee28d6f,ARGELEPRV
5f2b351cc6f997007ee28d74,V
5f2b351cc6f997007ee28d75,ARVPGLGYCSSGYCWYYXGFDY
5f2b351cc6f997007ee28d77,ARDLXRDXXGSGDWFDY
5f2b351cc6f997007ee28d78,ARSKLRFLEWWFDY
5f2b351cc6f997007ee28d7a,ARNRLLRDPFDV
5f2b351cc6f997007ee28d7c,ARSSRYYGMDV
5f2b351cc6f997007ee28d7d,AHRRHSISSGYYYDY
5f2b351cc6f997007ee28d7f,ARISAVAGDFDD
5f2b351cc6f997007ee28d80,ARDRWRLDETAGKLYDY
5f2b351cc6f997007ee28d84,ARVSPSLDGYISSSGAFDI
5f2b351cc6f997007ee28d86,ARGEVGSGWSGTVYRWFDP
5f2b351cc6f997007ee28d87,ARILWFGDPVKDGNWFDP
5f2b351cc6f997007ee28d8e,ARGRNGGSLEYFQH
5f2b351cc6f997007ee28d90,ARXXXXGGIMXAGXFDY
5f2b351cc6f997007ee28d93,ATDLEPAYRSSWYYDGFDP
5f2b351cc6f997007ee28d9c,AXXPRSGVEXSSSSGPGDAXDI
5f2b351cc6f997007ee28d9d,AVLNAGGYYYYGMDV
5f2b351cc6f997007ee28da0,ARPNYDFWSGYPYFDY
5f2b351cc6f997007ee28da4,ARGGRREWIQQWPVGWYFDL
5f2b351cc6f997007ee28da7,TSELPGGSSHS
5f2b351cc6f997007ee28daf,ERXCXRLWARVLLLRYGR
5f2b351cc6f997007ee28db6,ERCSGGYDFWSGYYPKLLLLRYGR
5f2b351cc6f997007ee28dbb,XXXXXXXAXXXXXXGGXSXXXXX
5f2b351cc6f997007ee28dbe,ARDVRNGDNKLLQYYYYYGMDV
5f2b351cc6f997007ee28dc2,GMDV
5f2b351cc6f997007ee28dc8,ARRRGSSWLTHNWFDP
5f2b351cc6f997007ee28dc9,ARGPECSSFSCPYAFDI
5f2b351cc6f997007ee28dcc,ARDYKNGDAFDM
5f2b351cc6f997007ee28dce,RGAVTTLTT
5f2b351cc6f997007ee28dcf,AREXRXLXXXXYXDY
5f2b351cc6f997007ee28dd1,ARDLGGSSGWYRGWSRFDP
5f2b351cc6f997007ee28dd5,AKDDWDYYDTSGPFDY
5f2b351cc6f997007ee28dd7,EXXXSLSCYGSYVRL
5f2b351cc6f997007ee28de3,ARGSRGAFDP
5f2b351cc6f997007ee28de7,ARGWYEDYYYYYGMDV
5f2b351cc6f997007ee28dec,ASDYSSSSPRQFEY
5f2b351cc6f997007ee28df3,ETYRYSSSWN
5f2b351cc6f997007ee28df5,AXXXKXXYXLXXXXGXXXXXXX
5f2b351cc6f997007ee28df6,ARHLPILGVVRHDAFDI
5f2b351cc6f997007ee28df7,ARDXLXXXFXXXSXXXXWYFDL
5f2b351cc6f997007ee28df8,XEXXXXYXXAXDXSXSXXXXXGAFXX
5f2b351cc6f997007ee28e04,ARDGPMITVTKGAFDN
5f2b351cc6f997007ee28e05,ARARGIAAAGDY
5f2b351cc6f997007ee28e0b,ARADSSSARREYAFDI
5f2b351cc6f997007ee28e0d,DF
5f2b351cc6f997007ee28e10,TGRGY
5f2b351cc6f997007ee28e14,VRXPLGYSXGLV
5f2b351cc6f997007ee28e1d,TTXXXSVHSDNWFDP
5f2b351cc6f997007ee28e23,AXVSWCYSGSCKDY
5f2b351cc6f997007ee28e27,ERSPKSVFRL
5f2b351cc6f997007ee28e29,AAGXEGXXXTXTTX
5f2b351cc6f997007ee28e2b,ETPEQWPRQGEGLLLLLRYGR
5f2b351cc6f997007ee28e37,ASADIVVVPADLVKGFDP
5f2b351cc6f997007ee28e3a,VRGEVAILVVPGATGGDF
5f2b351cc6f997007ee28e3d,DRSAAVGTQPPYCP
5f2b351cc6f997007ee28e43,ARHYSALDR
5f2b351cc6f997007ee28e47,ARDXXLGSLXNXFDY
5f2b351cc6f997007ee28e48,ARGSGVPAAIFDY
5f2b351cc6f997007ee28e4a,ARDDGIAARIYFDY
5f2b351cc6f997007ee28e4b,ARQAXAGTXXFDX
5f2b351cc6f997007ee28e4c,AXGTCTNGVCYXDY
5f2b351cc6f997007ee28e4e,ARQPSNYDXWSGYSXFAFDI
5f2b351cc6f997007ee28e53,AGEYSSHHYNVMDV
5f2b351cc6f997007ee28e56,XXPXXELXXRRXHXXVXLXXXXXRXXXXXYXXXXXDV
5f2b351cc6f997007ee28e59,MTXMXXVDTXXXYXAHSGGTXXXPLFDY
5f2b351cc6f997007ee28e5b,XXXXAXXAVYYCASXXXXGXXXXXGVCYNELDY
5f2b351cc6f997007ee28e5e,AXXXSXGGYYXXXXXX
5f2b351cc6f997007ee28e5f,XRVXXXSXXXXPXDY
5f2b351cc6f997007ee28e64,ARVLTWIQIHDDWYFDL
5f2b351cc6f997007ee28e65,TTFIVVVVAATVVQYDP
5f2b351cc6f997007ee28e67,ARXLEDXVASYXXWSGTTYGMDV
5f2b351cc6f997007ee28e68,ARERGTRMDV
5f2b351cc6f997007ee28e69,AREGSGSYGDTDY
5f2b351cc6f997007ee28e6a,ARWGGRSHYYYYGMDV
5f2b351cc6f997007ee28e6c,ARASXYGDYRDGTLGLSDV
5f2b351cc6f997007ee28e6d,AKDIRRITMVRGATIFWYYYYGMDV
5f2b351cc6f997007ee28e6f,AKDXGXXELXYYYGMDV
5f2b351cc6f997007ee28e74,ARTARIEVVPAAGGSFDP
5f2b351cc6f997007ee28e75,ARAGTSSSRYFDH
5f2b351cc6f997007ee28e77,ARTLCIAAAGTIDY
5f2b351cc6f997007ee28e7b,ARGSGSYYYYYYGMDV
5f2b351cc6f997007ee28e7d,ARLPYSYGFSSAFDI
5f2b351cc6f997007ee28e7e,ARXRXVIGSGWFDP
5f2b351cc6f997007ee28e81,ARDSGEWEHYIDY
5f2b351cc6f997007ee28e8a,YGMDV
5f2b351cc6f997007ee28e8c,AKTSL
5f2b351cc6f997007ee28e8d,AXXXXXVVXRXXGXXSYXYFDX
5f2b351cc6f997007ee28e91,XRXXXXGYWYXXX
5f2b351cc6f997007ee28e98,ARQRGGYYYDSSL
5f2b351cc6f997007ee28e99,XXLXXGYSXXPXYYYYGMDV
5f2b351cc6f997007ee28ea4,ARQRGDYDIEYWYFDL
5f2b351cc6f997007ee28ea5,ARESGPLPKKRYDFWSGYRPYYYGMDV
5f2b351cc6f997007ee28eaf,AXXXPKWGXXX
5f2b351cc6f997007ee28eb0,ASTPQDIVVVPAAMEAMYYFDY
5f2b351cc6f997007ee28eb3,AXEXXSGNXXCXYYGMDV
5f2b351cc6f997007ee28eb4,ARGEGCSSTSCYYDY
5f2b351cc6f997007ee28eb5,ARDGDXLESRGNFDY
5f2b351cc6f997007ee28ebd,ARGPARDYSSSSGGFDY
5f2b351cc6f997007ee28ebf,ASTLGYCSSTSCRDYYYYYGMDV
5f2b351cc6f997007ee28ec2,ARXXXXDFXXGYXXXXXGNWFDP
5f2b351cc6f997007ee28ec4,AKGRXGYCTSXSCYQGRDFDY
5f2b351cc6f997007ee28ec5,AKGRHCDVTGCYDYFDY
5f2b351cc6f997007ee28ec6,AKXTXAXFDY
5f2b351cc6f997007ee28ed1,AXDHXXYCSSSSCYTDYYYGMDV
5f2b351cc6f997007ee28edb,ARDXXVVAVATXGVDY
5f2b351cc6f997007ee28ee4,XXTAXYXXXGXXXXXXXXXXXXGXSYYYGMDV
5f2b351cc6f997007ee28ee6,XXAXXXGGGXSGXSKAASYXXDY
5f2b351cc6f997007ee28ee7,ARDLRGRDDH
5f2b351cc6f997007ee28eed,ARDWKGSGWCGYLYYYYGMDV
5f2b351cc6f997007ee28ef0,AKIRPPGHIVVVPAAIANGFVDY
5f2b351cc6f997007ee28ef2,XXXXXXXXLXLXXVTAXDTAVYYCAXXXXITGXXSSFTGSAXXXDY
5f2b351cc6f997007ee28ef7,ARXXXXSXGXPLAXXFXX
5f2b351cc6f997007ee28f02,AKGSYYYGSRTYYLLN
5f2b351cc6f997007ee28f04,ARXXXXYDFWSGYHYYYGMDV
5f2b351cc6f997007ee28f05,XKDLHSQNYYDSSGYYAY
5f2b351cc6f997007ee28f08,XXGXXXXXTXTXTXXXXMXLRXLRSDDTAVYYXARXRVISFNWFDP
5f2b351cc6f997007ee28f0d,ARQVGGTSAAAGDVSEYYYYYYGMDV
5f2b351cc6f997007ee28f0e,EXXGGXVLGL
5f2b351cc6f997007ee28f16,AREVGIDYYYGMDV
5f2b351cc6f997007ee28f1a,AREPCNGYSLYFDY
5f2b351cc6f997007ee28f1b,SRGPREPYLEWLGAFNV
5f2b351cc6f997007ee28f24,RXXXQXLXXLXT
5f2b351cc6f997007ee28f28,TRHPETYYYDSSGDDYYYYGMDV
5f2b351cc6f997007ee28f2b,ERAXXXXXXXXX
5f2b351cc6f997007ee28f34,AXGXXRXXMIVXXXX
5f2b351cc6f997007ee28f35,ARASTSQYQLPLYYYYYGMDV
5f2b351cc6f997007ee28f3c,AXDXXXXXMXXXY
5f2b351cc6f997007ee28f3f,ARDSGTYYPGYYYYGVDV
5f2b351cc6f997007ee28f45,ARXTXGSGVDAFDI
5f2b351cc6f997007ee28f47,ARVYEGGAKGRVDDY
5f2b351cc6f997007ee28f49,ESXXSGRVLRX
5f2b351cc6f997007ee28f4a,AXXXXWXXDSSGXXNYX
5f2b351cc6f997007ee28f4f,ARGGVVPAAKVLLD
5f2b351cc6f997007ee28f52,ARXXXXXSGYXSXSXXDY
5f2b351cc6f997007ee28f53,XAXDX
5f2b351cc6f997007ee28f54,EXXEXTXXRLRXGR
5f2b351cc6f997007ee28f56,ARAWCGGDCYGGFRNWFDP
5f2b351cc6f997007ee28f61,AREVGYYDFWSGYSINHYYYGMDV
5f2b351cc6f997007ee28f66,AAFNWFDP
5f2b351cc6f997007ee28f69,ERSPKSVFRL
5f2b351cc6f997007ee28f6b,VEDNFYSEY
5f2b351cc6f997007ee28f6c,EXNXXXXXXXGL
5f2b351cc6f997007ee28f70,AKDRHIAAAGMGRYYYYYYGMDV
5f2b351cc6f997007ee28f76,ARDLGGGPGRSYFDY
5f2b351cc6f997007ee28f7c,ARIAGTGYNDY
5f2b351cc6f997007ee28f7d,AXGDQXQLVLXXWXAFDX
5f2b351cc6f997007ee28f84,AREGPGEWELRGAFDI
5f2b351cc6f997007ee28f89,ARDXGDXAXYFDL
5f2b351cc6f997007ee28f8d,ARGLXXXATMVGXXDX
5f2b351cc6f997007ee28f8e,ARGXAATVGWFDX
5f2b351cc6f997007ee28f95,GRGEVAILVVPGATGGDF
5f2b351cc6f997007ee28f9d,XRXLXGXADY
5f2b351cc6f997007ee28fa4,ARXXXXXXGSAAGDX
5f2b351cc6f997007ee28fa8,ARDGWGYSNYEGWYGMDV
5f2b351cc6f997007ee28faf,ARETLLPTPHDGFDI
5f2b351cc6f997007ee28fb0,XTXNXXXXXSXXS
5f2b351cc6f997007ee28fb1,ARXLXXXYYXYGMDV
5f2b351cc6f997007ee28fb3,REAGXXARVFFLGPSGSTP
5f2b351cc6f997007ee28fb5,ARDDSSGARWEHRGGFDP
5f2b351cc6f997007ee28fba,ARXXXXVAXRPTVXRX
5f2b351cc6f997007ee28fc5,XXXXXXXGSSWYXEIDY
5f2b351cc6f997007ee28fc9,ARDQEQLALGIDY
5f2b351cc6f997007ee28fcc,ARGQWVYYDSSGYREEYFQH
5f2b351cc6f997007ee28fd3,ARDLDPDXXYYYGMDV
5f2b351cc6f997007ee28fde,AXVXXXGXXYYDXXXXTRPXYHLDY
5f2b351cc6f997007ee28fe2,AKWTSSGRQSRGFVESTFDY
5f2b351cc6f997007ee28fe6,ARGSAITVVGXVDXFDY
5f2b351cc6f997007ee28fe7,XXDX
5f2b351cc6f997007ee28fef,AKVGGEWELLDY
5f2b351cc6f997007ee28ff6,ARXXXSXGYXAXDX
5f2b351cc6f997007ee28ff7,ARDLXXILXXXXRGYYGMDV
5f2b351cc6f997007ee28ffa,AKASLRTYYYGMDV
5f2b351cc6f997007ee29001,Y
5f2b351cc6f997007ee2900a,AHASSNWNYDDSEWDFQH
5f2b351cc6f997007ee2900d,ASXGLARGPAADWYFDL
5f2b351cc6f997007ee29012,ASSPDY
5f2b351cc6f997007ee29016,AADVGYCSSTSCPLDY
5f2b351cc6f997007ee29017,AMSREAYSSSWYAYYYGMDV
5f2b351cc6f997007ee2901b,ARXXXXGSGXXXFDY
5f2b351cc6f997007ee2901c,AXXXGXSSPXXGFMYFXL
5f2b351cc6f997007ee2901f,TRSNSITYGMDV
5f2b351cc6f997007ee29021,ARADGYLYYYYYYGMDV
5f2b351cc6f997007ee29024,AHSSGWFDY
5f2b351cc6f997007ee29025,AKESRWIQLRFLEWLSLPREHYGMDV
5f2b351cc6f997007ee29026,ARDVVYDFWSCYGMDV
5f2b351cc6f997007ee2902a,AKDLAARVNRTVWAYGMDV
5f2b351cc6f997007ee2902b,ARESYVGGGNSFDY
5f2b351cc6f997007ee29031,ARGRFTGVGITGTIEYFDY
5f2b351cc6f997007ee2903a,QMXXLXXXDTAXXXXAXXXXXRSXXXXGAFDI
5f2b351cc6f997007ee29042,AXXXEGSSYXXXDX
5f2b351cc6f997007ee29043,ARRXFVITMVRGVIYGMDV
5f2b351cc6f997007ee29044,XXAXXXCAXEXXXXXGXXXXAXDI
5f2b351cc6f997007ee29047,ARRYCSSTSCYTWFDY
5f2b351cc6f997007ee29048,ARAXPXXIVATIXMDF
5f2b351cc6f997007ee2904b,ARDDVGVXXATIVGXXXXX
5f2b351cc6f997007ee2904c,ARXXXGXSXXXXSXYXKDRGGTXY
5f2b351cc6f997007ee29051,ARAMIVGAGVNMLLIC
5f2b351cc6f997007ee29058,ERSRRGFGRPLRYGR
5f2b351cc6f997007ee2905a,ERALRRL
5f2b351cc6f997007ee2905e,XHFSLTXTSVTAADTAVYYCARSTNIDDFWSGLDY
5f2b351cc6f997007ee29063,ETKGRRDSRL
5f2b351cc6f997007ee29064,ARSGVVLVPAAQRKREYYYYGMDV
5f2b351cc6f997007ee29066,ARLSNVFASIGHNWYFDL
5f2b351cc6f997007ee29067,ARXXNXYXXXYYYGMDV
5f2b351cc6f997007ee2906f,ARXSGYXAFDY
5f2b351cc6f997007ee29078,AXXGRRXXXXXGXXFXXYGMDX
5f2b351cc6f997007ee2907f,XSRLXWLEXLLRHGR
5f2b351cc6f997007ee29082,ARDXXPGIXXAASSXGIDY
5f2b351cc6f997007ee29083,GYYTWDPPRNYYYYGMDV
5f2b351cc6f997007ee29084,ARVPGIAAADPDY
5f2b351cc6f997007ee2908c,TVGTTTFRY
5f2b351cc6f997007ee2908d,ARSDLGSIMITFGGVKSTYGMDV
5f2b351cc6f997007ee2908e,ESSAYGDVRALHLVTQYVRYGR
5f2b351cc6f997007ee29091,PFNXXXSSXGPMGYYYYGMDV
5f2b351cc6f997007ee29095,AGPLPNDYGDYSPGRGFSPPDAFDI
5f2b351cc6f997007ee2909e,ARAVSYDYVWGSYRSPDY
5f2b351cc6f997007ee2909f,ARGRAGSGWSPYFDY
5f2b351cc6f997007ee290a4,GRDLSYTSIDS
5f2b351cc6f997007ee290ad,AREEEHGSGFDH
5f2b351cc6f997007ee290ae,AXXYXSGXXXXXXDY
5f2b351cc6f997007ee290b2,AKSPIQVVVTLPRAFDI
5f2b351cc6f997007ee290b6,ARXXXXXSSGYTGYHXXX
5f2b351cc6f997007ee290b8,ARSGYGIWSGCAYYCXDX
5f2b351cc6f997007ee290bd,AXDTAVYXCAXXXXXYXXXTXXXXXRXFXX
5f2b351cc6f997007ee290be,AKDXXXXXXXKDXXWXXSSXWYGYYFDY
5f2b351cc6f997007ee290c2,XXSGXXXXXWXGXXXLRYGR
5f2b351cc6f997007ee290c9,ARGTPIXVAGXGWFDY
5f2b351cc6f997007ee290ca,XXXXRXDXTAXXYXAXXXXXXXXXXXSSXXGXXXDX
5f2b351cc6f997007ee290ce,ARRYCSSTSCHSSRRAFDI
5f2b351cc6f997007ee290d1,ARGDSSGDYAGA
5f2b351cc6f997007ee290d5,ERSRRGWIFGVVINGL
5f2b351cc6f997007ee290d9,ARGDGYGMGV
5f2b351cc6f997007ee290db,ARRYCNNTTCYLVD
5f2b351cc6f997007ee290dd,RFMVRGVFMMLLIS
5f2b351cc6f997007ee290e0,ARAKTKSGPTPDS
5f2b3521c6f997007ee290ec,ARIVVVTNPDFEYYFDY
5f2b3521c6f997007ee290f2,ARDFRGSSTSCYDDTSCRGADAFDI
5f2b3521c6f997007ee290f4,ARGYSSSWYSSRTLYYFDY
5f2b3521c6f997007ee290ff,ARGGRQWLVRFLVGY
5f2b3521c6f997007ee29100,ARVPVHSYGDYDRYYFDY
5f2b3521c6f997007ee2910a,AKGAGWSGSYDY
5f2b3521c6f997007ee2910b,ARGSGGRRITIFGVFIDY
5f2b3521c6f997007ee29113,AREVKSSGWFNYYYYGMDV
5f2b3521c6f997007ee29114,XTXXXXXXLRXXX
5f2b3521c6f997007ee29117,XXXXXGTXXXXXXXX
5f2b3521c6f997007ee2911a,ARDXIAAXXXV
5f2b3521c6f997007ee29121,ETXXXXWXLLXXXGX
5f2b3521c6f997007ee29124,EVTYSSSSGFVVLLLRYGR
5f2b3521c6f997007ee29125,AIGQSGYLDY
5f2b3521c6f997007ee2912f,AKXXXRGSRTCSSTSCYWXDY
5f2b3521c6f997007ee29130,XRGWLRQYFNV
5f2b3521c6f997007ee29136,AXDXXXXLXXXXXXGXXX
5f2b3521c6f997007ee29137,ATRGPRGCGGTTCYHYDPFDI
5f2b3521c6f997007ee29139,ARQGNSAWSGATYYYDSSGYYYYYYGMDV
5f2b3521c6f997007ee2913e,ARGVXIVATSAFDI
5f2b3521c6f997007ee2913f,ARAXXXXDXWDXXXXYYGFDY
5f2b3521c6f997007ee29140,ARGPRGRLAGRITIFGALGWFDP
5f2b3521c6f997007ee29141,ARNRYYDTSGYYTNDAFDI
5f2b3521c6f997007ee29143,ASYSSGKVDY
5f2b3521c6f997007ee29144,GGXWXDY
5f2b3521c6f997007ee29149,ARDXXXXXXXDX
5f2b3521c6f997007ee29152,AVXYCASXXVRXVMXRYYYYYGMDV
5f2b3521c6f997007ee29154,ARGRARTDAVTLVAY
5f2b3521c6f997007ee29158,ARXFSEGSSSVRGDY
5f2b3521c6f997007ee2915a,AKDPTSQWLGPIDY
5f2b3521c6f997007ee2915d,ARESSAAAGPKPYYFDY
5f2b3521c6f997007ee2915f,AREXXMGXDDWLFDP
5f2b3521c6f997007ee29160,ARGDSSSWYVIAYYYGMDV
5f2b3521c6f997007ee29162,YFDY
5f2b3521c6f997007ee29164,ARAFEYGDNNYVLSI
5f2b3521c6f997007ee29166,ARDAHSSSWSYYYYGMDV
5f2b3521c6f997007ee2916a,AXAWXGXSSSWYGWGX
5f2b3521c6f997007ee2916b,ARGGAYYYDSSGHTGVDAFDI
5f2b3521c6f997007ee2916d,ARXXXGVXXXXXXDX
5f2b3521c6f997007ee2917e,XRXXHXRVLXCEXXVXXXSXRNXXLXXDX
5f2b3521c6f997007ee2917f,ARGPRCYYYGTGXFDY
5f2b3521c6f997007ee29181,ARXRXAGXXRGXXLXDV
5f2b3521c6f997007ee29184,ARASVEMAYCGGDCYSDYFDY
5f2b3521c6f997007ee29185,XHXXXGXXSXXXXGXNWXDX
5f2b3521c6f997007ee2918a,DV
5f2b3521c6f997007ee2918b,WFDP
5f2b3521c6f997007ee2918f,ARMGGRFLEWFHLDY
5f2b3521c6f997007ee29190,XNKGWFDP
5f2b3521c6f997007ee29191,ARDAYMVLTG
5f2b3521c6f997007ee29193,ARXXXXXXVVITGYFDY
5f2b3521c6f997007ee29198,AGYQRSSPSGIGAYYGMNI
5f2b3521c6f997007ee291a3,ARENYNNSSEKWYFDL
5f2b3521c6f997007ee291aa,ARDXVGXXXXDY
5f2b3521c6f997007ee291ab,ARVKVENPTXVGVVELPKYYGMDV
5f2b3521c6f997007ee291ad,ARDRXHSXXWYYFDY
5f2b3521c6f997007ee291b7,ARXXXXXXXGVVTRWGDAFDI
5f2b3521c6f997007ee291b8,ARRGYSSGWEQFDY
5f2b3521c6f997007ee291b9,ARXXMXXXDXXAGXDX
5f2b3521c6f997007ee291ba,XXVXXXXTAVXYXAXGXXRFRGGXDV
5f2b3521c6f997007ee291be,ARDALGCDAFDI
5f2b3521c6f997007ee291bf,XY
5f2b3521c6f997007ee291c2,AKVTVGSWTNSEWYFDL
5f2b3521c6f997007ee291c5,ARISQGDTAQLDY
5f2b3521c6f997007ee291c6,STXYMELSRLRSDDTAVYYCARSECSSTSCYWYYYYGMDV
5f2b3521c6f997007ee291ca,ARXXWNVXDYYYYYGMDV
5f2b3521c6f997007ee291cb,ARGHYCSSTSCYKSPALDSNYPDPSYYYGMDV
5f2b3521c6f997007ee291d0,ARGGVVAAVATRGTTVFDY
5f2b3521c6f997007ee291d6,ARLSEQLVPLT
5f2b3521c6f997007ee291d8,AREGRFLEWLPYWFDP
5f2b3521c6f997007ee291da,EIGGYSSPVEL
5f2b3521c6f997007ee291ed,ARSLSSLPDMEFXP
5f2b3521c6f997007ee291f1,ATAKPXTXXGXTFDI
5f2b3521c6f997007ee291f8,ARLXYYGGYFDS
5f2b3521c6f997007ee291fc,TTGEHLGWFDP
5f2b3521c6f997007ee291fd,ARGILGSSPFDY
5f2b3521c6f997007ee29202,ARDGDGYNYFVPIDY
5f2b3521c6f997007ee29203,AXFQDXWGQGTLVTXAXXXXXGSEKYYVDSVKGRFTISRDNAKNSLYLQMNSLRAEDTAVYYCAKDTXDFXYFLDY
5f2b3521c6f997007ee29204,AXXLRXXDTNGMDV
5f2b3521c6f997007ee29209,AXRRWELRAFDI
5f2b3521c6f997007ee2920d,VXAADTAVYYCARXXXGXXXYSXGWXTXGXXXXDY
5f2b3521c6f997007ee29212,XKRARXXXXXWSGXXXXX
5f2b3521c6f997007ee29214,ARVXYDXXXGXSRNFDY
5f2b3521c6f997007ee29215,EEXPPTYYDFWXXXSXXXGVXLXLRYGR
5f2b3521c6f997007ee29217,ARAQXRNFVYDFWSGYYNRGWGFDY
5f2b3521c6f997007ee29219,ARDHYRGXXNXAFDI
5f2b3521c6f997007ee29222,ARVPRGGYSXSYDCFDY
5f2b3521c6f997007ee2922d,AXERVQXXFGVVXAXXI
5f2b3521c6f997007ee29234,ARGGGXWYAXL
5f2b3521c6f997007ee29238,ARRGEQLVLGSSAFDI
5f2b3521c6f997007ee29239,ARVIGEASDAFDI
5f2b3521c6f997007ee2923f,ARDYXXAAADYYYYYGMDV
5f2b3521c6f997007ee29245,ARXDXVRGATXLXXFDY
5f2b3521c6f997007ee29249,ARPMRGDGSTNQNYYYYGMDV
5f2b3521c6f997007ee2924f,ARXXXPRNWNSIXAFDI
5f2b3521c6f997007ee29257,ARLNVVDDILTGPIDY
5f2b3521c6f997007ee2925b,AREVRTTGALYGDYSGGYYYYGMDV
5f2b3521c6f997007ee2925d,ARDRSTAAYDYYXXGTFDV
5f2b3521c6f997007ee2925e,SGXYXXYYYYGMDV
5f2b3521c6f997007ee2925f,AKDGGQQLVGGWFDP
5f2b3521c6f997007ee29263,ARGGGGKIVVVPAPLPYAFDI
5f2b3521c6f997007ee29264,AKDYYGLRFLEWSCFDY
5f2b3521c6f997007ee2926b,ARQRXGVSGYDFWSGDKRRALDY
5f2b3521c6f997007ee2926d,ARARRFLEWLSPGYYFDY
5f2b3521c6f997007ee29273,DI
5f2b3521c6f997007ee29278,ARGGEGRPDV
5f2b3521c6f997007ee2927c,ARRFGDLLGGFDY
5f2b3521c6f997007ee2927e,XRGXAYCSSTSCXRATVSLTT
5f2b3521c6f997007ee29280,EVCTSCYPPTKDLRYGR
5f2b3521c6f997007ee29281,ARAXREXVAGXXXXXX
5f2b3521c6f997007ee29282,ATSGTPFQH
5f2b3521c6f997007ee2928b,ATFQGGLGITKGFFDY
5f2b3521c6f997007ee2928d,AKDPXAGAXXGGDCYXFGYYFDY
5f2b3521c6f997007ee29290,ARXXXXXXCXXGVXXXDV
5f2b3521c6f997007ee29294,ARDLRAPIAVAGASYYFDY
5f2b3521c6f997007ee2929a,RXXGATVTTMLTT
5f2b3521c6f997007ee2929d,AXXAXYYXAXXDXRAWFXEXTGAFDI
5f2b3521c6f997007ee292a2,AXRAXXXXRXXXYYXXXDX
5f2b3521c6f997007ee292a6,ARDYFDSSGGSHDVFDI
5f2b3521c6f997007ee292a8,ARXXXXXXXVGTXXV
5f2b3521c6f997007ee292b0,ARVNGYGYXXFGY
5f2b3521c6f997007ee292b1,XRXXGXSWXXXXLLLRYGR
5f2b3521c6f997007ee292b2,DRSAAVGTQPPYCP
5f2b3521c6f997007ee292b6,Y
5f2b3521c6f997007ee292b8,NSSSYGXSXXXLLLLRYGR
5f2b3521c6f997007ee292bb,WFDS
5f2b3521c6f997007ee292c0,ARREITFGGVIAFDY
5f2b3521c6f997007ee292c1,ARAILTAYDFWSGGDGSFDY
5f2b3521c6f997007ee292c5,EXCXVXXXXXARL
5f2b3521c6f997007ee292cc,AXXXXRAXYYXXGMDV
5f2b3521c6f997007ee292d3,ARGSKLGLATFPLPSFDY
5f2b3521c6f997007ee292d4,ERWHSSSSPA
5f2b3521c6f997007ee292dc,YPEQWLVRDL
5f2b3521c6f997007ee292dd,ARDVIPRTIQNCSSTSCHGRWFDP
5f2b3521c6f997007ee292df,ARVLGGGDSV
5f2b3521c6f997007ee292e0,AREEEHGSGFDH
5f2b3521c6f997007ee292e1,ATGIVVVPAAGWGRY
5f2b3521c6f997007ee292e3,XASPDXVVXPAAIRTRYYYGMDX
5f2b3521c6f997007ee292e5,ASGDCSYDSCGYDVDY
5f2b3521c6f997007ee292e8,ARVHYEILVGYSHLEY
5f2b3521c6f997007ee292eb,AVAAGFWIGYYKDLYYYYGMDV
5f2b3521c6f997007ee292ee,AXGGAXXXXXSDAFDI
5f2b3521c6f997007ee292ef,ATGKIEWLTIMAPNYFDY
5f2b3521c6f997007ee292f0,ARGCSRSTTSDYDDSSVLEMCDAFDI
5f2b3521c6f997007ee292f2,ARHYSALDH
5f2b3521c6f997007ee292f3,ARDXXXSXSRQXYXXXXGXDX
5f2b3521c6f997007ee292f8,ALDDYGTYSH
5f2b3521c6f997007ee292fd,ARSSRAFDI
5f2b3521c6f997007ee29302,ARDFNGXDXQFDP
5f2b3521c6f997007ee2930b,AXXGXTGCTVDY
5f2b3521c6f997007ee2930d,ARDGDAYYYGSGRGGMDY
5f2b3521c6f997007ee29312,ARGSRSSWYDV
5f2b3521c6f997007ee29317,ARRGYSSSWNWYFDL
5f2b3521c6f997007ee29318,ARPGVCFSGWCYGAFDI
5f2b3521c6f997007ee2931c,AXXPLGXXSXXXXXXXDX
5f2b3521c6f997007ee2931e,ARGKGDADIWSMDV
5f2b3521c6f997007ee29320,ARXXXXXXXXXXX
5f2b3521c6f997007ee29330,VKEGGDV
5f2b3521c6f997007ee29333,MTNSNDYVLH
5f2b3521c6f997007ee29335,ARXXXXXXXXXDYXXGXDX
5f2b3521c6f997007ee29336,ASTVAGGSGDLAAGSNMDV
5f2b3521c6f997007ee29337,ARHXXXQXIXGXXSPPDY
5f2b3521c6f997007ee2933f,ARXXXXAXXGTXX
5f2b3521c6f997007ee29341,XXXXAXYYCAXLXXXGXXXYXFDX
5f2b3521c6f997007ee29342,XXXVSXIEXXEXRGHGXXLLCEXXXADSSGSXRFDY
5f2b3521c6f997007ee29348,SANDGGSGWSE
5f2b3521c6f997007ee29349,VRGPRIAAPQVYFYYGMDV
5f2b3521c6f997007ee2934a,VQGGVGVAPAIRKFGS
5f2b3521c6f997007ee2934d,ARERGFGEASGYYYYGMDV
5f2b3521c6f997007ee29350,DXTAVXYCARRSYYHGMDV
5f2b3521c6f997007ee29356,ARDGVTDYCGGDCYSNY
5f2b3521c6f997007ee29363,ERIGYSSGR
5f2b3521c6f997007ee29367,ARDSXTSXXFDP
5f2b3521c6f997007ee29368,KSXRGSEFLEWLLXX
5f2b3521c6f997007ee29375,ARGKGDADIWSMDV
5f2b3521c6f997007ee2937c,RGRQMKQQLVRNLTT
5f2b3521c6f997007ee2937f,ERRVVGGSYYPGL
5f2b3521c6f997007ee2938f,ENXGDTSGSGGRYXR
5f2b3521c6f997007ee29397,ARARNGSGWYFGYYFDY
5f2b3521c6f997007ee29398,ARDGPTDQNSSGYYVDY
5f2b3521c6f997007ee293a0,VSGYYAVAFYFDY
5f2b3521c6f997007ee293a3,ARIRSFGRVGARPGVFDY
5f2b3521c6f997007ee293a5,ARGEHYYDSSGYRWLSGRGNWFDP
5f2b3521c6f997007ee293a6,ARHEGDQRSDWYFDL
5f2b3521c6f997007ee293ad,V
5f2b3521c6f997007ee293b0,ARAGYCSTHSCQYFDY
5f2b3521c6f997007ee293b1,ARXXVVVAXGVRYNWFDP
5f2b3521c6f997007ee293b2,ARDASRGSSTSCHS
5f2b3521c6f997007ee293b4,ARGPGTLEYSSAGY
5f2b3521c6f997007ee293b8,ARGAGYDDXWSGYYHYDFDY
5f2b3521c6f997007ee293b9,ARDXASXXXXXXXXXNYYYGMDV
5f2b3521c6f997007ee293bb,ARXRSSSWPNLYCGMDY
5f2b3521c6f997007ee293ce,GN
5f2b3521c6f997007ee293d4,ARATVYXFXSGHXGXYYYGLDD
5f2b3521c6f997007ee293e4,ARXXXXXXYGMDV
5f2b3521c6f997007ee293e5,ARDPAXXXXXAXXXXX
5f2b3521c6f997007ee293e9,YYCAXEGXPRTTSYYYYYSGMDV
5f2b3521c6f997007ee293ea,ARDRXRXXXXGMDX
5f2b3521c6f997007ee293eb,ARRDYDSSGSVDAFDI
5f2b3521c6f997007ee293f1,ARVKLGALPAFDY
5f2b3521c6f997007ee293f4,AKGPHYYDSSGYYLFEY
5f2b3521c6f997007ee293f9,ARGYYWAIIDY
5f2b3521c6f997007ee293fa,AKDHLAGRSGSYWAR
5f2b3521c6f997007ee29400,ARGRFPARPHEPFGI
5f2b3521c6f997007ee29406,ARKAGEKIDY
5f2b3521c6f997007ee29408,ARDPCSSTSCPNQSPIH
5f2b3521c6f997007ee29409,ARQRERGANYYYGMDV
5f2b3521c6f997007ee29412,ARNFWTPHYPSNWFDP
5f2b3521c6f997007ee29414,AXXXVARXTXWFDA
5f2b3521c6f997007ee2941a,ARNDGCWSGYSLSDY
5f2b3521c6f997007ee2941c,XXLXXXXXADXAXXXCAXXXXYXXXSRLLGA
5f2b3521c6f997007ee2941e,ARAXYDFLSGXGYNHFDY
5f2b3521c6f997007ee29420,ARXGGSGGYRLNDFDY
5f2b3521c6f997007ee29422,ERWEYYYGSGSTRGELLRYGR
5f2b3521c6f997007ee2942a,TTDSGGSYSFYYYYGMDV
5f2b3521c6f997007ee29432,ARGTALDTAMVPAEYYYYYYGMDV
5f2b3521c6f997007ee29433,RXXXXGXXAXX
5f2b3521c6f997007ee29435,WFDP
5f2b3521c6f997007ee29439,GFDY
5f2b3521c6f997007ee2943e,ARVSEKSSGDY
5f2b3521c6f997007ee29441,AXXXRXXXXLGXLAARRXLDD
5f2b3521c6f997007ee29448,ARXDXXXSSGYSGDXXDY
5f2b3521c6f997007ee2944b,ARVGDYGSGSQYNPLDF
5f2b3521c6f997007ee29451,ASGRGGFXGXXXGA
5f2b3521c6f997007ee29456,ARRSNWNDGSDY
5f2b3521c6f997007ee29457,ARVAVGVRFLEWLRRPRYGMDV
5f2b3521c6f997007ee2945f,ATLTWEHXXXXDHDY
5f2b3521c6f997007ee29463,TXAGIVVVPAAXXDYYYYGMDV
5f2b3521c6f997007ee29464,GYXXFDY
5f2b3521c6f997007ee29466,AXEYSXXXGYXYYYGMDV
5f2b3521c6f997007ee29473,ARGDFXGXXXRGAYXDY
5f2b3521c6f997007ee29475,AHXXXXXXGVXXXPPRY
5f2b3521c6f997007ee29477,AKVKQLERRGGTFSAFDI
5f2b3521c6f997007ee29479,ARSXXXXXXXLWXYDSSGYYAFDI
5f2b3521c6f997007ee2947b,AGAGGNYRSGALDY
5f2b3521c6f997007ee2947c,XXXXXXVYXCAXXXPAAXXGXXWFDP
5f2b3521c6f997007ee2947d,ARDXYSGSDSYYCDY
5f2b3521c6f997007ee2947f,ARGGYRRLRFLEWLLLRHPYYYYGMDV
5f2b3521c6f997007ee29482,ARVDVRLGELSYDY
5f2b3521c6f997007ee29483,AREKAISSSCDYYYGMDV
5f2b3521c6f997007ee29484,EGXVWGLLLLRLWTS
5f2b3521c6f997007ee29485,AXXXXAAAXYYYGMDV
5f2b3521c6f997007ee2948f,AXXHLXGXVXXYYYGMDV
5f2b3521c6f997007ee29490,ARIVVVPADWGYNWFDP
5f2b3521c6f997007ee29496,ARWDIVEVAAMIPEYFQH
5f2b3521c6f997007ee29498,ARXMXRXXXSXSCXXSYXGXDX
5f2b3521c6f997007ee294a5,ARSINYYYGMDV
5f2b3521c6f997007ee294a9,AIQVVETAKDYDFWSGYYIGNWFDP
5f2b3521c6f997007ee294ae,ARDLVVVEVPGATYDHISDAFEI
5f2b3521c6f997007ee294b6,ATGPQQWERSPPIVH
5f2b3521c6f997007ee294b9,ARSGYDYPFDY
5f2b3521c6f997007ee294bb,ARHGNVPPNYYGSGSYQDWFDP
5f2b3521c6f997007ee294bd,ARGRXXXSGYYFDY
5f2b3521c6f997007ee294bf,REXPSAYYVSGXXX
5f2b3521c6f997007ee294c2,AKDYFSVVPAAIGVDGGYFDL
5f2b3521c6f997007ee294c8,ARGGGSG
5f2b3521c6f997007ee294cf,ARVGVGGSYWGFDY
5f2b3521c6f997007ee294d0,AXXXXXTGXXGXXXGWXDX
5f2b3521c6f997007ee294da,EXDXSSTXRXXXGXLXXX
5f2b3521c6f997007ee294de,AKLHYYDSSGWDY
5f2b3521c6f997007ee294e1,ARGTTDRATPD
5f2b3521c6f997007ee294e4,ARVXYSSGFXPADCFDH
5f2b3521c6f997007ee294e6,ASISSSWPNAFDI
5f2b3521c6f997007ee294ea,EAXXQQQLGDLLXVRP
5f2b3521c6f997007ee294f3,XFDY
5f2b3521c6f997007ee294f7,ARQGEWGPGKPMVRGVRLRYFDL
5f2b3521c6f997007ee294fe,ARVRAPAGMATGWFDP
5f2b3521c6f997007ee294ff,AREKYSSGWSRGGPFDY
5f2b3521c6f997007ee29506,ARDLKAVPGFGIDC
5f2b3521c6f997007ee2950c,ARXXXXXXXXVWXSXXXQXXXY
5f2b3521c6f997007ee2950f,ARSETDCTHVSCHKGWIVS
5f2b3521c6f997007ee29510,AKGYCSSTSCYGSY
5f2b3521c6f997007ee29512,AKGYCSSTSCYGSY
5f2b3521c6f997007ee29514,ARRIYSGSYHWLGD
5f2b3521c6f997007ee29517,ARGGVLWFGDLYYPFDS
5f2b3521c6f997007ee29518,XLXXEDTAVXYCAXYDSSGXXXYGLAMDV
5f2b3521c6f997007ee29519,ARXRDIIVVTAARVRAFDI
5f2b3521c6f997007ee2951a,ARQTXEIAAAVDMHWYFDX
5f2b3521c6f997007ee2951d,AHRSYGSGSYDY
5f2b3521c6f997007ee29525,ARPXRXTMFAVVGYXFDY
5f2b3521c6f997007ee29529,ERSAIMYQLRIRPRVVRP
5f2b3521c6f997007ee2952c,ARXRXXXXYFDY
5f2b3521c6f997007ee2952f,RXKXRLXXXXXTADXXXXXS
5f2b3521c6f997007ee29531,ARXGAVXXXVXDGFDV
5f2b3521c6f997007ee29539,DKAAHTV
5f2b3521c6f997007ee29546,ARHSYYDSSGXVDY
5f2b3521c6f997007ee29547,QMNSLXAXDTAVYYCARXXXSXXXGGXGSXXXRXLEWLXGDYYYGMDV
5f2b3521c6f997007ee2954b,ARGESSSHAFDI
5f2b3521c6f997007ee2954f,ARHNFGDFWCSTSCYTEGAPPDNWFDP
5f2b3521c6f997007ee29550,TTEGHPSVLPGDV
5f2b3521c6f997007ee29552,ARDGTTYYGMDV
5f2b3521c6f997007ee29553,ARXXADXXXXGXXTXXXDX
5f2b3521c6f997007ee29556,ARSRYYYGSSSYYGLDY
5f2b3521c6f997007ee29557,CAXSRXXYDXSXXXGDY
5f2b3521c6f997007ee2955c,VRGEVAILVVPGATGGDF
5f2b3521c6f997007ee2955d,ARDLXGTXGSAYYYYGMDV
5f2b3521c6f997007ee29562,FDY
5f2b3521c6f997007ee29565,ARGTTTPTDIVVAPDDSYYFDY
5f2b3521c6f997007ee29569,AREGTGIGWPGYFDY
5f2b3521c6f997007ee2956d,ARXXRVXXXXXXXXXRXYYYGMDV
5f2b3521c6f997007ee2956e,XTAAXTXVXYCARXXXXXSGGSCYXXXXFDY
5f2b3521c6f997007ee29573,ARDTAVPAAMWEGDYYGMDV
5f2b3521c6f997007ee29575,AKDPPRSGGDGAVDY
5f2b3521c6f997007ee29576,RNYYYYGMDV
5f2b3521c6f997007ee2957c,ARGGVLWFGDLYYPFDS
5f2b3521c6f997007ee2957d,ARSWGGCSSVSCYWAEYVPH
5f2b3521c6f997007ee2957e,FDP
5f2b3521c6f997007ee2957f,ERLWLCRYGWGYRL
5f2b3521c6f997007ee29582,XRXRPXLQLPSXPXL
5f2b3521c6f997007ee29583,AKSPQDLVVITTALDY
5f2b3521c6f997007ee29588,ARXGGIRWLDLHDAFDI
5f2b3521c6f997007ee29589,ARDQIVGAPFDY
5f2b3521c6f997007ee29592,EVGRYGX
5f2b3521c6f997007ee29593,ARAXXXXXXXXXXXGXXXXXXXXXXXXLXAXDXXXXYCARXXXXXXXDXXXXXX
5f2b3521c6f997007ee29597,AEDTXVYYCAXDXXGXXXXXGGSCYSVXXDY
5f2b3521c6f997007ee29599,ATWDCSGGSCYPFDY
5f2b3521c6f997007ee2959a,ERXTXXWXXVELLLRYGR
5f2b3521c6f997007ee2959c,GRDDLIIEAGVDHYYGMDV
5f2b3521c6f997007ee2959e,ASLEGFDGSGSYYNEAFDI
5f2b3521c6f997007ee2959f,XXDGXXXXXXDX
5f2b3521c6f997007ee295a7,ARERGGRTRSSSLWSTGSDYYHGMDV
5f2b3521c6f997007ee295ae,AREVFDP
5f2b3521c6f997007ee295b1,ARGRELYYYGMDV
5f2b3521c6f997007ee295b3,EXTXXXGXSXRX
5f2b3521c6f997007ee295b7,TAADTAAYYXAXLPGSSXWVXX
5f2b3521c6f997007ee295b9,ARGXPXYWSSTXRCXXRXAIDY
5f2b3521c6f997007ee295c7,ARLPKYYFDESAFDI
5f2b3521c6f997007ee295c9,AXDXXGXGIXXXYFYGMDV
5f2b3521c6f997007ee295cb,ARPGDLRGSSSPDAFDI
5f2b3521c6f997007ee295cc,ARXXGXXXVAGXXGYXFDY
5f2b3521c6f997007ee295d2,AXGXGVXSXXDH
5f2b3521c6f997007ee295d5,VNLKPPSSGWYVGYYGMDV
5f2b3521c6f997007ee295d7,AREEEHGSGFDH
5f2b3521c6f997007ee295dc,ARDGGSSSRNYYYYGMDV
5f2b3521c6f997007ee295dd,ARHAADFWSGYPLLAVAGTGGSFDY
5f2b3521c6f997007ee295de,XXAXXXXYYCAXGXXXXXXXXLPAGMDV
5f2b3521c6f997007ee295df,ARSIKTPTYYYDSSGYWPKYYFDY
5f2b3521c6f997007ee295e7,ARDYYGDAAALPGAFDI
5f2b3521c6f997007ee295e8,ARGITMXPGPSYWXDY
5f2b3521c6f997007ee295ee,ARGTTTPTDIVVAPDDSYYFDY
5f2b3521c6f997007ee295f6,ATGPQQWELSPPIVH
5f2b3521c6f997007ee295fa,ARXXXXXXGXGDXXXDX
5f2b3521c6f997007ee29601,ARDRGYCTSRKCYTGNSATFDY
5f2b3521c6f997007ee29604,AKERLDSSKGLYYFDY
5f2b3521c6f997007ee2960b,ARDSNDGFXDX
5f2b3521c6f997007ee2960c,TRAYLPAATGAYNWFDP
5f2b3521c6f997007ee2960d,ASITMVRGVMSPYYGMDV
5f2b3521c6f997007ee2960f,XRXXXXTSXXTEPRLVXX
5f2b3521c6f997007ee29611,AXXXXXXXXXXYXXXAFDI
5f2b3521c6f997007ee29614,ASNYXXRSGXWSLRPWYFDL
5f2b3521c6f997007ee29615,AREAKRRTGGRDY
5f2b3521c6f997007ee2961d,ARDLHYFNYDSEYYFGS
5f2b3521c6f997007ee29621,ARDYYRAFDI
5f2b3521c6f997007ee29626,ARXKGXNFWSGSDV
5f2b3521c6f997007ee29628,ARDMNVRDSYGYFDY
5f2b3521c6f997007ee29629,ARAXXGXLXXHMDX
5f2b3521c6f997007ee29636,ARLRRGCSNQYYFDY
5f2b3521c6f997007ee2964a,EIKNSYPFVLLRYGR
5f2b3521c6f997007ee2964f,ARXXXXXDSXGXESXGNYFDY
5f2b3521c6f997007ee29650,AXXDLXXVVXXXXVLXLLFPNGMDV
5f2b3521c6f997007ee29654,VKEGGDV
5f2b3521c6f997007ee29655,ERXXXXXEXLXRLLRL
5f2b3521c6f997007ee2965a,ARXPLDYGSXYDLDV
5f2b3521c6f997007ee2965f,LSLRMTSVTVADTATYYCARHYSALDH
5f2b3521c6f997007ee29660,ATGPQQWELSPPIVH
5f2b3521c6f997007ee29662,ARVDDYGGY
5f2b3521c6f997007ee29663,ARAWCGGDCYGGFRNWFDP
5f2b3521c6f997007ee29665,ARXLXXXYXXSXDX
5f2b3521c6f997007ee2966b,ARADRFLEHLPHFQH
5f2b3521c6f997007ee2966d,VKGYLGVYDAFDY
5f2b3521c6f997007ee2966e,VRGPGRTAPEVNY
5f2b3521c6f997007ee29674,ACNALNYYYYGMDV
5f2b3521c6f997007ee2967f,AKXQRXRTYCSSXXXXRTLRCYYYYGMDV
5f2b3521c6f997007ee29692,ARRPKSDFWAFNLPNMNDAFDI
5f2b3521c6f997007ee29693,VRGPGRTAPEVNY
5f2b3521c6f997007ee29696,ARDSPEEFLSGHKYSHYGLDV
5f2b3521c6f997007ee29697,ADXAVYYXAXXXXTLXHDAFDX
5f2b3521c6f997007ee296a2,ARDRVGFICSGGSCFPWSDAFDI
5f2b3521c6f997007ee296a3,ARDTRSAIARRKNYYYYYGMDV
5f2b3521c6f997007ee296a6,RVGWELHSTTT
5f2b3521c6f997007ee296b5,ARAXXXKAVAGTGLXGGFDY
5f2b3521c6f997007ee296b9,ARDPQXYSYGCRGYDY
5f2b3521c6f997007ee296bb,AHXRIVVVPAAISDAFXI
5f2b3521c6f997007ee296be,ARDXRGTAARYFDY
5f2b3521c6f997007ee296bf,ARQAPASAAAGSVXDY
5f2b3521c6f997007ee296cd,AXSXGXXXAQXXXDX
5f2b3521c6f997007ee296cf,XRXXVXXXGXXXXXR
5f2b3521c6f997007ee296d0,ARDWGGGITMIVEPMDV
5f2b3521c6f997007ee296d4,ARHTQYSSSWYSEIDY
5f2b3521c6f997007ee296d5,ARGFYQLLYRPDSGYYYYYYGMDV
5f2b3521c6f997007ee296e4,ARDALAFDI
5f2b3521c6f997007ee296ee,AREPPPSTSYCSSTSCYLGVAYGMDV
5f2b3521c6f997007ee296fd,ARGRELDYYGMDV
5f2b3521c6f997007ee29700,ARGRVGKYIVVVVAATHDVFDY
5f2b3521c6f997007ee29701,AXVRFWEWRYGXAFDY
5f2b3521c6f997007ee29707,KRYNGLLXLWSWLFGVS
5f2b3521c6f997007ee29708,ARRKGSNSXRPWNXWAFDI
5f2b3521c6f997007ee2970b,ARGXGCSSCXXXGYYYYGMDV
5f2b3521c6f997007ee29712,ARGGIIVATEREFDY
5f2b3521c6f997007ee29719,AXXLVXXXYYYGMDV
5f2b3521c6f997007ee2971e,AXLQAIT
5f2b3521c6f997007ee2971f,XXXXRAXVVVVAATQGGYXDY
5f2b3521c6f997007ee29721,GPFDX
5f2b3521c6f997007ee29725,AGSGGLDY
5f2b3521c6f997007ee29726,ARGXXXHGFDI
5f2b3521c6f997007ee29729,ARYSTSDAVWY
5f2b3521c6f997007ee2972d,ARLXXXGXXFXX
5f2b3521c6f997007ee29735,ARDIRTNVSSGPA
5f2b3521c6f997007ee29737,ARTRNDSWGGPTQNYFDY
5f2b3521c6f997007ee2973a,SNXXXXXDY
5f2b3521c6f997007ee29740,ARSYQLLYDFDY
5f2b3521c6f997007ee29742,ERXKPVXGRPLLLRRVXTS
5f2b3521c6f997007ee29744,ARHGLSIFGVVMNWFDP
5f2b3521c6f997007ee2974e,ANIVVGRASNYDDAFDI
5f2b3521c6f997007ee29751,ARPXXWRXXPYYFDY
5f2b3521c6f997007ee29753,AKAILYRSTSDSSGWFNDY
5f2b3521c6f997007ee29757,ARDSGTYYPGYYYYGVDV
5f2b3521c6f997007ee29758,ARXWEPXXXFXX
5f2b3521c6f997007ee2975a,ARRXXYCSXXSXFDY
5f2b3521c6f997007ee29765,XXHGXXLXCEXXXXXXXXVXPXGHYGMDV
5f2b3521c6f997007ee29767,ARYVGSVAGHFLGY
5f2b3521c6f997007ee29768,SSYPDIVVVPAQSRWFDP
5f2b3521c6f997007ee2976c,XXXXXXXXXXXAXXLXXXPCITVREXMXXGXXXGAFDI
5f2b3521c6f997007ee29770,ARTKWLVPGGDY
5f2b3521c6f997007ee29774,ARGYRLGFWSGYSDTYYYYGMDV
5f2b3521c6f997007ee2977a,ARSAPCSTTSCYQDGMDA
5f2b3521c6f997007ee2977c,AKGDYDFWSGYHH
5f2b3521c6f997007ee2977e,ARDGRVPKAVGDPFGVVPRGMDV
5f2b3521c6f997007ee29785,ARGKDYFDSTGYLIDY
5f2b3521c6f997007ee29786,ARSAAADPQLDY
5f2b3521c6f997007ee2978f,ARVGGGXEAAGAGYYYGMDV
5f2b3521c6f997007ee29793,AXXRXXXXXXXXXXYGMDV
5f2b3521c6f997007ee29798,XXXCARXXPVFXTAXLGX
5f2b3521c6f997007ee2979a,ARGPPITIFGVVTWGPGYGMDV
5f2b3521c6f997007ee2979b,ARGAXXDSGXDY
5f2b3521c6f997007ee2979c,ARGVVPAMSNYYYYGMDV
5f2b3521c6f997007ee2979d,ARDLGSYDYVWGSYRTNQYYFDY
5f2b3521c6f997007ee2979f,AVYYCARVIXXXXXVXPXXXDAFDX
5f2b3521c6f997007ee297a0,XXXXEXXXXXGXYXPXXWXDX
5f2b3521c6f997007ee297a2,TRIQLWWLLLLRYGR
5f2b3521c6f997007ee297a3,AREPYYGSGSYSNDY
5f2b3521c6f997007ee297a9,ARIVPALYFVVVVAATRSSWYFDL
5f2b3521c6f997007ee297ab,GRLFPDXDILTGYDYYFDY
5f2b3521c6f997007ee297ac,ARVGRKSRSYTY
5f2b3521c6f997007ee297b3,ARVFVYXXXXXXXXXXXXXXXVXXXXXXXXXGPLVXDAXXI
5f2b3521c6f997007ee297b7,ARWVEDGGNCFDY
5f2b3521c6f997007ee297bb,VRDSLQYCRRTSCYEHDY
5f2b3521c6f997007ee297bc,XNXXGY
5f2b3521c6f997007ee297bd,ARXXPXTGXDX
5f2b3521c6f997007ee297c0,CARXXPLXXXSXSCXXXXXXDX
5f2b3521c6f997007ee297c7,AKGLPSRYFDS
5f2b3521c6f997007ee297c8,AXVXFXGXXXYYXDY
5f2b3521c6f997007ee297cf,ARXXXRXGXGHPXFDP
5f2b3521c6f997007ee297d0,XXXXXXXXAVYYXAXVSXGXXGXXFXX
5f2b3521c6f997007ee297d2,ARDAAGPGLTDD
5f2b3521c6f997007ee297d6,ATGPQQWELSPPIVH
5f2b3521c6f997007ee297e2,DARGVLRYFDWFRRSSPMPG
5f2b3521c6f997007ee297e7,XXXDX
5f2b3521c6f997007ee297ea,AREGKKKIAGAPAAYYGMDV
5f2b3521c6f997007ee297ec,AXGPLNRYSGYDSYYYYGMDV
5f2b3521c6f997007ee297f6,XSXTAADXAVYXXARRVGATNWXDP
5f2b3521c6f997007ee297f8,ARGTXTIXXAVLGY
5f2b3521c6f997007ee297fa,XXXXXGLXXXVXRX
5f2b3521c6f997007ee297fc,EPXXGYYGVXELVRP
5f2b3521c6f997007ee297fe,TTDLSGSYYGDY
5f2b3521c6f997007ee29806,AREGYNSGLVDY
5f2b3521c6f997007ee29813,ARVRRSRGPVMQYFQH
5f2b3521c6f997007ee29815,ARXXGESGXXXXXYXXLXXLXSDDTAVYYCARXXXGGXGXYXDY
5f2b3521c6f997007ee29816,YXCAGLMYXDFWSGYPGXNWXDP
5f2b3521c6f997007ee29818,VRQIRPLEQ
5f2b3521c6f997007ee2981a,XXXGXXLLCEXDXXPXXXXXVAXDXXXXFDY
5f2b3521c6f997007ee2981d,WDYYYGMDV
5f2b3521c6f997007ee29826,TREKARSAAGWAGYAGAFDI
5f2b3521c6f997007ee29830,ESNGPNELFSEWLWRRLRYGR
5f2b3521c6f997007ee29831,ARGGXXXXYYYGMDV
5f2b3521c6f997007ee29833,ARDGTYGSGGDCYFDF
5f2b3521c6f997007ee29834,ARPXXPXXXXXXXXFXX
5f2b3521c6f997007ee29835,ARHEDSSSLGYFQH
5f2b3521c6f997007ee29836,ARPSYCSSTSCCWLDAFDI
5f2b3521c6f997007ee29838,ARXLEDTAMVRDY
5f2b3521c6f997007ee2983b,ARDXVXXGYSDAFDI
5f2b3521c6f997007ee2983e,ARGQGXPYWGQGTLWXCNKYYADSVKGRFTISRDNSKNTLYLQMNSLRAEDTAVYYCARGGGAAGPLVFDY
5f2b3521c6f997007ee29840,ARDRSSSAGRYYYYYGMDV
5f2b3521c6f997007ee29842,TTVWVLENYYDSSGYYDPGAFDI
5f2b3521c6f997007ee29845,XRGYGSGXXVDY
5f2b3521c6f997007ee29848,YYCARXXXXCXXTSCXXNXQQLVXSNYYYYYGMDV
5f2b3521c6f997007ee2984d,ERSICGRYGR
5f2b3521c6f997007ee2984f,ARAPYSSGWTPLDY
5f2b3521c6f997007ee29853,ARGGYCGGDCQQTKKTEYFQH
5f2b3521c6f997007ee29856,ARVXFXEXLGXXXMDX
5f2b3521c6f997007ee29857,ARGGSRSYGRLLSGKDDY
5f2b3521c6f997007ee2985a,ARVGYGGYEELDY
5f2b3521c6f997007ee29863,ARAQNYFDSSGYYENLSFDS
5f2b3521c6f997007ee29865,EMRKGTLLRYGR
5f2b3521c6f997007ee29869,AKDITFSGSYGPMGN
5f2b3521c6f997007ee2986b,ARGVVPAASDH
5f2b3521c6f997007ee2986d,VRASPRMTHAFDV
5f2b3521c6f997007ee29871,ARREYCSGGRCYYYPMFDY
5f2b3521c6f997007ee29872,LKLTSVTAADXAVYHCANSDSGVHRY
5f2b3521c6f997007ee29874,ESXGVHRLWTTXFAVVPLGR
5f2b3521c6f997007ee29879,ARDLSSWYGGDDY
5f2b3521c6f997007ee29882,AREICSSTSCSTYYFDY
5f2b3521c6f997007ee29888,AREGRYYDSSGYXGAFDI
5f2b3521c6f997007ee2988a,ARDPPPYDFWSGYLIS
5f2b3521c6f997007ee2988b,ARQPSRYSPLDY
5f2b3521c6f997007ee29892,ARARXXCSRTSCFXXFDY
5f2b3521c6f997007ee29897,TAADTAVYYCARXXXXXDXLXCSXXSCXXXXXXX
5f2b3521c6f997007ee29899,ARDADYSGSYSDAFDI
5f2b3521c6f997007ee2989e,WFDP
5f2b3521c6f997007ee298a0,AKXHRXLLDY
5f2b3521c6f997007ee298a6,ARXXRXXDAFDI
5f2b3521c6f997007ee298a8,AXEXGYCSSTSCYLIHDY
5f2b3521c6f997007ee298b0,ARDDSGDVDY
5f2b3521c6f997007ee298b2,AXXXXXXXXXXFDY
5f2b3521c6f997007ee298b4,ARSMVRGVISYYYYGMDV
5f2b3521c6f997007ee298ba,ARDLXXXXXXYXXWSXXXGNXDX
5f2b3521c6f997007ee298bf,AXXXXXXXYGMDV
5f2b3521c6f997007ee298c0,ARRRXAXAGAXDI
5f2b3521c6f997007ee298c1,ARDXXXXXGXDX
5f2b3521c6f997007ee298c2,ARXLLWVVVDRYCYFDY
5f2b3521c6f997007ee298c5,ARGRHYGSGSFLKY
5f2b3521c6f997007ee298c7,AAGDIVLMVYATIFDI
5f2b3521c6f997007ee298cb,ARLAMYCSGWCYGNGIDD
5f2b3521c6f997007ee298d2,AXXXRXRNGSSWYQGYYFDY
5f2b3521c6f997007ee298d9,ARHTGYGDYYFDY
5f2b3521c6f997007ee298dc,ARHYDGDYGDY
5f2b3521c6f997007ee298dd,AHSGYGGIAAAY
5f2b3521c6f997007ee298e8,ARSYYDFWSGYPKFDY
5f2b3521c6f997007ee298ea,AXDRXTXXSGXSCYPFDY
5f2b3521c6f997007ee298ec,AXXSSWGYVTDY
5f2b3521c6f997007ee298ee,ERLLRFLEWLLLL
5f2b3521c6f997007ee298f5,ARQGRXIPAXXY
5f2b3521c6f997007ee298fb,ARGSRRITMVVVAAXFDY
5f2b3521c6f997007ee298fc,ARDSHIAAGGYAFDY
5f2b3521c6f997007ee298fe,ARGXYXAXGSPDYYYGMDV
5f2b3521c6f997007ee298ff,ARGRELYYYGMDV
5f2b3521c6f997007ee29907,ARERXXXXGY
5f2b3521c6f997007ee29909,ARVPGGXVVTGDXYFDY
5f2b3521c6f997007ee2990e,ERXGGNSELLLLXYGR
5f2b3521c6f997007ee2990f,ARGXXXXYDFWSGXPXYXYGMDV
5f2b3521c6f997007ee29917,AKMGSEGPYNWFDP
5f2b3521c6f997007ee2991d,ARANCCSSCYGRDFDY
5f2b3521c6f997007ee29920,EXVXVXVXIXGRFGL
5f2b3521c6f997007ee29921,ARGPHRGRGSSGWYVDY
5f2b3521c6f997007ee29922,AXEMXWELQTLXXXXXXMXX
5f2b3521c6f997007ee29926,AKGQSDFGVLTSYGMDV
5f2b3521c6f997007ee29929,ARIGLGSYYGMDV
5f2b3521c6f997007ee29932,DY
5f2b3521c6f997007ee2993c,ERSPKSVFRL
5f2b3521c6f997007ee2993e,AREDRLDYDFWSGLSPWYYGMDV
5f2b3521c6f997007ee29941,ARXGAMVRGIGYYGMXV
5f2b3521c6f997007ee29947,ARDRYTLEPYSSGWLLDAVG
5f2b3521c6f997007ee2994b,ARLSRGGWYFDL
5f2b3521c6f997007ee2994d,MTRXTSXSTAYMXLSSXRSDDTAVYYCARGYYDFWSXYYIGYYYYGMDA
5f2b3521c6f997007ee29951,ARDPWSGYLRYYYYGMDV
5f2b3521c6f997007ee29953,ARIRYYRRIAAAGYYFDY
5f2b3521c6f997007ee29955,AXXEXXTGKXXXGMDX
5f2b3521c6f997007ee2995b,ETRGVRFLEWLRL
5f2b3521c6f997007ee29965,ARDGSGYYYGNLDY
5f2b3521c6f997007ee29966,ARXXXXXXWXDX
5f2b3521c6f997007ee29972,AXDXAVXRSXYXSSGYXXXXXXY
5f2b3521c6f997007ee29978,ASCDRGSSTSCYLGDAFDI
5f2b3521c6f997007ee29981,ARDQEYDLTSRYLDY
5f2b3521c6f997007ee29983,ARVLGYYYAMDV
5f2b3521c6f997007ee29987,ERRWIQLWLLRL
5f2b3521c6f997007ee29988,ARDGGXSXGVRYFDY
5f2b3521c6f997007ee2998b,YGDYGDDVDY
5f2b3521c6f997007ee2998f,XXLCXXXXXXXXXGXVXRFXXXX
5f2b3521c6f997007ee29991,AREEGSTSCYEGLGFDF
5f2b3521c6f997007ee29994,AXXPQXXXVXTTXXDX
5f2b3521c6f997007ee29999,ARLRGGYGSGSPLYYYYYGMDV
5f2b3521c6f997007ee2999a,ARDPIKSSELEISTGFDY
5f2b3521c6f997007ee299a3,AVYQSTYYFDS
5f2b3521c6f997007ee299a7,AXXXXXXXXXXXXX
5f2b3521c6f997007ee299ad,ARDXPAYNAXXXXYGIDY
5f2b3521c6f997007ee299ae,GVXXX
5f2b3521c6f997007ee299b2,ARXWXVXXXXFDY
5f2b3521c6f997007ee299b3,REXXDGVXQXXXTXTT
5f2b3521c6f997007ee299b8,AXSXXXYXXXXXWFDP
5f2b3521c6f997007ee299bb,ASPXVIXXXAGMDV
5f2b3521c6f997007ee299bf,ARXXXXXXVTTXXDY
5f2b3521c6f997007ee299c0,ARXGXXXXXXXFXX
5f2b3521c6f997007ee299c1,ATDEWMATGANLDH
5f2b3521c6f997007ee299c3,AXAXLLXQXQXXXXDY
5f2b3521c6f997007ee299c4,ARGXMXGVGMGYGTPNCYYYGMDV
5f2b3521c6f997007ee299c9,ARYCSGGSCDGVVGY
5f2b3521c6f997007ee299cc,VRDRTAVAGVGIDY
5f2b3521c6f997007ee299ce,ASXXXSXXCSGXSCXXXXFDY
5f2b3521c6f997007ee299cf,ARXXLGLLXXXXGXCYYXXXDY
5f2b3521c6f997007ee299d4,AXDY
5f2b3521c6f997007ee299d7,XTDLPRXXXXXXXXVXXXDY
5f2b3521c6f997007ee299db,ARAAWELSPIGDY
5f2b3521c6f997007ee299de,ARHSGYCSGGSCYHLYYYYYGMDV
5f2b3521c6f997007ee299e5,AKDISRFSGAAAGRGYFDL
5f2b3521c6f997007ee299eb,AKGKGSANSAMARSYYYGMDV
5f2b3521c6f997007ee299f5,ARIDYFDY
5f2b3521c6f997007ee29a00,ARGPYASESTQHFRASAATSYFDY
5f2b3521c6f997007ee29a0d,ERWDRFLDWFNGL
5f2b3521c6f997007ee29a0f,ASXXXDXGXXSXXX
5f2b3521c6f997007ee29a10,AHXXXXXXXXXDY
5f2b3521c6f997007ee29a14,VKAAGWELRNWYFDL
5f2b3521c6f997007ee29a17,AXEXYYXXPXXYYYYGMDV
5f2b3521c6f997007ee29a1a,ARDVSGVPASN
5f2b3521c6f997007ee29a21,AKVYSNSWWGIDY
5f2b3521c6f997007ee29a23,AGGRSGGVVTVYYYGMDV
5f2b3521c6f997007ee29a24,ARALEPLVGAHLYNWFDP
5f2b3521c6f997007ee29a2b,AIQNTXADNNEASPTYYDFWSGYYAP
5f2b3521c6f997007ee29a2f,XXXXWXXXXXFDY
5f2b3521c6f997007ee29a34,ARXXXGVXXQLAXXFXX
5f2b3521c6f997007ee29a39,ARXXXXSWXGVDY
5f2b3521c6f997007ee29a3a,ARGGAXFGSXXV
5f2b3521c6f997007ee29a3d,ARDXQGXAAAGXXXFDY
5f2b3521c6f997007ee29a40,AXGXXEWLXXNXYYYYGMDV
5f2b3521c6f997007ee29a42,AREGGACGGDCYSSRWGDAFDI
5f2b3521c6f997007ee29a43,ARXXXYGXXXXXDYVFSGWFGMDP
5f2b3521c6f997007ee29a46,KKLGVAAGSLLLLLLLRYGR
5f2b3521c6f997007ee29a4c,TTDRDWFDP
5f2b3521c6f997007ee29a4e,ATPKTRVGATSASPFDY
5f2b3521c6f997007ee29a53,ARGXEVVAATXWFDP
5f2b3521c6f997007ee29a58,ARGGHYYDSSGYLQGGAFDI
5f2b3521c6f997007ee29a5b,AXXXXXXYGXXXGXX
5f2b3521c6f997007ee29a60,AXLTYYYDSSGYYYGSKEANWYFDL
5f2b3521c6f997007ee29a61,ARXXXSXXXFXYGMDX
5f2b3521c6f997007ee29a62,ASPAFTDSSAY
5f2b3521c6f997007ee29a63,ARQLGYGXFDXLLXDAFXI
5f2b3521c6f997007ee29a65,ASQRYGSGSYYFDY
5f2b3521c6f997007ee29a69,ASRGVRGFIIGQIWLDP
5f2b3521c6f997007ee29a6a,AKDFEGAVVVAAQADY
5f2b3521c6f997007ee29a79,ASRAQWGSSACYYYYGMDV
5f2b3521c6f997007ee29a7b,ARVXGGXVTGYYYXIDY
5f2b3521c6f997007ee29a8c,AKLSISHYYGMDV
5f2b3521c6f997007ee29a8e,ARXXRIVVTLLXSFDY
5f2b3521c6f997007ee29a97,ARXXDSSXWXWXYYYYGMDV
5f2b3521c6f997007ee29aa1,ARVGIKLGSEYYYYGMDV
5f2b3521c6f997007ee29aa4,ASPMNAAAAEYENYYYYGMDV
5f2b3521c6f997007ee29aab,AHRXPHYGGNSDAFDI
5f2b3521c6f997007ee29aad,ARDRCSFWSGXYRYYYYGMDV
5f2b3521c6f997007ee29ab5,ARIRSFGRVGARPGVFDY
5f2b3521c6f997007ee29ac0,ARQWCSSTSCQMGLGYYYYGMDV
5f2b3521c6f997007ee29ac1,ERGSQLVQLVRP
5f2b3521c6f997007ee29ac8,ARDRGGSGSYYNVYFDI
5f2b3521c6f997007ee29acf,GREGGFDAFAI
5f2b3521c6f997007ee29ad0,VRRRGDGTRDF
5f2b3521c6f997007ee29ad5,VRVPAADWYFDL
5f2b3521c6f997007ee29ad6,XXXXXXMDY
5f2b3521c6f997007ee29ad9,GGPYNWNSRDYYYGMDV
5f2b3521c6f997007ee29adc,ERRIRGXXRIXLLRYGR
5f2b3521c6f997007ee29add,ARXSLSRGGAFDI
5f2b3521c6f997007ee29ade,ARXRYVXXXXXPXXXXXXXHXXXXXXEPVXPEAELCDRRGHGCVLLCEXYVXXXXXXRXXAFDX
5f2b3521c6f997007ee29ae4,AXXNCXXXXXYXDX
5f2b3521c6f997007ee29ae7,ARGDSVVVVPAAIRTPPHFDY
5f2b3521c6f997007ee29aea,ERKRRWQLLVLRYGR
5f2b3521c6f997007ee29af2,AKSPQDLVVITTALDY
5f2b3521c6f997007ee29af3,VGFDY
5f2b3521c6f997007ee29af4,AXXSGXKTXGXDFDY
5f2b3521c6f997007ee29af8,ARRKYYGXXFGELLSXX
5f2b3521c6f997007ee29afa,ARHSPHFDSGSYFDY
5f2b3521c6f997007ee29afb,ARDSVDTAMFDF
5f2b3521c6f997007ee29afc,ARARWAGGSGSYYRLDY
5f2b3521c6f997007ee29b00,ARGGAPDHVLHMGGDAFDI
5f2b3521c6f997007ee29b0a,EKQRELLPLLVLRS
5f2b3521c6f997007ee29b0b,RGGXWVLXXXXWXXRGSGXXXXXX
5f2b3521c6f997007ee29b0d,AREKXXNDFDX
5f2b3521c6f997007ee29b13,ARXXXRRVXAAIXXGY
5f2b3521c6f997007ee29b15,ARDRLYGSSGXXYXGYFDF
5f2b3521c6f997007ee29b1a,ARDWGNSRNRQIGNSSDWSGGGGC
5f2b3521c6f997007ee29b1c,ARAWDLGSSYARDFDY
5f2b3521c6f997007ee29b1e,VRDDWSCTGSNCYRVIXH
5f2b3521c6f997007ee29b20,LGALPGLTIFGVVIETRPCTTLTT
5f2b3521c6f997007ee29b24,AXXXXXXXXXXYYXGXDX
5f2b3521c6f997007ee29b29,ERSXCRGXXILLLS
5f2b3521c6f997007ee29b31,DY
5f2b3521c6f997007ee29b36,AXXGVDTATVVYXXYGXDV
5f2b3521c6f997007ee29b3a,ARNRYYDTSGYYTNDAFDI
5f2b3521c6f997007ee29b40,ARDLLNAGCDYYGMDV
5f2b3521c6f997007ee29b47,ARGXRYXDX
5f2b3521c6f997007ee29b48,ACLSTAGWGNPGKYRSGWYSDY
5f2b3521c6f997007ee29b49,AREKVSRDGYISYYYGMDV
5f2b3521c6f997007ee29b4f,ARQVPTTIFWSYDAFDI
5f2b3521c6f997007ee29b53,RXXXXXLXXDXTTTTVWTS
5f2b3521c6f997007ee29b55,ARVGAVEXYDAFDI
5f2b3521c6f997007ee29b5a,ARRVAVGPPYYFDS
5f2b3521c6f997007ee29b5d,TRDCTSCLPPYYYYGMDV
5f2b3521c6f997007ee29b5e,ARGXXVDFAVVXFDY
5f2b3521c6f997007ee29b64,ARDRVEXXXYYGMDX
5f2b3521c6f997007ee29b65,XXXXQWLXPNYYXXYGMXX
5f2b3521c6f997007ee29b6d,AREESGWLNGRFYGMGRCDY
5f2b3521c6f997007ee29b70,ARAKIVSDCSDNFDY
5f2b3521c6f997007ee29b72,ARGGSSGYYYDVNWFDP
5f2b3521c6f997007ee29b78,ARXXXGXXXXPSYDILTGXXXXGMDV
5f2b3521c6f997007ee29b80,ARGGSSSRERWFDP
5f2b3521c6f997007ee29b82,ARTRATSNCVWGSYRQIFDY
5f2b3521c6f997007ee29b85,AXXXXRITIFGXXXXXDAFDI
5f2b3521c6f997007ee29b8a,VXGGVXXAXXIRXFXX
5f2b3521c6f997007ee29b8b,EPTGIRNEYSSSSSLVRP
5f2b3521c6f997007ee29b8d,ANHYGRITIFGGNIGDDAFDI
5f2b3521c6f997007ee29b8e,ARVYTRNCGGDCLNKPGDWFFDL
5f2b3521c6f997007ee29b92,ARVGSVLVVGVTRDSFDY
5f2b3521c6f997007ee29b94,ARGRIYYDSSGYSPSSVFDP
5f2b3521c6f997007ee29b95,ARVMFGVVLSSYDY
5f2b3521c6f997007ee29b99,VXXXXLQISSLKAEDTAVYYCARDRLNWFMDP
5f2b3521c6f997007ee29ba1,ESXSXXXXXIXX
5f2b3521c6f997007ee29ba2,AKAHYYDSSGYPDAFDI
5f2b3521c6f997007ee29ba7,ARVAMXPVVGATRLYGIDI
5f2b3521c6f997007ee29ba8,ARVKDAGVSAYCAFDF
5f2b3521c6f997007ee29ba9,ARRVPAAVGYYWFDX
5f2b3521c6f997007ee29bab,ARALEWYDAFDI
5f2b3521c6f997007ee29bad,XDXAKNXLYLXXNSXXAEDTAVYYCAXXXVXXAXRXNAFXI
5f2b3521c6f997007ee29bb0,ARDGDGDNRRPYYQYGMDV
5f2b3521c6f997007ee29bb1,ATGLNQLVHG
5f2b3521c6f997007ee29bb2,ARXRGWSRDAXDI
5f2b3521c6f997007ee29bb6,ARQLLAVAGSYNWFDP
5f2b3521c6f997007ee29bbb,ERSLPVWFGELSSLVRP
5f2b3521c6f997007ee29bbc,ARDGGWLGYYGFDV
5f2b3521c6f997007ee29bbd,ARDRXXGXCXXXXD
5f2b3521c6f997007ee29bd2,ARGIGXXYYYGMDV
5f2b3521c6f997007ee29bd3,ATVSDYYYYGMDV
5f2b3521c6f997007ee29bdc,AXXXYXXXLXXDX
5f2b3521c6f997007ee29bdd,ARDNGVAPRLLDY
5f2b3521c6f997007ee29be3,AREEIVVVPAAILTDYYYGMDV
5f2b3521c6f997007ee29be4,ARVAPTVTSSPYISLPSTYGMDV
5f2b3521c6f997007ee29be6,AREGGRYYYDSSGYGHYYFDY
5f2b3521c6f997007ee29bfb,ARIRHRCPDSRCPRPTPYDPCDK
5f2b3521c6f997007ee29c00,ARVLRYFDWLLSTRPPYGMDV
5f2b3521c6f997007ee29c08,AXXXAAXXXGYXXWYXXX
5f2b3521c6f997007ee29c0a,ARGPPGDVLXAXXXSFDY
5f2b3521c6f997007ee29c13,ERWHSSSSPA
5f2b3521c6f997007ee29c19,ARXXXXCIDY
5f2b3521c6f997007ee29c1a,ERXXXXXXXXXXXGX
5f2b3521c6f997007ee29c1c,ARGTGTTLDYGMDV
5f2b3521c6f997007ee29c22,ASPASVGFYGGLDY
5f2b3521c6f997007ee29c2b,HTXIAAAGGRVLLIS
5f2b3521c6f997007ee29c2f,DGMDV
5f2b3521c6f997007ee29c30,ARGRVRDGYPAGAFXI
5f2b3521c6f997007ee29c37,ATEDNNGCFQVLRQ
5f2b3521c6f997007ee29c3e,ARVGGVRDCSSTSCS
5f2b3521c6f997007ee29c44,ARDDRAIQH
5f2b3521c6f997007ee29c49,Y
5f2b3521c6f997007ee29c4a,AREIRYCSSTSCSTSSWYYYYGMDV
5f2b3521c6f997007ee29c4e,TKDRYCDGGYCPTDY
5f2b3521c6f997007ee29c52,AKDPIVPGYFDY
5f2b3521c6f997007ee29c56,SNIRGFGWAPTDAFXI
5f2b3521c6f997007ee29c57,ARDXVRGVXPFXRDFDY
5f2b3521c6f997007ee29c58,DXSTSTAYXXXXSXXXXXXAXYYCAXGXHXXXXAXAGLXXXXDY
5f2b3521c6f997007ee29c5b,ASMLWLRGRRGAFDI
5f2b3521c6f997007ee29c5d,AKGSYYYGSRTYYLLN
5f2b3521c6f997007ee29c5f,ARADNSGYDPFDF
5f2b3521c6f997007ee29c62,XAXXXXSXLXXEXXXXXXXAXXXXXXXGSXYAYYYYGMDV
5f2b3521c6f997007ee29c67,ASGVGAAAAGSETSDY
5f2b3521c6f997007ee29c6c,XTXXXXMNSLXAEDTAVXYCARXSVDXAXXXXXXXI
5f2b3521c6f997007ee29c6e,ARDHAGGKRAVDY
5f2b3521c6f997007ee29c7a,ARXXGSXVGXXXXXYXGXDY
5f2b3521c6f997007ee29c86,ARQKFRYIIGRSFFDY
5f2b3521c6f997007ee29c87,ATSGTPFQH
5f2b3521c6f997007ee29c90,HGLRRGEGSGSYPQGPWTTTTVWTS
5f2b3521c6f997007ee29c92,ARVGLYYDFWNARNSYLDS
5f2b3521c6f997007ee29c96,ARDPVYGSGAYGMDV
5f2b3521c6f997007ee29ca1,RQVAPPSST
5f2b3521c6f997007ee29ca2,ERSRAWLQFLRA
5f2b3521c6f997007ee29ca4,ARXPXXSVAPGYYYYGMDV
5f2b3521c6f997007ee29cb0,ARDRRYNWNDDIYYYYYGMDV
5f2b3521c6f997007ee29cb3,AKDRSYSSSWYGVYYYGMDV
5f2b3521c6f997007ee29cb4,VRXYFCTESTCHPDY
5f2b3521c6f997007ee29cb6,TRAAVMGPGGKSPSCAH
5f2b3521c6f997007ee29cb7,V
5f2b3521c6f997007ee29cba,ARDXGXVAGRXXXHGIDY
5f2b3521c6f997007ee29cc0,ARSVWFGELSLYYYGMDV
5f2b3521c6f997007ee29cc9,AMSREAYSSSWYAYYYGMDV
5f2b3521c6f997007ee29cca,VKVDLMVGGPIGAMDV
5f2b3521c6f997007ee29cd8,TTWGSTNARLWSSGQWTFDI
5f2b3521c6f997007ee29cdc,AKGLPSRYFDS
5f2b3521c6f997007ee29cdf,AKDISVXMVYAYFDXYYGMDV
5f2b3521c6f997007ee29ce1,ARXXXXXSXXXXSXGGLXY
5f2b3521c6f997007ee29ce2,ARSLTXXGVXXXAFXX
5f2b3521c6f997007ee29ce6,AREYGDWAKDPLRIAAAGTGAFDI
5f2b3521c6f997007ee29ceb,XGXDX
5f2b3521c6f997007ee29cec,ARDSGY
5f2b3521c6f997007ee29cf0,XXXXXFXX
5f2b3521c6f997007ee29cf1,ARDAPYDSSGYYPFDY
5f2b3521c6f997007ee29cf6,XXXXAXXXXXXXXXXXGXXXXXXYYGMDV
5f2b3521c6f997007ee29cfe,ARXGXXXXXGXXXAFDI
5f2b3521c6f997007ee29cff,AXXGXXCSXGXCXDY
5f2b3521c6f997007ee29d03,RQSRSPQRRRDTTNTTTTVWTS
5f2b3521c6f997007ee29d07,ARGXXXXDXFDX
5f2b3521c6f997007ee29d0c,ARDIGGPPTILHNYGMDV
5f2b3521c6f997007ee29d0d,ARGGIVVVTAEDWYFDL
5f2b3521c6f997007ee29d12,ARGAHDSSGSTPGY
5f2b3521c6f997007ee29d13,XXXYYCYGMDV
5f2b3521c6f997007ee29d1c,ARESGSHPLWFDP
5f2b3521c6f997007ee29d28,AITEIGDIVVVPAAMAGYYYGMDV
5f2b3521c6f997007ee29d2a,ARXXXCGSXCXXYSSSMDV
5f2b3521c6f997007ee29d2c,TSXGGVPATTYYYYGMDV
5f2b3521c6f997007ee29d34,XXXXXXXX
5f2b3521c6f997007ee29d35,PXFDY
5f2b3521c6f997007ee29d3f,AREDTIXGXGYYFDY
5f2b3521c6f997007ee29d40,ARLPAVSATXTDAFDF
5f2b3521c6f997007ee29d41,ARAKSGYFRFDP
5f2b3521c6f997007ee29d4a,ARGCSGGSCYFYYYYGMDV
5f2b3521c6f997007ee29d4c,ARAGLXFWXXHYGMDVWGXXXXXXXFXXAADXAVYYXAXAGXXFXXGXYGMDV
5f2b3521c6f997007ee29d4d,VRGPGRTAPEVNY
5f2b3521c6f997007ee29d55,ARDYGAYIHAVDI
5f2b3521c6f997007ee29d56,XXAEDTAVYYCARXXXXATVXYXYYXDX
5f2b3521c6f997007ee29d58,ARDQXSTXXXYYXXMDV
5f2b3521c6f997007ee29d59,ARLDLIVGRDY
5f2b3521c6f997007ee29d5d,ASLPLDIVVVVAATPGQAFDI
5f2b3521c6f997007ee29d6b,AXEGXSGGSCXLDX
5f2b3521c6f997007ee29d6c,ARXXXYXXSGXFTXDY
5f2b3521c6f997007ee29d70,AHNVRGDDFWSGRYYYGMDV
5f2b3521c6f997007ee29d71,ARDRRLYGDYGNSNFDYYSGMDV
5f2b3521c6f997007ee29d77,ARGREDWNDVPYYDS
5f2b3521c6f997007ee29d7d,ARDXALEGFLEXLSXYGMDV
5f2b3521c6f997007ee29d83,AKSSGWYGGDNAFDI
5f2b3521c6f997007ee29d85,ERXXGXVVXKXXXXLXL
5f2b3521c6f997007ee29d8c,REAGYQLLAGLPMVLIA
5f2b3521c6f997007ee29d8d,AREXXXVPAAKIXXTTXXXLDY
5f2b3521c6f997007ee29d96,AXDRAEELVRGYYYGMDV
5f2b3521c6f997007ee29d98,AXXTAVXYCARXXXXXXXYXXXXXXXXXXXXXXXDX
5f2b3521c6f997007ee29d9b,AKSPQDLVVITTALDY
5f2b3521c6f997007ee29d9d,ARGPLVGALAGLDY
5f2b3521c6f997007ee29d9e,ARXXXXSXXXSXXXXXXXAADXAVYYCAXXXWGSSGXRYXQH
5f2b3521c6f997007ee29da0,ATSSNHYDFWSGYFNYYYYYGMDV
5f2b3521c6f997007ee29da1,XDX
5f2b3521c6f997007ee29da4,ARDWSDYSSSSTLQFDY
5f2b3521c6f997007ee29da5,ARAKTKSGPTPDS
5f2b3521c6f997007ee29da6,ARDXXXTG
5f2b3521c6f997007ee29da8,ARHSPAEYYYDILTGRAPPAEYFQH
5f2b3521c6f997007ee29dac,ARDPVHSSSLADDY
5f2b3521c6f997007ee29db2,REGSGHNTTXTT
5f2b3521c6f997007ee29db6,XXXXXIXXXNXXXXXXDY
5f2b3521c6f997007ee29db7,ARARGMVRGARDAFDI
5f2b3521c6f997007ee29dbe,ARGPXXYSYGRTFDY
5f2b3521c6f997007ee29dc3,ARRPDXVVXLAXYYYGTLDV
5f2b3521c6f997007ee29dc4,ARAVDRTFDY
5f2b3521c6f997007ee29dcb,ARGSLAEAAAFDI
5f2b3521c6f997007ee29dd0,XYXXDX
5f2b3521c6f997007ee29dd3,ARHGSXLXPGGXYYFDY
5f2b3521c6f997007ee29dd4,ARHGDEGEDPFDI
5f2b3521c6f997007ee29dde,ARRXXXAXFDY
5f2b3521c6f997007ee29ddf,ARXXLXLLXXDY
5f2b3521c6f997007ee29de1,ARAAMVRGVHLYYFDY
5f2b3521c6f997007ee29de3,DRSAAVGTQHPYCP
5f2b3521c6f997007ee29de6,REAFTIFGVVHIILTT
5f2b3521c6f997007ee29dea,ARADWVTPPGGVDY
5f2b3521c6f997007ee29dec,XXXXX
5f2b3521c6f997007ee29ded,ARHVGNQFDFWSGLGTLSAFDI
5f2b3521c6f997007ee29dee,ASIXYSDVDFYYYYGMDV
5f2b3521c6f997007ee29df0,ARDGGVTDDAFDI
5f2b3521c6f997007ee29df4,XXYPXAXXTXXXXXXXX
5f2b3521c6f997007ee29df6,ARGGDSGXGXXYYYYGMDV
5f2b3521c6f997007ee29df8,VGTRYNSGWFPGYFFDL
5f2b3521c6f997007ee29df9,ARDGGSMLFSYYGMDV
5f2b3521c6f997007ee29dfd,ARXXXXXNGYSGXXSCYWFDP
5f2b3521c6f997007ee29e00,EIGPRLLWFGELFTSKLLLLRYGR
5f2b3521c6f997007ee29e01,AKEAGDXXXXGDXXVDY
5f2b3521c6f997007ee29e07,XXCARAGGIVVVPAAIRGGXXV
5f2b3521c6f997007ee29e09,ARAISCXSCLRTPPKGSYYYYGMDV
5f2b3521c6f997007ee29e0b,ARXXVXTATIXXXDY
5f2b3521c6f997007ee29e0c,ARDYGMDV
5f2b3521c6f997007ee29e10,ARHRLRXSGSYYLNHFDY
5f2b3521c6f997007ee29e11,XSNXVAVAGAADY
5f2b3521c6f997007ee29e13,ATSGTPFEY
5f2b3521c6f997007ee29e18,ARHKGDYYDSSGHDAFDI
5f2b3521c6f997007ee29e1f,DRSAAVGTQPPYCP
5f2b3521c6f997007ee29e20,ERPKXGXSSSSSILXL
5f2b3521c6f997007ee29e21,ARHDKESSSSPDIDY
5f2b3521c6f997007ee29e22,AREGLXXXXXXXXXXXLXAEDTAVYYCAXEGLEIGAGIDY
5f2b3521c6f997007ee29e28,ASLSGENGDYYYYGMDV
5f2b3521c6f997007ee29e2b,ARXKPXSTXYYDSGGXXXYFDH
5f2b3521c6f997007ee29e2f,AXXXGXYYDSGAPXXXDX
5f2b3521c6f997007ee29e34,QXCVLXLTTPVPWT
5f2b3521c6f997007ee29e37,AGPNSSGWSGXXDY
5f2b3521c6f997007ee29e42,ETGVQXXXXYGR
5f2b3521c6f997007ee29e46,ARENYYDSSGYYYFDY
5f2b3521c6f997007ee29e47,ARNXVCGYGDYFDY
5f2b3521c6f997007ee29e4d,ERPXXRXYXLXXXXX
5f2b3521c6f997007ee29e52,XXXXXXXXXX
5f2b3521c6f997007ee29e53,ASGRDSEYSSSSRGDY
5f2b3521c6f997007ee29e5a,XXXXXXXYKTGL
5f2b3521c6f997007ee29e5d,ATSGTPFQH
5f2b3521c6f997007ee29e60,ARDSEVPAAMAPDY
5f2b3521c6f997007ee29e62,AREDMGERRTADTFDI
5f2b3521c6f997007ee29e64,ATSPXPYAFDI
5f2b3521c6f997007ee29e66,AXXGXGXDY
5f2b3521c6f997007ee29e68,AKWTSSGRQSRGFVESTFDY
5f2b3521c6f997007ee29e72,ASWAANLDAXDI
5f2b3521c6f997007ee29e73,ETKRDGLLLLRYGR
5f2b3521c6f997007ee29e74,ARAFRSGNSPDAFDI
5f2b3521c6f997007ee29e76,ARGRTAAGMIWFDP
5f2b3521c6f997007ee29e77,ARLAERWLQWVGGY
5f2b3521c6f997007ee29e7f,ARWDYDSNDAFDI
5f2b3521c6f997007ee29e80,ARVVVDANYYYGMDV
5f2b3521c6f997007ee29e83,ARXXSGXDAFDI
5f2b3521c6f997007ee29e84,ARGRELYYYGMDV
5f2b3521c6f997007ee29e87,ARDVGGMKNYYYGMDV
5f2b3521c6f997007ee29e8a,ATELGELAS
5f2b3521c6f997007ee29e8c,AGEEEHGSGFEH
5f2b3521c6f997007ee29e8e,AXGVGDTAIDX
5f2b3521c6f997007ee29e91,ARXXXXXGSXXRXXXXGMDV
5f2b3521c6f997007ee29e93,ARPXXEVRVESSRAPDY
5f2b3521c6f997007ee29e96,AXVXXXGXXYYYYYGMDV
5f2b3521c6f997007ee29e97,AKDQARLRWQPHD
5f2b3521c6f997007ee29e9b,ARVSGQLXSYYFDY
5f2b3521c6f997007ee29e9d,AXDLSXSRLXXXGWFDH
5f2b3521c6f997007ee29ea1,AXXPXXRGVXYXXXDY
5f2b3521c6f997007ee29ea8,ATHAPDDGLSSPLAI
5f2b3521c6f997007ee29ead,EXXXXXGXXWXLLXXRXGR
5f2b3521c6f997007ee29eb0,ARXGXGSXTSCWGGHFDH
5f2b3521c6f997007ee29eb7,AXXXXIVXVVAXXX
5f2b3521c6f997007ee29ebd,ARGGIXYDSSSWLAPAVDY
5f2b3521c6f997007ee29ec0,AREDMGERRTADTFDI
5f2b3521c6f997007ee29ec5,ARHADLRTGKIVRRSAFDI
5f2b3521c6f997007ee29eca,AKSPQDLVVITTALDY
5f2b3521c6f997007ee29ecc,ARGXGGSSTSCLXAXFDP
5f2b3521c6f997007ee29ece,VRRWG
5f2b3521c6f997007ee29ecf,TTDGGFYDSSGYYYPDAFAL
5f2b3521c6f997007ee29ed0,AXAKTKSGPTPDS
5f2b3521c6f997007ee29ed1,ARXXXXXRSXLLXWLDP
5f2b3521c6f997007ee29ed2,RXXXPXXIAXMVXVXST
5f2b3521c6f997007ee29ed8,ARXVAAXXXXXXWXDX
5f2b3521c6f997007ee29ee0,ARDLGLSSPWYFDL
5f2b3521c6f997007ee29ee9,AKGSYYYGSRTYYLLN
5f2b3521c6f997007ee29eec,ARGNSKLGIVVVPYYFDY
5f2b3521c6f997007ee29eef,EXCSXTSXPXXXXXLRYGR
5f2b3521c6f997007ee29ef6,ARVXXXXXSXXXXXXXXXXDX
5f2b3521c6f997007ee29ef7,TKDRQQLVTGYFDT
5f2b3521c6f997007ee29f00,AKAAGQQSSGYSGFDY
5f2b3521c6f997007ee29f03,ARDRDPLWFGESTQPRGAFDI
5f2b3521c6f997007ee29f06,ARNRLLRDPFDV
5f2b3521c6f997007ee29f08,ARDAEAYXGDPXXXCDY
5f2b3521c6f997007ee29f0b,EXXRGXTXXXRS
5f2b3521c6f997007ee29f12,TTSLVLNWEINDY
5f2b3521c6f997007ee29f15,DTXXYXXAXXXGSYFGY
5f2b3521c6f997007ee29f16,AQSYXDSSGYHHDAFDI
5f2b3521c6f997007ee29f18,ARXRXXXXYQLXXPPXYYSNXLXDX
5f2b3521c6f997007ee29f19,ARVGDRDGYRILSY
5f2b3521c6f997007ee29f1a,AXXXXXXXXGYDXXXXXAFDI
5f2b3521c6f997007ee29f22,ARDFXQXTYYYDSSGPSAFDI
5f2b3521c6f997007ee29f24,VRDDWSCTGSNCYRVIDH
5f2b3521c6f997007ee29f25,ARDLRXSRTXYXSSXEFXY
5f2b3521c6f997007ee29f29,ARETVTYNWFDP
5f2b3521c6f997007ee29f2a,ARGLDYYDSRADPVEGYGMDV
5f2b3521c6f997007ee29f31,ARDXGGVPVVXXXYFDV
5f2b3521c6f997007ee29f35,ARXXXYXXXXXGYYYXYGMDV
5f2b3521c6f997007ee29f36,ARXXSSXXYWYFDL
5f2b3521c6f997007ee29f37,ARSSYGMDV
5f2b3521c6f997007ee29f3d,AELKTIFGVVISGGATDNWFDP
5f2b3521c6f997007ee29f3e,ERFRAVAGRRWILVLRS
5f2b3521c6f997007ee29f48,ARGSMAVVXHYFDY
5f2b3521c6f997007ee29f49,ARGSXVTISGAXYAFDY
5f2b3521c6f997007ee29f4a,ARVGXIXGTVVTXFDY
5f2b3521c6f997007ee29f4f,AXXXXGXAFDI
5f2b3521c6f997007ee29f50,ETSGANDYGDPRLLVLRS
5f2b3521c6f997007ee29f52,ARXLAXXXYYYXGMDX
5f2b3521c6f997007ee29f53,ARGGDYYAXXDXXXX
5f2b3521c6f997007ee29f5c,ARXXIXXXXXLXPTXDAXXI
5f2b3521c6f997007ee29f5d,ARRGDDGSGYPDY
5f2b3521c6f997007ee29f6a,AXXRYXXXXSGXXXXXXAFDX
5f2b3521c6f997007ee29f76,AXGXGXSXYLDY
5f2b3521c6f997007ee29f77,ARXXGXXXXX
5f2b3521c6f997007ee29f78,AXRAHPXAHLVXPAAIYYYYYGMDV
5f2b3521c6f997007ee29f79,AXRDGXXXXXXY
5f2b3521c6f997007ee29f7c,AREERQLIMGDYYYYGMDV
5f2b3521c6f997007ee29f7e,ARVSVGATALDY
5f2b3521c6f997007ee29f87,ERSPKSVFRL
5f2b3521c6f997007ee29f89,ARFGVRTMIVTEIDY
5f2b3521c6f997007ee29f8e,ARRLGVVVPAASTGIRSYGMDV
5f2b3521c6f997007ee29f92,ARXKVGTLRXLEWYXRFDP
5f2b3521c6f997007ee29f95,TRDGWTRTRATTDYYNDMDV
5f2b3521c6f997007ee29f9c,AGSYYYYGMDV
5f2b3521c6f997007ee29f9e,AKDGGXGSGXYYXDY
5f2b3521c6f997007ee29fa1,AXXXQXXYWSGXXXYYYYGMDV
5f2b3521c6f997007ee29faa,AREVAXRVRTGYCSSTSCYKVPYYYGMDV
5f2b3521c6f997007ee29fab,ASTGGKRNDFWSGLDSYGMDV
5f2b3521c6f997007ee29fb0,KRLLLLWFADLLSTK
5f2b3521c6f997007ee29fb5,ARVPGGLFGDCSSTSCYYYFDY
5f2b3521c6f997007ee29fbf,ARHYSALDH
5f2b3521c6f997007ee29fc0,XXCGXDX
5f2b3521c6f997007ee29fc1,ARHYSALDH
5f2b3521c6f997007ee29fc2,VKGEAEQLVLFYYYYGMDV
5f2b3521c6f997007ee29fc3,DV
5f2b3521c6f997007ee29fc4,AXDYSYGPQGVDY
5f2b3521c6f997007ee29fc7,XXXXXGXXXXXTGXRXXXXLXX
5f2b3521c6f997007ee29fc8,ARRGVGIDYYGSGSYYNRLPHYYYYGMDV
5f2b3521c6f997007ee29fce,ARSRAKQLTLSFFYEMDV
5f2b3521c6f997007ee29fcf,ARXXSFAFDX
5f2b3521c6f997007ee29fd0,XXXXXXXXHXVXXXGXXVWFDX
5f2b3521c6f997007ee29fda,EXXXXXXXXRYGR
5f2b3521c6f997007ee29fdc,AKDRMSIAAEGRDDAFDI
5f2b3521c6f997007ee29fe5,ARDXXXXXXXYFDY
5f2b3521c6f997007ee29fe9,ERPYKLGELVLLFYGR
5f2b3521c6f997007ee29fed,ARXNXXVAGTMGFDY
5f2b3521c6f997007ee2a002,ARVGGGNSGRRSAFDI
5f2b3521c6f997007ee2a007,ARDYXCSSTSWDNYYYYGMDV
5f2b3521c6f997007ee2a00e,GNXLDA
5f2b3521c6f997007ee2a013,ARXXSSRTYYXFDX
5f2b3521c6f997007ee2a014,ARLNQXASPYYYYGMDV
5f2b3521c6f997007ee2a01c,ARYGSSSSPKFDY
5f2b3521c6f997007ee2a01d,ARXSGYCDGSCYFDY
5f2b3521c6f997007ee2a028,ARENQVLRFLEWLSYYYYGMDV
5f2b3521c6f997007ee2a029,ARENQVLRFLEWLSYYYYGMDV
5f2b3521c6f997007ee2a02a,VKEGGDV
5f2b3521c6f997007ee2a02f,RXXXXXTWXXAGXDLXTRPCXTVXEXXXXXVLGXWXXXXXXXXDX
5f2b3521c6f997007ee2a037,ARHGYSYGLDFDY
5f2b3521c6f997007ee2a03b,AXRGLXRVLVANXYFDI
5f2b3521c6f997007ee2a040,AKXTPTNGIXDX
5f2b3521c6f997007ee2a044,ARRDNWNDVLNI
5f2b3521c6f997007ee2a048,ELRYGR
5f2b3521c6f997007ee2a051,ARVREDXCDYYGLDD
5f2b3521c6f997007ee2a055,ARCXGNXXXRGCXNRXFDY
5f2b3521c6f997007ee2a059,ARLSKFLDY
5f2b3521c6f997007ee2a05c,ARXXVXXXAATXXDY
5f2b3521c6f997007ee2a062,ARGAKXXSSXXXFXX
5f2b3521c6f997007ee2a064,ARHLSEYSSSQGFDY
5f2b3521c6f997007ee2a065,ARDSGXNSXXLGWWXSFDY
5f2b3521c6f997007ee2a067,KTKNGWLRLRYGR
5f2b3521c6f997007ee2a06a,ARVAYKYAFES
5f2b3521c6f997007ee2a06f,ASLTYYYDSSGYYYGSKEANWYFDL
5f2b3521c6f997007ee2a070,ASYDGGSYPYYYYYGMDV
5f2b3521c6f997007ee2a071,ARXSGVGCSSTSCYTGYYYYYGMDV
5f2b3521c6f997007ee2a074,SSSTYGSGSYFDY
5f2b3521c6f997007ee2a076,ARAWCGGDCYGGFRNWFDP
5f2b3521c6f997007ee2a07f,AXXXXXXGXXXXXX
5f2b3521c6f997007ee2a082,ARXGSXVRGVIIGFDX
5f2b3521c6f997007ee2a084,EMATIK
5f2b3521c6f997007ee2a088,ARVSSSLGRYYYYGMDV
5f2b3521c6f997007ee2a08e,AKVGGEWELLDY
5f2b3521c6f997007ee2a08f,DXAXYYCAXXXXXXXXXXGXXXXXFXX
5f2b3521c6f997007ee2a097,AXGRSFWFDSSGYDY
5f2b3521c6f997007ee2a098,AKGLPSRYFDS
5f2b3521c6f997007ee2a09e,EGLLPCCYCGLHLVRP
5f2b3521c6f997007ee2a0a1,TRSFTPAIRGKAFDY
5f2b3521c6f997007ee2a0b9,VXAADXAVYXXAXXXXXXXGXAVAVRVSNWFDP
5f2b3521c6f997007ee2a0ba,LXXXXXXXXXXXXXXCXRGRXXXXYFXX
5f2b3521c6f997007ee2a0c2,ARDGRIAVAGLDY
5f2b3521c6f997007ee2a0c5,AXXPXXXVXXTTAXDX
5f2b3521c6f997007ee2a0c6,AXEIXVGATXPFDY
5f2b3521c6f997007ee2a0ce,GRDAMSRADAGGSIVLVPAAIGDY
5f2b3521c6f997007ee2a0cf,AKGRRGSGFSHYLDS
5f2b3521c6f997007ee2a0d5,ASREWLLSTFDP
5f2b3521c6f997007ee2a0d6,ARGHQYYDFWSGYWIYGMDV
5f2b3521c6f997007ee2a0da,ARHYSALDH
5f2b3521c6f997007ee2a0db,ARDDETRLSRVTMVRGVINLDY
5f2b3521c6f997007ee2a0e5,Y
5f2b3521c6f997007ee2a0e7,TTGSDWVYWYFDL
5f2b3521c6f997007ee2a0ed,VFDXWSGPYAFDI
5f2b3521c6f997007ee2a0f3,ARDPCSYHXRNWNYFKDY
5f2b3521c6f997007ee2a0f5,ASDSTXAAIPXXENXFDX
5f2b3521c6f997007ee2a0f7,ERSQLRLVEWFLLLLRYGL
5f2b3521c6f997007ee2a0f8,ARXXXPKRNCNGPHYYYYGMDV
5f2b3521c6f997007ee2a0f9,ARDGSGHHNWNSAFDI
5f2b3521c6f997007ee2a0fd,V
5f2b3521c6f997007ee2a10d,ASVADNSTWYVPY
5f2b3521c6f997007ee2a116,ARDYPYTRGVDS
5f2b3521c6f997007ee2a11d,ARXXXSCNGXXXXXYYXYGMDV
5f2b3521c6f997007ee2a11f,XXXXXXVXYXATGGGTVEDWFDP
5f2b3521c6f997007ee2a123,ARDRVRWDLHHSSGWYHGMDV
5f2b3521c6f997007ee2a12a,ERSSYEEGSCYYSLCL
5f2b3521c6f997007ee2a136,AXXTXXYXXGRXXXXXXXGXDV
5f2b3521c6f997007ee2a139,ESKRRTTSWYRQLVRP
5f2b3521c6f997007ee2a13c,ARXXRRVXPWLDYYYGMDV
5f2b3521c6f997007ee2a141,EXXXLRYGR
5f2b3521c6f997007ee2a14d,ARDXXVVVVAGTGXLFDY
5f2b3521c6f997007ee2a14f,EGVYQXADR
5f2b3521c6f997007ee2a152,ARHSYSSSSGWFDP
5f2b3521c6f997007ee2a156,DTFRIRGFGR
5f2b3521c6f997007ee2a15d,XXXEQQLVXCELLLRYGR
5f2b3521c6f997007ee2a160,ARDGGEDIVPYYYYGMDV
5f2b3521c6f997007ee2a166,XXXXXXXXXXXXXXXXXXXXXXXXXXXXXXXXXXXXXXXXXXXXX
5f2b3521c6f997007ee2a16e,ARDATLVATTTDYYLGMDV
5f2b3521c6f997007ee2a172,AKDSRDIMYYYDSSGSHYHLYYFDY
5f2b3521c6f997007ee2a174,ARDVTEGLGEGLYAFDI
5f2b3521c6f997007ee2a179,ASLFGSYDSRVPSRMDV
5f2b3521c6f997007ee2a17a,ARVPPEGQNKHFPDDYSNYFTEDAFDI
5f2b3521c6f997007ee2a17e,SSWYAQRGQXGLFRLPDPYFDY
5f2b3521c6f997007ee2a17f,ARADDFGY
5f2b3521c6f997007ee2a184,ARVEGDYYDPLGPGRYGMDV
5f2b3521c6f997007ee2a187,TRSHYSDSGTSGY
5f2b3521c6f997007ee2a18a,ARXXAXXXFLEWLXSYC
5f2b3521c6f997007ee2a191,AXXSPXGXGYXNXXYFDY
5f2b3521c6f997007ee2a193,ERSSPYDFWSG
5f2b3521c6f997007ee2a196,V
5f2b3521c6f997007ee2a197,ARHVGXXGSRWDY
5f2b3521c6f997007ee2a19e,TSRGYGDYVDY
5f2b3521c6f997007ee2a1a1,ARDSVGGYVWGHYYGFDY
5f2b3521c6f997007ee2a1a3,ATDXEAXXXXXFDY
5f2b3521c6f997007ee2a1aa,ATTRAEVTAFGVVTHAFDI
5f2b3521c6f997007ee2a1ad,AGVLGSGSPSLSGMDV
5f2b3521c6f997007ee2a1af,ARDQASYDFWSGYYYGGTFDY
5f2b3521c6f997007ee2a1b3,SVTAAXTAVYYXARXXXXXXXAFDI
5f2b3521c6f997007ee2a1ce,ARAYSSSWDY
5f2b3521c6f997007ee2a1d1,ATWPRYYYRSGSCSDYFDC
5f2b3521c6f997007ee2a1d3,AKXXXXVAXANFAHY
5f2b3521c6f997007ee2a1d4,AKEYGGDSSWSLHYFDY
5f2b3521c6f997007ee2a1d6,ARQGXNXXWSGXXPYCFDY
5f2b3521c6f997007ee2a1db,TRERSGSYFLWGY
5f2b3521c6f997007ee2a1e2,ERCR
5f2b3521c6f997007ee2a1e9,AXXXXNHXXTAVXTQPDY
5f2b3521c6f997007ee2a1f0,ARLSGVGCSSTSCYTRYYYYYGMDV
5f2b3521c6f997007ee2a1f6,AXXTMRCXXGSXXXPVGY
5f2b3521c6f997007ee2a1f9,TTDVYYDSSGYYITITPEDY
5f2b3521c6f997007ee2a1fc,ARSGVRAASYSYGMDV
5f2b3521c6f997007ee2a1ff,AREKYSXGWSRGGPFDY
5f2b3521c6f997007ee2a200,ARDAVGYSGYDGMDV
5f2b3521c6f997007ee2a202,ERDYPSVLLWFGELRRRYGR
5f2b3521c6f997007ee2a204,AREVXXXXAAGDY
5f2b3521c6f997007ee2a20b,AXSDGXXX
5f2b3521c6f997007ee2a20f,XXXHDYSXXRGXXYXGMDX
5f2b3521c6f997007ee2a216,AKGAGWSGSYDY
5f2b3521c6f997007ee2a21b,ARGAPTPSTAVVPAALXYFDY
5f2b3521c6f997007ee2a21d,ARHKXXGXXXXXXAFXI
5f2b3521c6f997007ee2a220,AKGSLASCSRVTCYPFDL
5f2b3521c6f997007ee2a225,V
5f2b3521c6f997007ee2a22a,SSLSPDYGDNILYFDC
5f2b3521c6f997007ee2a233,AKDXXTXXSGXXXXYYGMDV
5f2b3521c6f997007ee2a234,XXLTT
5f2b3521c6f997007ee2a23b,ARAAEQVASXGWFDS
5f2b3521c6f997007ee2a23f,ARHRGSYHHYYYGMDV
5f2b3521c6f997007ee2a241,AKENTHPPDDYFDY
5f2b3521c6f997007ee2a244,ARGXRDGYXGXXAFDY
5f2b3521c6f997007ee2a246,AKKAGGMDV
5f2b3521c6f997007ee2a24e,ERSPKSVFRL
5f2b3521c6f997007ee2a250,ARGKGDADIWSMDV
5f2b3521c6f997007ee2a251,AXGKQLGGFYFYGMDV
5f2b3521c6f997007ee2a253,ARGGMVRGVYHQHDGFDI
5f2b3521c6f997007ee2a256,ARDRLGSSWYXXWFDX
5f2b3521c6f997007ee2a257,ARDRSGYYFTYDFDF
5f2b3521c6f997007ee2a258,ARLXYHXDSSGXKDDAFDI
5f2b3521c6f997007ee2a25c,ARXXRSMXVRRYGMDV
5f2b3521c6f997007ee2a26b,ARCKMGYSSSSADY
5f2b3521c6f997007ee2a26d,ARXXVXGXIANYXXXXDX
5f2b3521c6f997007ee2a26e,XXXXDY
5f2b3521c6f997007ee2a270,AREGGYGSSTSCLSTYYYYGMDV
5f2b3521c6f997007ee2a272,EXXXXXWGVVRP
5f2b3521c6f997007ee2a279,ARGPRQQLVSPHFDY
5f2b3521c6f997007ee2a281,ARDRAPYNYYDTSY
5f2b3521c6f997007ee2a286,ATGGYDFWSGYRHSLHYGMDV
5f2b3521c6f997007ee2a28a,AXXXXXGXPXWXXX
5f2b3521c6f997007ee2a28c,ARDRGACFRSSTSCYIY
5f2b3521c6f997007ee2a291,ARDSASAFDI
5f2b3521c6f997007ee2a293,ARDPDGSTSCQXXFDY
5f2b3521c6f997007ee2a295,ARGRELYYYGMDV
5f2b3521c6f997007ee2a296,ARDRSSSWWSYFDY
5f2b3521c6f997007ee2a297,XXXXXXKAVAGXXXXX
5f2b3521c6f997007ee2a298,ARCGVDTSGRYHGNFDY
5f2b3521c6f997007ee2a29c,XXXAVYYCARDXXLEWLXXYYYYGMDV
5f2b3521c6f997007ee2a2ab,TRGRPFLSYQLFSPPQYYSMDL
5f2b3521c6f997007ee2a2ac,DV
5f2b3521c6f997007ee2a2b0,ARRDQVGYYYYGMDV
5f2b3521c6f997007ee2a2b1,XXSXTAAXXAVXXCAXXKXGSYXXDLXDXFDX
5f2b3521c6f997007ee2a2b7,INXLYVXXNSLKTEDTGVYYCTTNVLPRV
5f2b3521c6f997007ee2a2b8,ATDPTYYXFRSGYWYFDY
5f2b3521c6f997007ee2a2ba,ARVGVTFGGENWYFDL
5f2b3521c6f997007ee2a2bc,ARVTKIVVTXSPDAFDI
5f2b3521c6f997007ee2a2c1,ARAARGREGGVVLRFLEWSANHYYYYGMDV
5f2b3521c6f997007ee2a2c2,ARDLFCGNGVCYGWFDP
5f2b3521c6f997007ee2a2c5,ARVSSGYILH
5f2b3521c6f997007ee2a2c6,ARDAYYYDSSGYLGPPITDAFDI
5f2b3521c6f997007ee2a2c9,AKDTPFGVFVGEVLGTHSYFAMDV
5f2b3521c6f997007ee2a2ce,AXXXXITKXYXXXXXX
5f2b3521c6f997007ee2a2cf,AREYLSGMDY
5f2b3521c6f997007ee2a2d1,ETRRQLVPL
5f2b3521c6f997007ee2a2d2,ARGXXCSSTSCXXRCFXX
5f2b3521c6f997007ee2a2d7,VGDDLALRGLSDR
5f2b3521c6f997007ee2a2d8,APYGDYERYFDL
5f2b3521c6f997007ee2a2de,AREGAXAGXXYXDY
5f2b3521c6f997007ee2a2df,ARXREGAXXNYYGMDV
5f2b3521c6f997007ee2a2e0,AREXEXSXISCXXGLDX
5f2b3521c6f997007ee2a2e2,ARDXXXVXGVKXXXDGMDV
5f2b3521c6f997007ee2a2e7,ARAFRGGNYADFDF
5f2b3521c6f997007ee2a2ec,XXXXXNYVIRXXXXXX
5f2b3521c6f997007ee2a2ef,ARPARKPDY
5f2b3521c6f997007ee2a2f0,TRHGDSLDRTWIQLWDWFDP
5f2b3521c6f997007ee2a2f2,AXEXXXXXXRRGXXXYYYYYGMDV
5f2b3521c6f997007ee2a2f3,TXVYYCAXXXXXXLXGXXXSXSXLNIXXDX
5f2b3521c6f997007ee2a2f4,ARGEXCSSAYYXWFDY
5f2b3521c6f997007ee2a2f6,ARDRVDFWSGYYRGDDAFDI
5f2b3521c6f997007ee2a2f7,ARDWAHGSSSNYGMDV
5f2b3521c6f997007ee2a2f8,AAAPSGLDAFDI
5f2b3521c6f997007ee2a2fc,AKGLERXPVAIDAFDI
5f2b3521c6f997007ee2a2fd,ARXAGGDYXSGNSGFDY
5f2b3521c6f997007ee2a300,ARAGCCSGSSCYSDY
5f2b3521c6f997007ee2a303,ARXXGYXDD
5f2b3521c6f997007ee2a305,TDREILVLRS
5f2b3521c6f997007ee2a308,ARGDXXGXXXPPTXDY
5f2b3521c6f997007ee2a30f,ARLPKYYFDESAFDI
5f2b3521c6f997007ee2a310,AXXGXIVXGVXDY
5f2b3521c6f997007ee2a311,ATGLNQLVHG
5f2b3521c6f997007ee2a314,ARVQLERRGQAYGMDV
5f2b3521c6f997007ee2a316,DV
5f2b3521c6f997007ee2a319,ARERRFVVVVAASSGVDY
5f2b3521c6f997007ee2a31a,ARDRQQLGWFDP
5f2b3521c6f997007ee2a31e,ARDXXXXXXXXYGAYGSAMDD
5f2b3521c6f997007ee2a321,ERRXPXSYGL
5f2b3521c6f997007ee2a324,AKDARDGYNFGY
5f2b3521c6f997007ee2a326,ARGTTTPTDIVVVSGASYYFGY
5f2b3521c6f997007ee2a329,ARDKEGAVGGY
5f2b3521c6f997007ee2a32b,XRSXXXYXDWFRQFSKLVRP
5f2b3521c6f997007ee2a32d,EXXXXCXXXXRVLLXXX
5f2b3521c6f997007ee2a32f,ARAVXHTXXXXCYYGMDV
5f2b3521c6f997007ee2a333,AXGGGSGPIYYYGMDV
5f2b3521c6f997007ee2a33c,ERVASTRLRYFDWLSNILRALLLLRYGR
5f2b3521c6f997007ee2a33e,ARGIQGGGNWYXSYYYGDY
5f2b3521c6f997007ee2a33f,AXTAXYYGSXSXYNVPFDP
5f2b3521c6f997007ee2a342,ATGSWIPSLLEPYYFDY
5f2b3521c6f997007ee2a344,XXXXXXXXEWXXXXXLLLLRYGR
5f2b3521c6f997007ee2a349,AREXXPXDSGXXYXXXGMDV
5f2b3521c6f997007ee2a34f,ASRPPTSIASPFHFPLDY
5f2b3521c6f997007ee2a350,GRWGQVLLLLLRYGR
5f2b3521c6f997007ee2a352,ARGGPYYDSLSGYGWLDY
5f2b3521c6f997007ee2a369,ARDRNAXWSGGSYYGMDV
5f2b3521c6f997007ee2a370,AXXXXGVAMPTLXIDY
5f2b3521c6f997007ee2a371,XXYYXXXXXXXXXXXXXXXVXXXXXXYYYGMDV
5f2b3521c6f997007ee2a374,ARXGGYCTXIDY
5f2b3521c6f997007ee2a378,ARLDLIVGRDY
5f2b3521c6f997007ee2a379,ENXELLGVRELVRP
5f2b3521c6f997007ee2a37f,ASLLTYNWNYGDQLFDY
5f2b3521c6f997007ee2a382,ERGIEWLPSSPKLVRP
5f2b3521c6f997007ee2a387,ARDNWSYGDAFDI
5f2b3521c6f997007ee2a390,AHRPGXESYYYDNYYDSSGDEFDY
5f2b3521c6f997007ee2a392,ARGEGGSPSYFDL
5f2b3521c6f997007ee2a395,ASDLVAAAGTGYYYYYGMDV
5f2b3521c6f997007ee2a39b,AKDPASSIAAPDWFDS
5f2b3521c6f997007ee2a39d,Y
5f2b3521c6f997007ee2a39e,ARDKTIVPAGATLPGYYYYYGMDV
5f2b3521c6f997007ee2a3a0,ERSPKSVFRL
5f2b3521c6f997007ee2a3a8,ARGSXVVHTNPLDY
5f2b3521c6f997007ee2a3a9,AKDLSIVVVSDAFDI
5f2b3521c6f997007ee2a3b6,RXXPXXXXXSTXFGXXXXXXXXXTS
5f2b3521c6f997007ee2a3b8,ARDPGLSAFDN
5f2b3521c6f997007ee2a3b9,ARVGSRNYGYGNSIAAAGIRDY
5f2b3521c6f997007ee2a3bd,TYXYDSSGXYYGSKEAXWYFDL
5f2b3521c6f997007ee2a3bf,ARGXXXXEXXFDX
5f2b3521c6f997007ee2a3c1,RKXXXXXVLXXXEWLLTT
5f2b3521c6f997007ee2a3c6,TRIRITMVRGVLQLVRP
5f2b3521c6f997007ee2a3c7,AREGGRSGAGASDI
5f2b3521c6f997007ee2a3ca,ARGGRIVGALNANYGMDV
5f2b3521c6f997007ee2a3cc,ARVXXXXLWXGDFDY
5f2b3521c6f997007ee2a3cf,ARXMDLVYCYEGVIDI
5f2b3521c6f997007ee2a3d0,SGTGYCSGGSCWKEEGAFEI
5f2b3521c6f997007ee2a3d6,AREXXQRGXGXYYYYGMDV
5f2b3521c6f997007ee2a3d7,ARIGLGMGTRRWYVGFDS
5f2b3521c6f997007ee2a3d8,XXXXXXSGYXXXXXXDI
5f2b3521c6f997007ee2a3e1,ARHPRQLGPGDAFDI
5f2b3521c6f997007ee2a3e5,ARXRVEXLYXYGMDV
5f2b3521c6f997007ee2a3e7,AVYYXXXXXSSXWYXXXXGXXXL
5f2b3521c6f997007ee2a3e9,ARARGGNVPFDS
5f2b3521c6f997007ee2a3ec,GXXTXSXDXSKNXXXLXXXXXXAXDTAVYYCARXGEGLSPWXXYGPGYFDY
5f2b3521c6f997007ee2a3ee,AKETHTSGYYYQGGSDY
5f2b3521c6f997007ee2a3ef,ARXXXXXXXDY
5f2b3521c6f997007ee2a3f0,PKDGCDFELLWFGVATFDY
5f2b3521c6f997007ee2a3fb,ARGYYYGSGEDPDP
5f2b3521c6f997007ee2a3fc,VRDGGNYWYFXL
5f2b3521c6f997007ee2a3fe,AXAXRXXXXXXPATXXXDX
5f2b3521c6f997007ee2a3ff,ARVFLDGGGRVCYFDY
5f2b3521c6f997007ee2a408,ARAXXXXXRQXLXWXFDP
5f2b3521c6f997007ee2a409,ARTYYYDSSGYYYFIHDYYYGMDV
5f2b3521c6f997007ee2a40a,AXVRSXGXXPXX
5f2b3521c6f997007ee2a40b,AREGWRTRAAAGPEEPFQH
5f2b3521c6f997007ee2a40e,ARDWNGXXYCDYPY
5f2b3521c6f997007ee2a414,ARQGLIYRXKSSGPTTGCDY
5f2b3521c6f997007ee2a415,ARETGFAVVGSIDY
5f2b3521c6f997007ee2a41a,ARDXXHQTVVGAAXRXYXGMDX
5f2b3521c6f997007ee2a41e,ARDEGWSHSSSSFNYYGMDV
5f2b3521c6f997007ee2a427,AGGXSGXCYDY
5f2b3521c6f997007ee2a430,DTAVYYCARLTRXXXXXXXTIYGMDV
5f2b3521c6f997007ee2a432,ARVQDRFYGDX
5f2b3521c6f997007ee2a434,AKGLPSRYFDS
5f2b3521c6f997007ee2a435,ATPRVSNGWYEDY
5f2b3521c6f997007ee2a439,ARXXGXXGXYXLYAFDI
5f2b3521c6f997007ee2a43b,ARXLXRXXAGNXXXXXAFDI
5f2b3521c6f997007ee2a43e,ARDRRYNWNDDIYYYYYGMDV
5f2b3521c6f997007ee2a440,ARGREYRTSYSKSATSPFDC
5f2b3521c6f997007ee2a443,AXGXXXXGTXGXDV
5f2b3521c6f997007ee2a444,AKQWLGRWGDYFDY
5f2b3521c6f997007ee2a447,ARXXTDXGGWFXDY
5f2b3521c6f997007ee2a448,AKGLPSRYFDS
5f2b3521c6f997007ee2a44a,ARDPMVRGEESDY
5f2b3521c6f997007ee2a44b,ATSGTPFEY
5f2b3521c6f997007ee2a453,VRSLLDPSGWYSD
5f2b3521c6f997007ee2a454,ERNGMVRGA
5f2b3521c6f997007ee2a455,EXXRXXMVRL
5f2b3521c6f997007ee2a456,AKDQRGIVVVPMLDGG
5f2b3521c6f997007ee2a458,XXXXXXXXY
5f2b3521c6f997007ee2a45a,ARXXXXVXXXXXXXXXXXXSKNXXSLXXNXXXXEXTAVXYCARMYYYGSGRGWXXDL
5f2b3521c6f997007ee2a45b,AREARIVQSIAARPLYYYGMDV
5f2b3521c6f997007ee2a45e,ARGXXVXLXXXXYGMDV
5f2b3521c6f997007ee2a462,ARXXXGSXXRGGMDI
5f2b3521c6f997007ee2a465,ARDSGDLGDAFDI
5f2b3521c6f997007ee2a466,ARXWGYSSSWYSXYYGMDY
5f2b3521c6f997007ee2a46b,ARTYVGVIPAFYYYYGMDV
5f2b3521c6f997007ee2a46d,AXGRPRDYXSTXTXDAFDI
5f2b3521c6f997007ee2a46f,EQGASIPAATLLLLLLRYGR
5f2b3521c6f997007ee2a476,ARDLGGGSGWYFDL
5f2b3521c6f997007ee2a477,ARDSSRGSDYGGNSVGWFDP
5f2b3521c6f997007ee2a479,ARXXXXVXXXFDY
5f2b3521c6f997007ee2a47f,ARAVVTLHNDFWSGYDSNYDY
5f2b3521c6f997007ee2a482,DTAXYYCAXXXXXDLYFXGDFXXXDY
5f2b3521c6f997007ee2a484,ARXXPTIXGXXXGWYXDX
5f2b3521c6f997007ee2a486,ASPGVTTLIASPNAFDI
5f2b3521c6f997007ee2a487,XXXVTAADTAVYYCAXXCXXGXXYGXFHY
5f2b3521c6f997007ee2a488,ERSPKSVFRL
5f2b3521c6f997007ee2a48c,ARXXAAAWELPLVLWFDX
5f2b3521c6f997007ee2a48d,ARDGFLEPLYGMDV
5f2b3521c6f997007ee2a48e,AKXSDTYGYYGYGMDV
5f2b3521c6f997007ee2a48f,ARGYYYGSGRFDP
5f2b3521c6f997007ee2a492,ARLKTPWAFDI
5f2b3521c6f997007ee2a495,EXGDXXXCQVXXXXXLLXRYGR
5f2b3521c6f997007ee2a496,ARXGXXNXXXYXWFDP
5f2b3521c6f997007ee2a49e,ARQVFHGSGNYQDY
5f2b3521c6f997007ee2a4a8,ARXXXGSLPGXEYYYYYGIDV
5f2b3521c6f997007ee2a4aa,ARRDYDSSGTDAFDI
5f2b3521c6f997007ee2a4b1,ARARYSCSGFDH
5f2b3521c6f997007ee2a4bd,AXXXYXXGXXXXFXX
5f2b3521c6f997007ee2a4c3,ARXIVVVXAAHYYYYGMDV
5f2b3521c6f997007ee2a4c8,ARDALLIAAAGNRPPPHYFDY
5f2b3521c6f997007ee2a4ce,ANDYYDSSGYPHLDFDD
5f2b3521c6f997007ee2a4d2,AREDRLDYDFWSGLSLWYYGMDD
5f2b3521c6f997007ee2a4d8,ASPSPGSSAPWYYGMDV
5f2b3521c6f997007ee2a4ed,MDX
5f2b3521c6f997007ee2a4f3,AGSDGVDW
5f2b3521c6f997007ee2a4f8,XLDY
5f2b3521c6f997007ee2a4f9,AKDPPAPIEGIVVVEDY
5f2b3521c6f997007ee2a50a,AXGRELYYYGMDV
5f2b3521c6f997007ee2a50b,ARXXRXGYXGYDXXY
5f2b3521c6f997007ee2a50c,ARDAPAGGHYGLDY
5f2b3521c6f997007ee2a50d,AXXXDXGXXIDY
5f2b3521c6f997007ee2a50e,AXXXXXGSXXRVYFDY
5f2b3521c6f997007ee2a517,ARDPGVVAVAATLDGFDY
5f2b3521c6f997007ee2a51e,XTAVYYCAXXXXXXXXXXXXYTXXDX
5f2b3521c6f997007ee2a525,ARXGGRVSPPKQQLVH
5f2b3521c6f997007ee2a526,ARTTSQLVVVHAFDI
5f2b3521c6f997007ee2a533,ARELGDSSGWYGASAGAFDI
5f2b3521c6f997007ee2a53c,XXH
5f2b3521c6f997007ee2a53d,LKXXSVTAADTAVYXCAXXPXTAATSXDX
5f2b3521c6f997007ee2a542,XRXXXGXXXXXXDX
5f2b3521c6f997007ee2a544,TDTSTSTAYMEXRSLRSDDTAVXYXARYSGXYLAYFQH
5f2b3521c6f997007ee2a545,ESPRSI
5f2b3521c6f997007ee2a548,ARDPYSGSYSLFDY
5f2b3521c6f997007ee2a54a,ARXPXPGGGLLSVDY
5f2b3521c6f997007ee2a54b,ARDEGSVVVPAAQPWRGWFDP
5f2b3521c6f997007ee2a54e,EWSXXXSGWYQGPGGL
5f2b3521c6f997007ee2a550,AREKGITLGDLSXYYFDY
5f2b3521c6f997007ee2a552,TTAGRTVTRAFDI
5f2b3521c6f997007ee2a55f,AKDLAPGGLYPYYYGMDV
5f2b3521c6f997007ee2a562,DD
5f2b3521c6f997007ee2a566,EXYXLRFLEWLPXGLLXL
5f2b3521c6f997007ee2a56a,X
5f2b3521c6f997007ee2a56c,ARGVXEVVXXXKGAXDI
5f2b3521c6f997007ee2a570,ARGEGGSPSYFDS
5f2b3521c6f997007ee2a577,AGVGDSLRRQPADY
5f2b3521c6f997007ee2a578,ASVGSXSGYGPYSLDY
5f2b3521c6f997007ee2a57a,ARXXXXPXVXXYXXX
5f2b3521c6f997007ee2a57b,ARDYGMDV
5f2b3521c6f997007ee2a57f,ARADTIFGVVTTYRYGMDV
5f2b3521c6f997007ee2a580,AKDPVVDYGDNYYYYGMDV
5f2b3521c6f997007ee2a581,ARXXXXXRPERXWXDX
5f2b3521c6f997007ee2a582,ESPXGXLXLLYGL
5f2b3521c6f997007ee2a583,ARGLGYCTNGVCYRDAFDI
5f2b3521c6f997007ee2a585,AKFXXXXPTRVXFGY
5f2b3521c6f997007ee2a586,AREGDPRTTSYYYYYSGMDV
5f2b3521c6f997007ee2a587,VKLGYCSGGACFGHDY
5f2b3521c6f997007ee2a588,AXXXYXXYWNXYXXGXDX
5f2b3521c6f997007ee2a58b,ARGLTMIVVVXXXAFDI
5f2b3521c6f997007ee2a591,ARDLGGSSGWYRGWSRFDP
5f2b3521c6f997007ee2a594,ARDQXXXXYGXYXYYGMDV
5f2b3521c6f997007ee2a596,ARDXEDYGVGGGYLKFDY
5f2b3521c6f997007ee2a598,ESYRYRSGDDXLLLLRYGR
5f2b3521c6f997007ee2a59a,ARXXXXDXGXDX
5f2b3521c6f997007ee2a59d,AREGXELAFDF
5f2b3521c6f997007ee2a59e,ARQAIFDDGMDV
5f2b3521c6f997007ee2a59f,RXKXXVXXXVXRXXTXXT
5f2b3521c6f997007ee2a5a1,ARVLPYDSSGWYDREDY
5f2b3521c6f997007ee2a5a2,ERGGXRSGSYYHGL
5f2b3521c6f997007ee2a5a5,ARAVDYYDSSGYFGAFDI
5f2b3521c6f997007ee2a5a7,DTVGYSRL
5f2b3521c6f997007ee2a5b6,SRVHADYNYVGMDV
5f2b3521c6f997007ee2a5b8,XXDX
5f2b3521c6f997007ee2a5ba,ARAKTKSGPTPDS
5f2b3521c6f997007ee2a5bf,VKSHRFDL
5f2b3521c6f997007ee2a5c8,ARESSAAAGPKPYYFDY
5f2b3521c6f997007ee2a5c9,TTGGGSYYGRDY
5f2b3521c6f997007ee2a5ca,ARDGNTAMAP
5f2b3521c6f997007ee2a5cd,XXXVTXXXAADTTVYYCAXXXXRXEGGXAXAXXXDX
5f2b3521c6f997007ee2a5da,ARETIGWEPAANAFDI
5f2b3521c6f997007ee2a5df,ARRITMVRGVILEPRDV
5f2b3521c6f997007ee2a5e0,ARAFRRVDTAMAWFGY
5f2b3521c6f997007ee2a5ee,AREGVTTSGRYYYYYGMDV
5f2b3521c6f997007ee2a5f6,ARVPTGVIAAIGTDY
5f2b3521c6f997007ee2a5f7,ARGQQQLVLPRGFDAFDI
5f2b3521c6f997007ee2a5ff,ERPTEFVLLLLRYGR
5f2b3521c6f997007ee2a607,AKEVQGAVDY
5f2b3521c6f997007ee2a60a,XXXHCXSXSCHRXXX
5f2b3521c6f997007ee2a610,ASHPXXSXGYSESYFDY
5f2b3521c6f997007ee2a613,ASGRYYDYVWGSYRSSGMDV
5f2b3521c6f997007ee2a61a,ARVXGVVTVDYYGMDV
5f2b3521c6f997007ee2a61c,ARAERRGYIYGIPRPLFDY
5f2b3521c6f997007ee2a622,ARGXXGDEXCGXRSCYGIDY
5f2b3521c6f997007ee2a626,ARXXPGWGYCSSYTCYAFDY
5f2b3521c6f997007ee2a628,AARGYCSSTSCYSGYFDL
5f2b3521c6f997007ee2a62c,AREGYCSSTSCXDYYYYGLDV
5f2b3521c6f997007ee2a62f,ARLGVATIVFDY
5f2b3521c6f997007ee2a630,ARSVYGSGYLGWYYLDF
5f2b3521c6f997007ee2a63c,ARGKFRYSSSSSYYYGMDV
5f2b3521c6f997007ee2a640,ARXXDSSGYSXXAFDI
5f2b3521c6f997007ee2a643,ARAVAGTLSYGY
5f2b3521c6f997007ee2a646,AKGKGSSWRDPFDL
5f2b3521c6f997007ee2a64b,ARXXXXXXXXXYGXDX
5f2b3521c6f997007ee2a64f,FDY
5f2b3521c6f997007ee2a657,ARAXYXHGSGSNVNAFDI
5f2b3521c6f997007ee2a658,ARDQVCGGDCYSFPEGAGIYYYYGMDV
5f2b3521c6f997007ee2a65b,ARIQFPYYYDSSGSSWFDP
5f2b3521c6f997007ee2a65f,EXGXXXXXLXL
5f2b3521c6f997007ee2a661,ATSGNPFQH
5f2b3521c6f997007ee2a664,AXDGXXDSSGYXDY
5f2b3521c6f997007ee2a66c,AXXAXXRGXXAFDI
5f2b3521c6f997007ee2a66e,ARGQRDYTTAASRENDAFDI
5f2b3521c6f997007ee2a671,V
5f2b3521c6f997007ee2a673,REXGXXVRGXXSTT
5f2b3521c6f997007ee2a675,AKGTSAVAGTSYRYYYYGMDV
5f2b3521c6f997007ee2a676,ARLGGYDTEEIGLKRPSRDAFDI
5f2b3521c6f997007ee2a677,ARRSAGSDSYYWGCYYFDY
5f2b3521c6f997007ee2a678,ARQRGDYDIEYWYFDL
5f2b3521c6f997007ee2a679,ARDQVKTGLDDNYYHHGMDV
5f2b3521c6f997007ee2a67f,XXHYYCYGLDV
5f2b3521c6f997007ee2a680,ARGPMTTIVVVPAARYAPYYYYGMDV
5f2b3521c6f997007ee2a686,XXVXTXGYYGMDV
5f2b3521c6f997007ee2a687,ARSAPCSTTSCYQDGMDA
5f2b3521c6f997007ee2a68a,AXGFXXGXAYFDN
5f2b3521c6f997007ee2a68b,ARGRVDYYGMDV
5f2b3521c6f997007ee2a68c,ERARTLLLRYGR
5f2b3521c6f997007ee2a68d,AEVGDDFWSGYYYYYYGMDV
5f2b3521c6f997007ee2a68e,ARDRYYYVRSSCRYWFDY
5f2b3521c6f997007ee2a69a,XXVXGXAIXXXYGMDV
5f2b3521c6f997007ee2a69d,ARWQGWLLRGYFDY
5f2b3521c6f997007ee2a6a9,ARAGGGATFVGKDAFRF
5f2b3521c6f997007ee2a6ae,ARSRAKQLTLSFFYEMDV
5f2b3521c6f997007ee2a6af,ARPSGVVARDQRHGMDV
5f2b3521c6f997007ee2a6b2,AKVRNVDSGYDDG
5f2b3521c6f997007ee2a6b3,ARTLRPLDSFDF
5f2b3521c6f997007ee2a6b9,AXXEYXXXXXVXAFDI
5f2b3521c6f997007ee2a6bb,ARGLYSTSLDWFDY
5f2b3521c6f997007ee2a6be,ARAFRSGYYFDY
5f2b3521c6f997007ee2a6bf,ARHXXSGXYXXXXFDY
5f2b3521c6f997007ee2a6c1,ARTPSPGGGLLSVDY
5f2b3521c6f997007ee2a6c4,ATGSAFDI
5f2b3521c6f997007ee2a6c5,ETPEAVRFLEWLLKGGLLLRYGR
5f2b3521c6f997007ee2a6c9,GRLPPKRSSTRD
5f2b3521c6f997007ee2a6ca,AKGGGGVIADSMDV
5f2b3521c6f997007ee2a6cc,ARRGTVSPVLMADY
5f2b3521c6f997007ee2a6cf,ARLGGYYDSXGTLGAFDI
5f2b3521c6f997007ee2a6d5,XXAXDTAVYXXVRXXXXGXXXXXDX
5f2b3521c6f997007ee2a6d6,SGQHLQLAYSYYGGLDV
5f2b3521c6f997007ee2a6dd,ARGDSSTCYYGLDY
5f2b3521c6f997007ee2a6df,ARIGHGSGSPDFDY
5f2b3521c6f997007ee2a6e1,TXXYDFWSGYFDY
5f2b3521c6f997007ee2a6e3,ARAGRGDDPYGMFDV
5f2b3521c6f997007ee2a6e4,VVWGAFWGMDV
5f2b3521c6f997007ee2a6e9,VRTDRNFVSGMDV
5f2b3521c6f997007ee2a6ea,ARHTTGQQLVQQYYYYGMDV
5f2b3521c6f997007ee2a6f2,ARDPHPVPAAHFPLYYYYYGMDV
5f2b3521c6f997007ee2a6f3,ERCGLEWELRL
5f2b3521c6f997007ee2a6f4,ARQGGQH
5f2b3521c6f997007ee2a6f6,ARDSRPNYSSGWYYFDY
5f2b3521c6f997007ee2a6f7,ARDFGDAFDI
5f2b3521c6f997007ee2a6fb,ARXAXPVXGAGWFDS
5f2b3521c6f997007ee2a6fd,ARARFYCTNGVCYNNGEYYFDY
5f2b3521c6f997007ee2a6fe,AIYSSGWSTEVHDAXDI
5f2b3521c6f997007ee2a702,ASVPSVARGSGSVWDQTRIILKKSVDY
5f2b3521c6f997007ee2a709,ARGGVQGLGWPDP
5f2b3521c6f997007ee2a70c,ARVPTXXXXXDXXDX
5f2b3521c6f997007ee2a714,ARIYCGGDCYDYYYYGMDV
5f2b3521c6f997007ee2a717,ARGRGYIRFLEWLPPYYYYYGMDV
5f2b3521c6f997007ee2a71a,TAXXXXXXYCARXLATXVXGXIVXXYXYYGMDX
5f2b3521c6f997007ee2a71b,ARHHKSWGNARITMFGVVTTYTDAFDI
5f2b3521c6f997007ee2a71d,AXGDYPIRXLDV
5f2b3521c6f997007ee2a71f,ARXXCSSTSCQMGLGYYYYGMDV
5f2b3521c6f997007ee2a724,ETTVGAXXXELVLRS
5f2b3521c6f997007ee2a727,ARDPMGATWDYNYYGMDV
5f2b3521c6f997007ee2a728,ARGGTVVVPAAIATPNWFDP
5f2b3521c6f997007ee2a72a,KSRVTMSVXTSKXQFSLKLSSVTAADTAVYYCARXSLYXPXRY
5f2b3521c6f997007ee2a72b,ARGKTVFAVVAATTCAFDI
5f2b3521c6f997007ee2a72d,XXXXXXXXLKXXXTXXXDTXXNQXXLXXSXXXXXDTAXYYCAXXRSXXXYFDY
5f2b3521c6f997007ee2a72f,ARDPLWFGELPTQRGY
5f2b3521c6f997007ee2a730,ARGGGWSTKSKKYYFDY
5f2b3521c6f997007ee2a731,ARVGTSPHNWFDP
5f2b3521c6f997007ee2a732,ARMVGGAXRGXYYYGMDV
5f2b3521c6f997007ee2a733,ARHYXALDH
5f2b3521c6f997007ee2a73a,XXXXXXXXXDX
5f2b3521c6f997007ee2a73b,ATVXCXGDCYWLDY
5f2b3521c6f997007ee2a741,DI
5f2b3521c6f997007ee2a742,ERLGGXLLLLLRFVRL
5f2b3521c6f997007ee2a746,AXQAXWXGEFXRPGNWYFDX
5f2b3521c6f997007ee2a751,ARDKARVGWFDP
5f2b3521c6f997007ee2a752,ARAYXSGSXXTXYYYGMDV
5f2b3521c6f997007ee2a756,ARDRVAAAGXXDY
5f2b3521c6f997007ee2a757,ARAXYXSXXXXGXXXXDX
5f2b3521c6f997007ee2a75c,ESXGXXSCXSSLLLRYGR
5f2b3521c6f997007ee2a768,ARDLNYYDSSYYGAGCLDY
5f2b3521c6f997007ee2a76c,ARGAVIGAFDI
5f2b3521c6f997007ee2a770,ARISKLSGWYRFDP
5f2b3521c6f997007ee2a772,ARHYSALDH
5f2b3521c6f997007ee2a773,ARLSETTRRGALDY
5f2b3521c6f997007ee2a77a,AREMERYDFWSATEPEYGYGYGMDV
5f2b3521c6f997007ee2a77e,ARLPKYYXDESAXDX
5f2b3521c6f997007ee2a782,ARDXXAVTTTTFDGMDV
5f2b3521c6f997007ee2a788,XTXXXXXXSXXX
5f2b3521c6f997007ee2a78c,ARDSDCSSTSCYGYYYYYYGMDV
5f2b3521c6f997007ee2a790,ARDQXXXRXXXXXGXXXDX
5f2b3521c6f997007ee2a791,AXDXXFXSGYSDY
5f2b3521c6f997007ee2a792,AXAPGXXXXXGTXNY
5f2b3521c6f997007ee2a79b,XXXXXXXXXXEXXAXXYCAXXXXXXGXYXXAXXX
5f2b3521c6f997007ee2a79c,ARFASTPFNWWYFDL
5f2b3521c6f997007ee2a79e,ARVMELAVXXTSCGIDY
5f2b3521c6f997007ee2a7a0,ARHYSALDH
5f2b3521c6f997007ee2a7a5,ERSDYVCGLVLRS
5f2b3521c6f997007ee2a7a6,ARDWRLIAGGYFDH
5f2b3521c6f997007ee2a7a7,ARDCYDCGGYDXFDF
5f2b3521c6f997007ee2a7ae,ARGXIVGATIWGAFDI
5f2b3521c6f997007ee2a7b2,ARGHXDCXXRRLECFDY
5f2b3521c6f997007ee2a7b5,ARGLSEYSSSSEVTQFDP
5f2b3521c6f997007ee2a7b7,AXDXXXVAAXWATWYFDL
5f2b3521c6f997007ee2a7c4,ARGVASDYYYLGLDV
5f2b3521c6f997007ee2a7c9,ARDAPLAVWSSYLTQPSHAEYYYGMDV
5f2b3521c6f997007ee2a7cb,ARGLSSSWNPPYYFDY
5f2b3521c6f997007ee2a7d1,ERFLLWSGFS
5f2b3521c6f997007ee2a7dd,AKGNWGDY
5f2b3521c6f997007ee2a7e4,ARXXXXXXXEXXXXDX
5f2b3521c6f997007ee2a7e6,ERYGRVRP
5f2b3521c6f997007ee2a7eb,ARXXXXXYXXXXXXXXXXDX
5f2b3521c6f997007ee2a7ee,ASKGHYYDSSGYYYFDY
5f2b3521c6f997007ee2a7ef,AGXXWASXDGFDX
5f2b3521c6f997007ee2a7f1,ARXXXVXXXXDYDYXXXX
5f2b3521c6f997007ee2a7f6,ARSVYDRGWFDP
5f2b3521c6f997007ee2a7f8,ESRRLRFLEWLPICRPPRAPGR
5f2b3521c6f997007ee2a809,ASSQWAHYYYYGMDV
5f2b3521c6f997007ee2a80b,ARGRYDSSGYYVDY
5f2b3521c6f997007ee2a80d,ARVGLYYDLWNARNSYLDS
5f2b3521c6f997007ee2a81d,ARVXXVTTLXDLXYFDY
5f2b3521c6f997007ee2a821,ARVGXSGSSSLLYYFDY
5f2b3521c6f997007ee2a826,ARXRXXSGYSAHXXDAFDI
5f2b3521c6f997007ee2a82c,ARDQXXXXLGSXLGYDFDX
5f2b3521c6f997007ee2a82f,VXLXXXXXXXXDXXXXXDX
5f2b3521c6f997007ee2a831,AXEWTAAGTRIDWXDP
5f2b3521c6f997007ee2a833,EGASGDGXRXVRL
5f2b3521c6f997007ee2a834,ARAFVSVTTSFDY
5f2b3521c6f997007ee2a836,ARXXCXXXXXGXXDP
5f2b3521c6f997007ee2a838,ARRGYYYDSSGYTFDY
5f2b3521c6f997007ee2a83b,XXTAVXXCARPRGVGSYLEYFDS
5f2b3521c6f997007ee2a83c,SRLSKWGGLLWFGELVGGQYYFDY
5f2b3521c6f997007ee2a83d,ARGFSSW
5f2b3521c6f997007ee2a843,ASAAPRERYYYGSGRGYYYGMDV
5f2b3521c6f997007ee2a84d,ARDSCSSTSCPGGYYGMDV
5f2b3521c6f997007ee2a851,ARDAYKSTKDGVGLDDGFDV
5f2b3521c6f997007ee2a853,AKEEMMKDSSGYVFGPDYYYGMDV
5f2b3521c6f997007ee2a85f,ARGHTSWSGYYSLYYYYGMDV
5f2b3521c6f997007ee2a861,ANAVHSYGKGSSYYGMDV
5f2b3521c6f997007ee2a868,AREDAYWGDFDY
5f2b3521c6f997007ee2a869,ARXVVXRDXSDRLADYNFSPXDL
5f2b3521c6f997007ee2a86e,ARSRXRGSXYXSAFDY
5f2b3521c6f997007ee2a871,ARXEGXCSSTSCYRGHWIWFGELRGYFDY
5f2b3521c6f997007ee2a87d,ATSGRPAPIYGEGMYDS
5f2b3521c6f997007ee2a883,ETLG
5f2b3521c6f997007ee2a884,ARQPPGGGGPPYFDY
5f2b3521c6f997007ee2a886,ARDLPIFGVVIIYDYYYGMDV
5f2b3521c6f997007ee2a88d,ARHLNYFDY
5f2b3521c6f997007ee2a899,AXXWPXXNXXXXSGXXXDXXH
5f2b3521c6f997007ee2a8a8,EXXXIXEXXXVXXX
5f2b3521c6f997007ee2a8ac,ARDXXXXVXXTGSXXXXXXXDX
5f2b3521c6f997007ee2a8ae,AGHSFPYGVDL
5f2b3521c6f997007ee2a8b1,AREPRSEGPGPLLVTMIVPDI
5f2b3521c6f997007ee2a8b9,XXXAXXXXXXXXXXXXXXXXXXXXXXXXXXXXXXXXXXXRTXXCITXRDXXXXXXXXAXXDY
5f2b3521c6f997007ee2a8bc,ARVSGAVFGSGFDF
5f2b3521c6f997007ee2a8bf,AREGCSGNYGFDD
5f2b3521c6f997007ee2a8c1,ARXAXXXXGXXXXGLWFDP
5f2b3521c6f997007ee2a8c7,ARDWAHGSSSNYGMDV
5f2b3521c6f997007ee2a8c8,ARDTVGATGYYYGMDV
5f2b3521c6f997007ee2a8ca,ARGEGLDTAMADYYYYGMDV
5f2b3521c6f997007ee2a8d0,ARGXGSGSYYYGMDV
5f2b3521c6f997007ee2a8d1,AXDXXXXGXXIXXYXYXXMXWFDX
5f2b3521c6f997007ee2a8d4,ARSGRGYYYDSRHRTTPRGQKPHNWFDP
5f2b3521c6f997007ee2a8d5,ARDSRRMTTVSPWFDP
5f2b3521c6f997007ee2a8d6,ARESPSTSPYNWNPYDAFDI
5f2b3521c6f997007ee2a8d7,ESYAGEGVNSTHTKLLLLRYGR
5f2b3521c6f997007ee2a8de,AKVRGADSSPDY
5f2b3521c6f997007ee2a8e2,ARTRSGRGGFPRXGXDX
5f2b3521c6f997007ee2a8e5,ARGRAXSXXSRSSXYYYYGMDV
5f2b3521c6f997007ee2a8e7,AKDDWDYYDTSGPFDY
5f2b3521c6f997007ee2a8e9,ARGPVLISSSSADDDY
5f2b3521c6f997007ee2a8ea,ARGGAAGIYSSGWYDY
5f2b3521c6f997007ee2a8ec,XXTXXGXTXGVXXXGVRYXX
5f2b3521c6f997007ee2a8ed,AXXXXRXXGGXXXXXXXDXXXXX
5f2b3521c6f997007ee2a8f4,AXXXXXXXXXYYXIDX
5f2b3521c6f997007ee2a8f6,EKWGCPSTRCAKKEGVLLLRYGR
5f2b3521c6f997007ee2a8f8,FDY
5f2b3521c6f997007ee2a8fc,ARELXGXXXXXDX
5f2b3521c6f997007ee2a8fe,ARETXGTHHGSYYDY
5f2b3521c6f997007ee2a8ff,VVGTPPPDI
5f2b3521c6f997007ee2a902,AXXWXXXFXX
5f2b3521c6f997007ee2a909,REGVGVVVPAAILPRTAIFGVVITTTTTVWTS
5f2b3521c6f997007ee2a90a,I
5f2b3521c6f997007ee2a90c,ARESYYDVWSGYRNWFDP
5f2b3521c6f997007ee2a910,ARXRITIXIGAXDGFDX
5f2b3521c6f997007ee2a911,ARVRRSWETRRQSYSDY
5f2b3521c6f997007ee2a912,AKTGMIRATGLMDV
5f2b3521c6f997007ee2a913,AKTAVDIVWDWFDP
5f2b3521c6f997007ee2a914,EKWGCPSSRCAKKEGVLLLRYGR
5f2b3521c6f997007ee2a915,TTGSDWVYWYFDX
5f2b3521c6f997007ee2a917,ARXLRSRGEYSSNWFDP
5f2b3521c6f997007ee2a919,ARDLQGAVATAVGRFDY
5f2b3521c6f997007ee2a91e,ATASQSEIFGVVRKSFDY
5f2b3521c6f997007ee2a920,ATGLNQRVHG
5f2b3521c6f997007ee2a924,XRXXXXXXXXXXXWFDP
5f2b3521c6f997007ee2a92a,ARIPTSIAAAGGGGYYYGMDV
5f2b3521c6f997007ee2a92b,ARDGSYYXXSXFDY
5f2b3521c6f997007ee2a92f,RKTXNWPNFGVVTVWTS
5f2b3521c6f997007ee2a930,AKDIGSIGLLXDC
5f2b3521c6f997007ee2a931,ARLCDVAAVFYGIDV
5f2b3521c6f997007ee2a933,ARVEQLPSYYYYGMDV
5f2b3521c6f997007ee2a935,ARANRENLNAFDI
5f2b3521c6f997007ee2a936,AKVDGSXSYLTXYYYYYGMDX
5f2b3521c6f997007ee2a937,ARGFFIAAASATALEYFQH
5f2b3521c6f997007ee2a938,ARDXAAGGTNYYYGMDV
5f2b3521c6f997007ee2a93a,VRGGTQGYCSGGSCRSGRAKYAVDM
5f2b3521c6f997007ee2a93b,AXXXXRXXGXXXXYGXDX
5f2b3521c6f997007ee2a93c,AQEGSGELRPIDWYFDL
5f2b3521c6f997007ee2a941,ARHYSALDH
5f2b3521c6f997007ee2a942,AGDPGPAAESSWFDP
5f2b3521c6f997007ee2a946,ARGSYDTIFGVVMKGGDY
5f2b3521c6f997007ee2a948,EFCXXXXPRL
5f2b3521c6f997007ee2a94f,ARDGSGRWLQAWFDY
5f2b3521c6f997007ee2a952,XEXXVRXXXGXTT
5f2b3521c6f997007ee2a953,EELRLGEFSVFWFRL
5f2b3521c6f997007ee2a954,AREPSGVVTPHFDY
5f2b3521c6f997007ee2a955,AREYSSSRIDY
5f2b3521c6f997007ee2a956,ARDXSXGXXKCFDH
5f2b3521c6f997007ee2a958,ARGXXVXAXXSXXDX
5f2b3521c6f997007ee2a95a,ARDNGYCSSTSCLYFDY
5f2b3521c6f997007ee2a95b,ARDLEAAADTTFDY
5f2b3521c6f997007ee2a960,TTDLGLVQFGGSFDDH
5f2b3521c6f997007ee2a96f,ASTAAAGKRPFDY
5f2b3521c6f997007ee2a970,ARPSKTGNVGHDAFDI
5f2b3521c6f997007ee2a971,ARXXXXXWGYXXDX
5f2b3521c6f997007ee2a97d,ARDYGMDV
5f2b3521c6f997007ee2a980,AXXXXXSSGXXXXGXXFXX
5f2b3521c6f997007ee2a986,ARAYYDILTGYYYFDY
5f2b3521c6f997007ee2a987,ARHYSALDH
5f2b3521c6f997007ee2a988,ARXQXXVXGXDX
5f2b3521c6f997007ee2a98d,EKWGCPSSRGAKKEGVLLLRYGR
5f2b3521c6f997007ee2a999,ANLQAIT
5f2b3521c6f997007ee2a9a1,AKRGAYYDSSGYLIGY
5f2b3521c6f997007ee2a9a3,AKLISSSFVFDY
5f2b3521c6f997007ee2a9ad,SRDLXKYQAWGXFDF
5f2b3521c6f997007ee2a9ae,ATAEGKRIYDFWSQPYWFDP
5f2b3521c6f997007ee2a9b7,EDVVELRAGRVPRL
5f2b3521c6f997007ee2a9ba,XXYYGMDX
5f2b3521c6f997007ee2a9c0,ERLRFLEWLFRL
5f2b3521c6f997007ee2a9c6,AXXDXXXXXAXAXXDY
5f2b3521c6f997007ee2a9c7,ARDYYGSSGYYSYAFDI
5f2b3521c6f997007ee2a9c9,TLTPGYRFGPDY
5f2b3521c6f997007ee2a9ca,ARDLRAVGFSEFPGVYFDY
5f2b3521c6f997007ee2a9d1,ARXXXXXXVXXXWXXDY
5f2b3521c6f997007ee2a9d2,DV
5f2b3521c6f997007ee2a9d9,ARGDRKVVPVVQDLRRLRTYWYFDL
5f2b3521c6f997007ee2a9da,ERXWXGGTTLRRVRL
5f2b3521c6f997007ee2a9e1,ARFPMVRGVEDYYYGMDV
5f2b3521c6f997007ee2a9e3,AXXXGQLRXDRYYGMDV
5f2b3521c6f997007ee2a9e4,EXCLGRSCLLRXXC
5f2b3521c6f997007ee2a9e5,ASPSRSGWYSYYLDY
5f2b3521c6f997007ee2a9e8,ATEPNYYDSSGGSAFDI
5f2b3521c6f997007ee2a9ec,RYYYYGMDV
5f2b3521c6f997007ee2a9ef,ARHVYSSGWYDRGEGLRVPLDY
5f2b3521c6f997007ee2a9f0,ARGKGDADIWSMDV
5f2b3521c6f997007ee2a9f2,ARDNEQQV
5f2b3521c6f997007ee2a9fb,ARAWDSGSYYWYFDL
5f2b3521c6f997007ee2a9fc,AXNSGPQGGY
5f2b3521c6f997007ee2aa03,ARDDPNRSRRPY
5f2b3521c6f997007ee2aa0e,AKDMDGCGESLLSGGFDY
5f2b3521c6f997007ee2aa13,ARXPGSXXYYFDY
5f2b3521c6f997007ee2aa14,ARDYDASILWFGESPPRYGMDV
5f2b3521c6f997007ee2aa15,ARHVKKGLIAVAGSGWNY
5f2b3521c6f997007ee2aa17,ARGXHDCSSWTYYYGMDV
5f2b3521c6f997007ee2aa18,ARDHGSGXXWYGTDY
5f2b3521c6f997007ee2aa1b,AQVXDXXXGXXXXXXXX
5f2b3521c6f997007ee2aa26,ESGWXXX
5f2b3521c6f997007ee2aa27,ARLPADYDYGMDV
5f2b3521c6f997007ee2aa2b,ARXXXLYXXGXDX
5f2b3521c6f997007ee2aa2e,ARGLPYXSXXXXXXXSXXDX
5f2b3521c6f997007ee2aa2f,EXXXSYXXNGGLXL
5f2b3521c6f997007ee2aa30,ARVFGGSSPSPDY
5f2b3521c6f997007ee2aa35,ARDFRGFGPAAIPGGIGLDAFDI
5f2b3521c6f997007ee2aa36,ASEGSPGTGXY
5f2b3521c6f997007ee2aa3c,ARQAGGGYDPQTPLEAFDV
5f2b3521c6f997007ee2aa3d,ETLLGTRP
5f2b3521c6f997007ee2aa46,RDGIAVLTVCAS
5f2b3521c6f997007ee2aa4a,ARDSYRVAGASTFDY
5f2b3521c6f997007ee2aa4b,AXXPXXXXXXSXXVXXVTXAXTAVYYXAXXXXXXXXVXXXXXXXXSXGXDX
5f2b3521c6f997007ee2aa4c,ARGGSGFCDGFDI
5f2b3521c6f997007ee2aa4e,ARHFVSRHEDFFDY
5f2b3521c6f997007ee2aa4f,ARVLYDTSSTGDWLDP
5f2b3521c6f997007ee2aa56,AKSHGLAVTTDSSGYSYYFDY
5f2b3521c6f997007ee2aa5d,ARDTGYSYGYACDY
5f2b3521c6f997007ee2aa64,AXXXXXXXXLRGXDY
5f2b3521c6f997007ee2aa67,ARDEGGHGMDV
5f2b3521c6f997007ee2aa68,ARVFGSSGLYYYYGMDV
5f2b3521c6f997007ee2aa6a,XXXSGGSCCPSNLVRP
5f2b3521c6f997007ee2aa6e,ARGPSGTYVNY
5f2b3521c6f997007ee2aa6f,AXXXGXXSXXVXFDX
5f2b3521c6f997007ee2aa70,LRXEDTAVXYCXXXXXXXXIXXXYXXSNXXY
5f2b3521c6f997007ee2aa73,ARXXXXXAXGXWSXDY
5f2b3521c6f997007ee2aa76,ARSPVATMITNWFDP
5f2b3521c6f997007ee2aa7a,AXDRXXGATXPRVRNRGSSDY
5f2b3521c6f997007ee2aa82,AXDXGGSXXXYYYGMDV
5f2b3521c6f997007ee2aa83,ARXXAXXTVXMDY
5f2b3521c6f997007ee2aa86,AKVNRDYVWGSQDY
5f2b3521c6f997007ee2aa92,ARRERXLTGPEENWFDP
5f2b3521c6f997007ee2aa97,ARHRHYYDSSGYSSVWFDP
5f2b3521c6f997007ee2aa9b,AKXRXXXVXWXXELFXYYXGXDX
5f2b3521c6f997007ee2aaa5,GRYYAXWSGYDTPYFDY
5f2b3521c6f997007ee2aaaf,ARDPRRKVVLLGYNSYYGMDV
5f2b3521c6f997007ee2aaba,ARXXXXDGSSSSRDAFDI
5f2b3521c6f997007ee2aabe,EXXQXXSXXX
5f2b3521c6f997007ee2aac1,ARGLRGDFDY
5f2b3521c6f997007ee2aac2,ARRGTVSPVLMADY
5f2b3521c6f997007ee2aaca,EVXXXXXGLXXXX
5f2b3521c6f997007ee2aacc,RGSGQQLGGPSLLLLLRYGR
5f2b3521c6f997007ee2aacd,ARHPRTSWSFDY
5f2b3521c6f997007ee2aad1,AKAXSYGPSSSCFDY
5f2b3521c6f997007ee2aad3,ARDRQWLRDY
5f2b3521c6f997007ee2aad8,ERALRLF
5f2b3521c6f997007ee2aadc,VKXGYDTYGYXASFDN
5f2b3521c6f997007ee2aadd,AXDX
5f2b3521c6f997007ee2aade,ARDLGS
5f2b3521c6f997007ee2aae9,ARAXGGXXYYGMDV
5f2b3521c6f997007ee2aaec,ERLPGLLLLRYGR
5f2b3521c6f997007ee2aaf1,TGNWNRQLVRP
5f2b3521c6f997007ee2aaf6,GGSGWYDAFDI
5f2b3521c6f997007ee2aafa,ERSTSWENRRREILLLLLRYGR
5f2b3521c6f997007ee2aaff,AREGGGIVVVTAGFDY
5f2b3521c6f997007ee2ab02,AIHTLGDFCSSTSCYTEGAPPDNWFDP
5f2b3521c6f997007ee2ab03,ARGVVPAAIVWVGGAFDI
5f2b3521c6f997007ee2ab07,ARDKTGECTSTSCYYYGMDV
5f2b3521c6f997007ee2ab17,ARGGSGKGGIASFDY
5f2b3521c6f997007ee2ab22,YGMDV
5f2b3521c6f997007ee2ab2a,ETYRSGCENSIFGVGLDPVLLRYGR
5f2b3521c6f997007ee2ab3f,ARRHGGPNCSSTSWEYGMDV
5f2b3521c6f997007ee2ab41,ERXGXXLLXXXGR
5f2b3521c6f997007ee2ab44,ARSYYDFWSGYPNFDY
5f2b3521c6f997007ee2ab48,ARARVLRFLEWPIGPFDY
5f2b3521c6f997007ee2ab4b,AXGYDGDSGGFDY
5f2b3521c6f997007ee2ab4d,ARHPRGNWNHAGYFDY
5f2b3521c6f997007ee2ab52,ATSGRPAPIYGEGMYDS
5f2b3521c6f997007ee2ab54,ARSLVVAGRSPGV
5f2b3521c6f997007ee2ab5a,ARIVVVTNPGFECYFDY
5f2b3521c6f997007ee2ab63,ARDGXNRNKRIAAATTGMDV
5f2b3521c6f997007ee2ab66,ESSNCTPVRYGR
5f2b3521c6f997007ee2ab6a,VHSRDEGY
5f2b3521c6f997007ee2ab6c,AGGRAVAGIRWVDP
5f2b3521c6f997007ee2ab6d,ASDPPLDTVALEYFDL
5f2b3521c6f997007ee2ab6e,ARAWCGGDCYGGFRNWFDP
5f2b3521c6f997007ee2ab72,ARRTATSANGSGVFDP
5f2b3521c6f997007ee2ab78,ARDXGEDYGMDI
5f2b3521c6f997007ee2ab79,KSSSSTSCYNQL
5f2b3521c6f997007ee2ab7b,ARXPRXXXGRVDY
5f2b3521c6f997007ee2ab7e,ALGGFGDYGMDV
5f2b3521c6f997007ee2ab7f,EXSXXXXLXRXXX
5f2b3521c6f997007ee2ab80,XSRDNSKNTLYLQMNSLRAEDTAVYYCAXXLXXXYXX
5f2b3521c6f997007ee2ab90,ARXTYDSSGXXYDY
5f2b3521c6f997007ee2ab93,XXIVGPTXQXXXTXVXXXXXXX
5f2b3521c6f997007ee2ab9b,GPAPATCLLLLRRSGR
5f2b3521c6f997007ee2aba4,ASLYSSSSGY
5f2b3521c6f997007ee2aba6,ARTYYYDSSGYYYFIHDYYYGMDV
5f2b3521c6f997007ee2abb4,AXDXVPXXXXXPXDX
5f2b3521c6f997007ee2abb8,ARLAVAGSLVEAFDI
5f2b3521c6f997007ee2abc0,ARRYSSGWSIRVVDAFDI
5f2b3521c6f997007ee2abc1,ERASYGSSASCYKELLLRYGR
5f2b3521c6f997007ee2abcf,ARXXXXXXXXXDXXGMDV
5f2b3521c6f997007ee2abd1,AXXXXXXXGVX
5f2b3521c6f997007ee2abd5,FSLDXSVSTAYLQISSLKAEDTAVYYCARSDYYYYGMDV
5f2b3521c6f997007ee2abd6,XXXAXXXAVYYCXXXIXXXXXXXXGNAFXX
5f2b3521c6f997007ee2abd7,MDV
5f2b3521c6f997007ee2abdc,ARXGVVLVPAAQRKREYYYYGMDV
5f2b3521c6f997007ee2abdd,ARTSARGGYFDGVDY
5f2b3521c6f997007ee2abe4,ATRXXVAGXXPXDY
5f2b3521c6f997007ee2abe5,ARVASSSWYFDN
5f2b3521c6f997007ee2abe6,AKGDDSWYWGPLDY
5f2b3521c6f997007ee2abe9,AREYIAAAGTALYYYYGMDV
5f2b3521c6f997007ee2abed,AKGLPSRYFDS
5f2b3521c6f997007ee2abf0,TRXSPNLSLK
5f2b3521c6f997007ee2abf5,ARGDCSNGGGAFCLDY
5f2b3521c6f997007ee2abf7,ARYSRSGEACYYFDY
5f2b3521c6f997007ee2abfb,EXGEVXLXPGRGQLVRP
5f2b3521c6f997007ee2ac02,EKSTRAAYWEWSGLKASDTAMYYGARHPRSGFTHSEWPSYWHFDL
5f2b3521c6f997007ee2ac04,XXTATXTAXYYCGRLPPKRSSTRD
5f2b3521c6f997007ee2ac09,ASEXXGXEXXXGGSCSAPGAFDI
5f2b3521c6f997007ee2ac1b,ARAPGLYSGSYYYYYYGMDV
5f2b3521c6f997007ee2ac25,EGSSILFTRRVGLEKGTIVGVVAGGLLLRYGR
5f2b3521c6f997007ee2ac2b,AKGDSVRVVIGGMDV
5f2b3521c6f997007ee2ac2c,EXGLLPLGWNYLLLRYGR
5f2b3521c6f997007ee2ac2d,TRSCSTTGCPNRSAFDI
5f2b3521c6f997007ee2ac33,ARTRLNWGYSGYDRRNGMDV
5f2b3521c6f997007ee2ac35,ARDLXGXYXXXXXXXRDX
5f2b3521c6f997007ee2ac38,FDP
5f2b3521c6f997007ee2ac3b,ARTRYSSGWRDAYDV
5f2b3521c6f997007ee2ac3c,ARAPGAYNWFDP
5f2b3521c6f997007ee2ac40,CXXXFRXSGLLXGGYYXGMDV
5f2b3521c6f997007ee2ac42,AGGSDTAAVTSSGLDY
5f2b3521c6f997007ee2ac4e,ARGYCSGGSCHYTILDAFDI
5f2b3521c6f997007ee2ac4f,ARXSLXSXXSXDGFDY
5f2b3521c6f997007ee2ac54,ARTDRGVTAIVTDY
5f2b3521c6f997007ee2ac56,XXXXXGXXXXGRL
5f2b3521c6f997007ee2ac5a,ASPXGXXXXWXGXFDP
5f2b3521c6f997007ee2ac5b,ASLAVAGNFGMVRRFDV
5f2b3521c6f997007ee2ac5c,ASHPGVVGNI
5f2b3521c6f997007ee2ac5e,ARVPPRAPPIVVVPAATQDRRYYYYGMDV
5f2b3521c6f997007ee2ac61,AXXVGXXXXXGXXXVLLCETXXXXXLGXGEIQLWXRDY
5f2b3521c6f997007ee2ac68,GYDFWNDYKSSDAMDV
5f2b3521c6f997007ee2ac69,XRXXAXXXVVAAXXAFDI
5f2b3521c6f997007ee2ac6c,XVDX
5f2b3521c6f997007ee2ac6e,ARDXXXSSXSCYCXFDL
5f2b3521c6f997007ee2ac71,ARDWAHGSSSNYGMDV
5f2b3521c6f997007ee2ac76,ARHAEQLALDY
5f2b3521c6f997007ee2ac7a,ARXXVVXTTRFXAFDI
5f2b3521c6f997007ee2ac7b,AELPSDY
5f2b3521c6f997007ee2ac7d,ARAXCSXXCSGAFDX
5f2b3521c6f997007ee2ac80,AREIVVVVAAGCYYYGMDV
5f2b3521c6f997007ee2ac8f,ARVKSQGLRYYDSSGRTRPSYHLDY
5f2b3521c6f997007ee2ac90,XXAXYXCARGYXYVWGSXRLXFDY
5f2b3521c6f997007ee2ac97,AXLDTAXXGXXHAXXX
5f2b3521c6f997007ee2ac9b,ARTXXXXYYXXHXXDX
5f2b3521c6f997007ee2ac9d,ARGRSASYDSSGWADS
5f2b3521c6f997007ee2aca0,XYXAXEXXXXXXXXXXXYYYGMDV
5f2b3521c6f997007ee2aca2,VRRFGKPYNWFDP
5f2b3521c6f997007ee2aca8,ARSYLLLRYFDWLLALDVRTLCFDS
5f2b3521c6f997007ee2aca9,AXGGSGGYKVWPFDY
5f2b3521c6f997007ee2acc1,ETLLGTRP
5f2b3521c6f997007ee2acc3,AAGNFDFWTWWY
5f2b3521c6f997007ee2acca,ARSHAERGHSYGASFPDY
5f2b3521c6f997007ee2acce,ARXPLGTTMIVVVITNDFDY
5f2b3521c6f997007ee2acd1,ARRXXXXXXXXDA
5f2b3521c6f997007ee2acd2,AXXRVXXXXXXXXVXXXXYFXX
5f2b3521c6f997007ee2acd5,AXDRPRQXXYYFDY
5f2b3521c6f997007ee2acd8,ARGXFTVXXXXXXXXXDV
5f2b3521c6f997007ee2ace4,ARDRIAAAGTFVCDY
5f2b3521c6f997007ee2ace8,ATDLEIHFDY
5f2b3521c6f997007ee2acec,ARVRGAIVGLRPYYYGMDV
5f2b3521c6f997007ee2acf2,ASRCWGSYGIDY
5f2b3521c6f997007ee2acf3,ARDYYPGGSSLYCYFDY
5f2b3521c6f997007ee2acf4,ARDGDYYGSGSYQTTPDY
5f2b3521c6f997007ee2acf9,VQGGVGVAPAIRKFGS
5f2b3521c6f997007ee2acfa,AKWYYXISGSYSH
5f2b3521c6f997007ee2ad03,AKDSSLSQGAXXSLGTEDTAVYYCARDRSGLSQYQLLNYYYYGMDV
5f2b3521c6f997007ee2ad05,ARGGLERVDFDY
5f2b3521c6f997007ee2ad10,XXXXXXXGTXXXXLXX
5f2b3521c6f997007ee2ad11,ARHXYDSSGYYYFDY
5f2b3521c6f997007ee2ad14,XXVTAXDTAVYYCARXXLXGXXXLXXXLWEYYYXXX
5f2b3521c6f997007ee2ad1d,ARVPALEYCSSSPAAAGTSSYWFDA
5f2b3521c6f997007ee2ad1e,AKDIARGYRNYGMDV
5f2b3521c6f997007ee2ad21,RKPTTVXPEXXQP
5f2b3521c6f997007ee2ad25,ARAVSSTSGGDYDCGIDY
5f2b3521c6f997007ee2ad27,ATGPQQWELSPPIVH
5f2b3521c6f997007ee2ad28,ASYYSTGSPAALTS
5f2b3521c6f997007ee2ad29,XCCFDX
5f2b3521c6f997007ee2ad2e,ARGXRCGCRSTRXCQMITXAFDI
5f2b3521c6f997007ee2ad30,ARVGYDFWSGYYYYYYGMDV
5f2b3521c6f997007ee2ad32,AREGPSGDYSNFNYYYGMDV
5f2b3521c6f997007ee2ad33,ARLVVVTVDAFDI
5f2b3521c6f997007ee2ad37,ARQMPPGLRGKSIAVAGTSLYAFDI
5f2b3521c6f997007ee2ad39,XXXXXXXVKGXXTXXRDXXKXXLXXQXNXLRAEDTAVYXCAXXXMXXXXXX
5f2b3521c6f997007ee2ad3d,ARREVAAGSGIYPPYFLX
5f2b3521c6f997007ee2ad4c,ARTGRDYYFDY
5f2b3521c6f997007ee2ad4e,ARDIGVDYYYYGMDV
5f2b3521c6f997007ee2ad50,ARXXXSXYDSSGXYXEX
5f2b3521c6f997007ee2ad58,ARGGAXSWXWGYFDX
5f2b3521c6f997007ee2ad5d,XTGXSGWXXXL
5f2b3521c6f997007ee2ad65,ARDYFDSSGGSHDVVVS
5f2b3521c6f997007ee2ad69,ARDGIGSNFCYCFDY
5f2b3521c6f997007ee2ad70,XVTXAXTXXYYXXXXKXAXAGXRXDX
5f2b3521c6f997007ee2ad73,ETSSTSCYTALLLLRYGR
5f2b3521c6f997007ee2ad76,ARNYDILTGYWS
5f2b3521c6f997007ee2ad7b,ARQXAGATXDAFDI
5f2b3521c6f997007ee2ad80,AKVPESHRSLGTAPGQWLNYYYGFDV
5f2b3521c6f997007ee2ad82,XVYXXAXVGTAREYSSSSGNHNFDY
5f2b3521c6f997007ee2ad86,ARVPAYXHGYSYGXXGVDY
5f2b3521c6f997007ee2ad88,ASGGGFYDSSRXXFDY
5f2b3521c6f997007ee2ad8c,EXXAVYYCARXGXXGYXYGXXXDX
5f2b3521c6f997007ee2ad8d,AXGXRXXXYYYXXSGXRRXXDY
5f2b3521c6f997007ee2ad8f,ARGRDGLLGXXWYGFDV
5f2b3521c6f997007ee2ad94,DQSIRGSXXXXLXX
5f2b3521c6f997007ee2ad97,ETAGTGGELLLRYGR
5f2b3521c6f997007ee2ad98,ARSRYDFWSDKPEHFHH
5f2b3521c6f997007ee2ad99,AKXGGDSSSPFLRVVYGMDV
5f2b3521c6f997007ee2ad9b,YLDV
5f2b3521c6f997007ee2ad9d,RELGXVDRXXXAVWTS
5f2b3521c6f997007ee2ada6,AXXRXXXSGYDXXLYGMDV
5f2b3521c6f997007ee2ada8,ARDXXXXXXDSGYXXAXDY
5f2b3521c6f997007ee2ada9,TPPPTLLSS
5f2b3521c6f997007ee2adb0,ARVVEGNGGNSGALPQKGKRKNWFDP
5f2b3521c6f997007ee2adbe,ARLXSENSSSDYLYFDY
5f2b3521c6f997007ee2adc2,AKGDGTWIQLWLAIDY
5f2b3521c6f997007ee2adc7,ATRDGYNLQPYYYYGMDV
5f2b3521c6f997007ee2adc8,ARVLTNDYSNYEDNWVDP
5f2b3521c6f997007ee2adca,ARXXXYGSXXXXAXXYFDY
5f2b3521c6f997007ee2add8,AHTDPLQNDYGDYGDAFDI
5f2b3521c6f997007ee2adda,AXXXXXLXX
5f2b3521c6f997007ee2addb,AHRQTWDYDFWSGYCXGPKCWFDI
5f2b3521c6f997007ee2ade3,AKDLCSGGSCPLDY
5f2b3521c6f997007ee2ade5,ARSSREAPNWFDP
5f2b3521c6f997007ee2adee,ARHIQQLSWVDY
5f2b3521c6f997007ee2adef,ARHDIKFSFSEFSPPQTHDS
5f2b3521c6f997007ee2adf5,AREGDLWYGXDV
5f2b3521c6f997007ee2adf7,DX
5f2b3521c6f997007ee2adfb,AREYSSSLDY
5f2b3521c6f997007ee2ae03,ARXRGSRXYKFDY
5f2b3521c6f997007ee2ae04,MDV
5f2b3521c6f997007ee2ae05,XXXXXYXGXDX
5f2b3521c6f997007ee2ae06,ARQQYDWYFDL
5f2b3521c6f997007ee2ae0c,ARDGSTDVDVYSNYGGGYYYYYGMDV
5f2b3521c6f997007ee2ae0e,ARHNPYGGPSLGYFDL
5f2b3521c6f997007ee2ae11,ARDPPPEYCSSTSCYVLGAFDI
5f2b3521c6f997007ee2ae12,ARDXRXXGXFDY
5f2b3521c6f997007ee2ae14,Y
5f2b3521c6f997007ee2ae16,VXGSGANYYYYGMDV
5f2b3521c6f997007ee2ae1c,ARAXPTYGSGXYGFDY
5f2b3521c6f997007ee2ae1f,ARGGVRGVYFDY
5f2b3521c6f997007ee2ae23,Y
5f2b3521c6f997007ee2ae24,AXXDSXGYRXNR
5f2b3521c6f997007ee2ae2b,AREVRILEXTTMLYDV
5f2b3521c6f997007ee2ae2c,ARXXRDXXXXXXYYYGMDV
5f2b3521c6f997007ee2ae2f,FDX
5f2b3521c6f997007ee2ae33,AXXGAXXXPGXAFDI
5f2b3521c6f997007ee2ae3c,ARGRELYYYGMDV
5f2b3521c6f997007ee2ae40,ARXXXITIGWGAEFDY
5f2b3521c6f997007ee2ae42,ARDPVCSSTSCFLFDY
5f2b3521c6f997007ee2ae4c,AKXXRSXXXXXXAFDI
5f2b3521c6f997007ee2ae50,ARXXWXGXXYFDY
5f2b3521c6f997007ee2ae53,ARDXGVATASGFDY
5f2b3521c6f997007ee2ae57,DP
5f2b3521c6f997007ee2ae63,ARQAVAGTYWFDP
5f2b3521c6f997007ee2ae66,ARDRGCGGDCIFATFDY
5f2b3521c6f997007ee2ae68,AKSRGTRPLLPPRVVPTAFDY
5f2b3521c6f997007ee2ae6a,ARDIVNSGSGSYSLAY
5f2b3521c6f997007ee2ae6e,ARPSGWXXGVVHFDY
5f2b3521c6f997007ee2ae71,ERQFEDCXXX
5f2b3521c6f997007ee2ae73,AKVESDVVVVVVASTYALDM
5f2b3521c6f997007ee2ae75,ARGGFAERRETYYYYGMDV
5f2b3521c6f997007ee2ae7c,ARVAKDCGGDCXWVYFDY
5f2b3521c6f997007ee2ae82,ARDAPLAVWSSYLTQPSHAEYYYGMDV
5f2b3521c6f997007ee2ae85,ARXXRVXVXXXXHGAFDI
5f2b3521c6f997007ee2ae8b,ARLGLRAIFGVVTADYGVDH
5f2b3521c6f997007ee2ae8c,ARDNWSYGDAFDI
5f2b3521c6f997007ee2ae93,ARIGVDDRGHGFDI
5f2b3521c6f997007ee2ae95,ARGYSSSWXXXXXDX
5f2b3521c6f997007ee2ae96,GDFDY
5f2b3521c6f997007ee2ae99,TXXYYCARTXXSXXXXXXXXXXXX
5f2b3521c6f997007ee2aea1,GRLPPKRSSTRD
5f2b3521c6f997007ee2aea8,ATKKTGGNFLTAPRSKNWFDP
5f2b3521c6f997007ee2aeaa,ARVFCLRQVLVAISNWFDX
5f2b3521c6f997007ee2aeab,ARDLRPDIVVVPAAPAEYFQH
5f2b3521c6f997007ee2aeb1,ATTGSSIAASLDAFDI
5f2b3521c6f997007ee2aeb4,AAXXXVXYXAXLCDVTAVFXGIDV
5f2b3521c6f997007ee2aeb7,ARARRGIAAASFDY
5f2b3521c6f997007ee2aeb9,ETXGEXXXSXYFDXSVGX
5f2b3521c6f997007ee2aebe,ARGXSVXLXVXXXID
5f2b3521c6f997007ee2aec0,AXXXYXGXXXXLXXWXDX
5f2b3521c6f997007ee2aec3,AREASGRNXEIXTGPXLVDY
5f2b3521c6f997007ee2aec6,AREGGXXXGSCWDDIGLGDY
5f2b3521c6f997007ee2aec8,EXXXXLLXLLRYGR
5f2b3521c6f997007ee2aed0,ASKGPDGSGTICPFY
5f2b3521c6f997007ee2aed2,ERGRWWLVXRQLVRP
5f2b3521c6f997007ee2aed9,ARGRELYYYGMDV
5f2b3521c6f997007ee2aeda,ATGGYGSGSSPGYYYYYGMDV
5f2b3521c6f997007ee2aedf,ARGGDIVVVVAAHPPGADAFDI
5f2b3521c6f997007ee2aee2,ARDSFRSWTH
5f2b3521c6f997007ee2aee4,RELSHIVVVTAIHTPRTTGSTP
5f2b3521c6f997007ee2aeef,AKGQSDFGVLTSYGMDV
5f2b3521c6f997007ee2aef0,DP
5f2b3521c6f997007ee2aef1,SYHYYDGMDA
5f2b3521c6f997007ee2aef5,AKEVGGTVAVXVDY
5f2b3521c6f997007ee2aef6,SXDTXVXYXAXGXXXXXXXXTXCXGXDX
5f2b3521c6f997007ee2aef7,EXXXXXLXXXL
5f2b3521c6f997007ee2aef8,ARGRSSPIYYGMDV
5f2b3521c6f997007ee2aefa,AXXEXXXXXXXGXDX
5f2b3521c6f997007ee2aefb,ARTSGSYSDYYYGMDF
5f2b3521c6f997007ee2aeff,ARDFAVVARPGTDFDY
5f2b3521c6f997007ee2af01,ARXXGXTXDYXYXXX
5f2b3521c6f997007ee2af04,ARGPPFGGKGDGGVGGPFDY
5f2b3521c6f997007ee2af08,ARDYCGGSGGXYYWFDH
5f2b3521c6f997007ee2af0a,ARXVVVXAXIVRNWFDP
5f2b3521c6f997007ee2af10,ARDGPGWGITQDAFDY
5f2b3521c6f997007ee2af11,ARGRGVRAYYYYYGMDV
5f2b3521c6f997007ee2af12,ERWPAQWLFXXLRL
5f2b3521c6f997007ee2af14,ARDTPAVGVVXGCWXDY
5f2b3521c6f997007ee2af1c,ARGGDILTGYYGFDL
5f2b3521c6f997007ee2af1e,AKDQGDS
5f2b3521c6f997007ee2af1f,SGQHLQLAYSYYGGLDV
5f2b3521c6f997007ee2af28,ARDXYYDGSGYSKSFDF
5f2b3521c6f997007ee2af2c,AREANDFWSGYYEFYGPYGMDV
5f2b3521c6f997007ee2af2d,ATTFRQGHNY
5f2b3521c6f997007ee2af2e,AKXXCSGXXXNYYGXDX
5f2b3521c6f997007ee2af31,QRAXLQYSRSKLVRL
5f2b3521c6f997007ee2af34,ARXGGGVVGPGCYYYGIDY
5f2b3521c6f997007ee2af37,ERPQWEPRL
5f2b3521c6f997007ee2af3a,ARHEKGTKSFQTPFYYGMDV
5f2b3521c6f997007ee2af46,ARGXXTGYYGGSSYFDY
5f2b3521c6f997007ee2af49,ARHRTGGSSGRYCMDY
5f2b3521c6f997007ee2af52,ARXXXRVTAVDSYYYGMDV
5f2b3521c6f997007ee2af53,ARRGGYFEFLFDY
5f2b3521c6f997007ee2af56,ARELXXGXSWXTXYYYGMDV
5f2b3521c6f997007ee2af58,ARESGRHP
5f2b3521c6f997007ee2af5b,ERXXXXRXXXX
5f2b3521c6f997007ee2af5d,ASPLPLWFGELLVYYYGMDV
5f2b3521c6f997007ee2af60,ARVSPXXXWSXGSWFDP
5f2b3521c6f997007ee2af64,ATGPQQWELSPPIVH
5f2b3521c6f997007ee2af75,ARDXXXXTMVRAXXEXXDY
5f2b3521c6f997007ee2af81,ARAGGTFGVVIIEEPGLFSN
5f2b3521c6f997007ee2af8b,ARDGRSGDQYFDY
5f2b3521c6f997007ee2af8d,XXXXXDTAXYYCARXWVGXXXXXXFXY
5f2b3521c6f997007ee2af91,AKGLPSRYFDS
5f2b3521c6f997007ee2af9a,ARDRMEECSSNDCSSY
5f2b3521c6f997007ee2af9c,ARDRGXTCXXGVXXXDY
5f2b3521c6f997007ee2af9d,ARDRDDCSSSSCGYYYYGIDV
5f2b3521c6f997007ee2afa0,ERCEGGDYHDSGSCYLERYGR
5f2b3521c6f997007ee2afa1,ETXXRXXXWTXQLVRP
5f2b3521c6f997007ee2afa7,AXEGGXXXXXAXDX
5f2b3521c6f997007ee2afab,ARGXXVXRTSYYXRYXDX
5f2b3521c6f997007ee2afad,ARDXGWSXPYYYYYGMDV
5f2b3521c6f997007ee2afae,AKRGAVAGWGYYYGMDV
5f2b3521c6f997007ee2afb0,LXPPXXRLCITVREXSGXXDXXDY
5f2b3521c6f997007ee2afb9,ARDLVHGSSSMEXGFDY
5f2b3521c6f997007ee2afbc,KGWFDX
5f2b3521c6f997007ee2afbf,AXRSGYDSVDY
5f2b3521c6f997007ee2afc2,AKGLPSRYFDS
5f2b3521c6f997007ee2afc5,ARLGYCGGGSCGYYFDY
5f2b3521c6f997007ee2afc6,VRXGEXGYGPYYFDF
5f2b3521c6f997007ee2afc7,TTXTIFGVVXXXXXXDY
5f2b3521c6f997007ee2afc8,AKGLPSRYFDS
5f2b3521c6f997007ee2afc9,DAFDI
5f2b3521c6f997007ee2afde,ARDWPGRDYPGSGSGPNSYYGMDV
5f2b3521c6f997007ee2afe0,XXXXXXXXXXXXXXXXXXXXXXXLXXNXLXAEDTAVYYCARXXXXXXXXYXYXXXMXX
5f2b3521c6f997007ee2afe5,XXXXLXXXXXYGXDX
5f2b3521c6f997007ee2afe6,ARDYYDSSGYVGDWFDP
5f2b3521c6f997007ee2afea,ARQAARPPYPFDY
5f2b3521c6f997007ee2aff1,ARVPPRAPPIVVVPAATQDRRYYYYGMDV
5f2b3521c6f997007ee2aff6,LKGGWGSIYDY
5f2b3521c6f997007ee2affb,ARVYYYFGSGWNNFDY
5f2b3521c6f997007ee2b001,ARHDLSFTVILDL
5f2b3521c6f997007ee2b004,EXXXXGXXLLXLRYGR
5f2b3521c6f997007ee2b010,DIKGYCRPNSLLLLLLRYGR
5f2b3521c6f997007ee2b011,ARTNEVVPAARRSLELADWDFDL
5f2b3521c6f997007ee2b013,EXXXSXXXXAGXXXX
5f2b3521c6f997007ee2b01d,ARGLGVSSXGAFDI
5f2b3521c6f997007ee2b01e,ARDXWCRQPQYYLDY
5f2b3521c6f997007ee2b020,ARENRHCGSNPCFNDC
5f2b3521c6f997007ee2b023,ARVGYXSXSXXXGXYXXXXXDX
5f2b3521c6f997007ee2b028,ARAWGYSSSWYSDY
5f2b3521c6f997007ee2b02a,ARQGIADMGCGDCYFDYYGMDV
5f2b3521c6f997007ee2b02d,ARTRYSSGWRDAYDV
5f2b3521c6f997007ee2b02e,ARDPRXYCSSTSCCYFDY
5f2b3521c6f997007ee2b035,ARXXXXXXXXSPYXGXDX
5f2b3521c6f997007ee2b036,AXAYXYDSSGYYX
5f2b3521c6f997007ee2b037,ARPGYCSSTNCDAFDI
5f2b3521c6f997007ee2b03b,VTQTWSEY
5f2b3521c6f997007ee2b041,DRSAAVGTQPPYCP
5f2b3521c6f997007ee2b043,GKDEFYYGSGRXLSVGY
5f2b3521c6f997007ee2b04a,REVXRGXGPISSSALTT
5f2b3521c6f997007ee2b05a,ARDLGDCSAHSWCYFDY
5f2b3521c6f997007ee2b05f,ARGSXAVRGSDYYIXF
5f2b3521c6f997007ee2b060,V
5f2b3521c6f997007ee2b064,AKDFGYNWNDGLDY
5f2b3521c6f997007ee2b067,TTGLLLRYGR
5f2b3521c6f997007ee2b06b,ERYXRGSWYGL
5f2b3521c6f997007ee2b071,ARGGGMRTAWFDP
5f2b3521c6f997007ee2b077,ERGSXCRXSGXXRLLLRYGR
5f2b3521c6f997007ee2b07b,DRSAAVGTQAPYCP
5f2b3521c6f997007ee2b07e,XXXXXXXXXXELXXXXSXXXAXXXXARDRPEXXGXVXXRLARAMDX
5f2b3521c6f997007ee2b07f,ARDGGEDIVPYYYYGMDV
5f2b3521c6f997007ee2b081,ERGRXGGGSCXVXXXXS
5f2b3521c6f997007ee2b08a,EXXGGXKTQXLRYGR
5f2b3521c6f997007ee2b08b,ARDMGPRPAANPRTIDY
5f2b3521c6f997007ee2b097,ARVXXXGHWVXXXFDI
5f2b3521c6f997007ee2b099,ARDVTVLDCYGMDD
5f2b3521c6f997007ee2b0a5,QKGRGH
5f2b3521c6f997007ee2b0a8,ARLSTVVSPFSY
5f2b3521c6f997007ee2b0aa,EREMATQRRHPILLLRYGR
5f2b3521c6f997007ee2b0b9,AXDRRLYGDXGNSNFDYYSGMDV
5f2b3521c6f997007ee2b0bd,ARVRRGGDWRGDFDY
5f2b3521c6f997007ee2b0c0,ARDGEGVGFGELLVDAFDI
5f2b3521c6f997007ee2b0c1,ARQMAVAETWFDP
5f2b3521c6f997007ee2b0c3,ARGTDGGDNSYYYGMDV
5f2b3521c6f997007ee2b0c5,ARRGPYGAFDI
5f2b3521c6f997007ee2b0c6,ARHPGSGKYWGVDY
5f2b3521c6f997007ee2b0d1,ARAXXXXSSISGYSIDF
5f2b3521c6f997007ee2b0d3,ARHDIKFSFSEFSPPQTHDS
5f2b3521c6f997007ee2b0d4,ESRGLATDRRGRVLRS
5f2b3521c6f997007ee2b0df,XKLYXXXXXTXGKFDY
5f2b3521c6f997007ee2b0e5,AKDKVPAAFYYYYGMDV
5f2b3521c6f997007ee2b0e7,XXADXAVYYCAXRXRSXXGXTXXXXX
5f2b3521c6f997007ee2b0e8,AREEGGMDV
5f2b3521c6f997007ee2b0ea,ARGRGRQLLFKAFDI
5f2b3521c6f997007ee2b0ee,TAXXYCARVRRXXETRRQFYSDX
5f2b3521c6f997007ee2b0f5,AKGRRDVYDRYFYGMDV
5f2b3521c6f997007ee2b0f6,AGSGSLDY
5f2b3521c6f997007ee2b0f9,DV
5f2b3521c6f997007ee2b0fe,ARNDFWSGYSFDY
5f2b3521c6f997007ee2b101,XXXXXXXXX
5f2b3521c6f997007ee2b106,AGPTDYWSGDPSLNKPKYGMDV
5f2b3521c6f997007ee2b107,ARGXXITMAXVGMSCFDY
5f2b3521c6f997007ee2b10a,ARRAVAGQDWFDP
5f2b3521c6f997007ee2b10c,XMTSVTAXXTAXYYXARNDFWSXKNWFDP
5f2b3521c6f997007ee2b10f,AREIVVVAAGCCXCMDY
5f2b3521c6f997007ee2b115,EIVAGSVSGL
5f2b3521c6f997007ee2b116,ARWXXGNWYXXX
5f2b3521c6f997007ee2b11b,ARDAGFPTSFYFDY
5f2b3521c6f997007ee2b11c,ARGKPFSTDYYGSGSYAEYFQH
5f2b3521c6f997007ee2b11d,ARIARQLVEY
5f2b3521c6f997007ee2b126,ATSGTPFQH
5f2b3521c6f997007ee2b12b,ARQEVGDSSGXDY
5f2b3521c6f997007ee2b12d,AXQEVGDSSGLDY
5f2b3521c6f997007ee2b12e,AKDRLRSVAVIQ
5f2b3521c6f997007ee2b138,AXLXYACXVXFDY
5f2b3521c6f997007ee2b13b,ERKRGSSSVLLRNGR
5f2b3521c6f997007ee2b142,ARNXDXXFDY
5f2b3521c6f997007ee2b147,ERPSESLGQXEQLQLVRR
5f2b3521c6f997007ee2b148,ARAHIVVVID
5f2b3521c6f997007ee2b151,AADTAXXYCAXXXXXXXXXGXYXFXX
5f2b3521c6f997007ee2b157,XXXXGXXXXTXDXXTSXXXXELXXLXXXXTAVXYCAXXXXXXIYXWYXXL
5f2b3521c6f997007ee2b159,ATGNYGDKGDHDY
5f2b3521c6f997007ee2b15b,ARXMVAAGNYWFDL
5f2b3521c6f997007ee2b160,GMDV
5f2b3521c6f997007ee2b163,AKGGWRTATVMNYFDY
5f2b3521c6f997007ee2b16c,ATSGTPFQH
5f2b3521c6f997007ee2b171,ARGPRRVPVAGTEYFDH
5f2b3521c6f997007ee2b17d,TREEI
5f2b3521c6f997007ee2b17f,ARSPPAYYDFWSGSTRYYYYGMDV
5f2b3521c6f997007ee2b18c,ANGADIAARAVMDV
5f2b3521c6f997007ee2b18f,AKSPQDLVVITTALDY
5f2b3521c6f997007ee2b194,REGEGQWLACTGSTP
5f2b3521c6f997007ee2b195,YPYDAFDI
5f2b3521c6f997007ee2b1a3,XXSNFWSGYYRLLRYGR
5f2b3521c6f997007ee2b1a4,ARGKXXXDAFDX
5f2b3521c6f997007ee2b1a9,ARHYDSSGXXIGNDLVRGFDP
5f2b3521c6f997007ee2b1ae,ARRRPXSYYYGSGRGAFDX
5f2b3521c6f997007ee2b1b4,AXXXGSXXXGTNRXGXXFDY
5f2b3521c6f997007ee2b1ba,ARGSSWDPITISY
5f2b3521c6f997007ee2b1c9,ARXXSGYDWYXXYGMDD
5f2b3521c6f997007ee2b1d1,ARGXWIAXGXXY
5f2b3521c6f997007ee2b1d2,ARDLGQWLADAGYWYFDL
5f2b3521c6f997007ee2b1db,AKDXXDGXXXXVDY
5f2b3521c6f997007ee2b1dd,ARDGSSGYYGYYGMDV
5f2b3521c6f997007ee2b1df,AILSGIAVAVDAFDI
5f2b3521c6f997007ee2b1e3,TXAXTAVYYCAXXXXXXXXXXXYGXXX
5f2b3521c6f997007ee2b1e7,XXPQXXXLLRYGR
5f2b3521c6f997007ee2b1ec,ARAPDSSGRLWDCYFDY
5f2b3521c6f997007ee2b1f2,REXLEASXXXXTXLTT
5f2b3521c6f997007ee2b1f9,XXXRXXHXRVXXCXKXXXXXXYGMDV
5f2b3521c6f997007ee2b203,ARDYGCSSGWYAFDY
5f2b3521c6f997007ee2b207,ERSPKSVFRL
5f2b3521c6f997007ee2b211,ARAPXXXXXSXXXHSVXXAPAKXXXXXXXIMNXXXAEDTAXYYCARXXXGPXXRFLEWXGYYYGMDV
5f2b3521c6f997007ee2b215,AKDIEWIEVPTG
5f2b3521c6f997007ee2b21a,ARDGSGSYSGNDY
5f2b3521c6f997007ee2b21f,ARGGXXFYSSSSNGF
5f2b3521c6f997007ee2b220,TTDRYYYDSSGYSGY
5f2b3521c6f997007ee2b223,LLXXXYXCGSXXXAFDI
5f2b3521c6f997007ee2b224,ASLDIVVVPAALDPPLNWFDP
5f2b3521c6f997007ee2b226,ARXXXSGWSXXKXXFXX
5f2b3521c6f997007ee2b228,TTQLITMVRENDY
5f2b3521c6f997007ee2b22f,ARHKDVLTGHGAFDI
5f2b3521c6f997007ee2b230,ARSWGGGYDPYFDY
5f2b3521c6f997007ee2b236,ARGRELYYYGMDV
5f2b3521c6f997007ee2b238,ARGPKRSTSCYYCFDY
5f2b3521c6f997007ee2b239,AKDGGGCSSTSCYLADLPWGGWFDP
5f2b3521c6f997007ee2b23f,AKXXXXXXXY
5f2b3521c6f997007ee2b243,ARGSSSWGLTRYPYFDY
5f2b3521c6f997007ee2b244,ARGQGSRIQH
5f2b3521c6f997007ee2b248,XXXXXXXXXXXXXLXWLXXXXXXXXXXXXX
5f2b3521c6f997007ee2b249,AKTVRVGRALYGMDV
5f2b3521c6f997007ee2b24b,AKDRSRVTVALTYGMDV
5f2b3521c6f997007ee2b24c,ARXRXXXIXYXGXXV
5f2b3521c6f997007ee2b24d,ARXTFSGSWGRXXXYFDY
5f2b3521c6f997007ee2b252,AKCLGRFEAY
5f2b3521c6f997007ee2b253,ARCWMVRGGGGY
5f2b3521c6f997007ee2b254,AKDTIQAVVVPAARRYYYYGMDV
5f2b3521c6f997007ee2b255,ERWHCGRSICYEVSSGLLRFGR
5f2b3521c6f997007ee2b259,ARVVGIAAAATLWLTKKTNYYYYGMDV
5f2b3521c6f997007ee2b25a,ARDPPDRLDGMDV
5f2b3521c6f997007ee2b265,ARXLGVRDSSGYXXS
5f2b3521c6f997007ee2b267,AKSRGTRPLLPPRVVPTAFDY
5f2b3521c6f997007ee2b26e,ERFERCRLQRREEL
5f2b3521c6f997007ee2b26f,ESQNGXQLAXX
5f2b3521c6f997007ee2b270,EXXGVVPXXXRYGR
5f2b3521c6f997007ee2b272,ARDRKGYYGXGGYYYGSDY
5f2b3521c6f997007ee2b273,ARDXXXXDXXYYYGMDD
5f2b3521c6f997007ee2b278,XEMXXLXXTAATVWTT
5f2b3521c6f997007ee2b27a,ARXRXXXXDXPSNAFDF
5f2b3521c6f997007ee2b27e,AREKSDRAIKAVAGTIWWLDP
5f2b3521c6f997007ee2b280,ARQDPAGCSSTSCYTGLMYYFDY
5f2b3521c6f997007ee2b282,EWTGDRGL
5f2b3521c6f997007ee2b284,ARFSGGLLYYAFDI
5f2b3521c6f997007ee2b287,ARGXXXXNGDYXDY
5f2b3521c6f997007ee2b289,AXXXXXXXXXXXX
5f2b3521c6f997007ee2b290,ARGNNAWYYFDS
5f2b3521c6f997007ee2b294,ELLGSHCGSGNSS
5f2b3521c6f997007ee2b298,ARHYSALDH
5f2b3521c6f997007ee2b299,YGMDV
5f2b3521c6f997007ee2b29c,ESXXXXQLRSLLLLLLRYGR
5f2b3521c6f997007ee2b29f,ARXRADYXDXGXQXXXXXX
5f2b3521c6f997007ee2b2a1,ARRXXXPTKXXGXXXGXDX
5f2b3521c6f997007ee2b2a4,VREDAARFDP
5f2b3521c6f997007ee2b2a7,AKGGYGMAARFDP
5f2b3521c6f997007ee2b2a9,ARGSWIQLWYNWFDP
5f2b3521c6f997007ee2b2ae,ARRVGATNWFDP
5f2b3521c6f997007ee2b2af,YVIGYGMDV
5f2b3521c6f997007ee2b2b0,AGERAYCSSASCRSSSRAFDI
5f2b3521c6f997007ee2b2bf,ASPGTVVVPAARLSHYYYYGMDV
5f2b3521c6f997007ee2b2c0,ARDSGTYYPGYYYYGVDV
5f2b3521c6f997007ee2b2c2,DASGSYYPGL
5f2b3521c6f997007ee2b2c8,ARDSXXXDXSXFDY
5f2b3521c6f997007ee2b2cb,AXVQRXXDSLVVATTLXXFDY
5f2b3521c6f997007ee2b2ce,ERGQLLLTVFLVVGRTRL
5f2b3521c6f997007ee2b2d0,ARRXXSXGLXDYYGMDI
5f2b3521c6f997007ee2b2d1,ARDXRGXXDTAMGNYYYYYGMDV
5f2b3521c6f997007ee2b2d4,ARGRVRGVVPRYLXFDY
5f2b3521c6f997007ee2b2d7,GRSGGGGELVRP
5f2b3521c6f997007ee2b2de,XRSXRXXYCSSTSCXP
5f2b3521c6f997007ee2b2df,ESGAAGKPAGQ
5f2b3521c6f997007ee2b2e4,TLXXDF
5f2b3521c6f997007ee2b2e8,ARAKTKSGPTPDS
5f2b3521c6f997007ee2b2e9,AKDTGLAVAGPEWFDY
5f2b3521c6f997007ee2b2f4,ARXPXDFWSXYXXXXXKP
5f2b3521c6f997007ee2b2f5,ARRGIXXXXXXXXXDXXYGXXV
5f2b3521c6f997007ee2b2ff,WXXYYYYGFDY
5f2b3521c6f997007ee2b303,ARDPRSGSSSGYYYYGMDV
5f2b3521c6f997007ee2b305,AKDWQQLVLGAFDY
5f2b3521c6f997007ee2b308,ASLQSFLAVTYDWYFDL
5f2b3521c6f997007ee2b30d,ARIWFGDSRRYDAFDI
5f2b3521c6f997007ee2b319,ARXXXXXXXXAXTGXXDX
5f2b3521c6f997007ee2b31c,ARRSSGYSAX
5f2b3521c6f997007ee2b321,ARGSWAFDI
5f2b3521c6f997007ee2b327,GSKWIPSRWRQLLLLRYVR
5f2b3521c6f997007ee2b329,TAQPAYCGADCFLY
5f2b3521c6f997007ee2b331,ARVRGQQRVLDY
5f2b3521c6f997007ee2b337,ARVDIXXGXXYYGXDX
5f2b3521c6f997007ee2b339,ARXXXXPAAXXLDY
5f2b3521c6f997007ee2b342,AKGGIFGVVIAFDY
5f2b3521c6f997007ee2b34a,ARGTNWGSVGRYFDL
5f2b3521c6f997007ee2b34c,ARWXLRDQXXYFDY
5f2b3521c6f997007ee2b34d,ARXGGIVVVPAAKRVRYYGMDV
5f2b3521c6f997007ee2b34f,ARVHGYYGMDV
5f2b3521c6f997007ee2b352,AKGVATVGPGWFDY
5f2b3521c6f997007ee2b353,APGYWYGKVRP
5f2b3521c6f997007ee2b35a,ARETASCYRTTTSYYGMDV
5f2b3521c6f997007ee2b363,ARQRGGEMGYYYDSSGYSPFDY
5f2b3521c6f997007ee2b364,ARQGDRWYDSPSQRWFDP
5f2b3521c6f997007ee2b365,ARGGPGGNPYYYYGMDVWGQGTTVXXXMNSLXAEDTAVYYCARXXGGSGRDXYYYYGMDV
5f2b3521c6f997007ee2b367,ARGRGYCSGGNCYPGPLDY
5f2b3521c6f997007ee2b368,ARGDGNGVVPI
5f2b3521c6f997007ee2b36a,ARDNXDSSGWFWSNYYYGMDV
5f2b3521c6f997007ee2b36c,ARDFGVVTYYYYGMDV
5f2b3521c6f997007ee2b36e,YYCAXXXRTXLAAAXXXWFDP
5f2b3521c6f997007ee2b374,ARXXGXXXXXYGLDV
5f2b3521c6f997007ee2b378,TTXHTYYDFWSGYFFDY
5f2b3521c6f997007ee2b37c,AXXIVXVXXXCXXXX
5f2b3521c6f997007ee2b384,ARELQTRIAASDY
5f2b3521c6f997007ee2b388,ARHYSAXDH
5f2b3521c6f997007ee2b38e,ARDVENRRFLDASYSLDP
5f2b3521c6f997007ee2b390,ARGRELYYYGMDV
5f2b3521c6f997007ee2b392,AREXSQVGALCWYFDI
5f2b3521c6f997007ee2b39b,ARXLXIMVRGYSYYXYGMDV
5f2b3521c6f997007ee2b39f,ARXWGRTCSSCSXXFDY
5f2b3521c6f997007ee2b3a4,ARXXPXXCXXXSXXLXYYYGXDX
5f2b3521c6f997007ee2b3a7,AKDPTYYYDSSGYSWAFDI
5f2b3521c6f997007ee2b3a8,AREGRNNWNYDAFDI
5f2b3521c6f997007ee2b3a9,EANGSGRNLVRP
5f2b3521c6f997007ee2b3b0,ARHGXYSSSXYYYYGMDV
5f2b3521c6f997007ee2b3b1,ARRGGATSGWCAHYYYYGMDV
5f2b3521c6f997007ee2b3b2,ARHRSVGGFDY
5f2b3521c6f997007ee2b3b3,AKDTSIAARPDGDDYYYGMDV
5f2b3521c6f997007ee2b3b5,AXXRXDSSXXXYYYGXDX
5f2b3521c6f997007ee2b3b6,AKDKDQYYDFWSGYYSAWFDP
5f2b3521c6f997007ee2b3b9,ARHXXXAAAXGXDHNXXDX
5f2b3521c6f997007ee2b3bb,AXEXXXXRTGKXVXRXXFXX
5f2b3521c6f997007ee2b3bc,ARGRVVVPAAIFGVDTAMVTSSPFDY
5f2b3521c6f997007ee2b3c0,VRALKSVTSFGTEY
5f2b3521c6f997007ee2b3c1,ARDPIAAAGGY
5f2b3521c6f997007ee2b3ce,ARVLLGEYYDCWSGSSPIPFDY
5f2b3521c6f997007ee2b3cf,RKRVMPVASSRATSLT
5f2b3521c6f997007ee2b3d1,AXQRGXETSTAARPPWFDT
5f2b3521c6f997007ee2b3d7,AQFWSGYFPDS
5f2b3521c6f997007ee2b3d8,ARGRSASYDSSGWADS
5f2b3521c6f997007ee2b3e2,ARVXXGYSYGYXGMXFXY
5f2b3521c6f997007ee2b3e5,AKGRRDVYDRYFYGMDV
5f2b3521c6f997007ee2b3ea,ASLNYYGMDV
5f2b3521c6f997007ee2b3f1,EXXXXSXXLLLLRYGR
5f2b3521c6f997007ee2b3f4,ARXXNGXXVVVPAARYYYGMDV
5f2b3521c6f997007ee2b3f6,YYGMDV
5f2b3521c6f997007ee2b404,XXWQQXXGSXLVXP
5f2b3521c6f997007ee2b405,AQQLVFSYGMDV
5f2b3521c6f997007ee2b406,ARTRFGELPEY
5f2b3521c6f997007ee2b407,ARDVPKWGGKQ
5f2b3521c6f997007ee2b40b,ARDSTGGQKXFDX
5f2b3521c6f997007ee2b410,ARHEADHPDTSGSPQAFDF
5f2b3521c6f997007ee2b411,ARDGGGYXXTSDYDAFDI
5f2b3521c6f997007ee2b413,ARXXXXRXYXXGXDX
5f2b3521c6f997007ee2b420,ARVXXDXXXIDY
5f2b3521c6f997007ee2b421,ARQGRRSLLGDWYFDL
5f2b3521c6f997007ee2b425,ARVAPAGSVRRRSKDWYCDL
5f2b3521c6f997007ee2b428,ARXXTVVVVVTXYXXDX
5f2b3521c6f997007ee2b435,AXDRXXXXXTXXXGXXXXGXDV
5f2b3521c6f997007ee2b438,ERWATFGVVKLLLLLRYGR
5f2b3521c6f997007ee2b439,ARRTSGSGSPIDY
5f2b3521c6f997007ee2b43b,ARALXXCSSSSFWSDYYYGMDV
5f2b3521c6f997007ee2b43f,TTDPMIVVVKNSQYGMDV
5f2b3521c6f997007ee2b440,ARDDXLXSGGSCXYVIDY
5f2b3521c6f997007ee2b442,ARXXXSXSXWXXFDY
5f2b3521c6f997007ee2b447,ARAGSSSCFYYYYYGMDV
5f2b3521c6f997007ee2b449,AKERRATVTNPQVDY
5f2b3521c6f997007ee2b44c,SRVTYSNGSYAEYFQY
5f2b3521c6f997007ee2b454,XXDTAVYYCXXXXXGXGXDX
5f2b3521c6f997007ee2b45d,ATSGTPFQH
5f2b3521c6f997007ee2b45e,ARAWCGGDCYGGFRNWFDP
5f2b3521c6f997007ee2b460,GMDV
5f2b3521c6f997007ee2b467,XXSVTAAXXAVYYCAXXXXXXYSXXXPAAXGTSSYWFDP
5f2b3521c6f997007ee2b468,ARXYXXXGGXTXXXMDY
5f2b3521c6f997007ee2b469,ARXSXGVGASGSCFDY
5f2b3521c6f997007ee2b474,ATSGTPFQH
5f2b3521c6f997007ee2b475,ARDLHAIPGVGIDS
5f2b3521c6f997007ee2b476,AKDXXYGGNRXWYFXL
5f2b3521c6f997007ee2b478,ARDPSSHXXXXDX
5f2b3521c6f997007ee2b483,TFKVGAIDY
5f2b3521c6f997007ee2b484,ARGGKRDDGYKSHFDY
5f2b3521c6f997007ee2b488,ARRDA
5f2b3521c6f997007ee2b48b,ERFVGSSYYGGL
5f2b3521c6f997007ee2b48c,ASLAGGGPYYYGMDV
5f2b3521c6f997007ee2b48e,ARARFXXYCVDX
5f2b3521c6f997007ee2b48f,TREAXYDFWSGVYYYYYGMDV
5f2b3521c6f997007ee2b492,ARHGRVYCSGTSCYARARLFDL
5f2b3521c6f997007ee2b494,HSTSGGRLLLLRYGR
5f2b3521c6f997007ee2b495,ARDLATIVVAGTRVDY
5f2b3521c6f997007ee2b497,ARGSSLRQKTTQKNRAGSSWYKNWFDP
5f2b3521c6f997007ee2b498,AKDMMQLWLDGEYYYGMDV
5f2b3521c6f997007ee2b499,ARVGVY
5f2b3521c6f997007ee2b49a,AXXXXXXXXXXXXGXDX
5f2b3521c6f997007ee2b49c,ETRHGEPCTNGGL
5f2b3521c6f997007ee2b49d,ARDWMLNWFDL
5f2b3521c6f997007ee2b4ab,ARAXXTIWSGYYGMDV
5f2b3521c6f997007ee2b4af,ARREGMAXDXFDI
5f2b3521c6f997007ee2b4b4,ARNHRGYSGDYLTIDY
5f2b3521c6f997007ee2b4b9,AKERLDSSKGXYYFDY
5f2b3521c6f997007ee2b4be,AKDVTGYYDSSGYYADACDI
5f2b3521c6f997007ee2b4cc,ARXXXSGSVXGFDY
5f2b3521c6f997007ee2b4d3,ARGGSCYGVWCAFDI
5f2b3521c6f997007ee2b4d4,ARDSXXTGGLXXFDY
5f2b3521c6f997007ee2b4d5,ARXXXDCSSTGCRVSTYFDY
5f2b3521c6f997007ee2b4d6,ARDYSGHYTPPSYGADV
5f2b3521c6f997007ee2b4dd,ASFDYYDSSGYSTLGAFDI
5f2b3521c6f997007ee2b4df,KNSXYLQMNSLXAEDTAVYYCARDGXYXSGXDX
5f2b3521c6f997007ee2b4e3,ARAVVGTSDYFDY
5f2b3521c6f997007ee2b4e8,ARDGFIYHTGMGV
5f2b3521c6f997007ee2b4ee,ARXXRXXXXGDY
5f2b3521c6f997007ee2b4f3,KRXXELXXRVHGL
5f2b3521c6f997007ee2b4f6,ARDEDLYDKPFDY
5f2b3521c6f997007ee2b4fd,ARXXGXVVVXAAXYPSXP
5f2b3521c6f997007ee2b508,AXXXXAAAXXXXXDY
5f2b3521c6f997007ee2b50c,XQFNYYGMDY
5f2b3521c6f997007ee2b50f,ARSTYTAYSPFDY
5f2b3521c6f997007ee2b510,ARXXGXXHWYXYGMDV
5f2b3521c6f997007ee2b51c,ARQXPXXTIFGVAXXTAXDY
5f2b3521c6f997007ee2b51e,ARDXYDSSGWRXDGFDX
5f2b3521c6f997007ee2b523,KRGVRYSGHRLVPRS
5f2b3521c6f997007ee2b524,ARALGGEGYIYYFDS
5f2b3521c6f997007ee2b52a,AREFGEYQLLWAYNYYYYGMDV
5f2b3521c6f997007ee2b52d,ARGSKASYYDSSGYYYYFDY
5f2b3521c6f997007ee2b538,TTGRGY
5f2b3521c6f997007ee2b53a,AREGDPRTTSYYYYYSGMDV
5f2b3521c6f997007ee2b540,ARHYSALDH
5f2b3521c6f997007ee2b546,AGGTPTPTDIVVAPDDSYYFDY
5f2b3521c6f997007ee2b548,ARDAYGSSLDWFDP
5f2b3521c6f997007ee2b54a,AKSPQDLVVITTALDY
5f2b3521c6f997007ee2b54c,ARDPPVGXXNWYXDX
5f2b3521c6f997007ee2b550,ASPSDWGYSGYDFGAVAGFDLALDY
5f2b3521c6f997007ee2b563,ARDLGPIAARPPLDY
5f2b3521c6f997007ee2b564,ARVDNVVVVAVNDAFDI
5f2b3521c6f997007ee2b565,AKDLINTQNNGYGMGV
5f2b3521c6f997007ee2b566,ARNPLYSNYVDY
5f2b3521c6f997007ee2b568,VCLYXGGFDP
5f2b3521c6f997007ee2b569,XXRXGYDFXSGYYGNWFDP
5f2b3521c6f997007ee2b56d,ARDLHYFNYDSEYYFGS
5f2b3521c6f997007ee2b575,AKDPSERSRPVDH
5f2b3521c6f997007ee2b581,DV
5f2b3521c6f997007ee2b587,IXXDXSKNTXYLXMNSLRAEDTAVYYCARXAXTXXGGGNGYFDY
5f2b3521c6f997007ee2b589,AKGLDWLSNYFDY
5f2b3521c6f997007ee2b58a,ARGRSASYDSSGWADS
5f2b3521c6f997007ee2b58b,ARDVRGEGYYDSSSNSQGMDY
5f2b3521c6f997007ee2b58c,AKEKYYDSSGSLGY
5f2b3521c6f997007ee2b58d,ARNFQH
5f2b3521c6f997007ee2b591,ATVLSPVGGGGWFDP
5f2b3521c6f997007ee2b592,AKGQSDFGVLTSYGMDV
5f2b3521c6f997007ee2b593,SWHGTSVDY
5f2b3521c6f997007ee2b599,AKDRRAATPDYFDE
5f2b3521c6f997007ee2b59a,ARERDAFYI
5f2b3521c6f997007ee2b5a2,ARHRGXYYDFWSLGMDV
5f2b3521c6f997007ee2b5a4,ARGAGCSSTSCYFDY
5f2b3521c6f997007ee2b5a7,ARDRGDGXXCGIDF
5f2b3521c6f997007ee2b5ac,ARRGFDLGYGMDV
5f2b3521c6f997007ee2b5af,ALAVAGTPFDC
5f2b3521c6f997007ee2b5b3,ARHEKGTKSFQTPFYYGMDV
5f2b3521c6f997007ee2b5b9,ARLAVAGPXRXY
5f2b3521c6f997007ee2b5ba,PGYYYGMDV
5f2b3521c6f997007ee2b5c0,ARDHGGSYIDLDY
5f2b3521c6f997007ee2b5c2,ARGAVVPAATWWFDP
5f2b3521c6f997007ee2b5c4,AXXXXXXXDSX
5f2b3521c6f997007ee2b5c6,ARVKLSSSWSNYFDY
5f2b3521c6f997007ee2b5c7,SVDTSKNXXXLXLSXXXAADTAVYYCARXGXGGSWFDX
5f2b3521c6f997007ee2b5c9,ARGTXXTTMVSGDLXFDX
5f2b3521c6f997007ee2b5d0,ARGLAIYYYGSGXYYGHYGMDV
5f2b3521c6f997007ee2b5d6,ARXXQXXFGEFXXXVYYYGMDV
5f2b3521c6f997007ee2b5d9,AREVLRIAVAAAAFDY
5f2b3521c6f997007ee2b5e8,FDY
5f2b3521c6f997007ee2b5ee,AHXXXXXSXDYXYGMXV
5f2b3521c6f997007ee2b5f4,AXXXXXGEXGGXXXXXXXY
5f2b3521c6f997007ee2b5f6,ARQVGITXVSSPGXFDY
5f2b3521c6f997007ee2b5f7,ARDRSRGGAARLDYYYYGMDV
5f2b3521c6f997007ee2b5fd,ARQGPVVVAATWNWFDP
5f2b3521c6f997007ee2b607,ARTLLSNTWYKRRFDP
5f2b3521c6f997007ee2b609,ARGGVPAAIPIHLNYFDY
5f2b3521c6f997007ee2b60a,ASPTXGQLVDSAFAY
5f2b3521c6f997007ee2b60e,ARSVVRVTMIVVVEDGFDY
5f2b3521c6f997007ee2b61e,AKDXVXLXLXXXXFDX
5f2b3521c6f997007ee2b620,AKVLGPKIVVVPAVADAFDI
5f2b3521c6f997007ee2b621,ERSRGFRY
5f2b3521c6f997007ee2b622,ARXRSTGDNYDYGMDV
5f2b3521c6f997007ee2b623,SKGDYRLDF
5f2b3521c6f997007ee2b624,AKDSWKXXVGYFDY
5f2b3521c6f997007ee2b629,ARRGTPQDAIHAFDI
5f2b3521c6f997007ee2b62c,ERLYXDSSRRYGR
5f2b3521c6f997007ee2b62d,ARAXSADCSGYGYYGGXDX
5f2b3521c6f997007ee2b62e,ARDXTPDGDYALGYYYGMDV
5f2b3521c6f997007ee2b635,THRLQSIKVPGGVS
5f2b3521c6f997007ee2b638,AKTGIIRATGLMDV
5f2b3521c6f997007ee2b63a,EXXQXXXRGXLLVRX
5f2b3521c6f997007ee2b63b,ARGTVGLGFDY
5f2b3521c6f997007ee2b63c,AXDLGXSXXXXYYYYGMDV
5f2b3521c6f997007ee2b63d,XXXXGXXMTXFXX
5f2b3521c6f997007ee2b63e,TTDXSLXXSSSTSCLGSWYFDL
5f2b3521c6f997007ee2b63f,AKDKSGALYYDFWSVPYPCFDY
5f2b3521c6f997007ee2b640,ARRAAAAGXWXYYYGMDV
5f2b3521c6f997007ee2b643,TSTGYCSGGSCWKEEGAFDI
5f2b3521c6f997007ee2b645,TKEGRDIELLWFGVATFDY
5f2b3521c6f997007ee2b646,ERKRRISWYDGR
5f2b3521c6f997007ee2b647,ARRGIAAAGXXVDXDY
5f2b3521c6f997007ee2b64a,ARAGIVGAYLTPDAFDI
5f2b3521c6f997007ee2b64b,ARGSGWPYYFDY
5f2b3521c6f997007ee2b651,ERCXXXXGGXGL
5f2b3521c6f997007ee2b659,ARDPSDPPRYYDFWSGYLNYYYYYGMDV
5f2b3521c6f997007ee2b65a,AKDGSGELPSPYGMDV
5f2b3521c6f997007ee2b65b,ARLEDLEYSSSSPSSY
5f2b3521c6f997007ee2b65e,AXXAXXXXXXXXXXXXX
5f2b3521c6f997007ee2b65f,ARDAXSYDSSMGSVGY
5f2b3521c6f997007ee2b660,ARGHDSSGYTFDY
5f2b3521c6f997007ee2b661,TDSVDTAMVGLLLLLRYGR
5f2b3521c6f997007ee2b663,ARPRXGAWGGYSGGLDY
5f2b3521c6f997007ee2b664,ARXXXXXTVAGXAFDY
5f2b3521c6f997007ee2b667,ARXXRRPDGXCSGXXCYFDX
5f2b3521c6f997007ee2b669,TRQIMTILWTTDVFDI
5f2b3521c6f997007ee2b66d,ARESSAAAGPNPYYFDY
5f2b3521c6f997007ee2b672,ARGRXGYXRISGYYYGMDV
5f2b3521c6f997007ee2b673,ARTQASIAEGDWFDP
5f2b3521c6f997007ee2b675,ARLHFPPPNKRITIFLGAFDI
5f2b3521c6f997007ee2b678,ARDSYGSGGDAMDI
5f2b3521c6f997007ee2b679,AXVPAARSVVDY
5f2b3521c6f997007ee2b67e,ARXRXXAAXEXFDF
5f2b3521c6f997007ee2b67f,ERSPKSVFRL
5f2b3521c6f997007ee2b682,ARHDXWSGYYDHFDY
5f2b3521c6f997007ee2b685,ARDGRVPKAVGDPFGVVPRGMDV
5f2b3521c6f997007ee2b687,ARVQILYYDFWSGARNV
5f2b3521c6f997007ee2b692,ERXXQQLVXXL
5f2b3521c6f997007ee2b693,ARXGDCRHYGGXDY
5f2b3521c6f997007ee2b695,ARLGDNYITPSWFDP
5f2b3521c6f997007ee2b69c,AXXXXXXXLXXEXXXXRAEDTAVYYCARXXXATXGXXXGYSMDY
5f2b3521c6f997007ee2b6a0,ATXPRGRGVXXGXXFXX
5f2b3521c6f997007ee2b6a1,ARGHHCSSXSCYLYYYYYGMDV
5f2b3521c6f997007ee2b6a2,VHRSYFDY
5f2b3521c6f997007ee2b6a4,ARDLGFTSCYIGIYYYYGMDV
5f2b3521c6f997007ee2b6aa,ARHLGGRSNSWYFDY
5f2b3521c6f997007ee2b6ae,ERDSSWSAEL
5f2b3521c6f997007ee2b6b0,AKAKTPLRTPGGNYVDY
5f2b3521c6f997007ee2b6b5,ARXTXRVTTXXAXDY
5f2b3521c6f997007ee2b6b9,ANVDYAARDY
5f2b3521c6f997007ee2b6ba,GRSDGMDV
5f2b3521c6f997007ee2b6be,EXYWGVWXGEXXAXXX
5f2b3521c6f997007ee2b6bf,AKDRLSGSSGSYYHYYYGMDV
5f2b3521c6f997007ee2b6c3,ARVLRIDVARWSDGFDM
5f2b3521c6f997007ee2b6c8,AGGPIWSGSLGAFDI
5f2b3521c6f997007ee2b6d0,AISMLHGYYYYGMDV
5f2b3521c6f997007ee2b6d3,ARIGSKRRMITFGGADSRLGYGMDV
5f2b3521c6f997007ee2b6d8,ARGVRGYVESSGYYYLGDY
5f2b3521c6f997007ee2b6d9,ANGPYGDYGEN
5f2b3521c6f997007ee2b6da,AREAGDTAMVGYYYYGMDV
5f2b3521c6f997007ee2b6dd,ARQGYDSSGYYHPFSEHFDY
5f2b3521c6f997007ee2b6e3,ARGAAGMDV
5f2b3521c6f997007ee2b6e4,ARXDPGYYYGXSYXIDY
5f2b3521c6f997007ee2b6e6,ARGRSPRGSSWFRGMIGAFDI
5f2b3521c6f997007ee2b6e8,ARDVLGSTSPAGAGKNWFDP
5f2b3521c6f997007ee2b6ea,GPAPATCLLLLRRSGR
5f2b3521c6f997007ee2b6f6,ARGIXGGGXLERLXFLXQCFDY
5f2b3521c6f997007ee2b6fb,AKXXRPXLEGGGXXXXXGMDV
5f2b3521c6f997007ee2b6fe,VGIAAAXTLWLTKKXNYXYYGMDV
5f2b3521c6f997007ee2b700,ARLGVEHQVPHL
5f2b3521c6f997007ee2b708,ARXYPIVVVLGGYYFDY
5f2b3521c6f997007ee2b70b,ARSAPCSTTSCYQDGMDA
5f2b3521c6f997007ee2b710,ARHPPPFDCGGDCYVLGYAFDI
5f2b3521c6f997007ee2b717,AXXXTXFGXVXXGLXXXXXXXXSXXXEDTAVYYCAXXPXXXXVPVAGXYGMDV
5f2b3521c6f997007ee2b718,AKDSRGFWNGFXDY
5f2b3521c6f997007ee2b71f,ARDXRSGFWSGYSAVYGMDV
5f2b3521c6f997007ee2b721,ARDQMVAEWFDP
5f2b3521c6f997007ee2b723,ARXXGXYXFWSGPKAXYGMDV
5f2b3521c6f997007ee2b725,AKDQGCDP
5f2b3521c6f997007ee2b726,ARXSGYCSSTSCYKFYYGMDD
5f2b3521c6f997007ee2b729,AKGHXTX
5f2b3521c6f997007ee2b730,AREGGYCSSTSCYMYNWFDY
5f2b3521c6f997007ee2b731,SGEAGXAAXEGRAFDY
5f2b3521c6f997007ee2b733,ARDEQADYDILTGSYPDY
5f2b3521c6f997007ee2b737,ARDXSXXFGAATXTGYFYYYYGMDV
5f2b3521c6f997007ee2b73b,ARGRRYTAMGTYWYFDL
5f2b3521c6f997007ee2b73c,ASHYYDSSGHLDY
5f2b3521c6f997007ee2b73e,ARGLYCSSTSCYGPYCGGDCYWYFDL
5f2b3521c6f997007ee2b74e,TTXXAIXAAGTRRPRGIFDY
5f2b3521c6f997007ee2b751,AKEGXNTIXGVDNTXDAXDY
5f2b3521c6f997007ee2b756,AREXXXPXXXXXXXX
5f2b3521c6f997007ee2b75a,AREGYLDY
5f2b3521c6f997007ee2b75c,AREGXVFATSYFDY
5f2b3521c6f997007ee2b75d,AGKMPPGLRGRSIAVAGTSSYAFDI
5f2b3521c6f997007ee2b75f,TSASELWXXXHYYYYGMDV
5f2b3521c6f997007ee2b763,AKDEEVAIRPYGMDV
5f2b3521c6f997007ee2b765,TRGFVLRSRYYYDSSGLVGAFDI
5f2b3521c6f997007ee2b767,ARGVYYDSSGYPYFDY
5f2b3521c6f997007ee2b76e,ARDLGGAYXCDSSGYYYAFDI
5f2b3521c6f997007ee2b770,ARXNXXTAXGXXYFDX
5f2b3521c6f997007ee2b772,ARTRRSLDSFDF
5f2b3521c6f997007ee2b773,ARDGAYYDFWSGYYEAHYGMDV
5f2b3521c6f997007ee2b775,VQGGVGVAPAIRKFGS
5f2b3521c6f997007ee2b776,ARHDIKFSFSEFSPPQTHDS
5f2b3521c6f997007ee2b779,AKVGARGYSYGFCGH
5f2b3521c6f997007ee2b77d,ASRPYFCDSSDCYYRLDY
5f2b3521c6f997007ee2b785,ARHVSKDSGLGLWFGELFQDY
5f2b3521c6f997007ee2b786,TXDPSHPKKXWFDP
5f2b3521c6f997007ee2b787,ATRIHTHGRQGVAINYYYYGMDV
5f2b3521c6f997007ee2b78b,ARQSSGGVY
5f2b3521c6f997007ee2b78c,AKDQVGVVLSFDY
5f2b3521c6f997007ee2b790,AXXXXXVGAXXSXGXXDX
5f2b3521c6f997007ee2b792,ARXXGGYDYYGIDI
5f2b3521c6f997007ee2b793,EGXXGXRTXLXXXGXXL
5f2b3521c6f997007ee2b79c,ARDNDDSIKRDAFDI
5f2b3521c6f997007ee2b7a1,ASICESSTSCLLGDGMDV
5f2b3521c6f997007ee2b7a4,ARDQTYYGFWWARQLDAFDI
5f2b3521c6f997007ee2b7a5,XXXXVXAXXTAVYYCAXXGPTXXXXDX
5f2b3521c6f997007ee2b7a9,XXVXAXDXAXYYCAXGQAGASFDY
5f2b3521c6f997007ee2b7aa,ARDFKDAYYDFWSGCYNGDYFQH
5f2b3521c6f997007ee2b7ac,ARDGDFLESRGNFDY
5f2b3521c6f997007ee2b7ad,ANDITNIVVVPAATDGY
5f2b3521c6f997007ee2b7b0,ARDSLAGFCGSSYYXDGLDV
5f2b3521c6f997007ee2b7b2,RETRXXXTTRSTP
5f2b3521c6f997007ee2b7b7,ARXXXXVXDXGX
5f2b3521c6f997007ee2b7bc,ARVGTSPHNWFDP
5f2b3521c6f997007ee2b7be,AKXXCXWNSYXXDY
5f2b3521c6f997007ee2b7c5,ARLQRRTQSDYTWGRRLVPYHHRTDDSLHV
5f2b3521c6f997007ee2b7c8,KRLCTRTPVLLRYGR
5f2b3521c6f997007ee2b7d3,ARAEADPDHFGVVVAAGGFDY
5f2b3521c6f997007ee2b7d8,AKGSYYYGSRTYYLLN
5f2b3521c6f997007ee2b7d9,ARNRLLRDPFDV
5f2b3521c6f997007ee2b7dd,VRGPGRTAPEVNY
5f2b3521c6f997007ee2b7de,ESXRTGRGLLLLLFGP
5f2b3521c6f997007ee2b7e3,VRGRGELAPFDY
5f2b3521c6f997007ee2b7e9,TTDRYYYDSSGYSGY
5f2b3521c6f997007ee2b7ef,ARQMPPGLRGKSIAVAGTSLYAFDI
5f2b3521c6f997007ee2b7f3,ARXXXGXXXWSGQFDY
5f2b3528c6f997007ee2b7f6,ARDRESERTYYDFWRGFDP
5f2b3528c6f997007ee2b7f7,ASKNDICSGGSCYRWIGYNYYYGMDV
5f2b3528c6f997007ee2b7f9,ARXXXXSXXXXXSWFDX
5f2b3528c6f997007ee2b800,ARXXXXXVXXAXEXXXWXDY
5f2b3528c6f997007ee2b802,ARAESYCSSTSCXHWYFDL
5f2b3528c6f997007ee2b805,ARXPXXXSXXXGRGSXQDWFDS
5f2b3528c6f997007ee2b808,ARNGWFGEIAPLDY
5f2b3528c6f997007ee2b809,XXVTXADTXXXYXXXXXXXQWLVVWSRSYYXDY
5f2b3528c6f997007ee2b80a,ASWGYYDSSGYYDLDY
5f2b3528c6f997007ee2b80b,GIAARGSYWYFDL
5f2b3528c6f997007ee2b80d,TTDQPIVVVPAXIQSNYYYYGMDV
5f2b3528c6f997007ee2b80f,ENKRGGSYPGLVRP
5f2b3528c6f997007ee2b813,TXGLXYCSXXXXXXDY
5f2b3528c6f997007ee2b815,ARGKSGGLGLHYYYGFDV
5f2b3528c6f997007ee2b816,ARIYYSSGRYYFDY
5f2b3528c6f997007ee2b81f,ARDXXXCDYXXX
5f2b3528c6f997007ee2b82a,ERRGRAAGALLLLLRNGR
5f2b3528c6f997007ee2b82f,AKVGSVGGWNWFDP
5f2b3528c6f997007ee2b831,TTTSRYNWNHYYFDH
5f2b3528c6f997007ee2b833,AXXXYGXXXVXXXXXXGMDV
5f2b3528c6f997007ee2b835,EXXSXXSXXLLXXX
5f2b3528c6f997007ee2b837,TTIQHDYGDYGRLD
5f2b3528c6f997007ee2b838,ARXXXXXYXXXXXXY
5f2b3528c6f997007ee2b839,ARKGVRFLEWTQIDY
5f2b3528c6f997007ee2b83c,ARVXSXVRGVXXXFDY
5f2b3528c6f997007ee2b83e,VKXXPVSGCRXAFDI
5f2b3528c6f997007ee2b83f,ATVLRMAAFDY
5f2b3528c6f997007ee2b84f,ARGGDYDYWRGYFLDY
5f2b3528c6f997007ee2b850,AKALVGTANGWFFFVLAS
5f2b3528c6f997007ee2b854,XXXXXXRXXXRWPXLXXXXXXX
5f2b3528c6f997007ee2b859,ERXXXXXGXXXXGXXXXVRP
5f2b3528c6f997007ee2b85a,ARGAAASSGATSYHFDY
5f2b3528c6f997007ee2b85b,AKDLSAVLGDAGERGWFDP
5f2b3528c6f997007ee2b85c,AXESGVTIXGVVIKALPNWFDP
5f2b3528c6f997007ee2b85e,ARDRYYGSGSYGMDV
5f2b3528c6f997007ee2b860,ARTHLSSSGTSFEDY
5f2b3528c6f997007ee2b866,AKDXGXGXXDYXXXYXXXX
5f2b3528c6f997007ee2b869,XXXXXXXGXXLLRYGR
5f2b3528c6f997007ee2b86b,ARGGHYYDSSGYSAGFDY
5f2b3528c6f997007ee2b873,ARGRSGYYDFWSGYPPSYYYYGMDV
5f2b3528c6f997007ee2b87b,ARXEXXDXSSWCGAXPVFDY
5f2b3528c6f997007ee2b885,AREGXVAIPDXXFDY
5f2b3528c6f997007ee2b88c,ENTXQYSSXWGRGLLLRXGR
5f2b3528c6f997007ee2b89d,ETKAAADVRP
5f2b3528c6f997007ee2b8a0,ARHPRQLGPWDAFXI
5f2b3528c6f997007ee2b8a2,EIGRGTSCPGLLRLLRYGR
5f2b3528c6f997007ee2b8a3,ARVDGAPFFTGSGRYYPNWFDS
5f2b3528c6f997007ee2b8a5,ARXYGDYPGGDY
5f2b3528c6f997007ee2b8a8,ARGXXXXXLGHXXXXXXDX
5f2b3528c6f997007ee2b8b0,ARHLPHDYGARDAFDI
5f2b3528c6f997007ee2b8b3,ASIGIFGILISGHPQGYYGMDV
5f2b3528c6f997007ee2b8b8,ARDRSGSYRHAGENWFDP
5f2b3528c6f997007ee2b8ba,ARDXVAAAGTXYFFDY
5f2b3528c6f997007ee2b8bf,XXGRELXYXXXXX
5f2b3528c6f997007ee2b8c3,RGIXXXXXXLXS
5f2b3528c6f997007ee2b8ce,ARDNRLWFGELLFGDWFDP
5f2b3528c6f997007ee2b8d2,ARRFSYYYYGMDV
5f2b3528c6f997007ee2b8d5,ARAWCGGDCYGGFRNWFDP
5f2b3528c6f997007ee2b8da,ARAXGGYXXXFDY
5f2b3528c6f997007ee2b8dd,ARAWCGGDCYGGFRNWFDP
5f2b3528c6f997007ee2b8e0,AKXXXGXXWAXXX
5f2b3528c6f997007ee2b8e5,ARQGSWGAVNWYFDY
5f2b3528c6f997007ee2b8e6,ARVSGFGELYYNWFDP
5f2b3528c6f997007ee2b8eb,ARAASTLAYCGGDCYSYWYFDL
5f2b3528c6f997007ee2b8ed,AXGXXIAXXAXDX
5f2b3528c6f997007ee2b8fb,YDGMDV
5f2b3528c6f997007ee2b8fc,ARXXAXXPXTXWXTGTXDX
5f2b3528c6f997007ee2b90a,EIPRWLHLLRYGR
5f2b3528c6f997007ee2b90b,ARDXXXXLLGVRGXXXXXX
5f2b3528c6f997007ee2b912,ARDXGRYXSXYTXTTGMDV
5f2b3528c6f997007ee2b91a,REILRPTMIVVVIRP
5f2b3528c6f997007ee2b91b,ASVKLGXSTX
5f2b3528c6f997007ee2b91d,ARDFGPRLELRAGIDY
5f2b3528c6f997007ee2b920,ARHGNWNVGKY
5f2b3528c6f997007ee2b921,ARGRELYYYGMDV
5f2b3528c6f997007ee2b925,AKRKGSTPDTDYYGMDV
5f2b3528c6f997007ee2b926,TTNVLPRV
5f2b3528c6f997007ee2b928,ARFTEPPLQVPAARWVFRGDYYYYYGMDV
5f2b3528c6f997007ee2b92a,AXXXXXXXXTXXXGXXXXXDS
5f2b3528c6f997007ee2b92b,VRHPQVPNDFYLGYVV
5f2b3528c6f997007ee2b92e,ARGHRIVVVPAAMKGYYYYGMDV
5f2b3528c6f997007ee2b92f,ESGRXTLLLRYGR
5f2b3528c6f997007ee2b932,ARGSRYCSSSSCSYGMDY
5f2b3528c6f997007ee2b934,ARVLVNGEPVENGYIYFYGMDV
5f2b3528c6f997007ee2b938,AXXXYXXXSXXXXDY
5f2b3528c6f997007ee2b939,KXCWSR
5f2b3528c6f997007ee2b947,ARDQGXDGDY
5f2b3528c6f997007ee2b949,ARGXXXQXXXN
5f2b3528c6f997007ee2b94d,ARDLGSSWGYPYFDY
5f2b3528c6f997007ee2b951,ARGGGYGGNSFY
5f2b3528c6f997007ee2b958,ARGRELYYYGMDV
5f2b3528c6f997007ee2b959,TRFGDYATAPFGG
5f2b3528c6f997007ee2b95a,ARREGDYSSDAFAI
5f2b3528c6f997007ee2b95b,ARLPPGYETDTAYYYYYYGMDV
5f2b3528c6f997007ee2b95c,ARDYGMDV
5f2b3528c6f997007ee2b95d,ARNNLEISPRGIYYYYGLDV
5f2b3528c6f997007ee2b95f,X
5f2b3528c6f997007ee2b961,AXXXXPXIXAXXXAFDI
5f2b3528c6f997007ee2b964,ARVKPPSIDYYGSGGYDY
5f2b3528c6f997007ee2b968,ARERXTMIVVPRGPCDY
5f2b3528c6f997007ee2b96d,ARVGLYGSGSYSLDYGMDV
5f2b3528c6f997007ee2b973,AAGNFDFWTWWY
5f2b3528c6f997007ee2b977,ARGXRVRGXYXXDY
5f2b3528c6f997007ee2b97a,ARXPRVXWLXXXXXXX
5f2b3528c6f997007ee2b97b,XXXDX
5f2b3528c6f997007ee2b981,ARVGSDYSNGEVN
5f2b3528c6f997007ee2b986,TXXXVLXXXYNFDYVGGG
5f2b3528c6f997007ee2b98a,ARXTXXGVXXXXGXXXYFDX
5f2b3528c6f997007ee2b98b,ARSPDYYYYGMDV
5f2b3528c6f997007ee2b98c,XXXDX
5f2b3528c6f997007ee2b995,ARGGEGLCSGGSCFPHYNWFDP
5f2b3528c6f997007ee2b99d,VRGEVASLVVPGATGGDF
5f2b3528c6f997007ee2b9a2,REXXXXXMXXVXXXXX
5f2b3528c6f997007ee2b9a8,ARQEGAGYSLYCFDY
5f2b3528c6f997007ee2b9aa,ARVGGEYWSSTSCYSGEIDY
5f2b3528c6f997007ee2b9b5,AKDRVVLLARYFDY
5f2b3528c6f997007ee2b9b9,ARETGGIAAAGTSTNYYYYGMDV
5f2b3528c6f997007ee2b9c5,ARGRSNGYRQTPFYVLIRPGFDY
5f2b3528c6f997007ee2b9c6,AKDGIAVAGLGYNWFDP
5f2b3528c6f997007ee2b9d6,ELXRLRSDDTAVYYCARDRVEDIVILPAGIQYYYYGMDV
5f2b3528c6f997007ee2b9e7,ARHPPPFDCGGDCYVLGYAFDI
5f2b3528c6f997007ee2b9e9,AKGLPSRYFXS
5f2b3528c6f997007ee2b9eb,XAXXFDY
5f2b3528c6f997007ee2b9f1,ARHVYCSSTSCPSFDI
5f2b3528c6f997007ee2b9f6,HRVSAMEQPEGRGHRRVLLCEXSWNGGYESDY
5f2b3528c6f997007ee2b9f8,ARRLLWFGAMIYAFDI
5f2b3528c6f997007ee2b9fa,ARXXXXYYDSSGYXXXYXXX
5f2b3528c6f997007ee2ba01,AAEFSSGKDY
5f2b3528c6f997007ee2ba02,ARDYCGRVSTSCHFDY
5f2b3528c6f997007ee2ba06,AKEGIATAVYAFDF
5f2b3528c6f997007ee2ba0a,ARAPLRYYYYGMDV
5f2b3528c6f997007ee2ba11,ARDSLVDCNGDY
5f2b3528c6f997007ee2ba15,ENVLRLMEQRLLRFGL
5f2b3528c6f997007ee2ba19,AMSIAARQVWWVGYYFDY
5f2b3528c6f997007ee2ba1c,AKCIVVVPAXTPDAFDI
5f2b3528c6f997007ee2ba22,AKXXXXXXTITFDY
5f2b3528c6f997007ee2ba24,ARDDGVLGFWSGLATPLGY
5f2b3528c6f997007ee2ba26,ARXXTXXEXXVXGRWLDP
5f2b3528c6f997007ee2ba2b,ARRKAGVGAPIDY
5f2b3528c6f997007ee2ba2f,AKXXXXTTXXXASXXGX
5f2b3528c6f997007ee2ba31,ATYGYGYYYSYGMDV
5f2b3528c6f997007ee2ba33,ATGTTKY
5f2b3528c6f997007ee2ba35,XYQXXXDX
5f2b3528c6f997007ee2ba39,RGAVTAADTAGYYCASETTVTTSRWPSVNGFDP
5f2b3528c6f997007ee2ba41,RDIRTARRSTVWTS
5f2b3528c6f997007ee2ba42,ARXGXXXXXSXYXVXX
5f2b3528c6f997007ee2ba49,AKDMVVVLGAILYYDGMDV
5f2b3528c6f997007ee2ba5a,AXXXXGXXXX
5f2b3528c6f997007ee2ba5e,REILSIAARMCSAGCSTP
5f2b3528c6f997007ee2ba61,ARVYSSSWYPAYFDY
5f2b3528c6f997007ee2ba66,EXXRXSGWYXRXVLLLRYGR
5f2b3528c6f997007ee2ba68,ARXQDCGSSSGWEAFDI
5f2b3528c6f997007ee2ba6c,ARDAYXSGGYFESYFDY
5f2b3528c6f997007ee2ba6e,ARGAYYDSSGYFGYYFDY
5f2b3528c6f997007ee2ba6f,AGEANYYYDSSGYRKPYYYYGMDV
5f2b3528c6f997007ee2ba71,ARGFGSSWLNAFDI
5f2b3528c6f997007ee2ba73,ARQGGSAVAGHDYYXMDV
5f2b3528c6f997007ee2ba7f,ATLEGVNWYFDL
5f2b3528c6f997007ee2ba80,ARPPYSGSAYYYGMDV
5f2b3528c6f997007ee2ba85,ARGPYSSSWYRMGNAFDI
5f2b3528c6f997007ee2ba86,AKLPMITFGGDYYYGMDV
5f2b3528c6f997007ee2ba87,AXRXNPDQPGFVWYFDL
5f2b3528c6f997007ee2ba95,XXVTAAXTAXXYCXXXTXTPTXXXVXXXXSYYFXY
5f2b3528c6f997007ee2ba9a,AREIAVDXQVDY
5f2b3528c6f997007ee2ba9f,ARVIEGTAQXQXXFDX
5f2b3528c6f997007ee2baa1,ARDPVKYDSSDTAMLDY
5f2b3528c6f997007ee2baa3,AXHLXXXLXXXVXXXXXXXXXXX
5f2b3528c6f997007ee2baa7,XXSXVWGXXXXXXXFXX
5f2b3528c6f997007ee2baab,ARDPLWFGELPTQRGY
5f2b3528c6f997007ee2baae,VQGGVGVAPAIRKFGS
5f2b3528c6f997007ee2bab7,EKWGCPSTRCAKKEGVLLLRYGR
5f2b3528c6f997007ee2bab8,ARELRGGWAQGDFDI
5f2b3528c6f997007ee2babc,ARGLAYYRNCSSTSCYTGGNWFDP
5f2b3528c6f997007ee2babf,ARSSSQTVATRGYYYYYGMDV
5f2b3528c6f997007ee2bac0,AKDQQYYGSGXCYTN
5f2b3528c6f997007ee2bac5,ARVGGNQQVYFYYGMDV
5f2b3528c6f997007ee2bac8,ARHGRYCSXXXXSTYGNXXDX
5f2b3528c6f997007ee2bace,AXRGXFXXEGGGXXXX
5f2b3528c6f997007ee2bad8,ARDRDCSXXSXXXDX
5f2b3528c6f997007ee2badb,AKGLPSRYFDS
5f2b3528c6f997007ee2badc,FDY
5f2b3528c6f997007ee2bae1,SRGKGSGGYFEYYFDY
5f2b3528c6f997007ee2bae6,ARDNXYWSSLSYYYCAMDV
5f2b3528c6f997007ee2bae7,AREXNVVRYSXXCYYGIDV
5f2b3528c6f997007ee2bae9,AKDVGSGWPEGADK
5f2b3528c6f997007ee2baec,ARXGYGXKNAFDI
5f2b3528c6f997007ee2baf2,ARGGGSRGYDFAGY
5f2b3528c6f997007ee2baf3,ERSGGGATIPPVRP
5f2b3528c6f997007ee2baf4,XRAXXXXXXXXX
5f2b3528c6f997007ee2baf5,ARGXSXGFXY
5f2b3528c6f997007ee2baf6,XAVXAAXXXXYYXAXGXDXEXXSXXRGDY
5f2b3528c6f997007ee2bafb,LNSSSEGATDAFDI
5f2b3528c6f997007ee2bafd,ARPSDGXDSTVAIYDYGMDV
5f2b3528c6f997007ee2bb01,AXXVXDNXGXGXXDY
5f2b3528c6f997007ee2bb08,ARDGCGXXXGXLDY
5f2b3528c6f997007ee2bb0a,ARXRXXVXAVAXHAFDI
5f2b3528c6f997007ee2bb0f,ARLHCSSTSCSYAFDI
5f2b3528c6f997007ee2bb11,ARVQLERRGVYYFDY
5f2b3528c6f997007ee2bb15,ARVQYCSGGSCRPNYYYGMDV
5f2b3528c6f997007ee2bb17,ARGLVLWFGELLLGTYYYYGMDV
5f2b3528c6f997007ee2bb1d,VRDAGRYPNWYFDL
5f2b3528c6f997007ee2bb1e,YXYGMDV
5f2b3528c6f997007ee2bb1f,KLSSVXAADTAXYYCARXXXXIXXXSHLVYGXXX
5f2b3528c6f997007ee2bb22,ARXXXWXGXXLGXDX
5f2b3528c6f997007ee2bb25,ANLGRRRLRIIGXXXXXGXXXXXAXSVKGRFTISRDNXKNSLYLQMNSLRAEDTALYYCASLXEXWNGYXXXYDAFDN
5f2b3528c6f997007ee2bb28,SKGDYRLDF
5f2b3528c6f997007ee2bb2e,AXXLPRQYCSGGSCYGDNYYYGMDV
5f2b3528c6f997007ee2bb2f,AREXAGMGYYYGMDV
5f2b3528c6f997007ee2bb31,ARGXRQWLVRFLVGY
5f2b3528c6f997007ee2bb36,ARLYSYSSSPIDH
5f2b3528c6f997007ee2bb38,VRGGTQGYCSGGSCRSGRAKYAVDM
5f2b3528c6f997007ee2bb3d,ASERYYDYVWGSYRSSGMDV
5f2b3528c6f997007ee2bb3e,SRHISRYYDYVWGSYRRPGGMDV
5f2b3528c6f997007ee2bb3f,ARASGYSSGWYLXWFDX
5f2b3528c6f997007ee2bb40,RXXXXXXXXXXVXXXATXYYFDY
5f2b3528c6f997007ee2bb41,ARSFPKSPGFGEDGEY
5f2b3528c6f997007ee2bb43,VRGPGRTAPEVNY
5f2b3528c6f997007ee2bb47,ESRLGYCSGGSFLRYGR
5f2b3528c6f997007ee2bb48,AKTGIIRATGLMDV
5f2b3528c6f997007ee2bb4b,HPPLGSSEDL
5f2b3528c6f997007ee2bb4d,ARXXPXXXKGXXXGFWTY
5f2b3528c6f997007ee2bb50,XXXLXNXXXWXL
5f2b3528c6f997007ee2bb51,AFDI
5f2b3528c6f997007ee2bb53,ARGTMIIGVXXYYGIDV
5f2b3528c6f997007ee2bb56,ARGRSVLEWVRQAYFDY
5f2b3528c6f997007ee2bb5a,ARXKVPITMVPRKPQAFDY
5f2b3528c6f997007ee2bb5c,AREARVRXDAXDI
5f2b3528c6f997007ee2bb5d,ARRRDYGDYVDY
5f2b3528c6f997007ee2bb5f,AGGNYCSRADCDRYPFDY
5f2b3528c6f997007ee2bb61,ARGVXYCSSTSYYXCXHXXDY
5f2b3528c6f997007ee2bb62,AIGXYXXYXDY
5f2b3528c6f997007ee2bb63,ARXRXYXVXVTGGVTRXFDX
5f2b3528c6f997007ee2bb65,ERXGPXRGSEPRAGXXDLLXQRRYGR
5f2b3528c6f997007ee2bb66,XXX
5f2b3528c6f997007ee2bb68,ARETRTGTTECIALDY
5f2b3528c6f997007ee2bb6b,ARVRVGPNFWSGYYDY
5f2b3528c6f997007ee2bb71,ARDSSHSSSWYSRYDY
5f2b3528c6f997007ee2bb75,ARDXXGGYYYYAFDI
5f2b3528c6f997007ee2bb79,ETFEFXGRQWLVL
5f2b3528c6f997007ee2bb7b,ARAICSTNCQRDY
5f2b3528c6f997007ee2bb7d,ARDHGRSSSRGGYCYCFDY
5f2b3528c6f997007ee2bb7f,XRXGXXXGKGGL
5f2b3528c6f997007ee2bb82,ARFDPSPRAKPAAKELVGRDAFDI
5f2b3528c6f997007ee2bb84,ARDRRWGWGCYYFDY
5f2b3528c6f997007ee2bb85,ARAWCGGDCYGGFRNWFDP
5f2b3528c6f997007ee2bb87,TRSVGIRSSWXX
5f2b3528c6f997007ee2bb94,AGPSIGDSSDYYLFEY
5f2b3528c6f997007ee2bb96,AKDVVATASRYSQH
5f2b3528c6f997007ee2bb9b,ARXHXWGXXLGAVVXAAXXYXXDGMDV
5f2b3528c6f997007ee2bba2,EAEEDLWFGESRRL
5f2b3528c6f997007ee2bbb4,VRQQAPTYYFDY
5f2b3528c6f997007ee2bbb7,X
5f2b3528c6f997007ee2bbb8,ARDPHSAYCGGDCYNGRFDP
5f2b3528c6f997007ee2bbba,ARLRYYYDSSGPLGYFDL
5f2b3528c6f997007ee2bbcb,ARDRNTSMVGSDY
5f2b3528c6f997007ee2bbd9,ARDRPDKMATMGRGAFDI
5f2b3528c6f997007ee2bbdd,GMDV
5f2b3528c6f997007ee2bbe3,ERSPKSVFRL
5f2b3528c6f997007ee2bbe5,ARRNPWGVVTAIHDAFDI
5f2b3528c6f997007ee2bbe8,ARDGIYGRRVVVVPAALDY
5f2b3528c6f997007ee2bbee,ARDLGLEEDH
5f2b3528c6f997007ee2bbf2,YYYYGMDV
5f2b3528c6f997007ee2bbf4,AREKGRFLEWLNNYYYYGMDV
5f2b3528c6f997007ee2bbf5,ARGFGVMSY
5f2b3528c6f997007ee2bc00,EIXXQLWFDGGWVLLLRYGR
5f2b3528c6f997007ee2bc06,ARGYSGYDGAAFDI
5f2b3528c6f997007ee2bc08,ARDGNGYNFGAYFDY
5f2b3528c6f997007ee2bc0a,ARXQGMTGVRXSGYIDYYYXGMDV
5f2b3528c6f997007ee2bc10,ESCGICSSTSCYRL
5f2b3528c6f997007ee2bc12,ARVSSGSFMA
5f2b3528c6f997007ee2bc14,RNAFDI
5f2b3528c6f997007ee2bc1b,XKXXXXXXXVVXXXXIXXXDX
5f2b3528c6f997007ee2bc1c,ARDLINGYGGTY
5f2b3528c6f997007ee2bc1d,AKSPQDLVVITTALDY
5f2b3528c6f997007ee2bc2b,TTGRISIFGVVWHYFDY
5f2b3528c6f997007ee2bc2d,ARXXXGXGXXXXXXX
5f2b3528c6f997007ee2bc2e,ASTRGYCSSTSCQILYYYYGMDV
5f2b3528c6f997007ee2bc31,TRDEVFFPSHTFDV
5f2b3528c6f997007ee2bc34,ARDXYTYYYDXSGYYD
5f2b3528c6f997007ee2bc3c,ARXXXXXXXVXAXXWXDP
5f2b3528c6f997007ee2bc3e,ARQXXWGAVXXXVDY
5f2b3528c6f997007ee2bc3f,XXXMXVH
5f2b3528c6f997007ee2bc41,ARDEPDDGSGSYLY
5f2b3528c6f997007ee2bc47,ARSXGTAXCWGXXXYFDY
5f2b3528c6f997007ee2bc48,ARDRYVGXXXXSPFDY
5f2b3528c6f997007ee2bc4a,ARRLGWYRFDY
5f2b3528c6f997007ee2bc4c,ARXGVTAXPQXYWFDP
5f2b3528c6f997007ee2bc4d,ARGGHYYDSSGYLQGGAFDI
5f2b3528c6f997007ee2bc4f,AXXRXXGYSYGXGXYXXXXX
5f2b3528c6f997007ee2bc50,LXMTSVTVAXTATXYCARHYSALDH
5f2b3528c6f997007ee2bc54,XXXXXXRHGXXXXXXXXQXXVRGRRXVXXXXYFXX
5f2b3528c6f997007ee2bc55,XXVTAAXTXXXXXAXXXXXXXWXXGXXWFDP
5f2b3528c6f997007ee2bc56,ARGQTGEADY
5f2b3528c6f997007ee2bc64,AKGXLVESGIXDY
5f2b3528c6f997007ee2bc67,RXPXXXXXGSXNXTVWTS
5f2b3528c6f997007ee2bc6c,AXDXXXFXXXSXAAPEYYXXXX
5f2b3528c6f997007ee2bc7b,ARXXGXVXAXITXXYGMDV
5f2b3528c6f997007ee2bc7c,EXSSXXGXXGL
5f2b3528c6f997007ee2bc82,EXXCMXXXPXGLVRX
5f2b3528c6f997007ee2bc86,ASTWGDYGDLRPN
5f2b3528c6f997007ee2bc87,VRDHEGSGWYGDF
5f2b3528c6f997007ee2bc89,FDP
5f2b3528c6f997007ee2bc90,ARRMYWGSSTDDAFDI
5f2b3528c6f997007ee2bc92,ARRSGEMATESFDF
5f2b3528c6f997007ee2bc96,XELTAAPPTXVWXS
5f2b3528c6f997007ee2bc9b,AKGIEELLWFGESPYYFDY
5f2b3528c6f997007ee2bc9d,ARGXXDSSGXXWRSAFDI
5f2b3528c6f997007ee2bc9f,ARKAEANYYGAGSPFDY
5f2b3528c6f997007ee2bca0,ARLGSGWYTGSH
5f2b3528c6f997007ee2bca2,AHSWGYSSSSPTLFDY
5f2b3528c6f997007ee2bca3,AXXXXQGXXYYXYTMDV
5f2b3528c6f997007ee2bca8,ARGLYCSSTSCYGPYCGGDCYWYFDL
5f2b3528c6f997007ee2bcb5,AKDTYNWNFGEKTKSPNSDFLGFDY
5f2b3528c6f997007ee2bcb6,ERSPKSVFRL
5f2b3528c6f997007ee2bcb8,ARXWXGYSXXTSYSLDY
5f2b3528c6f997007ee2bcbe,VGDXDXXFAXGGGMDX
5f2b3528c6f997007ee2bcc5,ARDQMVAEWFDP
5f2b3528c6f997007ee2bcc7,ARDXXYHNGRGYXYXFDY
5f2b3528c6f997007ee2bcc9,ARDANPTDYYDSSKRGGRPTLRNWFDP
5f2b3528c6f997007ee2bccb,ARDNNXXAXXXXSYXDX
5f2b3528c6f997007ee2bcd3,ARERDGYYWYYAAFDY
5f2b3528c6f997007ee2bcd6,AKLGTTGAFDI
5f2b3528c6f997007ee2bcd9,ARQGHDDYACGXXXXXDY
5f2b3528c6f997007ee2bcdd,ARVGXGXXDDFDF
5f2b3528c6f997007ee2bcde,XRDGXCSSTSCLGGVWFDP
5f2b3528c6f997007ee2bcdf,LQXNSLXXEDTAVYYCXXXXXXXXXXXXYSGRSXXXH
5f2b3528c6f997007ee2bce1,ARQGEGGPGKPMVRGVRIRYFDL
5f2b3528c6f997007ee2bce3,ARGGPYYXFDY
5f2b3528c6f997007ee2bce8,ARVFWEGDWSSTSCYEEVDP
5f2b3528c6f997007ee2bce9,ARLRWRGETGRDIVVVPAAITYRYWYFDL
5f2b3528c6f997007ee2bced,VSQSGYDWERNFDH
5f2b3528c6f997007ee2bcf1,ARLPAVSSQFDY
5f2b3528c6f997007ee2bcf4,XXXGMXV
5f2b3528c6f997007ee2bcf5,ARGNSYGPNDFQQLRGGWFDP
5f2b3528c6f997007ee2bcf6,ARGHSSSVY
5f2b3528c6f997007ee2bcfa,AKXXXXGMDX
5f2b3528c6f997007ee2bcfe,ARXIGXYXSXGXXXXXXAFDI
5f2b3528c6f997007ee2bcff,ARDXRDYYSXGAFDI
5f2b3528c6f997007ee2bd00,ARDSSRCSSGYVWGFDY
5f2b3528c6f997007ee2bd04,GMDV
5f2b3528c6f997007ee2bd07,ARGXTXXXPXFDP
5f2b3528c6f997007ee2bd12,ARGXXXXGXXSXXXYXXYGMDV
5f2b3528c6f997007ee2bd15,XXXXXXXXXXXXXXXDXXXDY
5f2b3528c6f997007ee2bd16,ASKAPPYQRLPSYYYYYYGMDV
5f2b3528c6f997007ee2bd19,ACXDVEWGNDMDV
5f2b3528c6f997007ee2bd1a,ETAEYYGSGRTWLSA
5f2b3528c6f997007ee2bd1b,ARHQRGQWLVDY
5f2b3528c6f997007ee2bd23,ARGPHWADAFDI
5f2b3528c6f997007ee2bd24,ARXISGIAARXRXRFXWFDP
5f2b3528c6f997007ee2bd27,AKXXXXXXGXSXXXXXXDY
5f2b3528c6f997007ee2bd2e,AKDRGGYTYLALDY
5f2b3528c6f997007ee2bd2f,ARDGRSSGXDVDY
5f2b3528c6f997007ee2bd30,ARDMSFYNGRSGKQGFFDY
5f2b3528c6f997007ee2bd32,ARRSSGYDY
5f2b3528c6f997007ee2bd35,ATGPTILRYFSPFHH
5f2b3528c6f997007ee2bd3e,ARXMGXYXXXXXXXXYXXDX
5f2b3528c6f997007ee2bd42,ARDRFCGNGGCYGWFDP
5f2b3528c6f997007ee2bd44,TTDHPSYCGGDCYSY
5f2b3528c6f997007ee2bd47,ARARKQWLVRGFDY
5f2b3528c6f997007ee2bd52,AKXGXXVXAXXXAFXX
5f2b3528c6f997007ee2bd5a,XXXX
5f2b3528c6f997007ee2bd5b,ATSGTPFQH
5f2b3528c6f997007ee2bd5c,AKSPQDLVVITTALDY
5f2b3528c6f997007ee2bd5d,ARHXXXNSXXCXXXDX
5f2b3528c6f997007ee2bd5f,DSSSSGLLLLLRYGR
5f2b3528c6f997007ee2bd61,QXXGRDFDWLESRIGR
5f2b3528c6f997007ee2bd73,AREGDYYGSXGYYXENDAFDI
5f2b3528c6f997007ee2bd74,PXHPFVLLRYGR
5f2b3528c6f997007ee2bd75,ARDLRPPEIVGVVILPVGGGPNRYYFDY
5f2b3528c6f997007ee2bd77,AKDSGLHNYGMDV
5f2b3528c6f997007ee2bd79,ARATRGGAGGGWFDY
5f2b3528c6f997007ee2bd7b,ARKMDGRRWSADY
5f2b3528c6f997007ee2bd7e,ARRYCSSTSCYRHEPPRLRYYYYGMDV
5f2b3528c6f997007ee2bd94,AXXXXXXXVGGYGXDV
5f2b3528c6f997007ee2bd98,ARXXGXXXXXXXXPFYYFDY
5f2b3528c6f997007ee2bd9b,AXDXHDCSDXTCVDY
5f2b3528c6f997007ee2bd9e,ASEXDIAXXQPXYYYGMDV
5f2b3528c6f997007ee2bda2,ATHFTDFSFDF
5f2b3528c6f997007ee2bda3,AREXYXGGAAAGTXHYYYYYGMDV
5f2b3528c6f997007ee2bda5,ARDLYDFWGRGVDY
5f2b3528c6f997007ee2bda8,AREGDPRTTSYYYYYSGMDV
5f2b3528c6f997007ee2bdaa,ARGCDGTTVTSDY
5f2b3528c6f997007ee2bdae,ESPSPPAAGKVLLLRYGR
5f2b3528c6f997007ee2bdb5,ARDHAGISWSXSYYYGIDF
5f2b3528c6f997007ee2bdbb,ARFPSLEYSSSSPAAAGTSSYWFDP
5f2b3528c6f997007ee2bdbe,AKESGSSGGC
5f2b3528c6f997007ee2bdbf,TREGIEYSSSAGWGDYFDY
5f2b3528c6f997007ee2bdc0,XXXXXLXXGXXTAADTAVYYCARLXLLWLGESEPGDFDY
5f2b3528c6f997007ee2bdc4,ASRSCYXRSTSYYGMDV
5f2b3528c6f997007ee2bdc5,ARDSGYYDILTGYYGWFDP
5f2b3528c6f997007ee2bdc8,ARDXGXXXELEXXTYYYGMDV
5f2b3528c6f997007ee2bdc9,ARDPNPYVVVVPAAHYLFDY
5f2b3528c6f997007ee2bdcb,ARYRHGYQLRRYYFDY
5f2b3528c6f997007ee2bdcf,AXXXXSIXAAGXTVX
5f2b3528c6f997007ee2bdd3,XXGXVLXXXXXXXXXXXXYYGMDX
5f2b3528c6f997007ee2bdda,VGDDLALRGLSDR
5f2b3528c6f997007ee2bddd,ARERSXGFRLGKPXLRFDR
5f2b3528c6f997007ee2bde1,ARARGSGRGDQH
5f2b3528c6f997007ee2bdf1,AQDIVVVPAAIGDYYGMDV
5f2b3528c6f997007ee2bdf8,ARGRGNLNDY
5f2b3528c6f997007ee2bdfa,ARNRLLRDPFDV
5f2b3528c6f997007ee2bdfe,AADSPPTMIDHRAFDI
5f2b3528c6f997007ee2be00,AREGGXEXXSCGPSYYYYGIDY
5f2b3528c6f997007ee2be04,XXXXXXVXXATGXXXXXX
5f2b3528c6f997007ee2be08,AKDIWGSFSRYYXDL
5f2b3528c6f997007ee2be0d,ARACDQAGATAXTESWFDP
5f2b3528c6f997007ee2be0e,GIDH
5f2b3528c6f997007ee2be1d,ARDMVRGAQRSDAFDI
5f2b3528c6f997007ee2be22,ARAESIVVVPAAVKYGMDV
5f2b3528c6f997007ee2be24,ARXRLGAAMVIAATGSGMDV
5f2b3528c6f997007ee2be26,ARDXXXXDFWSXYSSSYXYYGXXX
5f2b3528c6f997007ee2be27,AXGXRXCSSTSCSWXXXXYYXXYXXDV
5f2b3528c6f997007ee2be28,Y
5f2b3528c6f997007ee2be29,ARDHGFXSGSARGYDFDY
5f2b3528c6f997007ee2be30,ARDXYWCSSGXPGXN
5f2b3528c6f997007ee2be3c,ASRIVISGLTGGDY
5f2b3528c6f997007ee2be3f,ARPSHSARTEYYFDY
5f2b3528c6f997007ee2be41,ARHGVGAYGSGEQTDAXDI
5f2b3528c6f997007ee2be44,ARGLRDYDILTGYYTGQYFDY
5f2b3528c6f997007ee2be4b,ARGRELYYYGMDV
5f2b3528c6f997007ee2be4f,ARIIGVRGVIINQATYYYYGMDV
5f2b3528c6f997007ee2be50,AXXXXXPDGPXDAFDI
5f2b3528c6f997007ee2be52,ARGLAAVGGHGYYYYGMDV
5f2b3528c6f997007ee2be54,VREDAARFDP
5f2b3528c6f997007ee2be59,DTXVYYCXSXXXXXXXXXXXXX
5f2b3528c6f997007ee2be5c,XARSSDTLVRGVNWFDP
5f2b3528c6f997007ee2be66,ARXXGPSXXXXXXXXXXRLXY
5f2b3528c6f997007ee2be67,AXGPPAIVVVPAAIFWFDP
5f2b3528c6f997007ee2be6a,ARDRQQLNLPYYYYYYYGMDV
5f2b3528c6f997007ee2be6b,AXAXXXLXXYYGMDV
5f2b3528c6f997007ee2be6c,ATDIPRGYSGYENVRPFDY
5f2b3528c6f997007ee2be6d,ESEGVWFGEDVRYGR
5f2b3528c6f997007ee2be6e,AXXXXGXXXSSXXXXXPXYYGMDV
5f2b3528c6f997007ee2be77,AXXXXXSGXXXXDY
5f2b3528c6f997007ee2be78,GXXDY
5f2b3528c6f997007ee2be7b,ARXRNRSSYDSSGRDY
5f2b3528c6f997007ee2be7d,XAXTAVYYXARXXXXXXXXXGXXSXXXXXXXXX
5f2b3528c6f997007ee2be93,ARDLGCGGDCSIRDWDYYYGMDV
5f2b3528c6f997007ee2be96,ARDXSIVAATRGYAFDY
5f2b3528c6f997007ee2be9a,XTGAYVXRP
5f2b3528c6f997007ee2be9f,AKGLPSRYFDS
5f2b3528c6f997007ee2bea3,ARETLLPTPHDGFDI
5f2b3528c6f997007ee2bea6,ARERVVMVRGVIITDYYCDY
5f2b3528c6f997007ee2beac,ARKVALAGGYYHGMDV
5f2b3528c6f997007ee2beae,AKEIVLKGDYGDQG
5f2b3528c6f997007ee2beb0,AGQGYSYGYYYYGMDV
5f2b3528c6f997007ee2beb6,AKSPQDLVVITTALDY
5f2b3528c6f997007ee2bec3,AKGFWWELLAFDI
5f2b3528c6f997007ee2becd,ARDRGYSSSSGGAWFDP
5f2b3528c6f997007ee2bed0,AKDFAWAVAGTKHYYFDY
5f2b3528c6f997007ee2bed3,AXGRXLWFGXLTXXFDX
5f2b3528c6f997007ee2bed5,AXXPGXGYTKPDX
5f2b3528c6f997007ee2bed6,TTYGVYAIPKYYYYGMDV
5f2b3528c6f997007ee2bee0,TXXXXCAXGXXXXXXWIXGYGMDV
5f2b3528c6f997007ee2beea,RDXXXXXXXXXXXXDY
5f2b3528c6f997007ee2beec,VRATEELTTLTTFGL
5f2b3528c6f997007ee2beed,ARGEVALWFGKYGPDAFDI
5f2b3528c6f997007ee2bef0,ARDACSSGSYSFDY
5f2b3528c6f997007ee2bef2,ARGCSRSTTSDYYDSSVLEMCDAFDI
5f2b3528c6f997007ee2bef3,ASSQQLGPVEY
5f2b3528c6f997007ee2bef6,ARDXLGXMDV
5f2b3528c6f997007ee2befd,ARGKGDADIWSMDV
5f2b3528c6f997007ee2bf04,AXXXWXXXXXPXTXXXDX
5f2b3528c6f997007ee2bf08,ARXXXXDXWSGRXWYFDL
5f2b3528c6f997007ee2bf0a,ARDQFPLDYDSSGPPLA
5f2b3528c6f997007ee2bf0f,AKGLTMDSDGMDV
5f2b3528c6f997007ee2bf10,ARGXDPLVVXNSGSXXVAXYYYGMDV
5f2b3528c6f997007ee2bf1f,ARDAVGGXXXXXYYGGMDV
5f2b3528c6f997007ee2bf23,ARDFNCSSTSCSDY
5f2b3528c6f997007ee2bf2f,AKSPQDLVVITTALDY
5f2b3528c6f997007ee2bf37,XXXDY
5f2b3528c6f997007ee2bf39,ESARSTIFWL
5f2b3528c6f997007ee2bf44,AKKISYGGNGGDYVDY
5f2b3528c6f997007ee2bf46,ARDRITTMIVEGGYFDY
5f2b3528c6f997007ee2bf51,ARXVXXXXXTWGXYYXDX
5f2b3528c6f997007ee2bf52,AREETRAFDY
5f2b3528c6f997007ee2bf58,ERRGRAAGALLLLLRNGR
5f2b3528c6f997007ee2bf5c,ARDXXGYDXWSSCYGNFDY
5f2b3528c6f997007ee2bf67,ARHISRYYDYVWGSYRRPGGMDV
5f2b3528c6f997007ee2bf6d,AXVVYDFWSGYXAAXDI
5f2b3528c6f997007ee2bf72,ARGXYDVCSGXTYGVEY
5f2b3528c6f997007ee2bf80,XXXGXXXXXXXXXXXXGXXTISXXXSXNTLXLXMXXLXXXXTAVYYCXXXFXGXXXXYYYYGMDV
5f2b3528c6f997007ee2bf88,ARDLRRHSKLYDSSGYYRGGLDY
5f2b3528c6f997007ee2bf89,ELIRFLEWLLYYTGGYGR
5f2b3528c6f997007ee2bf8b,ARGRLSVRGYSYGYRSALFDY
5f2b3528c6f997007ee2bf8d,ARFHGGGF
5f2b3528c6f997007ee2bf8e,VRVPAADWYFDL
5f2b3528c6f997007ee2bfa7,XYYXARGXPTXTDIVVAPDDSYYFDY
5f2b3528c6f997007ee2bfaa,AREXXXXRLAAAXXXLGAFDI
5f2b3528c6f997007ee2bfad,VRDSTKPAERYFDS
5f2b3528c6f997007ee2bfb0,ARHSTYYPDY
5f2b3528c6f997007ee2bfb5,XRXXXXXXYXSSWYWVLXRXXX
5f2b3528c6f997007ee2bfbd,ARDRIQLWEYYYYYGLDV
5f2b3528c6f997007ee2bfbf,EXXRRGNXSWDTVVLLLRP
5f2b3528c6f997007ee2bfc5,ARGPGDYGGKSPIDY
5f2b3528c6f997007ee2bfc6,ARLNHDSXXXGXXXXMDX
5f2b3528c6f997007ee2bfc9,ARHGGXITVFGPSGYFDL
5f2b3528c6f997007ee2bfd2,ARXHXRXXYXXWXRXXIXXXXYGMXX
5f2b3528c6f997007ee2bfd9,ERXXWLIQSDLLLLLCYGR
5f2b3528c6f997007ee2bfe0,ARDXXXXXGSXXY
5f2b3528c6f997007ee2bfe1,ERPKXXXLLRYGR
5f2b3528c6f997007ee2bfe3,ARVRGGSTSTSLDF
5f2b3528c6f997007ee2bfe4,ARGXDXSITMGRGYHNFDY
5f2b3528c6f997007ee2bfe5,ESXAGXGXSSDXLLLRYGR
5f2b3528c6f997007ee2bfea,AKGRRGSGFSHYLDS
5f2b3528c6f997007ee2bfec,AGDRLGGTHDYYYNMDV
5f2b3528c6f997007ee2bfed,ANGSGSXXXXY
5f2b3528c6f997007ee2bff0,ARHIAAAGKGLYYYYGMDV
5f2b3528c6f997007ee2bff1,ARGMWGLRRTFDI
5f2b3528c6f997007ee2bff2,ARVXXXVVVPAAXDYAFDI
5f2b3528c6f997007ee2bff4,ARHYSALDH
5f2b3528c6f997007ee2bff8,ARELAVAGTGWFDP
5f2b3528c6f997007ee2bff9,ARXXPGXQXDIVVVPADYYYYGMDV
5f2b3528c6f997007ee2bffc,ARDHHSKASWRYYYDSSGFDY
5f2b3528c6f997007ee2c001,ARPRRGSYXXXXGXDI
5f2b3528c6f997007ee2c002,AXGXXARXXXWDXX
5f2b3528c6f997007ee2c004,AXXXXXXXXXX
5f2b3528c6f997007ee2c005,XXXXXVAXXXGXXXX
5f2b3528c6f997007ee2c008,ARGMNWNDSY
5f2b3528c6f997007ee2c00e,ARVRFRDLDKLAYCGGDCYSLDY
5f2b3528c6f997007ee2c017,XXXXADTXVYXXAXXXXXXXXXXXXXGXDV
5f2b3528c6f997007ee2c018,AKGAEGDY
5f2b3528c6f997007ee2c019,ARDPWDIVVVPAATDFDY
5f2b3528c6f997007ee2c01f,ARHGNQSPSSYYDFWSGYYTGYYYYYGMDV
5f2b3528c6f997007ee2c029,AKRGAYYDSSGYLIGY
5f2b3528c6f997007ee2c02a,ARAPRGVVPAATQLNYYYYYGMDV
5f2b3528c6f997007ee2c030,AKDRXXYDSSGYYGLYYYYYGMDV
5f2b3528c6f997007ee2c032,ARXXXSSXCCXXXYYYYGMDV
5f2b3528c6f997007ee2c034,AKSKTGTPSDAYDI
5f2b3528c6f997007ee2c036,ARHGCYDYGGNSCAFDI
5f2b3528c6f997007ee2c039,AXRXRGXXXXAFDI
5f2b3528c6f997007ee2c03c,ARRTVTTSLDY
5f2b3528c6f997007ee2c047,AREGLPNAFDI
5f2b3528c6f997007ee2c048,ARHFPFREPALDY
5f2b3528c6f997007ee2c04e,ARSSLAFTYFDY
5f2b3528c6f997007ee2c04f,ARDVLGXGVCHWDCNY
5f2b3528c6f997007ee2c050,ATGPQQWELSPPIVH
5f2b3528c6f997007ee2c056,ARDRLRYSSGWSAFDY
5f2b3528c6f997007ee2c05c,ARDHYSSAWYIDF
5f2b3528c6f997007ee2c05e,AGDGPGIAVAGTGREYFDL
5f2b3528c6f997007ee2c063,ARDGTYNDFARIPGGMDV
5f2b3528c6f997007ee2c066,XXXXNMXXXXXXXYXXXXXXXXWXXXXXXXXXPDXXXX
5f2b3528c6f997007ee2c06c,ARFCSSTSCYFDRFGASYGSDYYYGMDV
5f2b3528c6f997007ee2c06e,ARDXPAVGDGYNLPFDY
5f2b3528c6f997007ee2c072,EDGWTXXXCXXXXLLLLRYGR
5f2b3528c6f997007ee2c073,ARVGDYGSGSQYNPLDF
5f2b3528c6f997007ee2c07d,AKDQLRSWWGXDRPRHDSSGYYYYYGMDV
5f2b3528c6f997007ee2c080,ARGWRQPDYDSLTGDRTYVEPYYYYGMDV
5f2b3528c6f997007ee2c083,ARLYYGXXSXXXPXYYYGMDV
5f2b3528c6f997007ee2c086,AQEGSGELRPIDWYFDL
5f2b3528c6f997007ee2c088,ARETRLDYCSSTSCPGEFDY
5f2b3528c6f997007ee2c08a,ARDEYGDYVGGAVPSPYYFDY
5f2b3528c6f997007ee2c092,XXXXTXXYYXXATVPNXAFXI
5f2b3528c6f997007ee2c094,EXXXXXEXXXXXEXLLLLRYGR
5f2b3528c6f997007ee2c097,ARGTPTPTDIVVAPDDSYYFDY
5f2b3528c6f997007ee2c09b,XXXDXXGRDYPGSGXXXNXXXGMDV
5f2b3528c6f997007ee2c0a0,AREKSDRAIKAVAGTIWWLDP
5f2b3528c6f997007ee2c0a4,DY
5f2b3528c6f997007ee2c0a7,ARGXXXXGXGXCXYCXXXVDY
5f2b3528c6f997007ee2c0ad,ARTLLSNTWYKRRFDP
5f2b3528c6f997007ee2c0ae,LYLQXXSLRAEDXAVYYCAXXXXXXXXDX
5f2b3528c6f997007ee2c0b5,AXXQXXSSYDILTGYHATYYFDY
5f2b3528c6f997007ee2c0b6,ARASRADPSWDLDY
5f2b3528c6f997007ee2c0b8,ARVIRSVTKSIFGVVITANYYGMDV
5f2b3528c6f997007ee2c0c2,AKYSREXATWVYYFDY
5f2b3528c6f997007ee2c0c7,ERPATVDRL
5f2b3528c6f997007ee2c0cf,AKDRGSAAAPEYYGMDV
5f2b3528c6f997007ee2c0d3,ARGRSIEYGFDY
5f2b3528c6f997007ee2c0d4,AXGSXXYDSSSGGDPDY
5f2b3528c6f997007ee2c0db,ASYSSSSEDY
5f2b3528c6f997007ee2c0e0,ARDREYRGGDADY
5f2b3528c6f997007ee2c0e2,AXXRXYGNYDSSGYXLDY
5f2b3528c6f997007ee2c0e5,ARVGGGEAAGAGYYYGMDV
5f2b3528c6f997007ee2c0ed,EXGRRWVLRXXGX
5f2b3528c6f997007ee2c0f4,AXDIXLXXSYSGAIXY
5f2b3528c6f997007ee2c0f7,AXPXXYXXXSGYXXYYYGMDV
5f2b3528c6f997007ee2c100,AGXYAYYXXXXDY
5f2b3528c6f997007ee2c101,ARDSXTIFGVGXXYFDY
5f2b3528c6f997007ee2c10c,ARDGYCSSTSCYNDAFDI
5f2b3528c6f997007ee2c10e,ERXXXXGSCYHRKGPYGL
5f2b3528c6f997007ee2c112,AKPRGDAFDI
5f2b3528c6f997007ee2c11a,ARPXXAMAXXXXFDX
5f2b3528c6f997007ee2c11c,ARLAGKDYGDSV
5f2b3528c6f997007ee2c121,ARALQAAAGILDY
5f2b3528c6f997007ee2c12f,ARXXNXXXAGDYGGFDX
5f2b3528c6f997007ee2c132,ARGNXTXVGVVIXFDY
5f2b3528c6f997007ee2c133,TRPYYDSSGYRDDAFDI
5f2b3528c6f997007ee2c13c,AQDXVVVPAAIGDYYGMDV
5f2b3528c6f997007ee2c13e,ARLDYYESRQH
5f2b3528c6f997007ee2c142,ARRGFDY
5f2b3528c6f997007ee2c145,AXXXDSSGYXXXXAFDI
5f2b3528c6f997007ee2c14a,RXTAXXXGSTTTTVWTS
5f2b3528c6f997007ee2c14c,ARXXXXXXXXDX
5f2b3528c6f997007ee2c14e,ARXXXXDIXXXXXGYWXX
5f2b3528c6f997007ee2c150,ARFPSLEYSSSSPAAAGTSSYWFDP
5f2b3528c6f997007ee2c154,ARDDFGGYCYGIDY
5f2b3528c6f997007ee2c15b,AKGGLYYYYGMDV
5f2b3528c6f997007ee2c15c,ARSWGGYSSVSCYWAEYFPH
5f2b3528c6f997007ee2c172,ARSLLDYSQLPVIADTYYYYGMDV
5f2b3528c6f997007ee2c175,ARGRRGNTYGFTKLDS
5f2b3528c6f997007ee2c17f,XVXYXXXXAXXXXXXXSVXHDX
5f2b3528c6f997007ee2c188,ARXXXXXXSCSXAFDI
5f2b3528c6f997007ee2c18c,ARGGSATCDRAKLDY
5f2b3528c6f997007ee2c190,ARXMVXRGXXLXXXY
5f2b3528c6f997007ee2c193,ASRWRSGSYWANEYSNYESGAFDI
5f2b3528c6f997007ee2c194,AXXGWRDGAFXI
5f2b3528c6f997007ee2c19b,AKDWRGSTRRIWCGELSGVWMFDY
5f2b3528c6f997007ee2c19c,ARGGDIVVVPAAMTSAFXX
5f2b3528c6f997007ee2c19d,ARGPTQQLLGSY
5f2b3528c6f997007ee2c19f,ARXAXEGSCCGXDY
5f2b3528c6f997007ee2c1a0,ARIEVGGNYGIYFDY
5f2b3528c6f997007ee2c1a1,ARGXGXAYYYYGMDV
5f2b3528c6f997007ee2c1a3,ARGGGDGGNFD
5f2b3528c6f997007ee2c1a4,ARGGDXXXAXXFDX
5f2b3528c6f997007ee2c1a7,ETSPPVGATE
5f2b3528c6f997007ee2c1a8,ARAHTPELLGAFDI
5f2b3528c6f997007ee2c1a9,ARGGDSSGYYYFDY
5f2b3528c6f997007ee2c1ad,AGYKRSSPAGIGAYYGMNI
5f2b3528c6f997007ee2c1ae,AREXXCXXTGWYRGXSWFDP
5f2b3528c6f997007ee2c1af,ARXVXAFDI
5f2b3528c6f997007ee2c1b0,ARGYYDFWSGIYYYYGMDV
5f2b3528c6f997007ee2c1b1,ARDREDGYKGVFDY
5f2b3528c6f997007ee2c1b2,ARGGDYGDYYYYGMDV
5f2b3528c6f997007ee2c1bf,EXXXXXGXMLXXL
5f2b3528c6f997007ee2c1c2,FDP
5f2b3528c6f997007ee2c1c9,XGXDX
5f2b3528c6f997007ee2c1cc,EDSPAPPAWTS
5f2b3528c6f997007ee2c1d0,ASXXSVAXXPGSLWDQTRIILKKWFDY
5f2b3528c6f997007ee2c1d2,ARXXFHLXSSXPXYGMDX
5f2b3528c6f997007ee2c1d4,ARHXIFGVXXXXYGMDV
5f2b3528c6f997007ee2c1d7,AXAFRXRGXXXXDXGPXY
5f2b3528c6f997007ee2c1d8,AREGAVITGAYLETVTTGSVDYYYGMDV
5f2b3528c6f997007ee2c1e2,ARLSGNPGTLNQAGWFDP
5f2b3528c6f997007ee2c1e6,AKXXKISGSPPRAYYGMDV
5f2b3528c6f997007ee2c1e8,ARDSSLNCHHYDFDY
5f2b3528c6f997007ee2c1e9,XXXXXXXXXXXTXXXXXXXXXXXLQMXXXXAEXXAVYYCAXXLGWXXXWDXXXGAXXXXGAFXX
5f2b3528c6f997007ee2c1ea,ARAKNVVVPAAKRYYYYYGMDV
5f2b3528c6f997007ee2c1ed,AXXXLXDGXXXYSSSSHYFQH
5f2b3528c6f997007ee2c1f0,ARXWGXXSXYNSGLDY
5f2b3528c6f997007ee2c1f2,ARDRVVVITLYYGLDV
5f2b3528c6f997007ee2c1fb,WFDP
5f2b3528c6f997007ee2c1fc,RXDYDFWSGYXTTTTTLWTS
5f2b3528c6f997007ee2c1fd,AKAXXGXXISDY
5f2b3528c6f997007ee2c1fe,XXXXXX
5f2b3528c6f997007ee2c208,GVXLLGXGXDX
5f2b3528c6f997007ee2c20b,ARERLSVLTGTLLY
5f2b3528c6f997007ee2c20e,ARXXGAVAXPREYWYFDH
5f2b3528c6f997007ee2c213,ARGXXSXXXSGWYFDY
5f2b3528c6f997007ee2c21d,AREANDFWSGYYEFYGPYGMDV
5f2b3528c6f997007ee2c228,AGVKGGVGDDYYYGMDV
5f2b3528c6f997007ee2c229,KRRSSPE
5f2b3528c6f997007ee2c22c,ARVGPXMATIILDXFXI
5f2b3528c6f997007ee2c231,ARXXXNGDXXXTX
5f2b3528c6f997007ee2c23f,ARDWAHGSSSNYGMDV
5f2b3528c6f997007ee2c242,EGRSLRFLEWLGGL
5f2b3528c6f997007ee2c245,ARXXSGXGGXDX
5f2b3528c6f997007ee2c247,AKDRSRVTVALTYGMDV
5f2b3528c6f997007ee2c248,AXXXYDSSGYFXXXY
5f2b3528c6f997007ee2c24b,ARGPVDIVVVPAATANYYGMDV
5f2b3528c6f997007ee2c24c,ARDEEYSFDY
5f2b3528c6f997007ee2c24e,ARERKGDFWSGSXGPLDY
5f2b3528c6f997007ee2c24f,ERXRDFRFXEWXXXXXXLLLRYGR
5f2b3528c6f997007ee2c252,ARVKXRXFDWPXFDAFDI
5f2b3528c6f997007ee2c253,ARXKGVVXGMDV
5f2b3528c6f997007ee2c255,XHXXSXHVQEPVLPEAXLCDRRGHGCVLLCERLSSPQAYGSRGDPFDP
5f2b3528c6f997007ee2c256,ATLTXGVVVPAASGSWDY
5f2b3528c6f997007ee2c25a,ARDLVGRLFVGSVDY
5f2b3528c6f997007ee2c26b,AREEYYYDSSAYYPYNWFDP
5f2b3528c6f997007ee2c26d,ARERYSSSWSLXXGFDY
5f2b3528c6f997007ee2c26f,ARDIARHYEILTGSYYYYYGMDV
5f2b3528c6f997007ee2c271,AXXIKSXXLSXYAFDI
5f2b3528c6f997007ee2c272,ESXXXXXXXSGXXXLRYGR
5f2b3528c6f997007ee2c276,ARGSVVVIAMNTDAFDI
5f2b3528c6f997007ee2c281,ARSXXXYGGSXXXYGFDY
5f2b3528c6f997007ee2c283,ARXXXXXXGLDY
5f2b3528c6f997007ee2c284,AAGTRPPYYYDSSGGHPPTPAEYFQH
5f2b3528c6f997007ee2c286,STALFEGNY
5f2b3528c6f997007ee2c28b,ERXXLXXX
5f2b3528c6f997007ee2c291,ARLWWWELLTGPFDI
5f2b3528c6f997007ee2c292,ARAASYCSSTSCYHYYYYYYGMDV
5f2b3528c6f997007ee2c29f,YYXXVDX
5f2b3528c6f997007ee2c2a0,LPKGGWATVRGI
5f2b3528c6f997007ee2c2a6,ARDXXDSXXYXXX
5f2b3528c6f997007ee2c2aa,ARLRVDTDDAFDI
5f2b3528c6f997007ee2c2af,AGSWDAFDI
5f2b3528c6f997007ee2c2b5,ARVNNWFGELAI
5f2b3528c6f997007ee2c2bd,ATQXXXXY
5f2b3528c6f997007ee2c2c1,ARELQTRIAASDY
5f2b3528c6f997007ee2c2c3,XSXXXXXGYNXXDX
5f2b3528c6f997007ee2c2c4,HGSATQLLAQTTTTXWTS
5f2b3528c6f997007ee2c2c9,IIPYYGMDV
5f2b3528c6f997007ee2c2cb,ARVLGGSYYWYFDL
5f2b3528c6f997007ee2c2cc,TXRXXAGTGGPFDX
5f2b3528c6f997007ee2c2cd,XAVXYXAXXXXXXXXXXXXXXXYGMDV
5f2b3528c6f997007ee2c2cf,ARDPTNFWSGYYTGDY
5f2b3528c6f997007ee2c2d1,KRRWLPLLLLLRYGR
5f2b3528c6f997007ee2c2d2,AREPGIAARXFDY
5f2b3528c6f997007ee2c2d4,GXGY
5f2b3528c6f997007ee2c2d5,AREYDFWSGQNTRDNWFDP
5f2b3528c6f997007ee2c2d7,ARDTSWEXRFDY
5f2b3528c6f997007ee2c2db,SRRDCSGGCYESLDS
5f2b3528c6f997007ee2c2dd,GRAHTSTMTVFGVVNAPDY
5f2b3528c6f997007ee2c2e3,AKKGXXXXXXXDY
5f2b3528c6f997007ee2c2e6,ARGRSSTSWSYWYYYGMDV
5f2b3528c6f997007ee2c2eb,ARDXTAIVLMVYAEGGYWFXP
5f2b3528c6f997007ee2c2ee,AKETDPLFTVAIDY
5f2b3528c6f997007ee2c2f0,ARXYXYGGYYGXYYYGMDV
5f2b3528c6f997007ee2c2f2,AKXXXXYXXXXYGXDV
5f2b3528c6f997007ee2c2f3,ARACTRIAAATTTTTVWFDV
5f2b3528c6f997007ee2c2fa,AXGXRXXXXXXYXXPAFDI
5f2b3528c6f997007ee2c2fb,ARIMLGYSSSWYLGAFDI
5f2b3528c6f997007ee2c2fd,ARTWSTSTACVAY
5f2b3528c6f997007ee2c2ff,AKDWGGCSSTSCYEDAFDI
5f2b3528c6f997007ee2c301,ARGTYDYVWGSYRE
5f2b3528c6f997007ee2c304,ARVWDIVVVPTPGGAFDI
5f2b3528c6f997007ee2c30b,ARGLDSSGYYPTDPDAFDI
5f2b3528c6f997007ee2c311,AKDQSPLYDSSGYT
5f2b3528c6f997007ee2c313,EXGGKGGGWYGL
5f2b3528c6f997007ee2c316,AXXXGXXXAGWYXDX
5f2b3528c6f997007ee2c318,SSXGTXXXXFDX
5f2b3528c6f997007ee2c319,AXXXXQXDHAMDV
5f2b3528c6f997007ee2c326,ARAQKGSNYDFWSGYLNYYYGMDV
5f2b3528c6f997007ee2c32c,ARGDXYCSSTSXYXGFGXWFDS
5f2b3528c6f997007ee2c333,ARGXSNTDWFDX
5f2b3528c6f997007ee2c33c,ARRXVGGGDY
5f2b3528c6f997007ee2c341,ARVXYDFRSGYSDYFDY
5f2b3528c6f997007ee2c344,AKLLKYWSHLVGATTWGGFDY
5f2b3528c6f997007ee2c346,ASKVSGSTYPVDYYDYGMDV
5f2b3528c6f997007ee2c34c,GPAPATCLLLLRRSGR
5f2b3528c6f997007ee2c353,DRSAAVGTQPPYCP
5f2b3528c6f997007ee2c354,ARSXXAXXGSXXDY
5f2b3528c6f997007ee2c359,XYXRY
5f2b3528c6f997007ee2c367,AHSSYTAHRPYCSSTSCYTH
5f2b3528c6f997007ee2c36a,ARCSRRTRIAVAESVSNWFDP
5f2b3528c6f997007ee2c36c,VXLTXXNMDPVXTAXYYCARIXLXXXXXXX
5f2b3528c6f997007ee2c36d,ERXXXXXXX
5f2b3528c6f997007ee2c375,ARXXXXXXKXXXXFXL
5f2b3528c6f997007ee2c37b,ARXXXLELLXDAFDI
5f2b3528c6f997007ee2c388,EXHXXXXXXEXXXSVXLLLLXXXX
5f2b3528c6f997007ee2c389,ARSWSLARDGWFDP
5f2b3528c6f997007ee2c38c,ERXXXXXXEWLRTXXXX
5f2b3528c6f997007ee2c393,AXXXXRXNWNYGTGMDV
5f2b3528c6f997007ee2c39a,ARGXRFLEWLPYYFDX
5f2b3528c6f997007ee2c39e,AKXXAXXYYYDAFDI
5f2b3528c6f997007ee2c39f,ARGSSSSEDYFDY
5f2b3528c6f997007ee2c3a0,ARDXPPMSWVSAAWFDP
5f2b3528c6f997007ee2c3a3,AXXPRWGMVRXXXGXDX
5f2b3528c6f997007ee2c3ad,AREXCSGXSYYXXFDY
5f2b3528c6f997007ee2c3b0,ARRYYYDSSASRYGMDV
5f2b3528c6f997007ee2c3b1,VRGEVAILVVPGATGGDF
5f2b3528c6f997007ee2c3b3,ARDRTVTNIPDYFDY
5f2b3528c6f997007ee2c3b7,ETPHCSSTSCHRGGL
5f2b3528c6f997007ee2c3bc,XRPYGXPDS
5f2b3528c6f997007ee2c3c0,AGENPRGGMDV
5f2b3528c6f997007ee2c3c7,ARDXXXXXRQXAAXXARSHXAFDI
5f2b3528c6f997007ee2c3cf,AKDXXXXGXGSGXFDY
5f2b3528c6f997007ee2c3d2,ARDGNDFYDSSGYPFDY
5f2b3528c6f997007ee2c3d5,ARDRLILVGFCSTRYGMDV
5f2b3528c6f997007ee2c3d7,AKVHGSGSFHMTDY
5f2b3528c6f997007ee2c3e0,AWSEKWGXSDY
5f2b3528c6f997007ee2c3e3,ERFREVPAANWLLLLRYGR
5f2b3528c6f997007ee2c3e5,ARXVRXVVFPGWLWYYGLDV
5f2b3528c6f997007ee2c3e6,VYYXXXXLPYXXXGXXXVGSWXDP
5f2b3528c6f997007ee2c3ed,ARSSTDRISGSELDAFDI
5f2b3528c6f997007ee2c3f0,WGLRPLLLCYES
5f2b3528c6f997007ee2c3f9,ARDQXXIXXXXXXXXXDV
5f2b3528c6f997007ee2c3fe,ARAGRIAARRIFDY
5f2b3528c6f997007ee2c405,EADLYQLLYPERMGNPPRHLRYGR
5f2b3528c6f997007ee2c406,XRXAXSSGXTXXXRLXGR
5f2b3528c6f997007ee2c409,ARGRELYYYGMDV
5f2b3528c6f997007ee2c40b,ARXXRXXXXXXXXXXXFDY
5f2b3528c6f997007ee2c40e,ARSSLRKVRGVXITYYYGMDV
5f2b3528c6f997007ee2c412,GGGWHILPCL
5f2b3528c6f997007ee2c413,ASGHSSTLSRYGADV
5f2b3528c6f997007ee2c428,ARDLDPPSSSMDV
5f2b3528c6f997007ee2c429,ERXXXLRFXLLXXXXYGR
5f2b3528c6f997007ee2c42a,ARDPWSGYLRYYYYGMDV
5f2b3528c6f997007ee2c42d,DV
5f2b3528c6f997007ee2c42f,ARGLGVAAPPAFDF
5f2b3528c6f997007ee2c436,AGTYXXXGYRGGGLWEFYXDY
5f2b3528c6f997007ee2c438,EXHYCGGDCRVLVLRS
5f2b3528c6f997007ee2c43a,ETLLGTRP
5f2b3528c6f997007ee2c43d,RGLEWFLLLLRYGR
5f2b3528c6f997007ee2c442,ARISXXGTAXXXDY
5f2b3528c6f997007ee2c44b,ARAYYDTSGNYYFDY
5f2b3528c6f997007ee2c44d,ARGVWGYCSSTSCPYNWFDP
5f2b3528c6f997007ee2c44e,EXXXXXXXXLLLXXXX
5f2b3528c6f997007ee2c44f,ACHSSGYYYEWDAFDI
5f2b3528c6f997007ee2c450,ARDEVTLAATNNFDY
5f2b3528c6f997007ee2c456,XXKXSLXLQMXSLXAEXXAVXYCAXXXXXGXXYSXXWYXDX
5f2b3528c6f997007ee2c457,AHWECTTASCYAFDI
5f2b3528c6f997007ee2c458,ARXASXGGXDY
5f2b3528c6f997007ee2c459,XXXXXXVRXGRXVLRX
5f2b3528c6f997007ee2c45b,AKGXXTATVVTLGRFDY
5f2b3528c6f997007ee2c463,SCFDI
5f2b3528c6f997007ee2c46b,ARDPPGGSSGYYDPLFYYYGMDV
5f2b3528c6f997007ee2c46e,ARAPYSSSWYPYYFDY
5f2b3528c6f997007ee2c470,ARDLSGXYYDGMDV
5f2b3528c6f997007ee2c473,ERSXXXXSRP
5f2b3528c6f997007ee2c475,ARDQVSYGGGGYNYGFDY
5f2b3528c6f997007ee2c483,ARPNSSSSGRDYGMDV
5f2b3528c6f997007ee2c484,AXXXXXXXSTSXXLMNXY
5f2b3528c6f997007ee2c491,AQGSGGWYYFDY
5f2b3528c6f997007ee2c497,ASASVG
5f2b3528c6f997007ee2c49e,ARQSCNPYYGMDV
5f2b3528c6f997007ee2c4a0,WYFDY
5f2b3528c6f997007ee2c4a2,ERARTLLLRYGR
5f2b3528c6f997007ee2c4a3,TQSYGSEFXWL
5f2b3528c6f997007ee2c4a7,ARGRELYYYGMDV
5f2b3528c6f997007ee2c4a8,GMDV
5f2b3528c6f997007ee2c4aa,ARLLYYYDSSGYYNDY
5f2b3528c6f997007ee2c4ab,ARXXXXAAXXXYYYGMDV
5f2b3528c6f997007ee2c4ad,ATRDVWRAGYFAP
5f2b3528c6f997007ee2c4af,ARXXSXXXNXXXXDXDY
5f2b3528c6f997007ee2c4b3,XTXXYXXXRXXXXXXXAXXAXXX
5f2b3528c6f997007ee2c4b7,ERLYQWLVHPRP
5f2b3528c6f997007ee2c4ba,ARDVGNYDFWSGSAFDI
5f2b3528c6f997007ee2c4bb,ARSGVVLVPAAQRKREYYYYGMDV
5f2b3528c6f997007ee2c4bc,ARTLRSLDSCDF
5f2b3528c6f997007ee2c4be,ARERVVVPAAIFGVDTAMVTSSPFDY
5f2b3528c6f997007ee2c4c0,ARXXEDXVAAENGIDV
5f2b3528c6f997007ee2c4c2,ERRNWGVITCRGV
5f2b3528c6f997007ee2c4c3,ERSPKSVFRL
5f2b3528c6f997007ee2c4ce,ARGFXPGYGMDV
5f2b3528c6f997007ee2c4d2,ARAGGPRRLGXYYYYYYGMDV
5f2b3528c6f997007ee2c4d5,ARHRSHAIFGVAGLLTGYYYYGMDV
5f2b3528c6f997007ee2c4d9,ARXXXXXXWXXXXXDY
5f2b3528c6f997007ee2c4e2,ARFRCSXGSXCPLDY
5f2b3528c6f997007ee2c4e7,ESRRRKVGVLRYGR
5f2b3528c6f997007ee2c4f2,ARDXPYYDXLTGYYGTIFDY
5f2b3528c6f997007ee2c4f4,ARGQRHYYGSGSSYCDH
5f2b3528c6f997007ee2c4f8,ARELTVVPAVYYYYGMDV
5f2b3528c6f997007ee2c4f9,ARRCSGCSLFDY
5f2b3528c6f997007ee2c4fa,SSVTAAXTAVYYCARVXXXRAGPFXX
5f2b3528c6f997007ee2c4fb,ARLTGIAAAGI
5f2b3528c6f997007ee2c504,TRGGYRYGEGYDAFDI
5f2b3528c6f997007ee2c505,EXXWLQXXX
5f2b3528c6f997007ee2c508,ESRWNSVPPLWXFGL
5f2b3528c6f997007ee2c509,AKDLAAMVXRTAWTNGMDV
5f2b3528c6f997007ee2c50a,AKAGGDXHXSGAGRGQXYWYXDX
5f2b3528c6f997007ee2c50c,ARVVTYYYGSGSYGPMDV
5f2b3528c6f997007ee2c50d,ARDGXYRSYGMXDV
5f2b3528c6f997007ee2c511,ARSGVVLVPAAQRKREYYYYGMDV
5f2b3528c6f997007ee2c512,EKILLRYGR
5f2b3528c6f997007ee2c513,ARDRINF
5f2b3528c6f997007ee2c516,ARXLXGXXYXXXDX
5f2b3528c6f997007ee2c517,FXXXPXXXPXFDY
5f2b3528c6f997007ee2c518,AGGPGSSWEDPVYYSYYGMDV
5f2b3528c6f997007ee2c51c,XXGXDX
5f2b3528c6f997007ee2c51f,AALPISGSNFDY
5f2b3528c6f997007ee2c521,ARGAQWFDP
5f2b3528c6f997007ee2c524,AREXLVPAXKSYGIDF
5f2b3528c6f997007ee2c525,EFPRGLGICLVLRS
5f2b3528c6f997007ee2c529,ARXXXKXVXXXAXXXXAFXI
5f2b3528c6f997007ee2c52f,DV
5f2b3528c6f997007ee2c532,ETRTGYCSSTSCYTSLLLLRYGR
5f2b3528c6f997007ee2c537,ARISIRSLDY
5f2b3528c6f997007ee2c53d,ARDLINGYGGTY
5f2b3528c6f997007ee2c540,ATWYSSGWWGSDAFDI
5f2b3528c6f997007ee2c545,ARXEIXMVVVIGFDYYYGMDV
5f2b3528c6f997007ee2c549,ESSGMGAPKLVXRS
5f2b3528c6f997007ee2c54d,ARGPXSGWYPFHD
5f2b3528c6f997007ee2c556,ARDLEDDSSGYGDY
5f2b3528c6f997007ee2c558,ARAGRLHVYYXYYYGMDV
5f2b3528c6f997007ee2c563,ASDRYGGNPWGQDAXDI
5f2b3528c6f997007ee2c564,ARGXXXXXFDX
5f2b3528c6f997007ee2c565,ARGGGAAAAKEGDYYYYYAMDV
5f2b3528c6f997007ee2c566,ARATRERTRGGSGSSFDY
5f2b3528c6f997007ee2c567,AILRDIVDPTHYYYYYYGMDV
5f2b3528c6f997007ee2c568,AKEHSGSSWYRGDAFDI
5f2b3528c6f997007ee2c56b,ARDPRYYDSPCAFDI
5f2b3528c6f997007ee2c574,ARDXGMVTALXYX
5f2b3528c6f997007ee2c577,ARRLRAAPNIYXFDY
5f2b3528c6f997007ee2c578,ARDLARCRSTSCHGAITGTTRAFDI
5f2b3528c6f997007ee2c579,ARGGSSSRERWFDP
5f2b3528c6f997007ee2c57d,ARARNNEYSSSGGRYFDL
5f2b3528c6f997007ee2c57e,ARXXXXGXXXXWXXX
5f2b3528c6f997007ee2c581,ARSEXIVVVPADVNFDY
5f2b3528c6f997007ee2c582,EKMVRGVKLRYGR
5f2b3528c6f997007ee2c589,ARPTSCDGGFCRLDY
5f2b3528c6f997007ee2c58b,AKEKNDNGGNSDGXFDY
5f2b3528c6f997007ee2c58e,ERXRXXXXXXX
5f2b3528c6f997007ee2c58f,ARGGXXXGGYFXXXHXXXDY
5f2b3528c6f997007ee2c590,ARVSSSIYGGNSEELYAFDI
5f2b3528c6f997007ee2c592,ARGLTRIGPYYFDY
5f2b3528c6f997007ee2c594,XXAXGGGXDSGSYRTFDY
5f2b3528c6f997007ee2c597,ARDLLYYGSGNPDV
5f2b3528c6f997007ee2c59a,AFHTGGGELPQPQPNFDY
5f2b3528c6f997007ee2c59f,ARDRVVPAAPRAYWYFDL
5f2b3528c6f997007ee2c5a6,ARDXRDFVGFLKQPYYFDY
5f2b3528c6f997007ee2c5a7,ARHGRVYCSGTSCYARARLFDL
5f2b3528c6f997007ee2c5ab,ARDVKASSVWGGYCDY
5f2b3528c6f997007ee2c5ac,ARSVGLTVTQFDY
5f2b3528c6f997007ee2c5b1,ARXXXXSGXXGAFDI
5f2b3528c6f997007ee2c5b5,ARDXAXVPGVTKVXLDY
5f2b3528c6f997007ee2c5b7,AREKTXSGYYRKGYFQH
5f2b3528c6f997007ee2c5b9,AREAKYYYDSSGYRKPYYYYGMDV
5f2b3528c6f997007ee2c5ba,AXGYCXDGGCYXDAFDF
5f2b3528c6f997007ee2c5bc,ARGTGTTRVXYYDYGMDV
5f2b3528c6f997007ee2c5bf,ARQEGRPGAFDI
5f2b3528c6f997007ee2c5c0,AXXXXXXXXCXXGXDX
5f2b3528c6f997007ee2c5c2,AREYYYDSSGYYYGY
5f2b3528c6f997007ee2c5c8,AKDLTPDSSGYYYDY
5f2b3528c6f997007ee2c5c9,LDV
5f2b3528c6f997007ee2c5ca,XRRXXQXXSPYYXXGMDV
5f2b3528c6f997007ee2c5cb,TRXXXXQXXLAD
5f2b3528c6f997007ee2c5cc,AXXXXXXXXDXXXXXFYXXXXV
5f2b3528c6f997007ee2c5cd,AKAPLVVVAAALDY
5f2b3528c6f997007ee2c5d0,ARDYYHGSGYPLFDY
5f2b3528c6f997007ee2c5d1,ETXSXGXXXTLXL
5f2b3528c6f997007ee2c5d7,SXEDXP
5f2b3528c6f997007ee2c5d8,ARXXGGSXSXXXGGXDX
5f2b3528c6f997007ee2c5da,TRHXSEAVXPTVEWLYPLGYYGMDV
5f2b3528c6f997007ee2c5db,AKGLPSRYFDS
5f2b3528c6f997007ee2c5e1,GXXXSDX
5f2b3528c6f997007ee2c5e5,ARDLNYDDRSGYFFDY
5f2b3528c6f997007ee2c5ee,ARDGVSDDRAGVGGMDV
5f2b3528c6f997007ee2c602,EDSGSXXXLXXXXXXS
5f2b3528c6f997007ee2c604,ARSEKTGWYYYDSSGYPRGAFDI
5f2b3528c6f997007ee2c605,ARXXXAXYSXXGXXXXXTXXFDY
5f2b3528c6f997007ee2c60b,AREFDPRVQRSFLYGMDV
5f2b3528c6f997007ee2c60d,TRGPWNYDERSGSHALFGY
5f2b3528c6f997007ee2c60e,ARHAGGYHDYFDP
5f2b3528c6f997007ee2c611,ARGVXVNGSGTTDALDD
5f2b3528c6f997007ee2c613,AXXXXXGXXXXXXDY
5f2b3528c6f997007ee2c614,XRTXAXXVPDADGFDV
5f2b3528c6f997007ee2c61a,AKDWSPYGDYLSLYYGMDV
5f2b3528c6f997007ee2c624,ASAPGVVRGRGVPGYGMDV
5f2b3528c6f997007ee2c628,AKDRGSAAAPEYYGMDV
5f2b3528c6f997007ee2c629,HTVCXAAAGTXT
5f2b3528c6f997007ee2c62a,ARRYSSIRGWYGXDP
5f2b3528c6f997007ee2c62d,DV
5f2b3528c6f997007ee2c633,GSGSGNQILLLRYGR
5f2b3528c6f997007ee2c637,AKDRDDSSGYLPGGDFQH
5f2b3528c6f997007ee2c639,ERXVXXVXXRXLVRP
5f2b3528c6f997007ee2c63a,AKGRATTGTSYYYYGMDV
5f2b3528c6f997007ee2c63b,XREGXXXXXDX
5f2b3528c6f997007ee2c63c,ARXDLGGGXYXXXXXLDX
5f2b3528c6f997007ee2c63e,TRDLSPVARPQFYYFYAMDV
5f2b3528c6f997007ee2c643,ARGLGGTHIVLMVCATPNWFDS
5f2b3528c6f997007ee2c646,ERWSNSSGWYPWL
5f2b3528c6f997007ee2c64a,VRGYTTHDF
5f2b3528c6f997007ee2c64e,ARVXXYXVXYYYYGMDV
5f2b3528c6f997007ee2c64f,ARDVVPAAITYYYYGMDV
5f2b3528c6f997007ee2c650,ARYPAGEEYYFDY
5f2b3528c6f997007ee2c652,ARGREIXVVTAAKGDDYYYGMDV
5f2b3528c6f997007ee2c654,VRDRTAVAGVGIDY
5f2b3528c6f997007ee2c65d,ARGLGSXDLYYYYYGMDV
5f2b3528c6f997007ee2c65e,AREGDPRTTSYYYYYSGMDV
5f2b3528c6f997007ee2c664,ARXVRGVVDY
5f2b3528c6f997007ee2c668,ARGPARERSXXYYXLDV
5f2b3528c6f997007ee2c669,ASVRXVPAAMPXPDYYYYGMDV
5f2b3528c6f997007ee2c66e,AREYGSGRYYSVLCSFDY
5f2b3528c6f997007ee2c66f,REXXXXGXXXXXXXXIQGGXVWTS
5f2b3528c6f997007ee2c671,ASGWGATLDAFDI
5f2b3528c6f997007ee2c68f,ARDLDPS
5f2b3528c6f997007ee2c691,ETSFSKFPSCWGL
5f2b3528c6f997007ee2c69c,ARXGYXXXXGSXXKDWFDX
5f2b3528c6f997007ee2c69e,ARDCRXXXXXLGTGIDA
5f2b3528c6f997007ee2c69f,YGMDV
5f2b3528c6f997007ee2c6a0,ARDHITGTTAQSFDY
5f2b3528c6f997007ee2c6a7,AXXXXEXAAAAXXXFDX
5f2b3528c6f997007ee2c6a9,ARADLLYGSGSSQTGFSHLLGGRHGLDV
5f2b3528c6f997007ee2c6ab,AKGXXTWIQLXXXIDX
5f2b3528c6f997007ee2c6ad,ESLGPERGSEPRAGEIDLLLQRRYGR
5f2b3528c6f997007ee2c6b2,AVRSGRGPVVRDTGDCCMGGGGLRSGGKVVDYWAGGSGRGPGVKDY
5f2b3528c6f997007ee2c6b4,ARDXITIFGVGGHCYYYGMDV
5f2b3528c6f997007ee2c6be,ARGAAXTXX
5f2b3528c6f997007ee2c6c2,ARHYSALDH
5f2b3528c6f997007ee2c6c7,GXDCSSTSCYKRPRILRYGR
5f2b3528c6f997007ee2c6d4,AREXVATGXXAXDF
5f2b3528c6f997007ee2c6d5,AXRTTVTTV
5f2b3528c6f997007ee2c6d7,ARDSPGGGGYGGSSYYGMDV
5f2b3528c6f997007ee2c6da,ARXXXXXXVYXDX
5f2b3528c6f997007ee2c6db,ARALVWGGSYYPDAFDI
5f2b3528c6f997007ee2c6dc,AGGSSSYSYAFDI
5f2b3528c6f997007ee2c6e1,ERKIPDPWLLLLRELRX
5f2b3528c6f997007ee2c6e7,ARDXRGDDFWSGFDY
5f2b3528c6f997007ee2c6ec,ARAGGGSYFHFDY
5f2b3528c6f997007ee2c6ef,AKDRAVPVTRSSYYYYGMDV
5f2b3528c6f997007ee2c6f1,ARGEEHGSGFDH
5f2b3528c6f997007ee2c6f3,ARGLDFDTYDYDSSGLKARTYYYYYGMDV
5f2b3528c6f997007ee2c6f7,AXTXVYYCARXXVXXPXXIVXYYYYGMDV
5f2b3528c6f997007ee2c6f9,ARVRGSXTXXDAFDI
5f2b3528c6f997007ee2c6fa,VRGEVAILVVPGATGGDF
5f2b3528c6f997007ee2c6fb,ARVNYSNYPFGMDV
5f2b3528c6f997007ee2c6fd,ARADDSSGWPFDP
5f2b3528c6f997007ee2c700,ARRVNGVGAPYYFDS
5f2b3528c6f997007ee2c705,ARXXGYDXXSGYYXLYCIDX
5f2b3528c6f997007ee2c707,G
5f2b3528c6f997007ee2c70b,ARVXVDYYYGMDV
5f2b3528c6f997007ee2c70c,ARDPGQLDLDY
5f2b3528c6f997007ee2c70d,ARDYGIWSGYSGIDV
5f2b3528c6f997007ee2c710,ETVRFLLLLLRYGR
5f2b3528c6f997007ee2c715,ARLXRSGVIXGWLVRDTVSYYFDY
5f2b3528c6f997007ee2c720,ARYSAYYYDSSDKRTGGYYFDY
5f2b3528c6f997007ee2c721,AXXXXXXXXXXXWXQGTLXXXXXXXXXXXXXGXXXXXXXXXXSXAYMELXXLRSDDTXVYYCAXXXXXXDXFXX
5f2b3528c6f997007ee2c722,ARDXXEYXYSAFDY
5f2b3528c6f997007ee2c723,ARDPHPVPAAHFPLYYYYYGMDV
5f2b3528c6f997007ee2c729,ARLEFSISAVTGSCDY
5f2b3528c6f997007ee2c72a,ARGXXXXXXXXDY
5f2b3528c6f997007ee2c732,ARGXXXXGAPXXAFDF
5f2b3528c6f997007ee2c735,ARHRHYYDSSGYSSVWFDP
5f2b3528c6f997007ee2c73b,AIGQSGYLDY
5f2b3528c6f997007ee2c73f,AKGFWAVAGGNAFDI
5f2b3528c6f997007ee2c74c,ARGGYCGSAYYFDY
5f2b3528c6f997007ee2c750,AAXXTXXVTXYYYYXXDV
5f2b3528c6f997007ee2c751,ERSSGGYYDSGELGL
5f2b3528c6f997007ee2c752,AXXXXGXXXXRXXXXXXWNGXAFDXWGXGTXXXXXXXXXXXXYCXXXXXGXXXXXGXXXXXXXGXXXDX
5f2b3528c6f997007ee2c772,ARRYSSVSNGFDP
5f2b3528c6f997007ee2c778,ARXXXXGXVVVXAAXRXGIDV
5f2b3528c6f997007ee2c784,ARQYRAAAGNPETWFDP
5f2b3528c6f997007ee2c78a,ARLLLGGVFDI
5f2b3528c6f997007ee2c78c,ESFWSGYYINSYGLGYGR
5f2b3528c6f997007ee2c78e,ARGRGQNIVVVPAAIGAFDI
5f2b3528c6f997007ee2c78f,AKDLGTRYDSSGYWDY
5f2b3528c6f997007ee2c798,ARHLGGELSSGWYAFDF
5f2b3528c6f997007ee2c79b,ARGXGXDSSXXY
5f2b3528c6f997007ee2c79e,ARDRXWTHYGDAXDI
5f2b3528c6f997007ee2c7a1,ARGPLRVFSAYYYGMDD
5f2b3528c6f997007ee2c7a4,TTEWGRMGPTF
5f2b3528c6f997007ee2c7a6,ARASSSSWYGAVNYYYYGMDV
5f2b3528c6f997007ee2c7a8,XXLLCEXXXXXMXPXXXMXGXSHDAFDI
5f2b3528c6f997007ee2c7a9,ARVNVVVPAAMXTYGILDV
5f2b3528c6f997007ee2c7ab,ARDIQGRXWGCFAH
5f2b3528c6f997007ee2c7b1,DY
5f2b3528c6f997007ee2c7b6,ARXLMAGXVVVPTGDY
5f2b3528c6f997007ee2c7ba,EKKSCITIFGVVYSKLVLRS
5f2b3528c6f997007ee2c7c7,ASDXSGXGXXXDY
5f2b3528c6f997007ee2c7c9,ASEDPXRGDYFDY
5f2b3528c6f997007ee2c7d1,ARQWLDSYYYYGMDV
5f2b3528c6f997007ee2c7d2,TTEWGRMGPTF
5f2b3528c6f997007ee2c7d3,AXXPXXXXVIXXAXDY
5f2b3528c6f997007ee2c7db,ARDEGGEDDPYCSSTSCVNWFDP
5f2b3528c6f997007ee2c7dd,ARRDTQPGYGMDV
5f2b3528c6f997007ee2c7df,ARVGIAAGFDY
5f2b3528c6f997007ee2c7e1,XXNXXXLXXXXXXXXDTAXYYCAXXXXXLVYYYGMDV
5f2b3528c6f997007ee2c7e9,ALVQSVAPXXELAKXTYXYNDGMDV
5f2b3528c6f997007ee2c7ea,ARDAPLAVWSSYLTQPSHAEYYYGMDV
5f2b3528c6f997007ee2c7ec,ARDNEWGDYYGSGSYVDY
5f2b3528c6f997007ee2c7f1,KSSSMVRGGGVLRS
5f2b3528c6f997007ee2c7f3,EREXXLXXXXXXLRIXLXLRYGR
5f2b3528c6f997007ee2c7f8,AXXXLGXXXXGXAXXI
5f2b3528c6f997007ee2c804,AAGNFDFWTWWY
5f2b3528c6f997007ee2c806,XGRXVXXLDTSVSTXYLQISSLKAEDTAVYYCARXXNEGXXXXXPLFXYE
5f2b3528c6f997007ee2c80a,AREXITVGPGDCXDX
5f2b3528c6f997007ee2c812,AREREGGADAFDI
5f2b3528c6f997007ee2c814,ARDRGQQLGGRGWFDP
5f2b3528c6f997007ee2c818,EXYXQLVRVVRP
5f2b3528c6f997007ee2c81b,AXGXVXAAMXYYYYYGMDV
5f2b3528c6f997007ee2c81c,ARGAVIRAGLHYYYYGMDV
5f2b3528c6f997007ee2c820,ARGTPTVVQPXDY
5f2b3528c6f997007ee2c826,ARGTPTPTDIVVAPDDSYYFDY
5f2b3528c6f997007ee2c832,GXXXXKVXXXXXXLXRXIYYFDY
5f2b3528c6f997007ee2c836,ARHEAVAGAH
5f2b3528c6f997007ee2c83e,XXRGSXYYDRGXCXXY
5f2b3528c6f997007ee2c841,ARDPREGEMATIT
5f2b3528c6f997007ee2c844,XTXXPYTYYYDSSGYYD
5f2b3528c6f997007ee2c845,AKDCRLGGAFDI
5f2b3528c6f997007ee2c847,EXXXXWWLLXGGXXLLLRYGR
5f2b3528c6f997007ee2c84c,V
5f2b3528c6f997007ee2c84e,AKDYPDY
5f2b3528c6f997007ee2c84f,AXXXXXXXVXXXXXXAXXY
5f2b3528c6f997007ee2c851,AREGFYCSSTSCQSGGWFDP
5f2b3528c6f997007ee2c854,ARGRDGYQECFDY
5f2b3528c6f997007ee2c860,YXXLRYGL
5f2b3528c6f997007ee2c861,VXGYTTHDF
5f2b3528c6f997007ee2c863,ARXXGXYXXXGXXDY
5f2b3528c6f997007ee2c869,AWHAFHDYGVIDY
5f2b3528c6f997007ee2c86a,ARXXXXYDXWSGSXXXXXDX
5f2b3528c6f997007ee2c86b,ARVYGKDYYSYGMDV
5f2b3528c6f997007ee2c86c,ARXYDIYXWLXYRXPDY
5f2b3528c6f997007ee2c86d,AKVGGEWELLDY
5f2b3528c6f997007ee2c873,ARHTSVSAYDFWSGFSSPQYFDY
5f2b3528c6f997007ee2c874,AASSTHDY
5f2b3528c6f997007ee2c875,ARGKDIVVVPAANXGVXNXCFDI
5f2b3528c6f997007ee2c87b,XXXXMXXXXXXSDXTAVYXXXXLGGGVVITKFSDAFDI
5f2b3528c6f997007ee2c87d,ERXXLVPXAVVATILLFGL
5f2b3528c6f997007ee2c885,ARVSGXRSXATTNELDY
5f2b3528c6f997007ee2c887,AXXIEXXMXGXMDX
5f2b3528c6f997007ee2c88a,ARDLDSSAFDY
5f2b3528c6f997007ee2c88f,ARRVTYASEFDP
5f2b3528c6f997007ee2c892,ARDLQCNGTSWFPVDY
5f2b3528c6f997007ee2c89a,ARDSGYYYGNTLDV
5f2b3528c6f997007ee2c8a0,ARSPYDFWSGYHHQYFDY
5f2b3528c6f997007ee2c8a2,ARDSTNMVRGTRHNWFDP
5f2b3528c6f997007ee2c8a4,REGSAYGSGSYYIQKVSMTT
5f2b3528c6f997007ee2c8a6,ARDTGVAGRGGGTVDY
5f2b3528c6f997007ee2c8a9,AREXWXRSGXNXXXXXYYYYGMDV
5f2b3528c6f997007ee2c8b5,XXXXXXXYXXARXXXQXWXPXXXYGMDV
5f2b3528c6f997007ee2c8b9,AXSKTNYDXWVDY
5f2b3528c6f997007ee2c8bf,ARDXXCSXXSCXYYYGMDV
5f2b3528c6f997007ee2c8c5,XRGTXY
5f2b3528c6f997007ee2c8c7,ARDFRARLRTVYKPRDQYQLQTGGAFDI
5f2b3528c6f997007ee2c8d4,ARDTPTIVVVAAVMAPKPDAFDN
5f2b3528c6f997007ee2c8d6,AKCSSRLYTGAFDP
5f2b3528c6f997007ee2c8d7,AKDSAPMDDSSGYPDY
5f2b3528c6f997007ee2c8da,ARQATRGPDYGGKPTFDY
5f2b3528c6f997007ee2c8de,ARGXRLXEFGGVXXXLDY
5f2b3528c6f997007ee2c8df,AREAGPSGGTNFCCYFDY
5f2b3528c6f997007ee2c8e2,ARXXXXGXXXXXXDX
5f2b3528c6f997007ee2c8e9,ARIISLAAYDY
5f2b3528c6f997007ee2c8f3,ARGVDGYGYYGXYNWFDY
5f2b3528c6f997007ee2c8f4,AREPQGTYDFWSGYRPSTTRYYGMDV
5f2b3528c6f997007ee2c8f6,AKGYDSSGYYQHVVGVYFDY
5f2b3528c6f997007ee2c8fa,AKDFWSLGYDFWRGGLDAFDI
5f2b3528c6f997007ee2c901,ARQGYSGYGXLTDAFDI
5f2b3528c6f997007ee2c903,EKWGCPSTRCAKKEGVLLLRYGR
5f2b3528c6f997007ee2c905,ERXXXXXLEWXXXX
5f2b3528c6f997007ee2c908,ERAGTNCSRSQL
5f2b3528c6f997007ee2c90e,EVSCGSSCP
5f2b3528c6f997007ee2c914,EXXXXXXLXRX
5f2b3528c6f997007ee2c917,ARXXXTXYXYYXMDX
5f2b3528c6f997007ee2c919,ARTGVVRXCDGLDINPRDY
5f2b3528c6f997007ee2c921,XXXHGRVXLXXXXXXXXXXXXXXXXXXSY
5f2b3528c6f997007ee2c925,ARDQXXTRLXXFDY
5f2b3528c6f997007ee2c928,EKSGLWCMLRL
5f2b3528c6f997007ee2c92a,EXGXTXXXLVXXXALXXL
5f2b3528c6f997007ee2c92c,ARHYSALDH
5f2b3528c6f997007ee2c92f,AXEATGRELPDDYYDGMDV
5f2b3528c6f997007ee2c937,AXXXRGAXYYYYGMDV
5f2b3528c6f997007ee2c93c,ERXPMGXXXXRL
5f2b3528c6f997007ee2c93e,ARXXTSGL
5f2b3528c6f997007ee2c941,XXXXXXXDGYXXXXDX
5f2b3528c6f997007ee2c946,VSHNHSYFFDS
5f2b3528c6f997007ee2c947,RGPQITMIVVVITXWTT
5f2b3528c6f997007ee2c94a,AKXSLADGYXD
5f2b3528c6f997007ee2c94b,ARVXXXXSGXXLAGXFXX
5f2b3528c6f997007ee2c951,ARGTPTPTDIVVAPDDSYYFDY
5f2b3528c6f997007ee2c953,ASLNFCSGDICLGREN
5f2b3528c6f997007ee2c95f,HXXXXXXXXXX
5f2b3528c6f997007ee2c961,AKVPESHRSLGTAPGQWLNYYYGFDV
5f2b3528c6f997007ee2c964,XXXRXXXAXDTXVYYCAXXEGAXXVGYXXXPXDY
5f2b3528c6f997007ee2c967,ARGXXTTMIVVVISTPFDY
5f2b3528c6f997007ee2c968,ARDHTAMVAIDY
5f2b3528c6f997007ee2c976,ARSCCLYYYYGMDV
5f2b3528c6f997007ee2c978,ATGPQQWELSPPIVH
5f2b3528c6f997007ee2c97e,ARAGVMTTGAFDI
5f2b3528c6f997007ee2c97f,ARSHYNYDY
5f2b3528c6f997007ee2c982,PAXXXWFXX
5f2b3528c6f997007ee2c988,ARXXXXGVYAIPKYYYYGMDV
5f2b3528c6f997007ee2c992,ATSGTPRFEGGY
5f2b3528c6f997007ee2c993,TS
5f2b3528c6f997007ee2c999,ARDXXSSCEAVDY
5f2b3528c6f997007ee2c99b,KXHLSLRMTSVTVADTATYYCARHYSALDH
5f2b3528c6f997007ee2c99f,ARXXGIMVLGXVXYWFDH
5f2b3528c6f997007ee2c9a1,ARHDIKXSFSEFSPPQTHDS
5f2b3528c6f997007ee2c9a4,ADTAVXYCARRGYAASWYDATFDA
5f2b3528c6f997007ee2c9a5,VRGEVAILVVPGATGGDF
5f2b3528c6f997007ee2c9a8,ARXXGXXCXSTSCXXXXXDX
5f2b3528c6f997007ee2c9aa,ARXVXAAAXXXWXXXX
5f2b3528c6f997007ee2c9ae,ARDVSGVPASN
5f2b3528c6f997007ee2c9b1,AXXYXHSXXGHYYYGXXX
5f2b3528c6f997007ee2c9b4,GPAPATCLLLLRRSGR
5f2b3528c6f997007ee2c9bf,AKEISVGATFPFDY
5f2b3528c6f997007ee2c9c1,ARDXXXXXWGRRTLYFDY
5f2b3528c6f997007ee2c9c3,ESGSKGFRYCSSTSCQVEWELLWL
5f2b3528c6f997007ee2c9c4,ARDRVVVVAAELTFYYAFDI
5f2b3528c6f997007ee2c9c8,AKXXRXSVGXAGTFDY
5f2b3528c6f997007ee2c9c9,ARDPGXXXXFDY
5f2b3528c6f997007ee2c9cd,ARQXXRXXSXSSYXYFDX
5f2b3528c6f997007ee2c9cf,AKDAMWVVAATGYYAMDV
5f2b3528c6f997007ee2c9d0,ETLLGTRP
5f2b3528c6f997007ee2c9d1,ARGEKYCASTSCYKRGYYFDY
5f2b3528c6f997007ee2c9d5,ASRMNYDEKEDDAFDM
5f2b3528c6f997007ee2c9dd,ARGRRYTAMGTYWYFDL
5f2b3528c6f997007ee2c9e4,AKEGGGCSSTSCYLADLPWGGWFDP
5f2b3528c6f997007ee2c9e9,AXXXGGXVVXAXXXNXXXX
5f2b3528c6f997007ee2c9ed,ARDHGTSGTTRQIDY
5f2b3528c6f997007ee2c9f6,ARGAGFYYDGGGASSCGFDY
5f2b3528c6f997007ee2ca0b,ARDFPHIYASSPQDAFDI
5f2b3528c6f997007ee2ca0d,XXXXYXXXXXXXXXXXXXXYCXXXPXXXXYXFWXGXXXYYYYYGMDV
5f2b3528c6f997007ee2ca16,WFGXXYFDY
5f2b3528c6f997007ee2ca18,ARDAIHCSSTSC
5f2b3528c6f997007ee2ca19,VREGYGDSTYWFDP
5f2b3528c6f997007ee2ca1e,ARHGLCFCRSCSGDCYYYGIDY
5f2b3528c6f997007ee2ca21,ARXXXXXXXXXXXXXXAFDI
5f2b3528c6f997007ee2ca22,AREKXEXNYYYYGXXDXDV
5f2b3528c6f997007ee2ca25,ARAVGATTRAYXFDX
5f2b3528c6f997007ee2ca28,ATSGTPFEY
5f2b3528c6f997007ee2ca2b,ARDXLYCXXDX
5f2b3528c6f997007ee2ca2e,EXXSXPLLWFXELVRP
5f2b3528c6f997007ee2ca31,ARGGGYYGMDV
5f2b3528c6f997007ee2ca35,XXVXYXARXXXXWXXXXXXDY
5f2b3528c6f997007ee2ca3b,ARXGXYYXXXXYXXXFXFXY
5f2b3528c6f997007ee2ca45,AREXXVATVRGYXGFDY
5f2b3528c6f997007ee2ca48,ARGXMAVAATLAFDX
5f2b3528c6f997007ee2ca4f,ARGGVFGVVPAAKYYYYYGMDV
5f2b3528c6f997007ee2ca50,ARADLAFRGXLLRLPIDY
5f2b3528c6f997007ee2ca53,ARDRWFWRXHYYYYGMDV
5f2b3528c6f997007ee2ca54,AKXXXXXGSYXX
5f2b3528c6f997007ee2ca5a,ARDTPSSSTSCYLCYYYGMDV
5f2b3528c6f997007ee2ca5b,AXXXGXGXTREPDPPYYYYGMDV
5f2b3528c6f997007ee2ca5f,TRGRTAGVGL
5f2b3528c6f997007ee2ca62,ARXXXXXXVVPGXVGFDP
5f2b3528c6f997007ee2ca64,AKATVGELRSQTPYGMDV
5f2b3528c6f997007ee2ca6d,ARFNTYSSSTSCYWXVAFDI
5f2b3528c6f997007ee2ca72,TPDHDAFDI
5f2b3528c6f997007ee2ca76,ERLLPPGTYR
5f2b3528c6f997007ee2ca79,GRWRALHGRRFLEWLFPARL
5f2b3528c6f997007ee2ca7a,ARXGFGTFDX
5f2b3528c6f997007ee2ca7d,AKERYDGPRTLDY
5f2b3528c6f997007ee2ca7e,ATSGTPFEY
5f2b3528c6f997007ee2ca82,ARVYSSYYXFDX
5f2b3528c6f997007ee2ca88,AIIPDPRLAVAEGNDAFDI
5f2b3528c6f997007ee2ca8e,ARVRXTVVVXXXXYAFDI
5f2b3528c6f997007ee2ca8f,ARLVRFCSGGSCXSYYFDYGMDV
5f2b3528c6f997007ee2ca94,EXSTDXSGXGXXXXLXXRX
5f2b3528c6f997007ee2ca95,ARVRGXXSSRWXXLRYFDV
5f2b3528c6f997007ee2ca97,ARXGKQEAVAGTNQAWFDX
5f2b3528c6f997007ee2ca99,REXAXXXPSSXXVWTS
5f2b3528c6f997007ee2ca9e,ARILWFGDPVKDGNWFDP
5f2b3528c6f997007ee2caa1,ARVFVYXXVXXXXXXVXXXXXVFVXSSSWYLGPLVNDAFDI
5f2b3528c6f997007ee2caa6,ARSYDWRLYGMDV
5f2b3528c6f997007ee2caac,ARXWDQLXXYYYGXDX
5f2b3528c6f997007ee2caae,ARGGEIAVAGHYYYGMDD
5f2b3528c6f997007ee2cab4,SWYAQRGQRGLFRLPDPYFDY
5f2b3528c6f997007ee2cab6,AXVRXXXDXXXXSRSXDX
5f2b3528c6f997007ee2cab7,ARGESDGWYTYGMDV
5f2b3528c6f997007ee2cab8,ARYHDSSGYLDQDY
5f2b3528c6f997007ee2cab9,AKXRXGXXXDY
5f2b3528c6f997007ee2caba,ARXYXMGXSNXXXDX
5f2b3528c6f997007ee2cac2,ERXXXLXWLXPXXVRP
5f2b3528c6f997007ee2cacb,ARRGGYHLDI
5f2b3528c6f997007ee2cacc,TRDRNYDSWSAYSRHEAFDI
5f2b3528c6f997007ee2cad0,ARGLSSSWFDY
5f2b3528c6f997007ee2cad4,AREGFIYHTGMDV
5f2b3528c6f997007ee2cad8,XXXXXXXXXXXXXXAXXYXXRXXXXXXXXXAAXXXXXXXXXXXYYYXMDV
5f2b3528c6f997007ee2cadc,ASLFPGY
5f2b3528c6f997007ee2cae0,ARADSGGINEYYYDSSGYYAPDL
5f2b3528c6f997007ee2cae2,ARLLVDWYFDL
5f2b3528c6f997007ee2cae4,KXQXXXKXXXXXAADXAXYYCXRXTGIAAAGXGXX
5f2b3528c6f997007ee2cae8,ESXQXXVXGXX
5f2b3528c6f997007ee2cae9,ARGGDHRDRAQYRRGGLDY
5f2b3528c6f997007ee2caeb,YYGMDV
5f2b3528c6f997007ee2caed,EXXXPXVRLRYGR
5f2b3528c6f997007ee2caf0,AKAGAIAADPFDY
5f2b3528c6f997007ee2caf2,ARXXGXKXVVXTTXVDY
5f2b3528c6f997007ee2caf4,EFYSGSCPTK
5f2b3528c6f997007ee2caf5,ARGXXXXXXDY
5f2b3528c6f997007ee2caf9,ARXPGXXAATXPXDY
5f2b3528c6f997007ee2caff,EXRLRXXXXXRLVXX
5f2b3528c6f997007ee2cb01,ARDXXXYYDRXSXXRXXXXXFDY
5f2b3528c6f997007ee2cb03,ARRDNWNDVLNI
5f2b3528c6f997007ee2cb06,ARXXXXVLGGFDY
5f2b3528c6f997007ee2cb08,AIDLGYPYGMLDYGSGSYYTMGGY
5f2b3528c6f997007ee2cb13,ARVRWVARDAFDI
5f2b3528c6f997007ee2cb16,RVIAVAGTPLTT
5f2b3528c6f997007ee2cb18,ARGXXXXXMFDAFDY
5f2b3528c6f997007ee2cb1a,AXRRXXXXRXPXDX
5f2b3528c6f997007ee2cb21,ARDGGSGWSYFQH
5f2b3528c6f997007ee2cb23,ARAGVYNWNDRGGFDY
5f2b3528c6f997007ee2cb28,ARDXXAAXDXYCYGLDF
5f2b3528c6f997007ee2cb34,ENRTRGYSYGPNGRYGR
5f2b3528c6f997007ee2cb35,VGYCSSWLAGLVRP
5f2b3528c6f997007ee2cb38,AREEGXXXYXXDY
5f2b3528c6f997007ee2cb39,AKARPAMIVVVTVFDY
5f2b3528c6f997007ee2cb3b,ARGIVVITQTNGFDI
5f2b3528c6f997007ee2cb3e,CYWSDY
5f2b3528c6f997007ee2cb3f,ARQGPQSYDYSKYRGGLLANNYGMDV
5f2b3528c6f997007ee2cb44,ARDRDFWSGLGKYYFDY
5f2b3528c6f997007ee2cb48,XXRGHGCXLLCESXXHXTXSXXXVYYYXXXDX
5f2b3528c6f997007ee2cb4a,ARSSGWYRAFDI
5f2b3528c6f997007ee2cb54,XGXDY
5f2b3528c6f997007ee2cb56,ARVCLHCGGDDKGFDY
5f2b3528c6f997007ee2cb58,ARHYSALDH
5f2b3528c6f997007ee2cb5b,AKHGASRYFDL
5f2b3528c6f997007ee2cb5d,ARGGFLGPITMVRGVINAFDY
5f2b3528c6f997007ee2cb69,ARVWALGPCSGSFDY
5f2b3528c6f997007ee2cb6a,ARHSHYYDSSGYYVPMALDV
5f2b3528c6f997007ee2cb6b,VKGEGYINLGFDR
5f2b3528c6f997007ee2cb6c,ARRGGEQDAFDI
5f2b3528c6f997007ee2cb6e,ATVTKYYYYYGMDV
5f2b3528c6f997007ee2cb79,ERXQVLRFLEWLFRSLLRYGR
5f2b3528c6f997007ee2cb7b,ARXXRGNRYCSSTSCSTTLYYXYYYGMDV
5f2b3528c6f997007ee2cb7d,VXAAXTXXYYCARGGHDYDNWFDP
5f2b3528c6f997007ee2cb7e,ARRXXGXCXVXLNY
5f2b3528c6f997007ee2cb85,ARQFYHDTSRSSSYWYFDL
5f2b3528c6f997007ee2cb8a,XXXXDXXXXYCSXTXCYXXYYGMDV
5f2b3528c6f997007ee2cb8b,ARDXXCXXXVCYXMDX
5f2b3528c6f997007ee2cb95,ARDRRPFWDGSGYYYYGLDV
5f2b3528c6f997007ee2cb97,ARGRXXYXGYXDY
5f2b3528c6f997007ee2cb98,TSPYCSSTSCYLDGYYYGMDV
5f2b3528c6f997007ee2cb9d,LPYXXVXXLGXXSGGXCXGGXRNWXDX
5f2b3528c6f997007ee2cbac,ARDXXPXGGSSGCLDY
5f2b3528c6f997007ee2cbb4,AXXXXRXXXXXXTYXXFXX
5f2b3528c6f997007ee2cbbf,ARQGWGSSSLDY
5f2b3528c6f997007ee2cbcb,ARDGXSXXXXXLDY
5f2b3528c6f997007ee2cbcf,NPEVYGEL
5f2b3528c6f997007ee2cbd5,ARVGLSGEYQLLYSLWEYYYFDY
5f2b3528c6f997007ee2cbd9,ARQKFRYIIGRSFFDY
5f2b3528c6f997007ee2cbdc,ARVTKIVVTISPDAFDI
5f2b3528c6f997007ee2cbe0,RGGSLAADDKWFDP
5f2b3528c6f997007ee2cbe1,TSYGMDD
5f2b3528c6f997007ee2cbe2,ASETRGYSSSWYGGRPFDY
5f2b3528c6f997007ee2cbe3,AKRGXYXXLXGAFDI
5f2b3528c6f997007ee2cbeb,AXXAVYYXAXXXXXRXIXXXXSGXXEGVRWXDX
5f2b3528c6f997007ee2cbee,XDX
5f2b3528c6f997007ee2cbfa,ARDLLKGPRGVSWSGYLS
5f2b3528c6f997007ee2cbfe,ESQLVCWQL
5f2b3528c6f997007ee2cbff,AKGQSDFGVLTSYGMDV
5f2b3528c6f997007ee2cc01,XXXAXGXXXXXXXXXXXXWXXX
5f2b3528c6f997007ee2cc02,ARDSGYXEVDX
5f2b3528c6f997007ee2cc03,GRANYDSSGYYLDY
5f2b3528c6f997007ee2cc06,ARDXXXGXAVXAATRXXYGMDV
5f2b3528c6f997007ee2cc07,ARRKTGGYDYGMDV
5f2b3528c6f997007ee2cc0e,ERFXXGXXYGSIL
5f2b3528c6f997007ee2cc0f,AXXXXXYGSXCXYGFDX
5f2b3528c6f997007ee2cc13,ARXSRXXGQXYXGYYGIDV
5f2b3528c6f997007ee2cc22,ARXXXXXXXVGDXXXXDX
5f2b3528c6f997007ee2cc2c,ARXIVXLRLLEWLPSGLGWFDP
5f2b3528c6f997007ee2cc2e,SRVQNVDIVAPDRGYCGGDCYPPCVDY
5f2b3528c6f997007ee2cc37,TTGGDTRGIFGVVRCYYFDY
5f2b3528c6f997007ee2cc3e,AREGGTYDSSGYLDY
5f2b3528c6f997007ee2cc3f,ATGPQQWELSPPIVH
5f2b3528c6f997007ee2cc40,ASFDYYDSSGYSTLGAFDI
5f2b3528c6f997007ee2cc41,AGDFGVVPSLFDY
5f2b3528c6f997007ee2cc42,ARPMTTRVNYYGMDV
5f2b3528c6f997007ee2cc4b,ARDXYYGRXTGFDY
5f2b3528c6f997007ee2cc4c,ARDLRVVPAAIEYYYYYYGMDV
5f2b3528c6f997007ee2cc4d,ARDVRXGVLRWFEWLSRRXDAFDX
5f2b3528c6f997007ee2cc54,ARDAPYDSSGYYPFDY
5f2b3528c6f997007ee2cc5a,WXYXXDX
5f2b3528c6f997007ee2cc62,ARGTPTPTDIVVAPDDSYYFDY
5f2b3528c6f997007ee2cc63,ARDGXSCNVDAXYYYYGIDV
5f2b3528c6f997007ee2cc65,ARDRRVNYSLYDFWSGFLAFDP
5f2b3528c6f997007ee2cc69,ARGDSGSY
5f2b3528c6f997007ee2cc6c,ARVKSVGSSSWYEIGYFDL
5f2b3528c6f997007ee2cc6f,AFGTGLYSGSYGFMDY
5f2b3528c6f997007ee2cc73,ARGRVYCSSTSCYGFFDY
5f2b3528c6f997007ee2cc74,VRDDWSCTGSNCCRVIDH
5f2b3528c6f997007ee2cc7e,ARXGYXDXSGYYPXXYYYXXYGXDV
5f2b3528c6f997007ee2cc83,XTXWEREVXLLLRYGR
5f2b3528c6f997007ee2cc86,ARVGSIGPKVDAFDL
5f2b3528c6f997007ee2cc87,AREVGATDY
5f2b3528c6f997007ee2cc8c,ARGRKGRIAARPPERGWFDP
5f2b3528c6f997007ee2cc8e,YCAXXRDXXXVTRXSAXXTXXXX
5f2b3528c6f997007ee2cc90,ARGXGGPXRNDYXYGMDV
5f2b3528c6f997007ee2cc95,ATRLLGGGNYSDTGGYES
5f2b3528c6f997007ee2cc9c,ATSGTPFQH
5f2b3528c6f997007ee2cca0,AKGMMAPSHPLTNYYYYGMDV
5f2b3528c6f997007ee2cca1,AKGDSATHEGIHFQD
5f2b3528c6f997007ee2cca2,ASDTRGYSYLSGYYGMDV
5f2b3528c6f997007ee2cca6,AKAGATPPFDY
5f2b3528c6f997007ee2cca7,AKEDXLSITMIVVVINPPDDY
5f2b3528c6f997007ee2cca9,ARDPQYQQGIAAAGSEGP
5f2b3528c6f997007ee2ccab,ARASLGSSSYGMDV
5f2b3528c6f997007ee2ccac,XXXXXXXXXXXXXXXXXXXLXYGMDV
5f2b3528c6f997007ee2ccb7,ARVVLNRDTAMDPFDY
5f2b3528c6f997007ee2ccbd,AXXXXEGSGSYYDYYYGMDV
5f2b3528c6f997007ee2ccc0,ASGLRGAFDI
5f2b3528c6f997007ee2ccc1,ARGGSSSRERWFDP
5f2b3528c6f997007ee2ccc2,XXAXDY
5f2b3528c6f997007ee2ccc5,XXXXXVTXAXTXXYXXARXXYXGXXSXXXXXDX
5f2b3528c6f997007ee2ccce,ESPRHAAVVTRSVGL
5f2b3528c6f997007ee2ccd8,ARLEAGDNYYYGMDV
5f2b3528c6f997007ee2ccdb,ARXXXGXYXXXXDY
5f2b3528c6f997007ee2ccde,KNXLSLRMTSVTVADTATYYCARHYSALDH
5f2b3528c6f997007ee2cce1,AXDXGXLVWXKDGXDX
5f2b3528c6f997007ee2cce2,XXXXXADTAVYYCAXLTPXXRXXXWXXPMGMYYFDX
5f2b3528c6f997007ee2cce4,ARNRAXXXASDYYYGMDV
5f2b3528c6f997007ee2cce5,ASLEGGGNSGNWYFDL
5f2b3528c6f997007ee2cce8,AREVVAPGXXYYYYGMDV
5f2b3528c6f997007ee2cce9,VGDDLALRGLSDR
5f2b3528c6f997007ee2ccec,ETLPVDYSKGVRLSLLLLRYGR
5f2b3528c6f997007ee2ccee,XXSLRXSXXLXLXL
5f2b3528c6f997007ee2ccf0,ARXPGCTSLTCPYYFDF
5f2b3528c6f997007ee2ccf5,AREEEHGSGFDH
5f2b3528c6f997007ee2ccfa,ARXXLXXRXXXWYXFDP
5f2b3528c6f997007ee2ccfc,ARXXXXXXDXXXYGXGFDX
5f2b3528c6f997007ee2ccfe,ARVDRVYDILTGYPQRNYYYGVDV
5f2b3528c6f997007ee2cd03,ESGGSCLLLLLRYGR
5f2b3528c6f997007ee2cd04,ERRGPRN
5f2b3528c6f997007ee2cd05,TRAWEWELLLDY
5f2b3528c6f997007ee2cd07,NEGKWAIVDSCRWLLLRYGR
5f2b3528c6f997007ee2cd08,ARTRIAAXGYFDY
5f2b3528c6f997007ee2cd0f,ARLRPTSQYDLSGYAGVDY
5f2b3528c6f997007ee2cd11,ARGXGYXWNYGGLFYYFDY
5f2b3528c6f997007ee2cd17,XXXXXXXXAYMXLXXLRSXDTAVYYCARXGYXSXXSXXDXXYYXMDV
5f2b3528c6f997007ee2cd21,ARLGDYGDYFDY
5f2b3528c6f997007ee2cd22,AGXIAVAGVDY
5f2b3528c6f997007ee2cd25,AKDIFIIPPGIAAAGTGGGFDY
5f2b3528c6f997007ee2cd28,ARSAPCSTTSCYQDGMDA
5f2b3528c6f997007ee2cd30,ARHGPXXYGFWXXAATXDY
5f2b3528c6f997007ee2cd31,ARVPGATRGYYLDS
5f2b3528c6f997007ee2cd37,ARDWRIFGSADY
5f2b3528c6f997007ee2cd39,DP
5f2b3528c6f997007ee2cd3d,AGDLWRPTGGA
5f2b3528c6f997007ee2cd42,AREXSRXXAXDY
5f2b3528c6f997007ee2cd43,ARDLMGSGCFAYDI
5f2b3528c6f997007ee2cd45,ARDXXXGXLRYYXXDY
5f2b3528c6f997007ee2cd46,SLXGXAAMSLDSTANXXSLTLKSVTAAXTAMYFCARXFWTPHYPSNWFDP
5f2b3528c6f997007ee2cd47,ARDXXSGWLDPWGKKYYYYGMDV
5f2b3528c6f997007ee2cd48,RDWLTTVWTS
5f2b3528c6f997007ee2cd4b,AKSAVVVIAIGEYFDYGMDV
5f2b3528c6f997007ee2cd4c,ARAWCGGDCYGGFRNWFDP
5f2b3528c6f997007ee2cd4e,EREGYNWNYVVL
5f2b3528c6f997007ee2cd52,ARDLPPRVVAATPFYYYGIDY
5f2b3528c6f997007ee2cd54,AXXXVVXIXXXXGMDV
5f2b3528c6f997007ee2cd55,ARXRIXXXYYDSPVGAFDI
5f2b3528c6f997007ee2cd56,ARDSRYSYGPTPQPY
5f2b3528c6f997007ee2cd5b,XXDTAVYYCARXXXXXXXSXYGMDV
5f2b3528c6f997007ee2cd5f,ARGRDSSGWCYADAFDY
5f2b3528c6f997007ee2cd64,ESXXGWXXLLRYGR
5f2b3528c6f997007ee2cd65,XXTXXWXXXXVXXX
5f2b3528c6f997007ee2cd66,XXXRLGPLLLLRXGX
5f2b3528c6f997007ee2cd6c,ERNPGTTRL
5f2b3528c6f997007ee2cd70,ARVRGSYYPDAFDI
5f2b3528c6f997007ee2cd77,ARFASTPFDWWYFDL
5f2b3528c6f997007ee2cd79,ARGFGWQNWFDP
5f2b3528c6f997007ee2cd81,AKDRGSAAAPEYYGMDV
5f2b3528c6f997007ee2cd85,ARAXXGGXGYDNGXDF
5f2b3528c6f997007ee2cd86,AKDHEGYNLPDFDY
5f2b3528c6f997007ee2cd8d,AGNVNYYDSSEFDP
5f2b3528c6f997007ee2cd8e,ERFSRGFFKWSQILPLRFGR
5f2b3528c6f997007ee2cd8f,EXWLSILXGAXQFRX
5f2b3528c6f997007ee2cd90,ARHSGMWTGSYSSTLGDRSSED
5f2b3528c6f997007ee2cd95,AXXXXXXYXXXGXXXX
5f2b3528c6f997007ee2cd96,RDWDIVVVVAAGTTLTT
5f2b3528c6f997007ee2cd9b,ETWGRRWLRMGL
5f2b3528c6f997007ee2cd9f,ARDIWEEAPASIPMYYFDY
5f2b3528c6f997007ee2cda1,ARANTPMGSKPIYYYYSMDV
5f2b3528c6f997007ee2cdaa,ARAIAAADAQSEYFRH
5f2b3528c6f997007ee2cdad,ARPVSPAAHYYDSSGEM
5f2b3528c6f997007ee2cdb1,AKDISRFSGAAAGRGYFDL
5f2b3528c6f997007ee2cdb4,ARDPXCYSNYGGCXYYYYGMDV
5f2b3528c6f997007ee2cdbc,ARGXXSWDDXSXXFDF
5f2b3528c6f997007ee2cdc0,VKDGNYNDLDH
5f2b3528c6f997007ee2cdc7,AXXAVYYXARXXGSSXXRXNYXXXXXX
5f2b3528c6f997007ee2cdc8,ASVRVVPAAMPYPDYYYYGMDV
5f2b3528c6f997007ee2cdcc,ARDEXTMIXSFQH
5f2b3528c6f997007ee2cdd0,ARAGVIFGVVITYYFDY
5f2b3528c6f997007ee2cdd2,ARXXXDXXAXXXX
5f2b3528c6f997007ee2cdd6,ARDGWLLEGPKSRSPLRGMDV
5f2b3528c6f997007ee2cddd,ARLAGTTFDY
5f2b3528c6f997007ee2cde1,AKGYEVHYFDY
5f2b3528c6f997007ee2cde4,AKDKSPYLLLPSYFDY
5f2b3528c6f997007ee2cde5,DY
5f2b3528c6f997007ee2cde7,ARHATGPTIXXGGRGXFDY
5f2b3528c6f997007ee2cdea,AKEITIFGVENV
5f2b3528c6f997007ee2cdf3,AKGVNYDFWSGYGY
5f2b3528c6f997007ee2cdf5,AKGRRGSGFSHYLDS
5f2b3528c6f997007ee2cdf8,ARGLDAFDI
5f2b3528c6f997007ee2cdfe,ARDLPHAIFGVVAYSXXGMDX
5f2b3528c6f997007ee2ce01,ARIRKRGDSDGLGY
5f2b3528c6f997007ee2ce05,ARGGPSSSLDY
5f2b3528c6f997007ee2ce0b,ARAQNYFDSSGYYENLSFDS
5f2b3528c6f997007ee2ce0c,EXXXGCRGXGXXRLLLLRYGR
5f2b3528c6f997007ee2ce0e,ARXGXMVRGASCYYXYGMDV
5f2b3528c6f997007ee2ce0f,ARVFWEGYCTSTSCYEEVDP
5f2b3528c6f997007ee2ce10,ARERSDDYGGNLGTDYFDY
5f2b3528c6f997007ee2ce27,ARHKSYGHSSNYDAFNI
5f2b3528c6f997007ee2ce2b,AKYYDSSGYYFSGGMDV
5f2b3528c6f997007ee2ce32,ARDGGRSVGATSGAADFDY
5f2b3528c6f997007ee2ce34,ARDLMVAIXAAVYFFDH
5f2b3528c6f997007ee2ce38,AIEPRWVAGDYFDC
5f2b3528c6f997007ee2ce39,AKDXGAAMXGXXXLFDY
5f2b3528c6f997007ee2ce3c,ARDKPLAAYY
5f2b3528c6f997007ee2ce3e,ARXXXXXXXXXXXXXXXXXXXXVTXADTAXYXCARXXXXGXXXCXXDX
5f2b3528c6f997007ee2ce3f,AVYGSGSYYNY
5f2b3528c6f997007ee2ce47,AREAPGEXXNWFDP
5f2b3528c6f997007ee2ce50,AAGNFDFWTWWY
5f2b3528c6f997007ee2ce51,ARXXYDXYSXXDH
5f2b3528c6f997007ee2ce63,ARIPMVRXVIIXEGVLXLR
5f2b3528c6f997007ee2ce65,ARGGYSSYNWSXYFDY
5f2b3528c6f997007ee2ce66,ARADYASDGKTLYYYGMDV
5f2b3528c6f997007ee2ce6b,ARLDGNGNYEGFRNVFDI
5f2b3528c6f997007ee2ce72,ARXGGXXVXANGXFDY
5f2b3528c6f997007ee2ce74,TKAAGVGRELSPFDY
5f2b3528c6f997007ee2ce7c,TTTRL
5f2b3528c6f997007ee2ce7d,AXXTXDXSGGXCLXXYGXDV
5f2b3528c6f997007ee2ce83,XKXXXXAXXXGXXXXXXXSXKXRXTXSXDXSKNTLXLQMNXLRAEDTAVYYCAXXXXSXVAGXXDY
5f2b3528c6f997007ee2ce84,VXAAXTXXXXCXXXXXXXYXXXXIDY
5f2b3528c6f997007ee2ce86,ARDSGWSYKDAFDI
5f2b3528c6f997007ee2ce87,ARDRVGGLFADILTGYYSY
5f2b3528c6f997007ee2ce88,ARLGDFWSGTDNWFDP
5f2b3528c6f997007ee2ce8b,AGCRGCRDYGVSYGVDV
5f2b3528c6f997007ee2ce8d,XHXXXXVQXXXXPEAELXDRRRXGCVLXXEXXXXGVXXSTSCXGXXGMDV
5f2b3528c6f997007ee2ce90,VXYCARXPXXYXXXWXXXXXXXYYYXYGMDV
5f2b3528c6f997007ee2ce97,ARGDSVVVVPAAIRTPPHLDY
5f2b3528c6f997007ee2ce9d,ARGHYDGY
5f2b3528c6f997007ee2cea0,AKTQGYYDY
5f2b3528c6f997007ee2cea3,ARGGSPSFGYYDSSGYYCYFDY
5f2b3528c6f997007ee2ceac,ARGDDHDAFDI
5f2b3528c6f997007ee2ceb0,ARXXXXXXXXGXXYFQH
5f2b3528c6f997007ee2ceb1,ARXYXGGPGGXGSXFDP
5f2b3528c6f997007ee2ceb3,AKXPQDLVVITTALDY
5f2b3528c6f997007ee2ceb5,AXEDXXXEIGAAIDY
5f2b3528c6f997007ee2cebc,AKSPQDLVVITTALDY
5f2b3528c6f997007ee2cebf,ATNTESSYHGY
5f2b3528c6f997007ee2cec9,ARGXEXYSSXWFDY
5f2b3528c6f997007ee2cecc,ARDVGPXXGGXWFDP
5f2b3528c6f997007ee2cecf,ARHVRAYCSGGSCSHLYGMDV
5f2b3528c6f997007ee2ced2,ARSLSSIAARPYFQH
5f2b3528c6f997007ee2ced6,ARXRGXXXTTRSXDY
5f2b3528c6f997007ee2cede,AXERXYXXXVLXPLXX
5f2b3528c6f997007ee2cee9,ESQGQLFRRL
5f2b3528c6f997007ee2ceeb,ARDXXXXGSGSYYXXXFDY
5f2b3528c6f997007ee2ceec,ARRYFSSTSCYRHEPPRLRYYYYGMDV
5f2b3528c6f997007ee2cef1,ARGXLRWGVVTPLEY
5f2b3528c6f997007ee2cef7,AKTVRVGRALYGMDV
5f2b3528c6f997007ee2cef8,AXXSSSPSGGYFDY
5f2b3528c6f997007ee2cefd,ERLPFVLRERYGR
5f2b3528c6f997007ee2cf02,ARXXPRNTYYDYYGMDD
5f2b3528c6f997007ee2cf03,ARGGGSSSCCGGLDF
5f2b3528c6f997007ee2cf04,AXXGXXXXGXDX
5f2b3528c6f997007ee2cf14,AKERITMIVVAVYRSGIDY
5f2b3528c6f997007ee2cf17,ARVVGGAVTYYYYAMDV
5f2b3528c6f997007ee2cf27,XXXXTXAXTAXXXXAXXXXSXYYGXDV
5f2b3528c6f997007ee2cf2a,ARXVLAAXXFDX
5f2b3528c6f997007ee2cf2e,ARDIRXXXFLQMNXLXXEDTAVYYCARDXXXXDIGXGXYXD
5f2b3528c6f997007ee2cf35,ARQGPQAYDYSNYRGGLLANNYGMDV
5f2b3528c6f997007ee2cf37,EXXEAXXYXSXXXXFEXXXX
5f2b3528c6f997007ee2cf46,ARAKGTWGWFDP
5f2b3528c6f997007ee2cf4c,ARXGVXXXVXXXXGAFDY
5f2b3528c6f997007ee2cf4f,XXXXVYXCARXXXXGXXAAXGXXX
5f2b3528c6f997007ee2cf54,ATRWGSGSYPKPLSXYYYYYGMDV
5f2b3528c6f997007ee2cf57,ARGXGCYGDS
5f2b3528c6f997007ee2cf58,REATRGPWAGSNP
5f2b3528c6f997007ee2cf5a,AKVPFERAVAGPYGDAFDI
5f2b3528c6f997007ee2cf60,AIYGSGSFYDAFDI
5f2b3528c6f997007ee2cf69,EXXXYXXFXLXXXRX
5f2b3528c6f997007ee2cf6a,ARGRENGGEXPTDFNWFDP
5f2b3528c6f997007ee2cf6c,XXHYRSTSRPXXDAFDI
5f2b3528c6f997007ee2cf70,ARVRRDDAFDI
5f2b3528c6f997007ee2cf71,ARTRFPRYCSSTSCYTPEVY
5f2b3528c6f997007ee2cf76,ARSWXGGYXXXXDX
5f2b3528c6f997007ee2cf7f,AKGQSDFGVLTSYGMDV
5f2b3528c6f997007ee2cf80,ARGXXXTDXXXSGYXSYDXXLGFDY
5f2b3528c6f997007ee2cf85,ARXGAVQLGYSVDY
5f2b3528c6f997007ee2cf86,ARXXGVTIXGVXXXXXDY
5f2b3528c6f997007ee2cf87,AKDGYYYGSGPTQFDY
5f2b3528c6f997007ee2cf8e,XXVTAADXAVYYXAXXXXXXXXXDY
5f2b3528c6f997007ee2cf99,ARCGSDSXSPSGYYYSGIDY
5f2b3528c6f997007ee2cfa1,GGGXSVPYDFWSGYSYYYYYYGMDV
5f2b3528c6f997007ee2cfa2,ARHDIKFSFSEFSPPQTHDS
5f2b3528c6f997007ee2cfa4,ARSGVVPAAKWIHQPYGMDV
5f2b3528c6f997007ee2cfaa,ARDXYGGCWGGDFFDY
5f2b3528c6f997007ee2cfb6,ARHVMYSSSWSETQVNAFDI
5f2b3528c6f997007ee2cfb7,ARXXXXXVGYCSXGXCYXXDY
5f2b3528c6f997007ee2cfbe,FDY
5f2b3528c6f997007ee2cfbf,ETNRGQYLLLLRYGR
5f2b3528c6f997007ee2cfc1,ARVPXXXXXXDXDY
5f2b3528c6f997007ee2cfca,ARHSSGPFDY
5f2b3528c6f997007ee2cfcd,AXXXXXGYSXXWXLGDNYYYYYGMDV
5f2b3528c6f997007ee2cfce,ARSCSPAHYDYYYYGMDV
5f2b3528c6f997007ee2cfd1,RGRGVEGGGSYYSTTTTVWTS
5f2b3528c6f997007ee2cfd6,ARAEXXGADCYXFXYYWLDV
5f2b3528c6f997007ee2cfd8,ARDCGPGGDCYDHTAYLSSTRYYYYYGMDV
5f2b3528c6f997007ee2cfdf,GRGQGLAAQDV
5f2b3528c6f997007ee2cfe0,AKXXXXXXXVX
5f2b3528c6f997007ee2cfe9,ARGVNXVATGDYFDY
5f2b3528c6f997007ee2cfeb,ARXXPIVLXRQLWLFDY
5f2b3528c6f997007ee2cfef,ARXXRSSSSXGTWXSXTXX
5f2b3528c6f997007ee2cff6,XXXXXXAXXXSXXXYXXXXGMDV
5f2b3528c6f997007ee2cff8,ARVXSIAVATDCFDY
5f2b3528c6f997007ee2d009,RDIGXXXXXXXT
5f2b3528c6f997007ee2d00a,XXXAXXLRXRXXXXVRXXXXXXXXXXGXXXXDY
5f2b3528c6f997007ee2d010,ARRAIAAARGYWYFDL
5f2b3528c6f997007ee2d015,AXXXXGXXXXFXX
5f2b3528c6f997007ee2d019,AKDRSRVTVALTYGMDV
5f2b3528c6f997007ee2d01c,ARDLGLEEDH
5f2b3528c6f997007ee2d023,XTXXVXXXXXLXXXXX
5f2b3528c6f997007ee2d029,ARDKGIAAPTKAPDVFPIISGCRHPKDNSPVVLACLITGYHPTSVTVTWY
5f2b3528c6f997007ee2d02e,EGATYYXXXSGYLRTSPRSNQLLRYGR
5f2b3528c6f997007ee2d02f,ARXXGPDYXXXXXXXYYYYGMDV
5f2b3528c6f997007ee2d030,ARDGXGSSEXYGMDV
5f2b3528c6f997007ee2d031,ARLQVVXAAIMRGYXFDY
5f2b3528c6f997007ee2d036,ARPQRYYCDSSGXAH
5f2b3528c6f997007ee2d03c,ARRHGGPNCSSTSCEYGMDV
5f2b3528c6f997007ee2d043,XXGXXXXXXXXXXXXXXXXXXYYCAXXXXXRXXXXXXXX
5f2b3528c6f997007ee2d044,ARESVWSDYWSYSHGLDV
5f2b3528c6f997007ee2d047,AKSGGEPLGYYGMDV
5f2b3528c6f997007ee2d050,DX
5f2b3528c6f997007ee2d051,ARGGERYYDFWSGYYFDY
5f2b3528c6f997007ee2d05a,SRGPRYCSRTSCQWRPPPGNYGMDV
5f2b3528c6f997007ee2d05b,ARHLLRRLEWEEDAFDI
5f2b3528c6f997007ee2d060,XRXXXXXXWSGXRXLVLRS
5f2b3528c6f997007ee2d061,ERFFVRGVWSGTRGLVLRS
5f2b3528c6f997007ee2d063,ATDPLEWXSIDY
5f2b3528c6f997007ee2d064,ARDSSCSSSICYGAFDI
5f2b3528c6f997007ee2d068,GMDV
5f2b3528c6f997007ee2d072,ETSRRXCTXLLLVRYGL
5f2b3528c6f997007ee2d076,ARDQMVAEWFDP
5f2b3528c6f997007ee2d07a,ARITKEWRRSGESTEYYYGMDV
5f2b3528c6f997007ee2d07b,RERVRRGPTTTTVWTS
5f2b3528c6f997007ee2d080,ARTRITMIRGVVTPHYFDY
5f2b3528c6f997007ee2d088,ERGXQLVQXVRP
5f2b3528c6f997007ee2d08f,ARDRRDFWSSYYSDYYYGMDV
5f2b3528c6f997007ee2d090,XGLKDYFDY
5f2b3528c6f997007ee2d092,XXXGXXFDY
5f2b3528c6f997007ee2d094,ARDRGYCTSRKCYTGNSATFDY
5f2b3528c6f997007ee2d0a6,ARGXXGAXWPRXDDFDY
5f2b3528c6f997007ee2d0ab,ARAIAAADASEYFRH
5f2b3528c6f997007ee2d0ad,AREARDQVWWEWFDP
5f2b3528c6f997007ee2d0af,ARLIVVVTVPQYWYFDL
5f2b3528c6f997007ee2d0b0,ARARTGGALTSIKRYYYGSGPSNDGMDV
5f2b3528c6f997007ee2d0b1,AKDRPPYCGGDCYSDY
5f2b3528c6f997007ee2d0b5,ARISKAAATPGARDY
5f2b3528c6f997007ee2d0b7,ARDASXGVDXRVAVAQHYYYYYGMDV
5f2b3528c6f997007ee2d0bd,ESGYLVLRYGR
5f2b3528c6f997007ee2d0c8,ARGSFGGVIIRRRYFDY
5f2b3528c6f997007ee2d0c9,ATKPSSSWVFDY
5f2b3528c6f997007ee2d0d1,AKGSYYYGSRTYYLXN
5f2b3528c6f997007ee2d0d6,ARHXGHCSSTSCSFDY
5f2b3528c6f997007ee2d0d8,ARDQGYYDFWSGYYRYYYGMDV
5f2b3528c6f997007ee2d0d9,ARXGXXXXRKLXXSXHWYFDL
5f2b3528c6f997007ee2d0e4,ARRTSGSGSPIDY
5f2b3528c6f997007ee2d0f0,TTARYGSSWYFGYYFDY
5f2b3528c6f997007ee2d0f1,AREVGAISRRGDAFDY
5f2b3528c6f997007ee2d0f5,ARDXFGVVXITGGSYYAYGMDY
5f2b3528c6f997007ee2d0f7,TAVYYCARXQXXXXXVXXXXXXAFDI
5f2b3528c6f997007ee2d0fe,ARADSWTGTSYYGMDV
5f2b3528c6f997007ee2d100,ARGGGYFNT
5f2b3528c6f997007ee2d109,ASHGWKRVTGGLWSGYSPLYYFDY
5f2b3528c6f997007ee2d10a,ARDSLASSWYNWFDP
5f2b3528c6f997007ee2d10e,ATGSELRAAEYFQH
5f2b3528c6f997007ee2d10f,ARGNGRYQLLSFNWFDP
5f2b3528c6f997007ee2d111,ARXXGXYXXXXGYYXXDY
5f2b3528c6f997007ee2d112,TQAAGVGRELSPFDY
5f2b3528c6f997007ee2d113,XAXVXSSERGDDYYGMDV
5f2b3528c6f997007ee2d115,ARALAFRLGATIGQNYYYYGMDV
5f2b3528c6f997007ee2d119,XXXXXVTXXXXAVYXCARXXSLRAIVX
5f2b3528c6f997007ee2d11c,YCARXXXCSSTSCXSSAYXXXXXGXYYXXYGMDV
5f2b3528c6f997007ee2d11d,ARGPGGLPGIDYYYYGMDV
5f2b3528c6f997007ee2d120,ARELAGMQPDGSFDY
5f2b3528c6f997007ee2d121,ARXXPXLXXXXXXXXVGXXXXXXXXDX
5f2b3528c6f997007ee2d127,ARGEGGYCSSTSCLSAFDP
5f2b3528c6f997007ee2d130,AKAGGGVIADSMDV
5f2b3528c6f997007ee2d135,AXXXXXXXWXADX
5f2b3528c6f997007ee2d13b,ARSLRVYDFWSGYRPNWFDY
5f2b3528c6f997007ee2d13e,EESGEYLLLLRYGR
5f2b3528c6f997007ee2d14b,ARGXYXSXSYYGXDY
5f2b3528c6f997007ee2d14f,ATDGVVPAATFFDY
5f2b3528c6f997007ee2d157,APDSGYDSY
5f2b3528c6f997007ee2d15a,ERRGPRN
5f2b3528c6f997007ee2d15f,ARKLYLPRRLDDYVGGSYRYTGEGRCYYYFGMDV
5f2b3528c6f997007ee2d163,ATLNIVVVPAAIRSPPYYYGMDV
5f2b3528c6f997007ee2d165,ARDYWYSGFDHCFDY
5f2b3528c6f997007ee2d166,ARDRRYCRSTSCYPEYPATHYYYYGMDV
5f2b3528c6f997007ee2d167,ARXGXXSXSNYYYYGXDX
5f2b3528c6f997007ee2d168,ARGKGIXXXXXXXXXXXX
5f2b3528c6f997007ee2d16b,X
5f2b3528c6f997007ee2d175,ARGXIXGATTXXXXDY
5f2b3528c6f997007ee2d17e,XXGXXXXXXXAFDI
5f2b3528c6f997007ee2d180,ARHEEERVVVTATLRDYYYGMDV
5f2b3528c6f997007ee2d182,ARGSXVRGVXXXFDI
5f2b3528c6f997007ee2d18c,TIVPYTLEGIYGGNSL
5f2b3528c6f997007ee2d18e,ARGHYYDSSGYSVY
5f2b3528c6f997007ee2d191,ARHESLPYCSGGSCYPFDY
5f2b3528c6f997007ee2d196,ARGHXPGIVVPXWFDP
5f2b3528c6f997007ee2d197,ASYPAAGSSWGN
5f2b3528c6f997007ee2d198,ARDRHYFNYDSEYYFGS
5f2b3528c6f997007ee2d19a,ARGRELYYYGMDV
5f2b3528c6f997007ee2d19b,ARTGSAYRSSSWWGGYGMDV
5f2b3528c6f997007ee2d19c,XXPXSPXYSXX
5f2b3528c6f997007ee2d1a0,ARDSSWLYYYDSSGKIGAFDI
5f2b3528c6f997007ee2d1a1,ARXXXVXXAGXXXFDX
5f2b3528c6f997007ee2d1a3,ARXRWVGSSGNYYYDGMDV
5f2b3528c6f997007ee2d1a6,ARGGGYXXXSIDY
5f2b3528c6f997007ee2d1a9,AREGTVXGVXSCFDY
5f2b3528c6f997007ee2d1ac,ARRRGWSWDENAFDI
5f2b3528c6f997007ee2d1af,EISGPPGPPAPLLLRYGR
5f2b3528c6f997007ee2d1b3,AKDLGFLEWLKGYYYGMDV
5f2b3528c6f997007ee2d1b9,AKDSGYSSSWY
5f2b3528c6f997007ee2d1bb,ARXXXALXWXXX
5f2b3528c6f997007ee2d1bc,XXMAXXXVXXXVXRDXL
5f2b3528c6f997007ee2d1c1,ARLGKSTMXGVGNDY
5f2b3528c6f997007ee2d1c2,XGXYDY
5f2b3528c6f997007ee2d1c3,ESLFVGSGYWALLLRYGR
5f2b3528c6f997007ee2d1c8,AXSSPXYDSSGRSXCXXXXFDF
5f2b3528c6f997007ee2d1cd,ARVXXDIAARPDCAFDI
5f2b3528c6f997007ee2d1ce,GRFHLLYTTGVDYYSGVDV
5f2b3528c6f997007ee2d1d3,XXXXLXY
5f2b3528c6f997007ee2d1d6,ARELETPTFRDWLDS
5f2b3528c6f997007ee2d1d8,AKDADTEYSSWYTVGDY
5f2b3528c6f997007ee2d1e1,ARDLTGGAGTDYYYYYGMDV
5f2b3528c6f997007ee2d1e5,ARDEGYSYEKFDD
5f2b3528c6f997007ee2d1e6,ARSGVVLVPAAQRKREYYYYGMDV
5f2b3528c6f997007ee2d1e7,ARVGGXXPXYFDY
5f2b3528c6f997007ee2d1ec,ARXXXVXVTXPXXY
5f2b3528c6f997007ee2d1ef,GXXLLXEXXXXXXGXYYYYGMDV
5f2b3528c6f997007ee2d1f0,AKGLPSRYFDS
5f2b3528c6f997007ee2d1f1,ARGTSVDTAMVPAEYYYYYYGMDV
5f2b3528c6f997007ee2d1f4,ATXYCSSTSXXTXYYYYYGMDV
5f2b3528c6f997007ee2d1f7,ARGXWGSSHTLDIP
5f2b3528c6f997007ee2d1fe,ARMHGGNYGMDV
5f2b3528c6f997007ee2d209,AKEPGIAAAGNFDY
5f2b3528c6f997007ee2d20b,AREEEHGSGFDH
5f2b3528c6f997007ee2d20c,ARFVRSLEWVPGQYYFDY
5f2b3528c6f997007ee2d213,ARDRMENCSSNDCSSY
5f2b3528c6f997007ee2d215,AKVPGLRLGESPATSYFDY
5f2b3528c6f997007ee2d21d,ARXVWQXVXXXXFDY
5f2b3528c6f997007ee2d21e,ARDPFVVPAAYNWFDP
5f2b3528c6f997007ee2d227,ARFLNDFWSGRTLFNRNAFDI
5f2b3528c6f997007ee2d229,AXDXSPLQQLVRDDAFDI
5f2b3528c6f997007ee2d23c,ARELVRSTPLYNWFDP
5f2b3528c6f997007ee2d249,LGSDDTAVYYCARVDYDFWSGPINWFDP
5f2b3528c6f997007ee2d24d,RDMTWEVGATPYLTT
5f2b3528c6f997007ee2d24e,ARDLSCGGPDTAIDN
5f2b3528c6f997007ee2d252,AKSPQDLVVITTALDY
5f2b3528c6f997007ee2d25c,AKEPADHIVGATRSSFDY
5f2b3528c6f997007ee2d25e,ARDRRSGPRALDC
5f2b3528c6f997007ee2d25f,ARGGYNYGY
5f2b3528c6f997007ee2d262,TRDRRDYYDSSGGAFDI
5f2b3528c6f997007ee2d266,ARCGKHSSSWYVDY
5f2b3528c6f997007ee2d269,ARDXSGSTSSYYYYGMDV
5f2b3528c6f997007ee2d26d,AKVGATVVSRAAYYYGMDV
5f2b3528c6f997007ee2d277,ARVKRGIFGVAYRYWFDP
5f2b3528c6f997007ee2d278,ARDRYDSSGYSSSYWYFDL
5f2b3528c6f997007ee2d27a,ARAIQWTGSTAFDYYYGMDV
5f2b3528c6f997007ee2d27c,AGHLGSLFPFDY
5f2b3528c6f997007ee2d27f,ARLGGDMDIVVVPAAIDH
5f2b3528c6f997007ee2d282,AREDRRNSGSYYGWFDP
5f2b3528c6f997007ee2d288,ARAGGASYYDFWSAAFCYYGMDV
5f2b3528c6f997007ee2d289,ASDVEMATINAFDI
5f2b3528c6f997007ee2d28d,ARGGLGSWGWYSLLXLDL
5f2b3528c6f997007ee2d294,ARRDRXVAVAADYXXYGMDV
5f2b3528c6f997007ee2d299,AGRRIYDFWSGEP
5f2b3528c6f997007ee2d29a,ARIRLRIQNYGMDV
5f2b3528c6f997007ee2d29b,ARXXXSXXXVPAXXRXDH
5f2b3528c6f997007ee2d2a0,ARXXAVAGXXVXXXXX
5f2b3528c6f997007ee2d2a1,ARLDKEKYYYYGMDV
5f2b3528c6f997007ee2d2a5,EKWGCPSTRCAKKEGVLLLRYGR
5f2b3528c6f997007ee2d2ac,AASYSNYGIFDY
5f2b3528c6f997007ee2d2b7,EISXSSSWXALLLRYGR
5f2b3528c6f997007ee2d2b9,ARSGATGPSQGDDALDV
5f2b3528c6f997007ee2d2ba,ARXXGGGGVDY
5f2b3528c6f997007ee2d2bc,ARXXXXXXXXXXXXXXXX
5f2b3528c6f997007ee2d2c0,TRDQGGWYPYYVDY
5f2b3528c6f997007ee2d2c1,XXXAADTAVYYCVRHVGYSGWLDH
5f2b3528c6f997007ee2d2c2,ATSGTPFQH
5f2b3528c6f997007ee2d2c5,ARGRXVAATCFDL
5f2b3528c6f997007ee2d2c8,AREGDRRTTSYYYYDSGMDG
5f2b3528c6f997007ee2d2ca,XXXXXXGXXXLLRYGR
5f2b3528c6f997007ee2d2d0,AXXXXXXXGXFDY
5f2b3528c6f997007ee2d2d5,AREEYYYDSSAYYPYNWFDP
5f2b3528c6f997007ee2d2d6,ARKGVRFLEWTQIDY
5f2b3528c6f997007ee2d2da,ARRGCSNGVCFDY
5f2b3528c6f997007ee2d2df,AREGVRKVFGMIVVVNAFDI
5f2b3528c6f997007ee2d2e3,ARGAAGPLSGFDY
5f2b3528c6f997007ee2d2e4,ARSARRITIFGVARSMDV
5f2b3528c6f997007ee2d2e7,ARGGXYGSSGXXXFDY
5f2b3528c6f997007ee2d2e8,ARHKTGYSSSWYRGGEYYYYGMDV
5f2b3528c6f997007ee2d2e9,ARHYSALDH
5f2b3528c6f997007ee2d2eb,ARHHGYEYYYGMDV
5f2b3528c6f997007ee2d2ee,AKGGWIWGAGDH
5f2b3528c6f997007ee2d2f4,TTGPVVTVAGATTY
5f2b3528c6f997007ee2d2f6,ATVGVSGDAFDI
5f2b3528c6f997007ee2d300,AKEXDXGXYVXXDY
5f2b3528c6f997007ee2d301,AKSAVVVIAIGEYFDY
5f2b3528c6f997007ee2d304,ARDHHPEPDDFWSGSGVGWFDP
5f2b3528c6f997007ee2d308,AXEXPYYXXXXXXYXDY
5f2b3528c6f997007ee2d30c,LXSVTXAXTAVYXCXRXPPXRXXTXXXXXXXX
5f2b3528c6f997007ee2d30f,I
5f2b3528c6f997007ee2d313,YFDL
5f2b3528c6f997007ee2d316,ASDYGAYIHAFDI
5f2b3528c6f997007ee2d317,ATRLSTREYYFDY
5f2b3528c6f997007ee2d318,RXXXXXXXXXXXX
5f2b3528c6f997007ee2d319,ARXXDXXXGVYXXGAFDF
5f2b3528c6f997007ee2d31d,TXGGSXXDX
5f2b3528c6f997007ee2d323,AKSKVVAASPRLYYYYGMDV
5f2b3528c6f997007ee2d325,ARGSKLGLATFPLPSFDY
5f2b3528c6f997007ee2d32a,ERSSYEEGSCYYSLCL
5f2b3528c6f997007ee2d32d,ARDRSGDYSIWYFDL
5f2b3528c6f997007ee2d32e,XQGTYDFWSGYRPSTTRYYGMDV
5f2b3528c6f997007ee2d331,AGYQRSSPSGIGDYYGMNI
5f2b3528c6f997007ee2d332,AXDRXXYTXLALDY
5f2b3528c6f997007ee2d338,ARXXXXGXXXQLLREGFQH
5f2b3528c6f997007ee2d33b,ARXVXSCWSGGXHYDXFDY
5f2b3528c6f997007ee2d33c,AGYFDH
5f2b3528c6f997007ee2d33d,ARSHDTYYYDSSGYYYWFDY
5f2b3528c6f997007ee2d33e,ERWGPGTIRHFLLLLRYGR
5f2b3528c6f997007ee2d33f,ARXQXXLGLDGMDV
5f2b3528c6f997007ee2d344,AREEEHGSGFDH
5f2b3528c6f997007ee2d34d,ERKVSSWFRILHGL
5f2b3528c6f997007ee2d34f,ARDAPLAVWSSYLTQPSHAEYYYGMDV
5f2b3528c6f997007ee2d350,ARXPXIVVVPAAXALWSTPKYYYYYGMDV
5f2b3528c6f997007ee2d351,ARGVGSSXSXYLYDY
5f2b3528c6f997007ee2d356,ERPYGGDRIRYGR
5f2b3528c6f997007ee2d35c,ARDEYGYYSNDAFDI
5f2b3528c6f997007ee2d360,ERSPKSVFRL
5f2b3528c6f997007ee2d361,ARDYSNYEGDYYYYGMDV
5f2b3528c6f997007ee2d363,ARDSGTYYPGYYYYGVDV
5f2b3528c6f997007ee2d36a,ARXXRXGELWNAFDI
5f2b3528c6f997007ee2d36b,ERKGRIGYGR
5f2b3528c6f997007ee2d36d,XVXXYYXDY
5f2b3528c6f997007ee2d36e,ARAXSQGQLXRAFAFDI
5f2b3528c6f997007ee2d36f,ARDDGDQGFDY
5f2b3528c6f997007ee2d370,ARRGVGIDYYGSGSYYNRLPHYYYYGMDV
5f2b3528c6f997007ee2d371,AKDISSHYYDSSGYYYPSAFDI
5f2b3528c6f997007ee2d373,ARPSRGSSTSYYYYGMDV
5f2b3528c6f997007ee2d376,V
5f2b3528c6f997007ee2d379,ARXXXXRPTGPDX
5f2b3528c6f997007ee2d37b,ESGGSFGVWLLLLRYGR
5f2b3528c6f997007ee2d37c,EIGPAALQLVRP
5f2b3528c6f997007ee2d37e,AKDLSSSTTSGYRYFYYGMDV
5f2b3528c6f997007ee2d388,ARHGGLLPRGLQAAGGYFDL
5f2b3528c6f997007ee2d389,ARQXEGWQLATVVARGTPLDY
5f2b3528c6f997007ee2d38b,AKDPTSA
5f2b3528c6f997007ee2d38e,AXXXXXXAXXSXXDY
5f2b3528c6f997007ee2d38f,REGQQLAXTXXT
5f2b3528c6f997007ee2d390,ARGQGXDGSSGDDDYVDY
5f2b3528c6f997007ee2d39f,ARGXXXFGGWXDYXXMDV
5f2b3528c6f997007ee2d3ab,ARQYGGGNFIAAHYGMDV
5f2b3528c6f997007ee2d3ac,AXSXXXXXXXWSGYPTX
5f2b3528c6f997007ee2d3ad,AXXXXSXXXXXXYYYYGMDV
5f2b3528c6f997007ee2d3ae,ERXXXSGWYLXXLLLRYGR
5f2b3528c6f997007ee2d3af,NRSSSTSCSGELLLLRYGR
5f2b3528c6f997007ee2d3b0,ARDXRXSSSRYSRFDY
5f2b3528c6f997007ee2d3b3,XXVXAADXAVYXXARRDYXXWXGXXXXXVDX
5f2b3528c6f997007ee2d3b5,ARLGGYSSGWFDY
5f2b3528c6f997007ee2d3b8,ERSPKSVFRL
5f2b3528c6f997007ee2d3ba,XXXVXXXXXAXYXCAXXGXXSSXXCLXPX
5f2b3528c6f997007ee2d3bb,EXXIGYSSXYGXSAYGR
5f2b3528c6f997007ee2d3c1,RXLXVVSXGXXXXLRXLX
5f2b3528c6f997007ee2d3c2,ARXXXXXSGDXYSGMTXXTXXXXXFDX
5f2b3528c6f997007ee2d3d4,ERXQEVRXXXWLPRTXRYGR
5f2b3528c6f997007ee2d3d7,ARAXXXVVPCWXXXCFDY
5f2b3528c6f997007ee2d3d8,ARGRGIVPADITWGRHWFDP
5f2b3528c6f997007ee2d3d9,XXAXTAVYXCARXGWYYYGMDV
5f2b3528c6f997007ee2d3de,REFFSTVVDVFATLTT
5f2b3528c6f997007ee2d3df,ARENYNNSSEKWYFDL
5f2b3528c6f997007ee2d3e1,AXXGXXXXXXXXXAXXXDP
5f2b3528c6f997007ee2d3e2,ARXNGFGENXFDYGMDV
5f2b3528c6f997007ee2d3e9,ARSSYGSGSYYEVRLRYFDL
5f2b3528c6f997007ee2d3ea,ASSLAVTVVRGILL
5f2b3528c6f997007ee2d3eb,ARGGDSGPFDY
5f2b3528c6f997007ee2d3ec,AXXGVXTPVXXRXYYYGMDV
5f2b3528c6f997007ee2d3f4,AKDRPSHRMRASEIDY
5f2b3528c6f997007ee2d3fe,ARDTTGIAARYFDY
5f2b3528c6f997007ee2d401,ARXPXXXXGAGXX
5f2b3528c6f997007ee2d404,YCSSTFGMDV
5f2b3528c6f997007ee2d40c,ARGXYCSSTSCYDPLYYYYYGMDV
5f2b3528c6f997007ee2d40e,ARVKGYXGILTGYYRAGAFDL
5f2b3528c6f997007ee2d416,ARGXYVMIVVVTDYFDY
5f2b3528c6f997007ee2d418,ARDPPDRLDGMDV
5f2b3528c6f997007ee2d41a,ARGHRHYYGSGSSYCDH
5f2b3528c6f997007ee2d424,AXXGDIVVVPAAIPYNWFDP
5f2b3528c6f997007ee2d427,AHRGTYYDSSGAAFDY
5f2b3528c6f997007ee2d42a,VQGGVGVAPAIRKFGS
5f2b3528c6f997007ee2d432,ARXXGMTXXXXXXXXDYYXYGMXV
5f2b3528c6f997007ee2d436,ARXXXRXXDNVDAFDI
5f2b3528c6f997007ee2d43f,AREGSTSKPARTYYDILGELDY
5f2b3528c6f997007ee2d445,TKDRYCDGGYCPTDY
5f2b3528c6f997007ee2d448,ARDLIRVSRNWFDP
5f2b3528c6f997007ee2d44f,ARDPPVGYLSWYFDL
5f2b3528c6f997007ee2d451,YGMDV
5f2b3528c6f997007ee2d453,ARDVFAD
5f2b3528c6f997007ee2d45a,ARVGXXXTGTXTVXXXDY
5f2b3528c6f997007ee2d45d,XXHRVXXLXXRYGR
5f2b3528c6f997007ee2d464,ARVPADYLWDGSGGFDH
5f2b3528c6f997007ee2d468,AKDTYRVVPAAIVDY
5f2b3528c6f997007ee2d46b,ARHPSNYDSSGHDAFDI
5f2b3528c6f997007ee2d46d,AKVLRGASIDMLFDS
5f2b3528c6f997007ee2d473,AITYIGNYRGGFDY
5f2b3528c6f997007ee2d47b,ERGGQWRTRL
5f2b3528c6f997007ee2d487,AXGXRXXGXDY
5f2b3528c6f997007ee2d48e,ARXREEGPXXYYYDSSGYYLGAFDI
5f2b3528c6f997007ee2d490,ARXIXVYXXXYGMDV
5f2b3528c6f997007ee2d492,ASEAPPYQLLPSYYYYYGMDV
5f2b3528c6f997007ee2d494,AIQNTWADNNEASPTYYDFWSGYYAP
5f2b3528c6f997007ee2d49a,NXXXLQMNXLXVDDTAXYFCAKXXRAXXTNANEH
5f2b3528c6f997007ee2d49b,ARXXSGYYGSXSXPEGXGXYYYYGMDV
5f2b3528c6f997007ee2d49d,EGXCXSXXXXXXXXXLLLRYGR
5f2b3528c6f997007ee2d4a1,AKDMAEVVIPHYYYCMDV
5f2b3528c6f997007ee2d4a3,ARLSALYGGNSGAVDY
5f2b3528c6f997007ee2d4ae,AXXLSLXXXXGSCYPRYYGMDV
5f2b3528c6f997007ee2d4b8,ARGXGXXGGXFDP
5f2b3528c6f997007ee2d4bb,ARXXXXXSSSXXDX
5f2b3528c6f997007ee2d4be,ARPGRTGGRWEANNWFDP
5f2b3528c6f997007ee2d4cc,AXXQTSYYDTSGYYSLDY
5f2b3528c6f997007ee2d4d4,ARDACSYYDCGGSYFDY
5f2b3528c6f997007ee2d4d9,AKSPNFDWLPHDY
5f2b3528c6f997007ee2d4de,ARVRTVHQYGMDV
5f2b3528c6f997007ee2d4df,ARXGGYGGSXXXXDY
5f2b3528c6f997007ee2d4e4,ARIXXXSSSYXGGGFDY
5f2b3528c6f997007ee2d4e5,GRLPPKRSSTRD
5f2b3528c6f997007ee2d4e6,ARXXXXXXLXXXXXYGMXX
5f2b3528c6f997007ee2d4ea,ARXXYXXSSGXLDY
5f2b3528c6f997007ee2d4ec,AXNLXXXXXXXXYYXGMXV
5f2b3528c6f997007ee2d4f0,ARGLVGSVTYPLYARYSYYAMDV
5f2b3528c6f997007ee2d4f2,ARGRELYYYGMDV
5f2b3528c6f997007ee2d4f3,AKDTAMVLPPSDDYMDV
5f2b3528c6f997007ee2d4f4,AKGRRATSYYFDY
5f2b3528c6f997007ee2d4f6,ARSYXGXGSIHYYYYGMDV
5f2b3528c6f997007ee2d4fc,ESSGTPKLVRP
5f2b3528c6f997007ee2d500,AREEEHGSGFDH
5f2b3528c6f997007ee2d501,ARXRTXTTIXXVDX
5f2b3528c6f997007ee2d502,ARXXYXXDXXGYXXWXXX
5f2b3528c6f997007ee2d503,ARDTDYFEGSRTSCYLGKGRVFDY
5f2b3528c6f997007ee2d505,ARDRREMVSATSYWYFDL
5f2b3528c6f997007ee2d507,ARXNDXXSGYSGXLDV
5f2b3528c6f997007ee2d512,AILEGG
5f2b3528c6f997007ee2d515,KLGIXXXXXRGXYGH
5f2b3528c6f997007ee2d516,AKQVGYSSSWGCMDV
5f2b3528c6f997007ee2d519,TNFREQLVSIWENYGMDV
5f2b3528c6f997007ee2d51d,ATGTRNGVCLY
5f2b3528c6f997007ee2d520,ARSPVEVDY
5f2b3528c6f997007ee2d521,ARCESSSDSXDX
5f2b3528c6f997007ee2d527,ARXXXYXXXDY
5f2b3528c6f997007ee2d530,ARDFSSGWHXGY
5f2b3528c6f997007ee2d53e,ASGTDYFDY
5f2b3528c6f997007ee2d540,ASXSXEXXXYXXXXXXX
5f2b3528c6f997007ee2d543,GSPPDVLLWFGEIIPTQLVRP
5f2b3528c6f997007ee2d547,ARVXVVAGXXAFDY
5f2b3528c6f997007ee2d54c,ARDXIVGAXGGYYPYGMDF
5f2b3528c6f997007ee2d54d,CYSEYFQH
5f2b3528c6f997007ee2d554,XYXXXRXXXXDXXAXYXCASYDSSGYVXY
5f2b3528c6f997007ee2d559,AKETYYDILTGFSGVDY
5f2b3528c6f997007ee2d55a,ARRMAXXVGXLYXDY
5f2b3528c6f997007ee2d565,EXSXSSXXXXXXXXXXL
5f2b3528c6f997007ee2d573,ARDLVVVVAVTDMTDAFDI
5f2b3528c6f997007ee2d574,ASERLYGDYDY
5f2b3528c6f997007ee2d575,ARGIVVVPAAMRPCDY
5f2b3528c6f997007ee2d578,AKDIGLAVHYGMNV
5f2b3528c6f997007ee2d583,AREFGEYQLLWAYNYYYYGMDV
5f2b3528c6f997007ee2d587,AXXXGXXXSXXXXCXDAFDI
5f2b3528c6f997007ee2d58c,TTGGGSYRLRGLGY
5f2b3528c6f997007ee2d591,ARRSTTYGYGLSWFDP
5f2b3528c6f997007ee2d592,ARDTEYQLLLSYYYYGMDV
5f2b3528c6f997007ee2d594,AKGXXGHXXRXYYYGMDV
5f2b3528c6f997007ee2d59a,AKSPQDLVVITTALDY
5f2b3528c6f997007ee2d59e,AKGDSRQWLVRPDY
5f2b3528c6f997007ee2d5a3,ARGGSWGRSRCSSTSCYRGRRYYYYGMDV
5f2b3528c6f997007ee2d5a4,XXXXXXXXSXYXXXXXDX
5f2b3528c6f997007ee2d5a7,ARXXLRVXXXGAFDI
5f2b3528c6f997007ee2d5aa,AKVPESHRSLGTAPGQWLNYYYGFDV
5f2b3528c6f997007ee2d5ab,ARDKREYYDSGGCYPS
5f2b3528c6f997007ee2d5b1,TRQLATFQDH
5f2b3528c6f997007ee2d5b8,ARTGGATADHDAFDI
5f2b3528c6f997007ee2d5ba,ARGXTEXXXSXXSYXMXPXWFDL
5f2b3528c6f997007ee2d5bf,AKDTADYCSGLGNTFDY
5f2b3528c6f997007ee2d5c0,AKXXQGIAAAMGDYYYYYGMDV
5f2b3528c6f997007ee2d5c5,XXXXXRXYYXMDX
5f2b3528c6f997007ee2d5c6,ARDLGGSXIAVVGGDY
5f2b3528c6f997007ee2d5c7,ARSLEYHDDY
5f2b3528c6f997007ee2d5d2,XVXAAXTAVXYCAXXXPXXYYXXDX
5f2b3528c6f997007ee2d5d4,ARDGPSDSSGDCDY
5f2b3528c6f997007ee2d5d5,ARXXXXSGXXPXXXDX
5f2b3528c6f997007ee2d5d7,ARGFSGKRAQQHLPVDY
5f2b3528c6f997007ee2d5db,ARKGAGRVDF
5f2b3528c6f997007ee2d5dd,ARDTMTKVAGTGYFQH
5f2b3528c6f997007ee2d5df,TDQIRXXLXXRRLVRP
5f2b3528c6f997007ee2d5e1,ARSLTFGANYGDY
5f2b3528c6f997007ee2d5e2,ARDRSYVNYGFWSGYKEGMDV
5f2b3528c6f997007ee2d5e4,AISYGGPHYYYYGMDV
5f2b3528c6f997007ee2d5e6,TXRXRDNDFWGSYATFDY
5f2b3528c6f997007ee2d5e8,ARXRGYCTSGVCPNWFDX
5f2b3528c6f997007ee2d5e9,ARXXRIVVVXXYXFDX
5f2b3528c6f997007ee2d5ea,ARDLRDHDSSGYYYIDF
5f2b3528c6f997007ee2d5f3,XDX
5f2b3528c6f997007ee2d5fb,AGYWAGAASRYYYYGMDV
5f2b3528c6f997007ee2d5fe,ARDWLSSSFDY
5f2b3528c6f997007ee2d601,KTVQLFLVSDRP
5f2b3528c6f997007ee2d609,ANPPNXYDSSGYPHGMDV
5f2b3528c6f997007ee2d60e,AKGYMGGPLDY
5f2b3528c6f997007ee2d60f,ARAPKSIATGGRVADY
5f2b3528c6f997007ee2d613,ARRHCDRTSCLDALDV
5f2b3528c6f997007ee2d619,AKDPRGKDV
5f2b3528c6f997007ee2d620,ASSSLGDYDFWSGSYWYFDL
5f2b3528c6f997007ee2d624,AXRTTXAGXDY
5f2b3528c6f997007ee2d627,AXAXXXXXXYXXDX
5f2b3528c6f997007ee2d630,ASIRIGGAFDI
5f2b3528c6f997007ee2d633,ARAVPSRSCSGYXYYGIDI
5f2b3528c6f997007ee2d634,ARVVEQWLVRGYFDY
5f2b3528c6f997007ee2d635,AKXXXXGYSSSSGYXXX
5f2b3528c6f997007ee2d636,DV
5f2b3528c6f997007ee2d63d,ARDVHSSGCYYVGGDH
5f2b3528c6f997007ee2d646,ARXTXXXXXXGDXFHX
5f2b3528c6f997007ee2d64a,AXXXXXXRRNPCNAXDN
5f2b3528c6f997007ee2d64c,ARGGTMVRGVIPRDX
5f2b3528c6f997007ee2d651,AAHPTGGAFDI
5f2b3528c6f997007ee2d653,ARXAGQXXVGXXXCFDY
5f2b3528c6f997007ee2d657,ASXAGNSRGXAXXFDY
5f2b3528c6f997007ee2d658,ARXXYXXXXGSXSDRTNWFDX
5f2b3528c6f997007ee2d659,ARGTPTPTDIVVAPDDSYYXDY
5f2b3528c6f997007ee2d65c,ARDLDSSGYLFDY
5f2b3528c6f997007ee2d662,ARGGYCSSSYGSVDC
5f2b3528c6f997007ee2d664,ARDXKYSGGSXXNWYXYAXDY
5f2b3528c6f997007ee2d667,AXXXYDXXGXXXAFXX
5f2b3528c6f997007ee2d66f,ARDLDRTGIFSY
5f2b3528c6f997007ee2d670,ARDLDRXGSXXFDY
5f2b3528c6f997007ee2d671,ARGHYCSSTSCYKSPALDSNYPDPSYYYGMDV
5f2b3528c6f997007ee2d672,ARXPFGVVIVAGLDFXD
5f2b3528c6f997007ee2d676,AKEYYYDXPKSYYYYGMDV
5f2b3528c6f997007ee2d677,AKGLPSRYFDS
5f2b3528c6f997007ee2d67d,AREXGXGFWSGYAFDY
5f2b3528c6f997007ee2d683,RXXXRITIFXVVIMYPTTTVWTS
5f2b3528c6f997007ee2d684,ETWPNPVDTVDLQFQLVRP
5f2b3528c6f997007ee2d685,AKEVSGLLVSARSVPVARHGDAFDI
5f2b3528c6f997007ee2d686,TRDRWVVVRXXSGGDY
5f2b3528c6f997007ee2d689,ARVRQQLPTYYFDY
5f2b3528c6f997007ee2d68a,ARAXYXXWSGSXNWFDP
5f2b3528c6f997007ee2d68e,ARLYYYDSSGYYPPADAFDI
5f2b3528c6f997007ee2d692,ETGVQLWPPRL
5f2b3528c6f997007ee2d699,ARGFRAAMAXADSXYYYYDYGMDV
5f2b3528c6f997007ee2d69d,VTAADTATXFCARHHLLYGSGSFYHX
5f2b3528c6f997007ee2d69e,EQSXXXXLWLPLLRYGR
5f2b3528c6f997007ee2d6a2,ASLQSFLAVTYDWYFDL
5f2b3528c6f997007ee2d6a5,LXXXDTAVXYCARDRRCDNANCYGGWVDF
5f2b3528c6f997007ee2d6a8,XRHXDYYDXGXYKGYGMDV
5f2b3528c6f997007ee2d6a9,GRXFDYYDNGVYKGYGMDV
5f2b3528c6f997007ee2d6af,ARDXTIFGVVRDAXDY
5f2b3528c6f997007ee2d6b3,ERSRIFGVVIITGVVRP
5f2b3528c6f997007ee2d6b4,ARGSTGIAAANDHDY
5f2b3528c6f997007ee2d6ba,AAXXXVYXCXXXXXSXXXRLXXXXX
5f2b3528c6f997007ee2d6bf,ARASRRVLVPGTIGSPTRFDP
5f2b3528c6f997007ee2d6c4,GYDSRQPL
5f2b3528c6f997007ee2d6c8,TKGSGAARPYYFDS
5f2b3528c6f997007ee2d6c9,ASSIAGDGGXXGMDX
5f2b3528c6f997007ee2d6cd,ARDXTXXGVAAAXAFDI
5f2b3528c6f997007ee2d6cf,AREXXDFWXGYYYYYGMDV
5f2b3528c6f997007ee2d6d2,ARVQGLXSGDYFGWQDYYYGMDV
5f2b3528c6f997007ee2d6d6,ARGXXXXXXXXXCYXXXXDL
5f2b3528c6f997007ee2d6dc,ARDPCGLAVVVPAATYYYYYGMDV
5f2b3528c6f997007ee2d6de,VRGEVAILVVPGATGGDF
5f2b3528c6f997007ee2d6e0,AKWGRMQEASHFDF
5f2b3528c6f997007ee2d6e1,AXXPXNXXXXXDPXGY
5f2b3528c6f997007ee2d6e3,AKDLIISQWLVQMGAFDI
5f2b3528c6f997007ee2d6e5,AHAXXYCSGGRCYSGPFGRVTRDPYSFDY
5f2b3528c6f997007ee2d6ed,ARLPKYYFDESAFDI
5f2b3528c6f997007ee2d6ef,SRMAAYHFDY
5f2b3528c6f997007ee2d6f3,ARARTTVTTELFDY
5f2b3528c6f997007ee2d6f4,ARHYSALDH
5f2b3528c6f997007ee2d6f9,XXXXXAAAXXXXXXX
5f2b3528c6f997007ee2d6fa,ARDMITFGGVGYFDL
5f2b3528c6f997007ee2d6fb,ARGLRQDDFWSGSGYYFDYGMDV
5f2b3528c6f997007ee2d6ff,ARDWPGESDXFDI
5f2b3528c6f997007ee2d702,ERXGWXXVRXRHXL
5f2b3528c6f997007ee2d707,AKGLPSRYFDS
5f2b3528c6f997007ee2d709,ARDGYCSSTSCYNDYYYGMDV
5f2b3528c6f997007ee2d70d,ATGPQQWELSPPXVH
5f2b3528c6f997007ee2d70e,ARGRGLELPDY
5f2b3528c6f997007ee2d70f,ARHRLRPGPII
5f2b3528c6f997007ee2d710,AHRDVVGVATGFDY
5f2b3528c6f997007ee2d712,ARDLAPIAARPVGY
5f2b3528c6f997007ee2d713,ARDLAPIAARPVGY
5f2b3528c6f997007ee2d714,AGQLCRGTTCYFDF
5f2b3528c6f997007ee2d717,AREIRYCSGGSCTPLFAFDI
5f2b3528c6f997007ee2d718,ARGRYCSGGSCYFRVAEYFQH
5f2b3528c6f997007ee2d71a,ARMYDFWSGYGADS
5f2b3528c6f997007ee2d71c,ARGAGWYSDSWYXALFDY
5f2b3528c6f997007ee2d71d,ARDRGDQLLLGAVWFDP
5f2b3528c6f997007ee2d71f,ARGADFWSGSLDDY
5f2b3528c6f997007ee2d720,ASEEYVLLDFDWPYGSAFFDY
5f2b3528c6f997007ee2d722,TTLTGSIDGYYFDY
5f2b3528c6f997007ee2d725,AKDRYYSGSWTFDY
5f2b3528c6f997007ee2d726,SHYSNRWD
5f2b3528c6f997007ee2d728,ARDDSTAVGDY
5f2b3528c6f997007ee2d72b,ARVGGGGSNY
5f2b3528c6f997007ee2d72c,ATIREELLIGMDV
5f2b3528c6f997007ee2d72e,ARVGWLHLFDY
5f2b3528c6f997007ee2d72f,ARXXXXERGXARCLDY
5f2b3528c6f997007ee2d733,ARVERGNLDY
5f2b3528c6f997007ee2d735,ARGDCGGXXXDYFDY
5f2b3528c6f997007ee2d736,ARVDYGDYFEDY
5f2b3528c6f997007ee2d737,ARVSSIAAAGTRPLDY
5f2b3528c6f997007ee2d738,XYXFDY
5f2b3528c6f997007ee2d73e,ASPVGAKAAFDI
5f2b3528c6f997007ee2d73f,ASSLRSGSYYFDY
5f2b3528c6f997007ee2d744,ARHQQVVRRWELLANWFDP
5f2b3528c6f997007ee2d745,ARPRYWNYYGMDV
5f2b3528c6f997007ee2d746,ARGPKIIAARLGGFDY
5f2b3528c6f997007ee2d747,ARHPDSGWLDY
5f2b3528c6f997007ee2d74d,ARGEKAVASYYFDY
5f2b3528c6f997007ee2d750,ATLRLGEVFR
5f2b3528c6f997007ee2d751,ASYRAGAVGVTSPFAY
5f2b3528c6f997007ee2d752,RGSSSHTLDY
5f2b3528c6f997007ee2d754,AGGDY
5f2b3528c6f997007ee2d757,ARELYSSSSSFDY
5f2b3528c6f997007ee2d759,AREYLWGAVAGIGPYYYYGMDV
5f2b3528c6f997007ee2d75a,AYGTLGRSAFDI
5f2b3528c6f997007ee2d75b,ASTLGAYDFWSGYYTDY
5f2b3528c6f997007ee2d75e,ARVRLDSSGSGCFDY
5f2b3528c6f997007ee2d75f,ERDACGGDCYSPLSGMGV
5f2b3528c6f997007ee2d760,AKAIWLRGSGYYQMGFDY
5f2b3528c6f997007ee2d761,ARRYSSSWYFDY
5f2b3528c6f997007ee2d763,ATSGTPFQH
5f2b3528c6f997007ee2d765,ARDLLPADNYCGGDCYSSTGDY
5f2b3528c6f997007ee2d766,ASPLKMATTPGSFDY
5f2b3528c6f997007ee2d769,ARHRSIAVAGPAC
5f2b3528c6f997007ee2d76a,ARGSXYGYDRGKGSFDY
5f2b3528c6f997007ee2d76b,ARGDIVVVPAARLSDAFDI
5f2b3528c6f997007ee2d76e,ARLLGXSSGCGYGFDY
5f2b3528c6f997007ee2d76f,AGPYTSARAGP
5f2b3528c6f997007ee2d770,AREYGDGYNFDY
5f2b3528c6f997007ee2d772,ARGRGAYYYDSSDTTQNKNYYYYGMDV
5f2b3528c6f997007ee2d773,ARGSTFRIRSCYSY
5f2b3528c6f997007ee2d774,ARGGGSYFFDY
5f2b3528c6f997007ee2d776,EPEDSSSWYAPLLLLRYGR
5f2b3528c6f997007ee2d77b,ARGIAVAGTRDY
5f2b3528c6f997007ee2d77e,ARLPFVVVTVRLEPTGWFDP
5f2b3528c6f997007ee2d77f,ARDGELRYFDY
5f2b3528c6f997007ee2d780,ARDSDYYGSGSPLYYYYYGMDV
5f2b3528c6f997007ee2d783,AAQDRYCSSTSCVNYYYYGMDV
5f2b3528c6f997007ee2d784,ARECSGGXDGXYFDY
5f2b3528c6f997007ee2d785,ARGAYDSSGYSDY
5f2b3528c6f997007ee2d786,ARDLTLGITDS
5f2b3528c6f997007ee2d787,ARGIAVAGTRDY
5f2b3528c6f997007ee2d788,ARLTGWTVHYYYGMDV
5f2b3528c6f997007ee2d789,ARDXKXXFGGSSYYFDY
5f2b3528c6f997007ee2d78c,ASLYYGSGSYYSDY
5f2b3528c6f997007ee2d78d,ATEWTDHAFDI
5f2b3528c6f997007ee2d78e,ASASSGWYVHY
5f2b3528c6f997007ee2d78f,AKDERVRFGELFH
5f2b3528c6f997007ee2d791,AGDVSGLDAFDS
5f2b3528c6f997007ee2d792,ARLFTIFGVVGVGMDV
5f2b3528c6f997007ee2d793,ATTMVRGVMGGFDY
5f2b3528c6f997007ee2d794,ARDWGEVATRAWGY
5f2b3528c6f997007ee2d795,ARDRHGGYGYGYHLDY
5f2b3528c6f997007ee2d796,ARNRRD
5f2b3528c6f997007ee2d797,ARHSGASYGMDV
5f2b3528c6f997007ee2d799,TRDRFWEGSTLIPRPNYDYYYGMDV
5f2b3528c6f997007ee2d79e,ARGSNYYGSGSYYNRIDY
5f2b3528c6f997007ee2d79f,ARGVTMVAVAITFDY
5f2b3528c6f997007ee2d7a0,ARDTLRYSSGWYRGHGWFDP
5f2b3528c6f997007ee2d7a1,ARGYCGTSSCYRFDQ
5f2b3528c6f997007ee2d7a3,ARXXXGGDDDIDY
5f2b3528c6f997007ee2d7ab,ARLPVDCSSTSCSNWFDP
5f2b3528c6f997007ee2d7ac,ARRATLFGDAGY
5f2b3528c6f997007ee2d7ad,ARSPRDDAFDI
5f2b3528c6f997007ee2d7b0,ATGLAAPDAFDI
5f2b3528c6f997007ee2d7b1,ARPRYWNYYGMDV
5f2b3528c6f997007ee2d7b2,ARVSSSINRGVIIDY
5f2b3528c6f997007ee2d7b4,ARGXNTVVVAAEAYYFDY
5f2b3528c6f997007ee2d7b7,ARGAFFEVVAGPGXFDY
5f2b3528c6f997007ee2d7ba,AREWATAAAGLIDY
5f2b3528c6f997007ee2d7bb,ARGXSXSSFDP
5f2b3528c6f997007ee2d7bd,AKTSL
5f2b3528c6f997007ee2d7be,ARRGSRYSGSYYVF
5f2b3528c6f997007ee2d7c0,ARAPYGDYYFDY
5f2b3528c6f997007ee2d7c1,ASGSYDFWSRAWFAPRFDY
5f2b3528c6f997007ee2d7c4,ARRITMIVDDAFDI
5f2b3528c6f997007ee2d7c6,ARRAMATIIDY
5f2b3528c6f997007ee2d7c8,ARFLRDSSSWYGFDY
5f2b3528c6f997007ee2d7c9,AREGIAAAGTVDY
5f2b3528c6f997007ee2d7ca,ARWVGMGNWFDP
5f2b3528c6f997007ee2d7cc,SHGDSSTGGAFDY
5f2b3528c6f997007ee2d7cd,ARTVEMATIIDY
5f2b3528c6f997007ee2d7cf,AGQFCRGTTCYFDF
5f2b3528c6f997007ee2d7d1,AMSGPTFWYFDL
5f2b3528c6f997007ee2d7d2,ASLPRALGAFDI
5f2b3528c6f997007ee2d7d4,ARQGYGSGWGYFDH
5f2b3528c6f997007ee2d7d5,ARQESAHFDY
5f2b3528c6f997007ee2d7d6,ARGPGEGFDY
5f2b3528c6f997007ee2d7d7,AGHRTTVTTGYYFDY
5f2b3528c6f997007ee2d7d8,ASHSSGWVRYLDY
5f2b3528c6f997007ee2d7d9,ARGRWEGLATVIGDCMDV
5f2b3528c6f997007ee2d7db,ARLFIAARPSAFDY
5f2b3528c6f997007ee2d7de,ARGRFIITMVVXTSGYEEGDDY
5f2b3528c6f997007ee2d7e0,ARLVGRPDAFDI
5f2b3528c6f997007ee2d7e1,ARGVEIHSDDYGMDV
5f2b3528c6f997007ee2d7e3,ARGSNCDY
5f2b3528c6f997007ee2d7e4,ARGRCGGDCCSDY
5f2b3528c6f997007ee2d7e7,ASLWQLAPS
5f2b3528c6f997007ee2d7e8,ARDRGALKLWLQYFDY
5f2b3528c6f997007ee2d7e9,AREVSLGSSGINDY
5f2b3528c6f997007ee2d7ea,ASFPTSGSYPIDY
5f2b3528c6f997007ee2d7eb,ARPGGYPGSYYYYYGMDV
5f2b3528c6f997007ee2d7ec,AKDRTSGDGLWYFDF
5f2b3528c6f997007ee2d7ef,ASXSNXGGDYSDY
5f2b3528c6f997007ee2d7f1,ARGGSTTAVVSASCCFDH
5f2b3528c6f997007ee2d7f2,ARVGYSSGWATHIDY
5f2b3528c6f997007ee2d7f3,ASISQWLVN
5f2b3528c6f997007ee2d7f5,AKERGSAAAPEYYGMDV
5f2b3528c6f997007ee2d7f7,AREEGGCSSSCCYRYYCFDY
5f2b3528c6f997007ee2d7f8,ARHVDGSGSYFGNFDY
5f2b3528c6f997007ee2d7fb,ARERTPSAWGPSYYFDY
5f2b3528c6f997007ee2d7fd,ARGAAMWIRLXXRXNWFDH
5f2b3528c6f997007ee2d7fe,ARLPGGYYNNYYFDY
5f2b3528c6f997007ee2d800,ATVLSSNYYFDY
5f2b3528c6f997007ee2d803,ASQINYDFWSGSDY
5f2b3528c6f997007ee2d805,ARVRKLVKPYDAFDI
5f2b3528c6f997007ee2d808,ARGLYVLWFGELGGGY
5f2b3528c6f997007ee2d809,AADLRESTGTTTRYYYYYGMDV
5f2b3528c6f997007ee2d80a,ARDGDSSGCSFDY
5f2b3528c6f997007ee2d80b,ARVVGDMVRERSYFDY
5f2b3528c6f997007ee2d80c,ARAAAGPFTYWFDP
5f2b3528c6f997007ee2d80f,AHRREYYFDY
5f2b3528c6f997007ee2d811,ARHSGSGTYLFDY
5f2b3528c6f997007ee2d812,ARGHVRSTSGSRTLRS
5f2b3528c6f997007ee2d815,ARGVRSGRYYYYGMDV
5f2b3528c6f997007ee2d818,ARLVGRPDAFDI
5f2b3528c6f997007ee2d819,ARARRIVVVPAKTVAFDI
5f2b3528c6f997007ee2d81b,ARVXYXRRGSDAGFDY
5f2b3528c6f997007ee2d81d,ARSRLRGPNWFDP
5f2b3528c6f997007ee2d81f,ARGPNWNY
5f2b3528c6f997007ee2d820,AKDFPDGSGYFAYYFDY
5f2b3528c6f997007ee2d821,AAGNFDFWSWWY
5f2b3528c6f997007ee2d822,ARGTKVAAGTFGFDY
5f2b3528c6f997007ee2d823,ARHGDYDSLFFDY
5f2b3528c6f997007ee2d825,ARAWGRGYGDYSP
5f2b3528c6f997007ee2d829,ARGRILLGYYYGMDV
5f2b3528c6f997007ee2d82a,ASEPRYCTNGVCQREFWFDP
5f2b3528c6f997007ee2d82c,ASAPTLFPLVSCENSPSDTSSVAVGCLAQDFQ
5f2b3528c6f997007ee2d82d,ARXXVRXXXXWEXXTKGYXDX
5f2b3528c6f997007ee2d831,ARAVGATDYFDY
5f2b3528c6f997007ee2d832,ARDRVVPAAILGY
5f2b3528c6f997007ee2d833,ARDRVVPAAILGY
5f2b3528c6f997007ee2d834,ARHAPPRGWPGYNGMDV
5f2b3528c6f997007ee2d836,ARNNWNYELIDY
5f2b3528c6f997007ee2d838,ARCVTVVTPGHYFDY
5f2b3528c6f997007ee2d839,ASVDTAMGTSDY
5f2b3528c6f997007ee2d83d,ARGSLARSGSYCFDS
5f2b3528c6f997007ee2d83e,ARDRRYDYVQRSYYGMDV
5f2b3528c6f997007ee2d83f,ATRYSSSSKFDY
5f2b3528c6f997007ee2d840,ARREPTAMAFDY
5f2b3528c6f997007ee2d841,AHTPNYDFWSGLEYYFDY
5f2b3528c6f997007ee2d846,ASGIYDILTAPN
5f2b3528c6f997007ee2d847,ARLEPYYYGSGSRMASDGMDV
5f2b3528c6f997007ee2d848,ARVSCSSISCYDA
5f2b3528c6f997007ee2d849,ATAWDSGNYYDR
5f2b3528c6f997007ee2d84a,ARAGRGWFGESSRDY
5f2b3528c6f997007ee2d84c,ARIPRAARSGWFDP
5f2b3528c6f997007ee2d84f,VHLVYGSGNYNWFDS
5f2b3528c6f997007ee2d851,ARQRNYVILTGQLYYFGY
5f2b3528c6f997007ee2d853,ARXTGAYYDYVWGSYY
5f2b3528c6f997007ee2d856,ARXXKYHGSGSNLLXFDY
5f2b3528c6f997007ee2d857,AREGSSWSWSFDY
5f2b3528c6f997007ee2d858,ARIMITFGGVAN
5f2b3528c6f997007ee2d859,ARSIAARHPLDY
5f2b3528c6f997007ee2d85c,ARGGDPNYDFWSGYHPDY
5f2b3528c6f997007ee2d85d,ATSNWDYYFDY
5f2b3528c6f997007ee2d85e,ATVVGLSNWNPFDY
5f2b3528c6f997007ee2d861,ARLLGSDAFDI
5f2b3528c6f997007ee2d864,AADPTSSPGKGYCSGGSCYSP
5f2b3528c6f997007ee2d866,ARVMAAMVSVNWFDP
5f2b3528c6f997007ee2d867,ARLDRGWLQFD
5f2b3528c6f997007ee2d868,ARDQGGFGELMADAFDI
5f2b3528c6f997007ee2d86b,ARRFSGGLFDY
5f2b3528c6f997007ee2d86c,AKEIHSSRGFDY
5f2b3528c6f997007ee2d86d,ARSVSPKAVYYDILTGYPTPYYYYGMDV
5f2b3528c6f997007ee2d86e,ARHFNGGSYHIDY
5f2b3528c6f997007ee2d86f,ARGEKAVASYYFDY
5f2b3528c6f997007ee2d870,ARDAVRTGSDCYYFDY
5f2b3528c6f997007ee2d874,ARGQQLTIDY
5f2b3528c6f997007ee2d876,ARLAGLERRRDSRNFDY
5f2b3528c6f997007ee2d877,ARTWVGASHAFDI
5f2b3528c6f997007ee2d878,ARHQETAMVDD
5f2b3528c6f997007ee2d87a,ARVNYSNYPFGMDV
5f2b3528c6f997007ee2d87d,ARDPTGSDAFDI
5f2b3528c6f997007ee2d87e,TTDRGGVAGIVCY
5f2b3528c6f997007ee2d87f,AREVAAEGAFDY
5f2b3528c6f997007ee2d880,ARAPPTGGFDY
5f2b3528c6f997007ee2d882,ARAVSGSYHDY
5f2b3528c6f997007ee2d883,AGGEKAVASYYFDY
5f2b3528c6f997007ee2d884,ARGRYYDFWSGYYLWFDP
5f2b3528c6f997007ee2d885,ETPGVRTSSGWSELVRP
5f2b3528c6f997007ee2d887,ARQGAAADPVVYYYYGMDV
5f2b3528c6f997007ee2d888,ARDLRSSGSSGY
5f2b3528c6f997007ee2d88a,AKDLSSGWYPGDFDY
5f2b3528c6f997007ee2d88b,TTEQIDY
5f2b3528c6f997007ee2d88d,ARARSGGDY
5f2b3528c6f997007ee2d890,ASRYSSSPRDY
5f2b3528c6f997007ee2d892,ARSNGGQGSYFDY
5f2b3528c6f997007ee2d893,ATEPNYYDSSCGSAFDI
5f2b3528c6f997007ee2d895,ASTNSGWYAGSFDY
5f2b3528c6f997007ee2d898,ARIQYQLLGSYYYYGMDV
5f2b3528c6f997007ee2d899,ARGPGCTSSTCPYYFDY
5f2b3528c6f997007ee2d89a,ARDGESSGWYDPFDY
5f2b3528c6f997007ee2d89b,ARHLDLGILFPFDC
5f2b3528c6f997007ee2d8a2,AKEYLATVTTSDY
5f2b3528c6f997007ee2d8a3,ARDLQVVPASPNCSGGSCYVGSAFDI
5f2b3528c6f997007ee2d8a4,TTEGGVGATLDY
5f2b3528c6f997007ee2d8a5,ARRVEPYYYGMDV
5f2b3528c6f997007ee2d8a7,ARRYYDSSGWGPDGAFDI
5f2b3528c6f997007ee2d8a8,ARRDTAMANCFDY
5f2b3528c6f997007ee2d8ab,ARDFLWGGSYLRGRYFDL
5f2b3528c6f997007ee2d8ac,ARDPPWDEGNAFDI
5f2b3528c6f997007ee2d8ad,ARGLNWRSLYWYFDL
5f2b3528c6f997007ee2d8af,ARWDQQLTPKLDY
5f2b3528c6f997007ee2d8b0,ARGPISGARSKWFDP
5f2b3528c6f997007ee2d8b2,AGDLLPGNWYFDL
5f2b3528c6f997007ee2d8b3,AXDPGPYYDFWSGYTDAFDI
5f2b3528c6f997007ee2d8b4,AKGRAVAGTFDY
5f2b3528c6f997007ee2d8b6,AADPTSSPGKGYCSGGSCYSP
5f2b3528c6f997007ee2d8ba,ARDLRQLGPEYYGMDV
5f2b3528c6f997007ee2d8bc,TTGPFGLWYYDYVRGSYRSAKLDY
5f2b3528c6f997007ee2d8be,ATLLWFGELPDAFDI
5f2b3528c6f997007ee2d8c0,DVSAVYYVGSGVIGSGNAVDI
5f2b3528c6f997007ee2d8c3,AREGVAGRRFDP
5f2b3528c6f997007ee2d8c5,ARGREDIVVVPAANTYYYYGMDV
5f2b3528c6f997007ee2d8c6,ARSEDGSSSWYWAFDI
5f2b3528c6f997007ee2d8c7,ARAPHYSSSWYTAVSAHDDV
5f2b3528c6f997007ee2d8c8,ARHPGSMAVADNYFDY
5f2b3528c6f997007ee2d8c9,ATESPNGMDV
5f2b3528c6f997007ee2d8ca,ARQSGYCSGGSRGCAFDI
5f2b3528c6f997007ee2d8cb,ARVGSVTTSFDY
5f2b3528c6f997007ee2d8cc,ARVGSVTTSSSGRFDY
5f2b3528c6f997007ee2d8cd,ARAGTALDAFDI
5f2b3528c6f997007ee2d8cf,ARXXVAGSSGDYYYGMDY
5f2b3528c6f997007ee2d8d0,ARXQIEVARRFDS
5f2b3528c6f997007ee2d8d1,ARXXXRSSSRAATFDL
5f2b3528c6f997007ee2d8d2,ASQLGYCSSTSCPPDY
5f2b3528c6f997007ee2d8d3,AHRSSTSSDSFYYYYYGMDV
5f2b3528c6f997007ee2d8d5,ATSATVVNGGRD
5f2b3528c6f997007ee2d8d6,ARLGRNAFDI
5f2b3528c6f997007ee2d8d7,ARGAYSYGPLDY
5f2b3528c6f997007ee2d8d8,AKGAQWLVDI
5f2b3528c6f997007ee2d8d9,ARRLLAVAATEDY
5f2b3528c6f997007ee2d8da,ARGPNWNY
5f2b3528c6f997007ee2d8db,ARSNYYGSGSYDL
5f2b3528c6f997007ee2d8dc,ARAWLLWHGMDV
5f2b3528c6f997007ee2d8dd,ARHGGLNSSSWYEGFDY
5f2b3528c6f997007ee2d8de,ARVXSTVXKGSLDWFDY
5f2b3528c6f997007ee2d8df,AHRRGLRQPDAFDI
5f2b3528c6f997007ee2d8e1,ARIFFPPRAQRYGMDV
5f2b3528c6f997007ee2d8e2,ARDDYYDSSGYFRGVDY
5f2b3528c6f997007ee2d8e5,AKWRILEWLVY
5f2b3528c6f997007ee2d8e6,AAHWGPGTFDY
5f2b3528c6f997007ee2d8e7,ARHRDYGDYEELGWFDP
5f2b3528c6f997007ee2d8e8,ARVRGSSSGQRIDY
5f2b3528c6f997007ee2d8ea,ARTLHYYDSSGYYLYYFDS
5f2b3528c6f997007ee2d8eb,ARYGFWNGSSWYEVFDY
5f2b3528c6f997007ee2d8ec,ARGSLDIVVVPAATGYYYFDY
5f2b3528c6f997007ee2d8ed,ARRSGRXXGSYLDS
5f2b3528c6f997007ee2d8ee,ARRSGRGSYLQS
5f2b3528c6f997007ee2d8ef,ARRSGRGSYLQS
5f2b3528c6f997007ee2d8f1,ARAAARRLDY
5f2b3528c6f997007ee2d8f3,AGQFCRGTTCYFDF
5f2b3528c6f997007ee2d8f4,ARIDYYDSSGYIEYFQH
5f2b3528c6f997007ee2d8f5,ARGRSRGTWVYYNGYGMDV
5f2b3528c6f997007ee2d8f6,ARGIFGGYPPSGN
5f2b3528c6f997007ee2d8f7,ARDGDGYSYGVYFDY
5f2b3528c6f997007ee2d8fc,ARWVRIAAAGTIPLF
5f2b3528c6f997007ee2d8fd,ARGSAGDCGGDCYPNYFDY
5f2b3528c6f997007ee2d900,EAGLLRFLEWLPGGPQLVRP
5f2b3528c6f997007ee2d902,ARCPTDSSGYYYMGSAMDV
5f2b3528c6f997007ee2d903,AHSADGPYDFWSGYYPYYFDY
5f2b3528c6f997007ee2d904,ARGENYNAFDI
5f2b3528c6f997007ee2d905,TKEDY
5f2b3528c6f997007ee2d906,ARLRYYYDSSGYPWYFDL
5f2b3528c6f997007ee2d90a,ARQGGAFDI
5f2b3528c6f997007ee2d90b,ARDYDFWSGDPNWFDP
5f2b3528c6f997007ee2d90c,ARVRPLLLMTTGWYFDL
5f2b3528c6f997007ee2d90d,ARGIRGGSSWYRIYGAFDI
5f2b3528c6f997007ee2d90f,ARRGGRSSYGCWSCSFDY
5f2b3528c6f997007ee2d910,TTDRDDFWSGYYHGHFSHWQH
5f2b3528c6f997007ee2d911,ARDPTSYDFWSGYRFHTNWFDP
5f2b3528c6f997007ee2d912,ARAPNWNDGVFDY
5f2b3528c6f997007ee2d915,ARRMEGGWLKRGRSGGMDV
5f2b3528c6f997007ee2d916,ARGYYDFWSGYYDY
5f2b3528c6f997007ee2d918,ARERGGPGNWFDP
5f2b3528c6f997007ee2d919,ARGDLLPAAMADAFDI
5f2b3528c6f997007ee2d91b,ASLHILPSQA
5f2b3528c6f997007ee2d91c,ARDSSGWPRPGGESVPGAINLDY
5f2b3528c6f997007ee2d91e,ARLDAAKRGYDY
5f2b3528c6f997007ee2d921,ARASDYDFWSGSPRGMDV
5f2b3528c6f997007ee2d922,SITGEDSDFDY
5f2b3528c6f997007ee2d924,ASQAVAGTFTSLGYFDL
5f2b3528c6f997007ee2d925,ARGLHVLWFGELWGGY
5f2b3528c6f997007ee2d926,ARDKYSLNWFDP
5f2b3528c6f997007ee2d927,ARIKYGVGAYFDY
5f2b3528c6f997007ee2d928,ARDRPGGSSSWYYNWGIDY
5f2b3528c6f997007ee2d929,AKAGSGWETDY
5f2b3528c6f997007ee2d92a,ASRATLQLGYYGMDV
5f2b3528c6f997007ee2d92b,ASRATLQLGYYGGFDY
5f2b3528c6f997007ee2d92c,ARVPQY
5f2b3528c6f997007ee2d92d,ARDRLXXXGGVAGXYYYYGMDV
5f2b3528c6f997007ee2d931,ARVRGSDSLDY
5f2b3528c6f997007ee2d933,ARHVVGAHYGMDV
5f2b3528c6f997007ee2d937,ARVYYGDYRNAFDI
5f2b3528c6f997007ee2d939,ASFGNPSYGMDV
5f2b3528c6f997007ee2d93c,ARGASGSYGYWXVDY
5f2b3528c6f997007ee2d93d,ARERASWLL
5f2b3528c6f997007ee2d93f,EXXXXCSSXSXDXXYYYXXXRYGR
5f2b3528c6f997007ee2d941,ARXARLXGSGCYFDY
5f2b3528c6f997007ee2d943,ARGTGPQNWFDP
5f2b3528c6f997007ee2d945,ARGXYCGSNSCRYGPFDY
5f2b3528c6f997007ee2d946,ARASMYYDYRSGYWFGYFDY
5f2b3528c6f997007ee2d947,ARYQPRDYYYYYGMDV
5f2b3528c6f997007ee2d949,ARGXAXXGGFDY
5f2b3528c6f997007ee2d94b,ATHTDADYYVPLDN
5f2b3528c6f997007ee2d94c,ARGFIAARLCWFDP
5f2b3528c6f997007ee2d94e,ARGXAFWSGIVAATIDY
5f2b3528c6f997007ee2d94f,ARGWASSLAY
5f2b3528c6f997007ee2d950,ARGTFYGSAHPFDY
5f2b3528c6f997007ee2d951,ARTAHEDYGDYELDY
5f2b3528c6f997007ee2d953,ARAYCDFWSGYYEFDY
5f2b3528c6f997007ee2d954,ASSIAGVVGVVTRFDY
5f2b3528c6f997007ee2d958,ARDLDYXVGAYYLDY
5f2b3528c6f997007ee2d95c,ASYEYSGSLHDY
5f2b3528c6f997007ee2d95d,ARGIVPAAIMVFDP
5f2b3528c6f997007ee2d95f,ARGGGVRRRRDYGMDG
5f2b3528c6f997007ee2d960,ARGCCSSTSCYTRRIMDY
5f2b3528c6f997007ee2d962,ARILIRKEAARIGNYYYGMDV
5f2b3528c6f997007ee2d964,ARDSLWFGGEGDYYGFDV
5f2b3528c6f997007ee2d965,AKSHGRGIVGATPRLRGYFDL
5f2b3528c6f997007ee2d966,ARSFLGYVDV
5f2b3528c6f997007ee2d969,AHTQQLVQFDY
5f2b3528c6f997007ee2d96b,AREDSSGFHDY
5f2b3528c6f997007ee2d96c,AKSEYQYDTRPLEYFQH
5f2b3528c6f997007ee2d96d,ARWAEVEMATISDYGMDD
5f2b3528c6f997007ee2d96e,ARRRGYSCHGYYFDY
5f2b3528c6f997007ee2d96f,TTDLKDYDFWSGYYTGITDTDAFDI
5f2b3528c6f997007ee2d972,ASIHRGSDYYGMDV
5f2b3528c6f997007ee2d973,ARHEEYQLPETGGVSYFDY
5f2b3528c6f997007ee2d975,ARVSCNRYSCYAVAI
5f2b3528c6f997007ee2d97b,ARLMYSSGWYYMVGRNDAFDI
5f2b3528c6f997007ee2d97d,ARGTDRSPFDY
5f2b3528c6f997007ee2d97e,ARDRAIVVVPADPSWFDP
5f2b3528c6f997007ee2d980,ARASSGCDY
5f2b3528c6f997007ee2d981,ARTGYSYGYYFDY
5f2b3528c6f997007ee2d982,ERCRGG
5f2b3528c6f997007ee2d983,ARDLQWLDG
5f2b3528c6f997007ee2d985,ATGSYRTHYFDY
5f2b3528c6f997007ee2d987,ARDLRGFGIYGMDV
5f2b3528c6f997007ee2d989,TTDLKDYDFWSGYYTGITDTDAFDI
5f2b3528c6f997007ee2d98b,ARGGGYCSGGSCYLDY
5f2b3528c6f997007ee2d98c,ARMGSGYGVYYYGMDV
5f2b3528c6f997007ee2d98d,ARQLDSGWSGYYYDYFDV
5f2b3528c6f997007ee2d98e,AHRRGAVAGTKGHRALFFDY
5f2b3528c6f997007ee2d98f,AHRGWLGFDY
5f2b3528c6f997007ee2d991,AADDLSVGY
5f2b3528c6f997007ee2d992,AHREDYYGSGNFDY
5f2b3528c6f997007ee2d994,ARHEREGNYYYSGMDV
5f2b3528c6f997007ee2d995,AREMVNLMVYAYGMDV
5f2b3528c6f997007ee2d997,AWDAFPYYYDSSGYLRHPRRFDY
5f2b3528c6f997007ee2d998,ARVASLAPFDP
5f2b3528c6f997007ee2d99b,ARVAYYDSSGYPGRLDY
5f2b3528c6f997007ee2d99c,ARERMATTPPYYYYGMDV
5f2b3528c6f997007ee2d99d,AQAEQQLVLRGFDP
5f2b3528c6f997007ee2d99e,ARYGWRDGAFDI
5f2b3528c6f997007ee2d9a0,ARHGEASSGRMGDVHFDH
5f2b3528c6f997007ee2d9a6,ARKHELGGWREDDAFDI
5f2b3528c6f997007ee2d9a7,ARGRCDGGVXHRNYSFDY
5f2b3528c6f997007ee2d9aa,ASFSWSNHY
5f2b3528c6f997007ee2d9ad,ARDVIAAAGTSRWFDP
5f2b3528c6f997007ee2d9ae,ARDFDPRIATARFDP
5f2b3528c6f997007ee2d9af,AKDIRGAFDI
5f2b3528c6f997007ee2d9b0,ARDSWLRDENWFDP
5f2b3528c6f997007ee2d9b1,ARPRSSGWYYYGMDV
5f2b3528c6f997007ee2d9b6,ARVGDIYYYYYGMDV
5f2b3528c6f997007ee2d9ba,AGGDYDSSGYGGLLDY
5f2b3528c6f997007ee2d9bb,ATIREELLIGMDV
5f2b3528c6f997007ee2d9bc,ARDHDSRQRQYYFDY
5f2b3528c6f997007ee2d9be,AKVDCSGGSCSSPFDY
5f2b3528c6f997007ee2d9c0,ARGHREVPAALDY
5f2b3528c6f997007ee2d9c3,ARVGDLFRGSSCYGDFDY
5f2b3528c6f997007ee2d9c4,ATSSWYSFKLDY
5f2b3528c6f997007ee2d9c5,ARDWGRDGSGSYYNVEGVIREYYYYGMDV
5f2b3528c6f997007ee2d9c6,ARDPGGGSYPANYFDY
5f2b3528c6f997007ee2d9c9,ARERLYGCTYTFDY
5f2b3528c6f997007ee2d9cb,ARQTGVPNCFDP
5f2b3528c6f997007ee2d9ce,AREHAPYFIAAAGRD
5f2b3528c6f997007ee2d9d0,ARDGYKHYGMDV
5f2b3528c6f997007ee2d9d1,ARGKRAARVVAFDI
5f2b3528c6f997007ee2d9d4,PLVSCENSPSDTSSVAVGCLAQDF
5f2b3528c6f997007ee2d9d7,ATTHYGDYVYYFDY
5f2b3528c6f997007ee2d9db,ATDYDLFDI
5f2b3528c6f997007ee2d9dc,ARVGSRSGWTGCWFDY
5f2b3528c6f997007ee2d9dd,ARGPNWNY
5f2b3528c6f997007ee2d9df,ARHQQVVRRWELLANWFDP
5f2b3528c6f997007ee2d9e2,AHRRWDRGDSEYFDL
5f2b3528c6f997007ee2d9e4,ARXHFWNGXXFDDFDY
5f2b3528c6f997007ee2d9e5,ASGGIAARGAGY
5f2b3528c6f997007ee2d9e7,ARSPIYHAFDI
5f2b3528c6f997007ee2d9e8,ATGRRRFDP
5f2b3528c6f997007ee2d9eb,ARHTTATVTSHGY
5f2b3528c6f997007ee2d9ec,ARVPPPNLANFDH
5f2b3528c6f997007ee2d9f3,ARGYVDTENWFDP
5f2b3528c6f997007ee2d9f6,ARGSSSSWYGY
5f2b3528c6f997007ee2d9f7,ARAHDYDFWSGYYHFDY
5f2b3528c6f997007ee2d9fb,ARRGLYQYLENYYGMDV
5f2b3528c6f997007ee2d9fc,AHHDYGGNLLFDY
5f2b3528c6f997007ee2d9ff,ANERYQLLSYYFDY
5f2b3528c6f997007ee2da00,ARESDY
5f2b3528c6f997007ee2da03,ARGHDYGDSVG
5f2b3528c6f997007ee2da09,ARGSLEPGISWYFDP
5f2b3528c6f997007ee2da0a,ARIVDDRANRANWFDP
5f2b3528c6f997007ee2da0b,ASAYYDCWSGYYEFDY
5f2b3528c6f997007ee2da0c,ARDRVGFLPIR
5f2b3528c6f997007ee2da0d,ARGPNYYDSSGCLNWFDP
5f2b3528c6f997007ee2da0e,ARDGGKWELPRHFDY
5f2b3528c6f997007ee2da10,ARDGRGAAAGTTYYFDY
5f2b3528c6f997007ee2da11,AKDSGYLTQFFDY
5f2b3528c6f997007ee2da13,ARVSPASSGWRYYFDY
5f2b3528c6f997007ee2da15,ARYGWRDGAFDI
5f2b3528c6f997007ee2da18,ARXGAMIDYGFDP
5f2b3528c6f997007ee2da1b,ARGREDIVVVPAANTYYYYGMDV
5f2b3528c6f997007ee2da1c,AKESRLNDI
5f2b3528c6f997007ee2da1d,ARYGAQYYDSSGYYYGEFDY
5f2b3528c6f997007ee2da1f,ARGRPTIFGVVRARWWFDP
5f2b3528c6f997007ee2da20,ARHLKQQLRATTPRFDY
5f2b3528c6f997007ee2da23,ARRGKHGSGSYGY
5f2b3528c6f997007ee2da24,AGDVSGLDAFDI
5f2b3528c6f997007ee2da25,ARDLLCSSGSPGNWYFDY
5f2b3528c6f997007ee2da26,ERALRRL
5f2b3528c6f997007ee2da27,GGGGVCSSTSCYSDPLRYGR
5f2b3528c6f997007ee2da28,ASGTFNDDVWGSYRPFDV
5f2b3528c6f997007ee2da29,ATWELGTSPC
5f2b3528c6f997007ee2da2a,EPVDPAAHPRPPGPELLLLRYGR
5f2b3528c6f997007ee2da2c,ARDLGIAVAGGYYYYGMDV
5f2b3528c6f997007ee2da2e,ARGQVNYYDSSGYYL
5f2b3528c6f997007ee2da30,ARDYLAYGMDV
5f2b3528c6f997007ee2da32,ARGRQLVSGWYVKYNWFDP
5f2b3528c6f997007ee2da33,ASRDTAMDFDY
5f2b3528c6f997007ee2da34,ARGVVHDC
5f2b3528c6f997007ee2da36,TRDLHSARSGDFDY
5f2b3528c6f997007ee2da3b,ARRIFGVSPYFDY
5f2b3528c6f997007ee2da3d,ARQGYGSGWGYFDH
5f2b3528c6f997007ee2da3e,ARGASGSYLPNFDY
5f2b3528c6f997007ee2da3f,ARAHLPSRRWFDP
5f2b3528c6f997007ee2da40,AIRGLSSSLGIGDY
5f2b3528c6f997007ee2da43,ARGIFGGYPPSGN
5f2b3528c6f997007ee2da46,ARDRPTYGDYGGYYYGMDV
5f2b3528c6f997007ee2da47,ARRDGGDSVGAY
5f2b3528c6f997007ee2da49,ARGRYCSGGSCYFRVAEYFEH
5f2b3528c6f997007ee2da4a,AREGFYYGSGSQTSHFDY
5f2b3528c6f997007ee2da4d,ASPARRGAAAANQFDY
5f2b3528c6f997007ee2da4e,ARDPIVPAARLSDAFDI
5f2b3528c6f997007ee2da4f,ARPLDY
5f2b3528c6f997007ee2da52,ARSGVNRGSLDY
5f2b3528c6f997007ee2da53,AXXRXXVXAXSGAFFDY
5f2b3528c6f997007ee2da54,AIGYYDFWSDYYPLDY
5f2b3528c6f997007ee2da55,ASSRSSSGWYVRLLYFDY
5f2b3528c6f997007ee2da57,ARIVDDRANRANWFDP
5f2b3528c6f997007ee2da59,ARSPTWEGALMGSGYRIFDY
5f2b3528c6f997007ee2da5c,ARELYYDSSVGY
5f2b3528c6f997007ee2da5d,VRGSAGDCGGDCYPNYFDY
5f2b3528c6f997007ee2da5e,ARESLSGRRFDP
5f2b3528c6f997007ee2da61,ARDKRYSYLSYFDY
5f2b3528c6f997007ee2da64,TTLTGSIDGYYFDY
5f2b3528c6f997007ee2da65,ARSSGYHLYDAFDI
5f2b3528c6f997007ee2da66,ARDRGEVATRAWGY
5f2b3528c6f997007ee2da69,ASTSKDEGLGVPYFDY
5f2b3528c6f997007ee2da6c,AKAQGMPPKGIAARFLAYYYYGMDV
5f2b3528c6f997007ee2da6d,AHSRAFGGKSPYFDY
5f2b3528c6f997007ee2da6e,ARGGTSDSGGYYCDS
5f2b3528c6f997007ee2da6f,SASAPTLFPLVSCENSPSDTSSVAVGCLAQDF
5f2b3528c6f997007ee2da70,ARRXLLWFDGLDY
5f2b3528c6f997007ee2da71,AVEMTTPCDS
5f2b3528c6f997007ee2da73,AREGAATDAFDI
5f2b3528c6f997007ee2da75,ASSGSASAPTLFPLVSCENSPSDTSSVAVGCLAQDF
5f2b3528c6f997007ee2da76,ARGAKITIFGVVKWGQNWFDP
5f2b3528c6f997007ee2da77,ARAPWGYYYGSGSYYYFDY
5f2b3528c6f997007ee2da78,ARHXVVVATRQNGFDY
5f2b3528c6f997007ee2da79,ARFKRCSSTSCPNDAFDI
5f2b3528c6f997007ee2da7a,AREARAVIQLWLLAH
5f2b3528c6f997007ee2da7d,ARGLLRYGGGGYFDY
5f2b3528c6f997007ee2da7e,ARVRPRSYSSSLGGFIDY
5f2b3528c6f997007ee2da82,ARGHRKVYYYYYGMDV
5f2b3528c6f997007ee2da83,AKDKRMGSGLAGYFDL
5f2b3528c6f997007ee2da84,AGAPSPQLSSWYYFDS
5f2b3528c6f997007ee2da85,AREQGGVYDFWSGDNADYYYGMDV
5f2b3528c6f997007ee2da87,AKDNTPYSSSGSRWFDP
5f2b3528c6f997007ee2da88,ARPPPLYSSSWYYFDY
5f2b3528c6f997007ee2da8b,ARGNMVRGGCFDS
5f2b3528c6f997007ee2da8c,AKSTGSLATEFDY
5f2b3528c6f997007ee2da8d,RQVRSSGNSAPLLST
5f2b3528c6f997007ee2da90,ARGPTSSCYFDY
5f2b3528c6f997007ee2da91,AKDLSSGWYPGDFDY
5f2b3528c6f997007ee2da93,AKEVAVAGTLDY
5f2b3528c6f997007ee2da94,ARRDTATDAFDI
5f2b3528c6f997007ee2da95,ARVKSTVTTGIHTPTYYFDY
5f2b3528c6f997007ee2da96,ARAPEXXFGSGNYGLDY
5f2b3528c6f997007ee2da97,ASLAYSSSWYGRYFQH
5f2b3528c6f997007ee2da99,ARDPAGRFYFDY
5f2b3528c6f997007ee2da9a,ARDAAAAPFRY
5f2b3528c6f997007ee2da9b,APPKAWNYMFDP
5f2b3528c6f997007ee2da9d,AKDPSSSWYEVNGYFQH
5f2b3528c6f997007ee2da9f,ASRSPAADY
5f2b3528c6f997007ee2daa0,AELTGDRGADY
5f2b3528c6f997007ee2daa1,ARIREGTTSNDIDY
5f2b3528c6f997007ee2daa2,ARQGYGSGWGYFDH
5f2b3528c6f997007ee2daa4,ARDXGDTSDWNXXYXWYVDF
5f2b3528c6f997007ee2daa5,ARDRSSYDILTGYVGDAFDI
5f2b3528c6f997007ee2daa6,ARYAPPYATDFWSAATDY
5f2b3528c6f997007ee2daaa,ARGGLGQQLRRSNYGMDV
5f2b3528c6f997007ee2daad,ARILWCRGGDYYYGMDV
5f2b3528c6f997007ee2daae,ASTAAGIDY
5f2b3528c6f997007ee2dab0,ASGVDSAYVGMDV
5f2b3528c6f997007ee2dab1,ARAFDSDGYWFIDY
5f2b3528c6f997007ee2dab3,ARGNVARQLVFGSWFDP
5f2b3528c6f997007ee2dab4,TTAPTKAPDVFPIISGCRHPKDNSPVVLACLITGYHPTSVTVTWY
5f2b3528c6f997007ee2dab5,ARGYYDFRSGYYFDY
5f2b3528c6f997007ee2dab6,ARAQAVCGAAXSLDY
5f2b3528c6f997007ee2daba,ARGRGWFDP
5f2b3528c6f997007ee2dabb,AHSISCSSTSCYRWLYYYGMDV
5f2b3528c6f997007ee2dabc,ARGPPTLSGYYPRSFDY
5f2b3528c6f997007ee2dabd,ARGGVSAMGVNLVGYFDY
5f2b3528c6f997007ee2dabe,ARRTLSDTS
5f2b3528c6f997007ee2dac0,ARLSGYIVVVPAAGYNWFDP
5f2b3528c6f997007ee2dac1,ARIHYDISGTQKRSFDY
5f2b3528c6f997007ee2dac3,ARVGDPPYYFDY
5f2b3528c6f997007ee2dac7,ARLDRGWLQFD
5f2b3528c6f997007ee2dac9,ASSDKGARNY
5f2b3528c6f997007ee2dacc,ARGRXXREISGFDAYFDY
5f2b3528c6f997007ee2dacd,ARGASYRYSSGLPPYFDY
5f2b3528c6f997007ee2dace,TRSGPTFWYFDL
5f2b3528c6f997007ee2dacf,ARSRDGYNRNRYYFDY
5f2b3528c6f997007ee2dad0,ASAGP
5f2b3528c6f997007ee2dad1,ARASDYDFWSGAYYFDY
5f2b3528c6f997007ee2dad2,ARLVGATTDY
5f2b3528c6f997007ee2dad3,ARGFEGGASDY
5f2b3528c6f997007ee2dad4,ARGPNWNY
5f2b3528c6f997007ee2dad6,ARPHGXXWRHYYYGMDV
5f2b3528c6f997007ee2dad7,ARFYTPIVRGMDV
5f2b3528c6f997007ee2dada,ARGYGPXGGHRGGAXYGIDF
5f2b3528c6f997007ee2dadb,ARRTFSRVVSDWACYFDY
5f2b3528c6f997007ee2dadc,ARSSGDAFDI
5f2b3528c6f997007ee2dadd,ARGPYGDSPGY
5f2b3528c6f997007ee2dade,ASRTAMVQIGAFDI
5f2b3528c6f997007ee2dadf,ARVPQY
5f2b3528c6f997007ee2dae1,ARTHPYGDYPTP
5f2b3528c6f997007ee2dae3,ARGPNWNY
5f2b3528c6f997007ee2dae4,ARAVDIVVVPAAIPDYPGYSSSWYSNDYGMDV
5f2b3528c6f997007ee2dae5,ATIREELLIGMDV
5f2b3528c6f997007ee2dae6,ARKGSSGWYEYXHAFDX
5f2b3528c6f997007ee2dae7,ARERSAAVAWFDP
5f2b3528c6f997007ee2dae8,ARDXAVAACXNCFDY
5f2b3528c6f997007ee2dae9,ARELNRGGKGVGYYYYGMDV
5f2b3528c6f997007ee2daeb,ARGYCSSTSCSNWFDP
5f2b3528c6f997007ee2daf1,ARGKVVPAATFDY
5f2b3528c6f997007ee2daf2,ARGFSMVRAPYAFDI
5f2b3528c6f997007ee2daf5,ARDLAVAGDTFDY
5f2b3528c6f997007ee2daf6,ARAKYSSRGVIDY
5f2b3528c6f997007ee2daf8,ARRRSGKNSGWDQGDFEN
5f2b3528c6f997007ee2daf9,ARGYDFWSGFDY
5f2b3528c6f997007ee2dafa,ASRSIAARPHAIDY
5f2b3528c6f997007ee2dafd,ASIAATGYFDY
5f2b3528c6f997007ee2daff,AREGAATDAFDI
5f2b3528c6f997007ee2db00,TRHGSSSWSEFDY
5f2b3528c6f997007ee2db01,ARGGLGYCTNGVCSFDY
5f2b3528c6f997007ee2db03,ARHASPQLVDY
5f2b3528c6f997007ee2db04,ARRNWRYYYDP
5f2b3528c6f997007ee2db09,ARSPVAARPHYFDY
5f2b3528c6f997007ee2db0b,AKAGERFTVAGHLDY
5f2b3528c6f997007ee2db0c,AHKKNYDFWSGYYTAQGGFDY
5f2b3528c6f997007ee2db0e,ARGMEQLVGCVGY
5f2b3528c6f997007ee2db12,ARGANTWIQLWRPYYFDY
5f2b3528c6f997007ee2db13,AWGSEDDAFDI
5f2b3528c6f997007ee2db15,ARGGRVLRRAGHGGIDY
5f2b3528c6f997007ee2db16,ARDRSIVPFDY
5f2b3528c6f997007ee2db1b,AADDLSVGY
5f2b3528c6f997007ee2db1c,ASATAGIAAAPLYGMDV
5f2b3528c6f997007ee2db1d,ARGRGVAYVYYFDY
5f2b3528c6f997007ee2db1f,ARGKKLLYPIAPFQH
5f2b3528c6f997007ee2db21,ARDHVLGSSYDY
5f2b3528c6f997007ee2db23,ARVGFRAMTSDY
5f2b3528c6f997007ee2db28,ARGPPHSGSWFECFDY
5f2b3528c6f997007ee2db29,ARFENV
5f2b3528c6f997007ee2db2b,ARDNYSSAPXWFDH
5f2b3528c6f997007ee2db2c,ARDNYSSAHWFDP
5f2b3528c6f997007ee2db2d,VSRGYDY
5f2b3528c6f997007ee2db2e,AREAVAGTVLFDY
5f2b3528c6f997007ee2db2f,ARGRRVDIVAHYYYYGMDV
5f2b3528c6f997007ee2db32,ARDGELRYFDY
5f2b3528c6f997007ee2db33,ARXGXXGGSYYYYYGLDV
5f2b3528c6f997007ee2db34,ARGGGSSMGFDP
5f2b3528c6f997007ee2db36,ARHFRSWNRWLQIPNYFDY
5f2b3528c6f997007ee2db37,ASGLVDTAMVRFDY
5f2b3528c6f997007ee2db38,ARYQQQLAMGVDY
5f2b3528c6f997007ee2db39,ARRGGGGSYDGDKDYFDY
5f2b3528c6f997007ee2db3a,ARDGSGSYYDY
5f2b3528c6f997007ee2db3b,AREVIAALDY
5f2b3528c6f997007ee2db3c,ARVNYDSSGYYFVDD
5f2b3528c6f997007ee2db41,AHFMGATPLHDAFDI
5f2b3528c6f997007ee2db42,ARHSRDGYNVAY
5f2b3528c6f997007ee2db43,ARGRRGLPAAIIAARAFDI
5f2b3528c6f997007ee2db46,ARSIAARHDAFDI
5f2b3528c6f997007ee2db47,ARSIAARHDAFDI
5f2b3528c6f997007ee2db48,ARSCGYSYGCGNPYGMDV
5f2b3528c6f997007ee2db49,ARFHWGESGYYVQYDY
5f2b3528c6f997007ee2db4a,ASASSGWYVHY
5f2b3528c6f997007ee2db4b,ARIPPEEVMINGYYGMDV
5f2b3528c6f997007ee2db4c,ATDGPSGSQDY
5f2b3528c6f997007ee2db4d,ARPRYWNYYGMDV
5f2b3528c6f997007ee2db4e,AREPGYSSGVDY
5f2b3528c6f997007ee2db4f,AREYWDGGYESGGAFDI
5f2b3528c6f997007ee2db55,ARDKRYCSSTSCYKVDYYYGMDV
5f2b3528c6f997007ee2db56,ARGDTAMAVHSYGMDV
5f2b3528c6f997007ee2db57,ARVSSGYYYFDY
5f2b3528c6f997007ee2db58,ARGGSSWYDY
5f2b3528c6f997007ee2db59,ARTLIAAAGQFDY
5f2b3528c6f997007ee2db5a,ARVPLGPFFDY
5f2b3528c6f997007ee2db5b,AGLYRGYDT
5f2b3528c6f997007ee2db5d,ARDSSTSF
5f2b3528c6f997007ee2db5e,ARHEEYQLPETGGVSYFDY
5f2b3528c6f997007ee2db5f,ARSGGDYYFDY
5f2b3528c6f997007ee2db61,ARGLGYCSGGSCYEWDY
5f2b3528c6f997007ee2db63,ARGSSPLYYYYYGMDV
5f2b3528c6f997007ee2db66,ARLLVPAAIRIYYYYGMDV
5f2b3528c6f997007ee2db67,ARHVLPPSYYGGNSGASDY
5f2b3528c6f997007ee2db68,AQSEQQLVLRGFDP
5f2b3528c6f997007ee2db69,ARITIFGVVGSHYFDY
5f2b3528c6f997007ee2db6a,ARADNIAVAGTGFSDY
5f2b3528c6f997007ee2db6c,ARXRCQIGAADYFDY
5f2b3528c6f997007ee2db6d,ARHGRNWGNFDY
5f2b3528c6f997007ee2db6f,ARDGDDYGYFDL
5f2b3528c6f997007ee2db70,ARQWELGTDFDY
5f2b3528c6f997007ee2db71,AREVYCSSTSCQYRWFDP
5f2b3528c6f997007ee2db72,ARLGRNAFDI
5f2b3528c6f997007ee2db73,ARGPNWNY
5f2b3528c6f997007ee2db74,ATSYRFYDY
5f2b3528c6f997007ee2db75,ARGPNWNY
5f2b3528c6f997007ee2db76,ARHPIVYGMDV
5f2b3528c6f997007ee2db77,AHRPRGASSSWYGVVYFDY
5f2b3528c6f997007ee2db78,ARDPLRGTLFFTYGMDV
5f2b3528c6f997007ee2db7a,ARDLRDIVVVPAAS
5f2b3528c6f997007ee2db7b,AKGSRGAATGANFDY
5f2b3528c6f997007ee2db7c,AREARAMVRGTIDY
5f2b3528c6f997007ee2db7e,ARMIKRWRPDAFGI
5f2b3528c6f997007ee2db80,ARGGTKIAAGRYWFDY
5f2b3528c6f997007ee2db82,ARDFFPRITTA
5f2b3528c6f997007ee2db84,ARGSFVAATQPSPFDY
5f2b3528c6f997007ee2db85,ARSPHYYDFWSGYYDY
5f2b3528c6f997007ee2db88,ARGPHDCSSSCSYCFDY
5f2b3528c6f997007ee2db8b,ATDSTTGDAFDI
5f2b3528c6f997007ee2db8d,ASXLTGTTEGNFDY
5f2b3528c6f997007ee2db90,ARGSDVVVVIAATPSSTPTVNYFDY
5f2b3528c6f997007ee2db91,ATGYSGGYYYGMDV
5f2b3528c6f997007ee2db92,ARAKGTMVRGVIDAIDY
5f2b3528c6f997007ee2db93,ARDGFLGYCSSTSCYRRPPDDNWFDP
5f2b3528c6f997007ee2db95,ARGPHITVVRRLFDY
5f2b3528c6f997007ee2db98,ARGGGVRRRRDYGMDV
5f2b3528c6f997007ee2db9a,ARRIVYYDSSVPGVHFDY
5f2b3528c6f997007ee2db9b,ARGRGYGSRYYFDY
5f2b3528c6f997007ee2db9c,AKDLSSGWYPGDFDY
5f2b3528c6f997007ee2db9d,ATGPQQWELSPPIVH
5f2b3528c6f997007ee2db9f,HSSETRQLGL
5f2b3528c6f997007ee2dba1,ASPTNDCSGGSCYSGYFDY
5f2b3528c6f997007ee2dba2,EXXXGXXWXXLLLXXWLVRP
5f2b3528c6f997007ee2dba3,ARDRVVPAAILGY
5f2b3528c6f997007ee2dba4,ARGDGPIQRSWYDY
5f2b3528c6f997007ee2dba5,ARARWSSXXXXXDY
5f2b3528c6f997007ee2dba7,ARGPSYYYDSSGYYVA
5f2b3528c6f997007ee2dba9,ARHGDYDSSGYYYGIDY
5f2b3528c6f997007ee2dbaa,ARGSEQIFGVVPIDY
5f2b3528c6f997007ee2dbab,ASQTGPKIGAYDY
5f2b3528c6f997007ee2dbac,SASAPTLFPLVSCENSPSDTSSVAVGCLAQDF
5f2b3528c6f997007ee2dbae,ARDASSGYSNNWFDP
5f2b3528c6f997007ee2dbaf,ARLLRDSSGPVAFDI
5f2b3528c6f997007ee2dbb2,ETGSRTDYGGNHQLVLRS
5f2b3528c6f997007ee2dbb4,ARSLPETRY
5f2b3528c6f997007ee2dbb8,ARQADASFDY
5f2b3528c6f997007ee2dbb9,ARDLRMSSRALGY
5f2b3528c6f997007ee2dbbc,ARERSWRTTETFDVSDI
5f2b3528c6f997007ee2dbbd,ALLGSGYYYGY
5f2b3528c6f997007ee2dbbe,ARCGVGNAFDI
5f2b3528c6f997007ee2dbc1,ARNGRRLRRHGGFDP
5f2b3528c6f997007ee2dbc2,AHDKYGSGSFDY
5f2b3528c6f997007ee2dbc4,ARRRRSGDVRWIDP
5f2b3528c6f997007ee2dbc5,ARDPIAAAGFDY
5f2b3528c6f997007ee2dbc6,ARVDSSSSWRVPIPYYGMDV
5f2b3528c6f997007ee2dbc7,ARGRTSMVRGIIILYLYYFDY
5f2b3528c6f997007ee2dbc8,ARGSGLLPGIAVAGTRCFDY
5f2b3528c6f997007ee2dbc9,ARGSGSLPGIAVAGTRWFDP
5f2b3528c6f997007ee2dbcb,ARARXYKSANFDY
5f2b3528c6f997007ee2dbcc,ATYKSANFDY
5f2b3528c6f997007ee2dbcd,YXAXXXXXXXXXSGXXXGMDV
5f2b3528c6f997007ee2dbce,ARLYSGDWYDT
5f2b3528c6f997007ee2dbcf,ARGRDSGYGMDV
5f2b3528c6f997007ee2dbd0,ARDLWSSGWYAFDY
5f2b3528c6f997007ee2dbd3,ARSHYDSSGYYRPDAFDI
5f2b3528c6f997007ee2dbd5,ARSRRKQLVHNKNWFDP
5f2b3528c6f997007ee2dbd6,AHKGHRLWFGESREYNWFDP
5f2b3528c6f997007ee2dbd7,VLGSSIANYFDY
5f2b3528c6f997007ee2dbd9,ARERSWRTTETFDVADI
5f2b3528c6f997007ee2dbda,ARVGCSSTSCYVNWFDY
5f2b3528c6f997007ee2dbdb,ARGSGSYLDY
5f2b3528c6f997007ee2dbe1,ARWAEVEMATISDYGMDV
5f2b3528c6f997007ee2dbe2,ARLDLIVGRDY
5f2b3528c6f997007ee2dbe4,ARSSTIFGVVHVPVYNGFDP
5f2b3528c6f997007ee2dbe6,AKDPKLGGDRFDY
5f2b3528c6f997007ee2dbe7,ARGANTWIQLWRPYYFDY
5f2b3528c6f997007ee2dbe8,ARVPYCSSTSCRWADV
5f2b3528c6f997007ee2dbe9,ARIRETMITFGGV
5f2b3528c6f997007ee2dbec,ARGERCSSSGCYFDMDY
5f2b3528c6f997007ee2dbed,ARGGWFGELSLGFDY
5f2b3528c6f997007ee2dbee,ARGGFGXDSVAMXPDH
5f2b3528c6f997007ee2dbef,ARGPNWNY
5f2b3528c6f997007ee2dbf0,ARAGLGSSWYGGNYYFDY
5f2b3528c6f997007ee2dbf1,ARDLRRSGSYLTDYYYGMDV
5f2b3528c6f997007ee2dbf3,ARGDGPIQRSCYDY
5f2b3528c6f997007ee2dbf4,ARGVHAAIDDAFDI
5f2b3528c6f997007ee2dbf7,ARGWAAPIKGWFDP
5f2b3528c6f997007ee2dbfd,ARHAEYHHAGGHFDY
5f2b3528c6f997007ee2dbff,ARQGRYSADY
5f2b3528c6f997007ee2dc00,AHKLQYSSSGMN
5f2b3528c6f997007ee2dc01,ARTMIVWASPVFDY
5f2b3528c6f997007ee2dc03,AXEREITMVGVGTFDY
5f2b3528c6f997007ee2dc04,ARGGPVLRLDMYYFDY
5f2b3528c6f997007ee2dc05,ASLRGGGYSQSSY
5f2b3528c6f997007ee2dc06,AADRYSSSWYSDYGMDV
5f2b3528c6f997007ee2dc07,ARXXGDYWGACYXGWFDY
5f2b3528c6f997007ee2dc08,ARDLRVGVVVFDY
5f2b3528c6f997007ee2dc09,ARRPXARVVXVGTPFDY
5f2b3528c6f997007ee2dc0b,ARLVEMATITRNSDYYGMDV
5f2b3528c6f997007ee2dc0c,AAQDRYCSSTSCVNYYYYGMDV
5f2b3528c6f997007ee2dc0f,APLPEAGPRRGWFDP
5f2b3528c6f997007ee2dc10,AKDLGSKGPRGYYYGMDV
5f2b3528c6f997007ee2dc14,ARLNWNYVYFDY
5f2b3528c6f997007ee2dc16,ATGYGSGSYSV
5f2b3528c6f997007ee2dc17,ARXXPFCSGTSCYYLYYYGMDV
5f2b3528c6f997007ee2dc21,ARDRVVPAAILGY
5f2b3528c6f997007ee2dc22,TRSGPTFWYFDL
5f2b3528c6f997007ee2dc24,ARTGTIMRRYYGMDV
5f2b3528c6f997007ee2dc26,ASRWNDGY
5f2b3528c6f997007ee2dc29,ARGKGSGSNYKNGFDY
5f2b3528c6f997007ee2dc2c,AHRVSLISFCFDY
5f2b3528c6f997007ee2dc2e,ARGVAAPESTAFDY
5f2b3528c6f997007ee2dc2f,ARGRPTIFGVVRARWWFDP
5f2b3528c6f997007ee2dc32,ARLGAGLDI
5f2b3528c6f997007ee2dc34,AAGRLDYDSSGYSN
5f2b3528c6f997007ee2dc36,ARTMGDSSGSDY
5f2b3528c6f997007ee2dc39,ARTYYYYYYGMDV
5f2b3528c6f997007ee2dc3a,ARDYGIFGVVPVGY
5f2b3528c6f997007ee2dc3b,ARALGVLRFLEWFPPDY
5f2b3528c6f997007ee2dc3d,ARVQSAVAGNRDYYYYGMDV
5f2b3528c6f997007ee2dc3e,ARLVVGATDIDY
5f2b3528c6f997007ee2dc40,ARDGYCSSTSCYRRYYYGMDV
5f2b3528c6f997007ee2dc42,ARVYRSFYSSNHYFDY
5f2b3528c6f997007ee2dc44,ARVVVPAASYGMDV
5f2b3528c6f997007ee2dc45,ARGTRQQLWFDDWFDY
5f2b3528c6f997007ee2dc47,ASTSYYYDSSGYSNYYYYGMDV
5f2b3528c6f997007ee2dc48,ARDSCSSTSCYVSDI
5f2b3528c6f997007ee2dc4e,AKGSASAPTLFPLVSCENSPSDTSSVAVGCLAQDF
5f2b3528c6f997007ee2dc51,ARREKWLVDY
5f2b3528c6f997007ee2dc52,AKDERVRFGELFH
5f2b3528c6f997007ee2dc54,XXWXXLXVSXRX
5f2b3528c6f997007ee2dc55,ARSPKTYYDFWSGYLKGHGMDV
5f2b3528c6f997007ee2dc56,ARHRGGAGGGFDL
5f2b3528c6f997007ee2dc57,ARTSVADRDDY
5f2b3528c6f997007ee2dc58,AKDIGYCTNGVCYRGGLDY
5f2b3528c6f997007ee2dc59,ATGLAAPDAFDI
5f2b3528c6f997007ee2dc5b,AREGGRGIVVDNWFDP
5f2b3528c6f997007ee2dc5e,ARGSAEMATAWHFQH
5f2b3528c6f997007ee2dc5f,ARGPAEVAMAWHFHH
5f2b3528c6f997007ee2dc62,AGEEPNYDFWSGLVY
5f2b3528c6f997007ee2dc65,ARGPTKGGNWSLDP
5f2b3528c6f997007ee2dc67,ARDQVSGAFDL
5f2b3528c6f997007ee2dc68,AHTQQLVQFDY
5f2b3528c6f997007ee2dc6d,ARDEPIVATSGYAFDI
5f2b3528c6f997007ee2dc6e,ARDSPIVGATH
5f2b3528c6f997007ee2dc6f,ARDSWWQLVRAFDY
5f2b3528c6f997007ee2dc72,ARGLWLVDY
5f2b3528c6f997007ee2dc73,GVRFGWYLNAFDI
5f2b3528c6f997007ee2dc75,ARDWLDDYSNYVTLDAFDI
5f2b3528c6f997007ee2dc76,ARHRGGSYYFDY
5f2b3528c6f997007ee2dc79,ARADIVVVPAAIGYFQH
5f2b3528c6f997007ee2dc7a,EVVIGSSTSCGWGLVRP
5f2b3528c6f997007ee2dc7b,ARDLVTVATPRFDS
5f2b3528c6f997007ee2dc7c,ARGSRPHSSFGHLDS
5f2b3528c6f997007ee2dc80,VLGRGRWAFDI
5f2b3528c6f997007ee2dc81,ARDVGAVAGT
5f2b3528c6f997007ee2dc82,TTARRRGSSDY
5f2b3528c6f997007ee2dc83,ARETDSYGTRFDY
5f2b3528c6f997007ee2dc84,ARIPLVLNIVVVPAAILDAFDI
5f2b3528c6f997007ee2dc85,ASSTYYDILTGYDQPLSPDY
5f2b3528c6f997007ee2dc87,ARAYYGDNWYFDL
5f2b3528c6f997007ee2dc8a,ARDYYYGMDV
5f2b3528c6f997007ee2dc8b,ARGVHTAIDDAFDI
5f2b3528c6f997007ee2dc8d,ASPLKMATTPGSFDY
5f2b3528c6f997007ee2dc8e,ASXRDGANWGXLDDY
5f2b3528c6f997007ee2dc90,ARTYCSSGHCYDAFDI
5f2b3528c6f997007ee2dc91,ARRLLDCLSQFDY
5f2b3528c6f997007ee2dc93,ARERRNYYDTLGLDY
5f2b3528c6f997007ee2dc94,ARDLRQLGPEYYGMDV
5f2b3528c6f997007ee2dc98,ARVMTYYDYVWGSYRQTLVY
5f2b3528c6f997007ee2dc99,ARLDLIVGRDY
5f2b3528c6f997007ee2dc9a,ARDGDYGDYVGFFDY
5f2b3528c6f997007ee2dc9b,ARHQIAAAGPFDP
5f2b3528c6f997007ee2dc9d,AXXPXGGXYFDY
5f2b3528c6f997007ee2dc9e,ARQASGIGADY
5f2b3528c6f997007ee2dc9f,LDGHYDTTGRTD
5f2b3528c6f997007ee2dca2,ATIREELLIGMDV
5f2b3528c6f997007ee2dca3,ERSPGDYVSTW
5f2b3528c6f997007ee2dca4,ASAPTLFPLVSCENSPSDTSSVAVGCLAQDF
5f2b3528c6f997007ee2dca7,ARQERGVVIKGPNWFDP
5f2b3528c6f997007ee2dcab,ARQPTNYYYGMDV
5f2b3528c6f997007ee2dcac,ARRAMIVVVIDDSAAFDI
5f2b3528c6f997007ee2dcae,ASGGYSYGPYFDY
5f2b3528c6f997007ee2dcb0,ARGRGWFDP
5f2b3528c6f997007ee2dcb1,ARALRTTIFGVVTALDAFDI
5f2b3528c6f997007ee2dcb2,ARVGREPFESPSGSYWGGAFDI
5f2b3528c6f997007ee2dcb7,ARQGTGGADY
5f2b3528c6f997007ee2dcb8,ASSSIAARPLVY
5f2b3528c6f997007ee2dcbc,ARGAGLGGIVVVAAAITFDY
5f2b3528c6f997007ee2dcbf,ARRTYSMAAADXFDY
5f2b3528c6f997007ee2dcc0,ASHRAGAVGVTSPFAY
5f2b3528c6f997007ee2dcc2,ARVEQQLDSLGLDY
5f2b3528c6f997007ee2dcc3,ARYGWRDGAFDI
5f2b3528c6f997007ee2dcc4,ASYSTGRAFDI
5f2b3528c6f997007ee2dcc5,VHRRPGLWFDI
5f2b3528c6f997007ee2dcc6,ARGPYSRSSGQWDDL
5f2b3528c6f997007ee2dcc7,ARVGGRGYSSSYGLFDY
5f2b3528c6f997007ee2dcca,ASSGDFWSGYFSLGHYGMDV
5f2b3528c6f997007ee2dccc,ARDAGSCGRGXYLNWFDY
5f2b3528c6f997007ee2dccd,ANERYQLLSYYFDY
5f2b3528c6f997007ee2dcd0,ARDLRRSGSYLTDYYYGMDV
5f2b3528c6f997007ee2dcd1,ARVPPYYDSSGFDY
5f2b3528c6f997007ee2dcd2,AREKGIVGATFDY
5f2b3528c6f997007ee2dcd3,ARGLRGVVPRLYYYFDL
5f2b3528c6f997007ee2dcd4,ARGGIVVVPAAIRWFDP
5f2b3528c6f997007ee2dcd7,ASSSRYLQWGLH
5f2b3528c6f997007ee2dcd8,ARSNYYGSGSYSL
5f2b3528c6f997007ee2dcdb,ARTHPYGDYPTP
5f2b3528c6f997007ee2dcdc,ARTHPYGDYPTP
5f2b3528c6f997007ee2dcde,ARDXXXNXGDDVGH
5f2b3528c6f997007ee2dce1,AIFRNPSYGMDV
5f2b3528c6f997007ee2dce2,ARDSYGMDV
5f2b3528c6f997007ee2dce7,ARESSAGVHDAFDI
5f2b3528c6f997007ee2dce8,GRSGITIFGVVIIGLRYGR
5f2b3528c6f997007ee2dcea,AAAPSPQLSSWYYFDS
5f2b3528c6f997007ee2dcee,ARQKQWLLSS
5f2b3528c6f997007ee2dcf0,ARCPLEESSGGDDY
5f2b3528c6f997007ee2dcf2,AREGVRSYSGGWPNAFDI
5f2b3528c6f997007ee2dcf3,ARGSQVGSTSQIDY
5f2b3528c6f997007ee2dcf5,ATYGDYERYFDL
5f2b3528c6f997007ee2dcf6,ARRICGGGSCHHDY
5f2b3528c6f997007ee2dcf7,ARRLIRWFDP
5f2b3528c6f997007ee2dcf9,ARDLSGSGSYFTLDWFDP
5f2b3528c6f997007ee2dcfb,ARVGYSSGWATDSDY
5f2b3528c6f997007ee2dcfc,ARDRDXGSSWDYFDY
5f2b3528c6f997007ee2dcfd,ARHISSSVWFDP
5f2b3528c6f997007ee2dcfe,ARGGLGQQLRRSNYGMDV
5f2b3528c6f997007ee2dcff,ARGGLGQQLRWQLRYVFDY
5f2b3528c6f997007ee2dd00,LILPGGDGYYWGGRT
5f2b3528c6f997007ee2dd02,ARGPWLWQLVLPXYYYGMDV
5f2b3528c6f997007ee2dd03,ARGGRXRGSRWGYCFDY
5f2b3528c6f997007ee2dd04,VLGSSIANYFDY
5f2b3528c6f997007ee2dd05,ARGRFKIAAAGTGGVENWFDP
5f2b3528c6f997007ee2dd07,ARQIYGYGDYPLDF
5f2b3528c6f997007ee2dd0c,ARGGRXYCCGSRCRLGYCYGLDV
5f2b3528c6f997007ee2dd0d,ARGAAVGGVIWFDY
5f2b3528c6f997007ee2dd0e,ARGSGSLPGIAVAGTRWFDP
5f2b3528c6f997007ee2dd12,ARDAGAYGMDV
5f2b3528c6f997007ee2dd13,ARRGAARLGAFDI
5f2b3528c6f997007ee2dd14,ARGGRWGDGRYFDY
5f2b3528c6f997007ee2dd15,ARIVEMAAW
5f2b3528c6f997007ee2dd16,ARGGSGSRRYFDY
5f2b3528c6f997007ee2dd1a,ARGPPVGNWFDP
5f2b3528c6f997007ee2dd1b,ARDPELRFLEWLLLGYGMDV
5f2b3528c6f997007ee2dd1e,ARGLHVLWFGELWGGY
5f2b3528c6f997007ee2dd1f,ARGDYDYWSGQPDK
5f2b3528c6f997007ee2dd20,ARGPAATTIDY
5f2b3528c6f997007ee2dd21,ARHDVHAGESSDYFYYF
5f2b3528c6f997007ee2dd22,AKSHGRGIVGATPRLRGYFDL
5f2b3528c6f997007ee2dd23,ASLSGDYSPY
5f2b3528c6f997007ee2dd26,ARAYYGDNWYFDL
5f2b3528c6f997007ee2dd28,ARVPGSGVRGVSSQIDY
5f2b3528c6f997007ee2dd2a,ARHGVGSGWFFDY
5f2b3528c6f997007ee2dd2f,ARGGSYHNTKYFDY
5f2b3528c6f997007ee2dd30,ARGGSYHNTKYFDY
5f2b3528c6f997007ee2dd35,ARMGSGYGVYYYGMDV
5f2b3528c6f997007ee2dd36,ASRQQLLHYYYYGMDV
5f2b3528c6f997007ee2dd37,ARDRHFGSGTLAPFDP
5f2b3528c6f997007ee2dd38,ARGRPMGSGSYVGDV
5f2b3528c6f997007ee2dd3b,ARPRYWNYYGMDV
5f2b3528c6f997007ee2dd3d,TTYNRNYIYFDY
5f2b3528c6f997007ee2dd3e,AGGVLDETFDY
5f2b3528c6f997007ee2dd3f,ARVNYVAADGYDGFDY
5f2b3528c6f997007ee2dd41,AXESGXVTTXTFDY
5f2b3528c6f997007ee2dd42,ARGGVVAATGYYFDY
5f2b3528c6f997007ee2dd43,ASRSIAARPHTIDY
5f2b3528c6f997007ee2dd45,ARWVRIAAAGTIPLF
5f2b3528c6f997007ee2dd47,ARAAESYDSSGYYHYYFDY
5f2b3528c6f997007ee2dd49,ARHVVQLWPKMRAFDY
5f2b3528c6f997007ee2dd4d,ARDGSGSYYDY
5f2b3528c6f997007ee2dd4f,VEGREDIVVVPAAIRDGTSIS
5f2b3528c6f997007ee2dd52,AHRTTNSYGLESDY
5f2b3528c6f997007ee2dd53,ARGDIREDSRDAFDI
5f2b3528c6f997007ee2dd54,ARDRSXXGGCCSYYYYYGMDV
5f2b3528c6f997007ee2dd56,ARETRLEAFDI
5f2b3528c6f997007ee2dd57,ARERAAWLL
5f2b3528c6f997007ee2dd58,ARGRGGGYYYGDFDY
5f2b3528c6f997007ee2dd59,ARDPTYGDYVGYFDY
5f2b3528c6f997007ee2dd5a,AREEPVAGMEGLGDY
5f2b3528c6f997007ee2dd5b,ASLEELDY
5f2b3528c6f997007ee2dd5e,AREATWYGMDV
5f2b3528c6f997007ee2dd5f,ARLGRNAFDI
5f2b3528c6f997007ee2dd61,ARASDYDFWSGAYYFDY
5f2b3528c6f997007ee2dd64,ESSYDFWSGYTLVQLVRP
5f2b3528c6f997007ee2dd66,ARGWWGYSNRWFWDY
5f2b3528c6f997007ee2dd67,ARGVVDRFDP
5f2b3528c6f997007ee2dd68,ARGPPRITIFGVVRRRGMDV
5f2b3528c6f997007ee2dd6f,SRLWGAFDI
5f2b3528c6f997007ee2dd70,ARGGTVGSGCYYYGMDV
5f2b3528c6f997007ee2dd73,ARRTDFWPRDDWFDP
5f2b3528c6f997007ee2dd74,ANELYQRDNEYFQH
5f2b3528c6f997007ee2dd75,ARDQLSGARPFDY
5f2b3528c6f997007ee2dd76,ARALRTTIFGVVTALDAFDI
5f2b3528c6f997007ee2dd78,AGEHAPYFIAAAGRD
5f2b3528c6f997007ee2dd7b,ARGADFWSGSLDDY
5f2b3528c6f997007ee2dd7d,ARHNSNWGGWFDP
5f2b3528c6f997007ee2dd7f,ARGRRVPAASH
5f2b3528c6f997007ee2dd83,ARDGSPRNXAANYGMDV
5f2b3528c6f997007ee2dd84,ARDYYDLRKVWWFDP
5f2b3528c6f997007ee2dd88,ARIREGIPDAFDI
5f2b3528c6f997007ee2dd89,ASFGGPLVCHGDYLDY
5f2b3528c6f997007ee2dd8c,ARXEGSSSCYXNXWFDY
5f2b3528c6f997007ee2dd8d,ARRATGPYGFGMDY
5f2b3528c6f997007ee2dd8f,ARIATGDGMDV
5f2b3528c6f997007ee2dd91,ARVKPAMVRGVVNWFDP
5f2b3528c6f997007ee2dd92,ARGEGVXSGGDCGTYYGLDV
5f2b3528c6f997007ee2dd95,ARDLSLSIAARGWYFDY
5f2b3528c6f997007ee2dd97,ARGENYNAFDI
5f2b3528c6f997007ee2dd98,ARGFSMVRAPYAFDI
5f2b3528c6f997007ee2dd99,AHTYSSSSWFNQ
5f2b3528c6f997007ee2dd9a,ARLNYYGSVILDY
5f2b3528c6f997007ee2dd9b,ARTGGADFWSGYYPYFDY
5f2b3528c6f997007ee2dd9c,AKDMGHGYEQVRNWVDP
5f2b3528c6f997007ee2dd9e,ASIPGIAVAGTDY
5f2b3528c6f997007ee2dda0,ARQHLVSPVDY
5f2b3528c6f997007ee2dda2,ARGGSSSWHYYFDY
5f2b3528c6f997007ee2dda3,ARGXSXSIAAHWNYDY
5f2b3528c6f997007ee2dda5,ARXXXXCSGSNYCFIDY
5f2b3528c6f997007ee2dda8,ARGTIWFGELLSWLRLVRFDY
5f2b3528c6f997007ee2ddaa,ASGGDGDYGDY
5f2b3528c6f997007ee2ddae,ARMGDRGGSYAGYI
5f2b3528c6f997007ee2ddb0,ARRGRGDSSGYLLPPWYFDL
5f2b3528c6f997007ee2ddb4,ERGRIQLWLRLLLLRYGR
5f2b3528c6f997007ee2ddb5,AKGGDALPFDY
5f2b3528c6f997007ee2ddb6,ASQNSSSWYMSEYYFDY
5f2b3528c6f997007ee2ddb7,AADRYSSSWYSDYGMDV
5f2b3528c6f997007ee2ddbc,ARTGSSGYFGY
5f2b3528c6f997007ee2ddbd,ARDDYGDY
5f2b3528c6f997007ee2ddbe,ASGLGSGLVDV
5f2b3528c6f997007ee2ddbf,ARAVRAMEAYYYYGFDY
5f2b3528c6f997007ee2ddc0,ASTGGAGEEYYYYGMDV
5f2b3528c6f997007ee2ddc2,AKMNRWLQHFDY
5f2b3528c6f997007ee2ddc3,ARGDYYDSSGYFDY
5f2b3528c6f997007ee2ddc4,SHYSNRWD
5f2b3528c6f997007ee2ddc7,ARGTVVAATXCFDY
5f2b3528c6f997007ee2ddc8,ARGRGGAAWWYFDL
5f2b3528c6f997007ee2ddcc,RGIGTTGWLTT
5f2b3528c6f997007ee2ddcd,ARDFMETTVTYFDY
5f2b3528c6f997007ee2ddcf,ARAPRGYCSGGSCYRNWFDP
5f2b3528c6f997007ee2ddd1,ARAXXXXXDX
5f2b3528c6f997007ee2ddd2,ARGARGYYDSSALNPPVFDY
5f2b3528c6f997007ee2ddd6,ARAYYGDNWYFDL
5f2b3528c6f997007ee2ddd7,ASSEYYGSGTLRS
5f2b3528c6f997007ee2ddd9,ARRGRSTGY
5f2b3528c6f997007ee2ddda,ARAXXXQKRYXYYCIDV
5f2b3528c6f997007ee2dddb,ARERVREIRYFDY
5f2b3528c6f997007ee2dddd,ARFLTMRFDY
5f2b3528c6f997007ee2ddde,ARAGCWGYSSASCAFDI
5f2b3528c6f997007ee2dde0,ALPIAAAGTEAGWFDP
5f2b3528c6f997007ee2dde3,AKDIVSCSSTSCYLGYGMDV
5f2b3528c6f997007ee2dde4,ARSIRSCYDSSGYSDGIDY
5f2b3528c6f997007ee2dde5,ARGLVYSSGWTDGLGRQNDY
5f2b3528c6f997007ee2dde6,ARGGVSDSRDSCYGFDY
5f2b3528c6f997007ee2dde7,ARGYYDFWSGYYDY
5f2b3528c6f997007ee2dde8,ARGYGGPYYFDY
5f2b3528c6f997007ee2dde9,ARGREDIVVVPAANTYYYYGMDV
5f2b3528c6f997007ee2ddea,AKDLPLTVTTGLEPSY
5f2b3528c6f997007ee2ddeb,AKSHGRGIVGATPRLRGYFDL
5f2b3528c6f997007ee2dded,ARTLAYYFDY
5f2b3528c6f997007ee2ddee,ARPEAVAGAM
5f2b3528c6f997007ee2ddef,ARGWAAPIKGWFDP
5f2b3528c6f997007ee2ddf1,AAEPQQLGKDAFDI
5f2b3528c6f997007ee2ddf2,ARGVEIHSDDYGMDV
5f2b3528c6f997007ee2ddf3,ARPERDSSGWYFYYFDS
5f2b3528c6f997007ee2ddf4,ARQPRDIVVVPGGMDV
5f2b3528c6f997007ee2ddf5,AKDRRPLHFVVGATLDY
5f2b3528c6f997007ee2ddf6,ARDRGSITIFGVIYVGMDV
5f2b3528c6f997007ee2ddf7,ARVRGSSGYYYDFDY
5f2b3528c6f997007ee2ddf8,EVGRGGDGYNFRLRYGR
5f2b3528c6f997007ee2ddfc,ARQLVGVISFDP
5f2b3528c6f997007ee2ddfe,ARPRYWNYYGMDV
5f2b3528c6f997007ee2de02,ARVRKTNGWYFDL
5f2b3528c6f997007ee2de04,ARLKSQISPADYFDY
5f2b3528c6f997007ee2de05,ARLKSQISPADYFDY
5f2b3528c6f997007ee2de07,ATSVMIVVVNTFLR
5f2b3528c6f997007ee2de09,AVSFRIAARYYGMDV
5f2b3528c6f997007ee2de0b,AKAWEKRKYFQH
5f2b3528c6f997007ee2de0d,ARRYGYYYDSSGPTGYFDL
5f2b3528c6f997007ee2de11,AKGPVPAAMPNWFDP
5f2b3528c6f997007ee2de12,ARDDYGFDY
5f2b3528c6f997007ee2de13,ARERYCSGGSCYPFYL
5f2b3528c6f997007ee2de15,ARAVVPAAIVRAPLDY
5f2b3528c6f997007ee2de18,ARDTLRDSSGGYRGHGWFDP
5f2b3528c6f997007ee2de19,ASTRSSSSWGIIDY
5f2b3528c6f997007ee2de1a,ARHYYGSGSYSNPYYYYGMDV
5f2b3528c6f997007ee2de1b,ARGAKGFKSLLDY
5f2b3528c6f997007ee2de1c,ARGAKGFKSLLDY
5f2b3528c6f997007ee2de1d,ATVRLDYDSSGYSN
5f2b3528c6f997007ee2de1f,ATLFCGGNCRFDY
5f2b3528c6f997007ee2de22,ARGFRPCDY
5f2b3528c6f997007ee2de27,ARMESGSSPDY
5f2b3528c6f997007ee2de28,AHGRYSGYDPPKGWFDP
5f2b3528c6f997007ee2de29,ARHRLEAAIDQMGFDY
5f2b3528c6f997007ee2de2b,ARGRLRIAARSQTNGFDP
5f2b3528c6f997007ee2de2c,ARGGGSSMGFDP
5f2b3528c6f997007ee2de2d,ARVMGPPPTSEGGGTVDY
5f2b3528c6f997007ee2de2e,ARDYGQWLVRDAFDI
5f2b3528c6f997007ee2de2f,ARGXYYSSGWEAFDF
5f2b3528c6f997007ee2de30,ARDLAYCGGDCDSFGDY
5f2b3528c6f997007ee2de32,AREGGWSGSYGAFDI
5f2b3528c6f997007ee2de33,ATQKNQFSSYGMDV
5f2b3528c6f997007ee2de36,AAGLTGVTLGFDY
5f2b3528c6f997007ee2de37,AHSNGPLKSVAGSWMGIPFDP
5f2b3528c6f997007ee2de3a,ARELGARLGLSY
5f2b3528c6f997007ee2de3c,ARVIAWSDDNYFDY
5f2b3528c6f997007ee2de3e,ARSCGYSYGCGNPYGMDV
5f2b3528c6f997007ee2de3f,ASFSWSNHY
5f2b3528c6f997007ee2de40,ARFWGFGVVSIDY
5f2b3528c6f997007ee2de41,ARRGHISGFYIGGYYDY
5f2b3528c6f997007ee2de42,ARGRGGGGSITGPADAFDI
5f2b3528c6f997007ee2de44,AXGEGVATIEFPDYYFDY
5f2b3528c6f997007ee2de45,ARGGGVATIEFPDYYFDY
5f2b3528c6f997007ee2de47,ARVRFSSYYYYYYGMDV
5f2b3528c6f997007ee2de48,ARGRRYCWWFDD
5f2b3528c6f997007ee2de4a,ASALDGGADY
5f2b3528c6f997007ee2de4b,ARGGAGVASCYSRYFDY
5f2b3528c6f997007ee2de4c,ARYLRAFDI
5f2b3528c6f997007ee2de51,ARDGSYYVGQGSDPFDY
5f2b3528c6f997007ee2de52,ATGLWSQTAAGY
5f2b3528c6f997007ee2de53,GKLWGY
5f2b3528c6f997007ee2de54,ARGLGYCGGSGSYYYVVDY
5f2b3528c6f997007ee2de56,AHTRRIAAAGTNFDY
5f2b3528c6f997007ee2de58,ARPGTSLDAFDI
5f2b3528c6f997007ee2de59,ARAASSNWFDP
5f2b3528c6f997007ee2de5a,ARDPSRGVVSYGMDV
5f2b3528c6f997007ee2de5d,AREVRTGTNFDC
5f2b3528c6f997007ee2de5e,ARVVGCSGGSCKYYSGMDV
5f2b3528c6f997007ee2de60,AKDSYYYDSSGLFLHY
5f2b3528c6f997007ee2de63,ARQGYVAWGWFDP
5f2b3528c6f997007ee2de64,ARGISGSPQYNWFDP
5f2b3528c6f997007ee2de66,ARGAAAQY
5f2b3528c6f997007ee2de68,ATVGDGGSYFDY
5f2b3528c6f997007ee2de69,ARDWKRGLARRYSDYGVDD
5f2b3528c6f997007ee2de6a,ARGEYSSSGELDY
5f2b3528c6f997007ee2de6b,AVDTLNRYCSSTSCYAKKFDP
5f2b3528c6f997007ee2de6d,AHSNITFGGVIAPPPRY
5f2b3528c6f997007ee2de6e,AHRLDSSGWDAFDI
5f2b3528c6f997007ee2de6f,AREEVPKWYFDL
5f2b3528c6f997007ee2de70,ARQGRYSADY
5f2b3528c6f997007ee2de73,ARTPIIATSYYFDY
5f2b3528c6f997007ee2de76,ARHLAPGPLNWFDP
5f2b3528c6f997007ee2de77,ARGFDSSGYSY
5f2b3528c6f997007ee2de7a,ASRTAMVQIGAFDI
5f2b3528c6f997007ee2de7d,ARRGDIGYGK
5f2b3528c6f997007ee2de7f,ASPRDILTGYRRFDY
5f2b3528c6f997007ee2de80,AAESPGPAAITVGYHAFDI
5f2b3528c6f997007ee2de83,ARPMARHDSGLYYFDS
5f2b3528c6f997007ee2de84,AKGQAHTAKTNFDY
5f2b3528c6f997007ee2de86,ARGPYDSSGYPGDY
5f2b3528c6f997007ee2de87,TRDLHSARSGDFDY
5f2b3528c6f997007ee2de88,ARRERGLRFLEWFDP
5f2b3528c6f997007ee2de8b,ARGIIAARAHWFDP
5f2b3528c6f997007ee2de8d,ARGRSRGGYPYWCFDH
5f2b3528c6f997007ee2de8e,AGSYGFRGMDV
5f2b3528c6f997007ee2de8f,ARGPISIAVRAYGFDY
5f2b3528c6f997007ee2de90,ARGYYDFWNHPFDY
5f2b3528c6f997007ee2de91,ARGRPGRTGGFDY
5f2b3528c6f997007ee2de93,ARHFRRPYYFDY
5f2b3528c6f997007ee2de94,TRDNELTTVGYSSSGGIIDY
5f2b3528c6f997007ee2de96,ARDRAIVVVPADPSWFDP
5f2b3528c6f997007ee2de97,ARGLDYYGSWNWFDY
5f2b3528c6f997007ee2de99,ARGSAVSPYYFDY
5f2b3528c6f997007ee2de9a,ARKTRMDSLFDP
5f2b3528c6f997007ee2de9b,ARVVGAKIP
5f2b3528c6f997007ee2de9c,ARVGIXXXARPVDQFDY
5f2b3528c6f997007ee2de9d,TTAPTKAPDVFPIISGCRHPKDNSPVVLACLITGYHPTSVTVTWY
5f2b3528c6f997007ee2de9f,ARGREGIRNFRHPSGKYYFDY
5f2b3528c6f997007ee2dea1,ARLRGGYSDY
5f2b3528c6f997007ee2dea2,ARDPDGIAATNWFDP
5f2b3528c6f997007ee2dea6,AGGSLDIVVVPAATGYYYFDY
5f2b3528c6f997007ee2deaa,ARGRDRSTHDAFDI
5f2b3528c6f997007ee2deab,ASGTFNDDVWGSYRPFDV
5f2b3528c6f997007ee2deb5,ARFENV
5f2b3528c6f997007ee2deb6,ARVRDSCSSWGYFDV
5f2b3528c6f997007ee2deb7,ARLRSMVRGRPTFNDY
5f2b3528c6f997007ee2deb8,ARLRSMVRGRPTFNDY
5f2b3528c6f997007ee2deba,AHTVVVPAGTGCAVDI
5f2b3528c6f997007ee2debd,AHSLGRNLMSSGWYGGLTWFDP
5f2b3528c6f997007ee2dec2,TRSGPTFWYFDL
5f2b3528c6f997007ee2dec6,ARDLGSGALDI
5f2b3528c6f997007ee2dec7,ARLRGRGRYYYGSGSLDY
5f2b3528c6f997007ee2dec8,ASAPTLFPLVSCENSPSDTSSVAVGCLAQDF
5f2b3528c6f997007ee2dec9,ARGGDDGMDV
5f2b3528c6f997007ee2dece,ARPRSGNHPGYFDY
5f2b3528c6f997007ee2decf,ARDFLGYCSSTSCPDV
5f2b3528c6f997007ee2ded1,ASPSY
5f2b3528c6f997007ee2ded5,WYXXDY
5f2b3528c6f997007ee2ded6,ARILMVYAWFDP
5f2b3528c6f997007ee2ded7,DTSKKQFSLKVSSVTVTTNDS
5f2b3528c6f997007ee2ded8,ARMPGILGWSDAFDI
5f2b3528c6f997007ee2deda,AREGTTAAGTNYYGLDF
5f2b3528c6f997007ee2dedb,ARGRWRLWVSTSFDY
5f2b3528c6f997007ee2dedc,ARTCGGDCYPYNWFDP
5f2b3528c6f997007ee2dedd,ATYGSGSMDV
5f2b3528c6f997007ee2dede,VGGRFLERTLRFDP
5f2b3528c6f997007ee2dedf,RGEAAGPSIVVLAAAAPKVIILTT
5f2b3528c6f997007ee2dee0,ARVRVGYDMSRDAFDI
5f2b3528c6f997007ee2dee2,AHSLDTYYDFWSGETYYYGMDV
5f2b3528c6f997007ee2dee7,ARDPVPDGSGXFXSCDSFDY
5f2b3528c6f997007ee2dee8,ASLQRGYSSSSPD
5f2b3528c6f997007ee2deea,AKGAQWLVDI
5f2b3528c6f997007ee2deeb,ARFRQNGAFDI
5f2b3528c6f997007ee2deed,ARGLQAGGVTMSDDNFDY
5f2b3528c6f997007ee2deef,ARIATGDGMDV
5f2b3528c6f997007ee2def0,VRFVVVPAAES
5f2b3528c6f997007ee2def1,ARPRYWNYYGMDV
5f2b3528c6f997007ee2def2,ARGVLRFLEWLSDSFDY
5f2b3528c6f997007ee2def5,ARGXPDDLDY
5f2b3528c6f997007ee2def7,ARDVDGELKAFDI
5f2b3528c6f997007ee2def8,AREKQLASFHAEYFQH
5f2b3528c6f997007ee2defa,TRSSRRLSISPHYSYGMDV
5f2b3528c6f997007ee2defb,ARGIPTTPKIVMGDY
5f2b3528c6f997007ee2defc,ARAAIFGRQGGYDC
5f2b3528c6f997007ee2defd,ARGXVSCYGIDY
5f2b3528c6f997007ee2defe,ARPRYWNYYGMDV
5f2b3528c6f997007ee2df01,ARNTGGFRPLDY
5f2b3528c6f997007ee2df02,ARLRTLSRGRMYYYGSGSYYSVGPDY
5f2b3528c6f997007ee2df03,AREPNNSLYSMDV
5f2b3528c6f997007ee2df04,ARDPYPGPMTTVTMGWFDP
5f2b352ec6f997007ee2df07,ARHGATIFGVVIHPRLVDY
5f2b352ec6f997007ee2df09,ASTTENCSGGSCYFDD
5f2b352ec6f997007ee2df0d,ARGRAIITIFGVVKFDY
5f2b352ec6f997007ee2df0e,ARDGPEPSHIVVVIAIGADAFDI
5f2b352ec6f997007ee2df11,ARQVGLGKWCFDL
5f2b352ec6f997007ee2df15,AREGCYGNPWEGXDH
5f2b352ec6f997007ee2df17,ARAPTLYGKTGIQARSGGLFDY
5f2b352ec6f997007ee2df1b,ARGGTVAMDV
5f2b352ec6f997007ee2df1f,AKDRLGDCGAFDY
5f2b352ec6f997007ee2df22,ARGLSRAELVAY
5f2b352ec6f997007ee2df23,ARHPGSMAVADNYFDY
5f2b352ec6f997007ee2df26,AKEVSGSYYGDYYYGMDV
5f2b352ec6f997007ee2df27,TTVKLVRGTFDAFDI
5f2b352ec6f997007ee2df28,ARCPTDSSGYYYMGSAMDV
5f2b352ec6f997007ee2df29,ARVXGLWKRLLLDY
5f2b352ec6f997007ee2df2c,ARDKVGAIDDAFDI
5f2b352ec6f997007ee2df2d,ARVAGSYSDSSGSDYDMDV
5f2b352ec6f997007ee2df2f,ARCGVGNAFDI
5f2b352ec6f997007ee2df30,GYCGGDCLHGKIAY
5f2b352ec6f997007ee2df31,ARGKRAARVVAFDI
5f2b352ec6f997007ee2df36,ARAXIIAARRATXFDY
5f2b352ec6f997007ee2df37,ARRAGVVTYWFDY
5f2b352ec6f997007ee2df39,VLLPASPFDY
5f2b352ec6f997007ee2df3b,AREHFSNSWFYYFDS
5f2b352ec6f997007ee2df3c,ARDLGSGALDI
5f2b352ec6f997007ee2df3e,ARHWARLEWINWFDP
5f2b352ec6f997007ee2df3f,AHSPTVANSFGY
5f2b352ec6f997007ee2df42,AHRNYGSGSYYNFDY
5f2b352ec6f997007ee2df43,ARLIEMATSWYFDL
5f2b352ec6f997007ee2df44,ARVITEMATAGGRWSFDY
5f2b352ec6f997007ee2df45,ARARIWFGEGYYYGMDV
5f2b352ec6f997007ee2df47,GKLWGY
5f2b352ec6f997007ee2df48,ARHVGIAARLTHFDY
5f2b352ec6f997007ee2df49,ATGIAVAGVDY
5f2b352ec6f997007ee2df4b,ARTTADAFDI
5f2b352ec6f997007ee2df4c,ARVPGSGVRGVSSQIDY
5f2b352ec6f997007ee2df4d,AREDDDSSGDPCDY
5f2b352ec6f997007ee2df50,ARHSSLRSPFIN
5f2b352ec6f997007ee2df51,AHSIGYYYDSSGYYYPDY
5f2b352ec6f997007ee2df52,AHSIGYYYDSSGYYYPDY
5f2b352ec6f997007ee2df53,ARNRRD
5f2b352ec6f997007ee2df54,AXGAVYGSSWLRYRXDY
5f2b352ec6f997007ee2df55,AREARAGIQLWLLAH
5f2b352ec6f997007ee2df56,ARHDVHAGESSDYFYYF
5f2b352ec6f997007ee2df5c,ASYSTGRAFDI
5f2b352ec6f997007ee2df5d,ARRQWLLGLDGMDV
5f2b352ec6f997007ee2df5e,ARIQRELTFDY
5f2b352ec6f997007ee2df5f,ARIQRELTFDY
5f2b352ec6f997007ee2df61,ARGFRVREIIYYGRGV
5f2b352ec6f997007ee2df62,ARHFVRKMVRGVPIDY
5f2b352ec6f997007ee2df64,ARGLVVVVATIMRRTDAFDI
5f2b352ec6f997007ee2df66,ARGLVVVVATIMRRTDAFDI
5f2b352ec6f997007ee2df68,ASGRDGYNSY
5f2b352ec6f997007ee2df69,ARLPFRLRFLDGMDV
5f2b352ec6f997007ee2df6b,ARDIDY
5f2b352ec6f997007ee2df6d,ARGVRWTNFDY
5f2b352ec6f997007ee2df6e,ARDRPRDYLQYYYYGMDV
5f2b352ec6f997007ee2df70,ARGVTMVRGVSADWFDP
5f2b352ec6f997007ee2df72,AHGDYEPTSYNYGMDV
5f2b352ec6f997007ee2df73,ARDLAAASDAFDI
5f2b352ec6f997007ee2df74,AKDWM
5f2b352ec6f997007ee2df76,ARGGGSSNGYFDY
5f2b352ec6f997007ee2df78,ARGPYDSSGYPGDY
5f2b352ec6f997007ee2df79,ARGRGTMVRNHDY
5f2b352ec6f997007ee2df7b,ARGRACSGSCQNYFDY
5f2b352ec6f997007ee2df7e,ARLESLGGGDAFDI
5f2b352ec6f997007ee2df7f,ARRATGPYGFDY
5f2b352ec6f997007ee2df80,ARERSWRTTEAFDVSDI
5f2b352ec6f997007ee2df81,AWRGYSYGYGDY
5f2b352ec6f997007ee2df83,ARRGCSSTSCYDY
5f2b352ec6f997007ee2df84,ARRATRFLGHAFDI
5f2b352ec6f997007ee2df85,ARAVGATDYFDY
5f2b352ec6f997007ee2df86,AKVIFSFCSSTSCYATDILYGDYEGIDY
5f2b352ec6f997007ee2df87,ARIXVGATLDWYFDH
5f2b352ec6f997007ee2df8b,ARGPRNDYYYYGIDV
5f2b352ec6f997007ee2df8c,ARGPLGRYCSSTSCGYV
5f2b352ec6f997007ee2df8d,AKGRGIEYYDFWSGYSKTTAGDAFDI
5f2b352ec6f997007ee2df8f,ARDSYGNNGYPIY
5f2b352ec6f997007ee2df90,ARSLKVVPAAIYGMDV
5f2b352ec6f997007ee2df91,ATGSSNDY
5f2b352ec6f997007ee2df93,ARVIGWAEAFDI
5f2b352ec6f997007ee2df94,ARAGDGSGSYSFA
5f2b352ec6f997007ee2df96,ARHHLASGDY
5f2b352ec6f997007ee2df97,ARXSSCXRSGGDWFDY
5f2b352ec6f997007ee2df9a,AREFSNSSPDAFDI
5f2b352ec6f997007ee2df9b,ARILESPRGYPHYYYYGMDV
5f2b352ec6f997007ee2df9d,ARDWDCGGDYLHYGMDV
5f2b352ec6f997007ee2df9e,ARDGGWAKLLYDAFDI
5f2b352ec6f997007ee2dfa0,ARAPYNDAFDI
5f2b352ec6f997007ee2dfa1,ARSGGTTLDY
5f2b352ec6f997007ee2dfa2,AGQFCRGTTCYFDF
5f2b352ec6f997007ee2dfa6,ARFSLGSGHGFDP
5f2b352ec6f997007ee2dfa7,ARVAAARSPDY
5f2b352ec6f997007ee2dfaa,ARAFSIRDSSGYLGYFDL
5f2b352ec6f997007ee2dfac,AKRQATTATRGVRP
5f2b352ec6f997007ee2dfae,ASPSY
5f2b352ec6f997007ee2dfb3,ARDXEGGAFDY
5f2b352ec6f997007ee2dfb4,ARLGYSSRTNWFDP
5f2b352ec6f997007ee2dfb6,VTHEVVTYFGD
5f2b352ec6f997007ee2dfb8,ARGVYYGSSGYYDAFDY
5f2b352ec6f997007ee2dfb9,ARGGRIGWCELLFCFDY
5f2b352ec6f997007ee2dfbc,ARENAPYFIAAAGRD
5f2b352ec6f997007ee2dfbd,ARRHYYDSSGYDY
5f2b352ec6f997007ee2dfbe,ARGTVGGSSPLDY
5f2b352ec6f997007ee2dfbf,ARHPIVYGMDV
5f2b352ec6f997007ee2dfc0,ARGIXGXYLDP
5f2b352ec6f997007ee2dfc2,ARGQRCSGGSCYLEGLHKDY
5f2b352ec6f997007ee2dfc3,ARHRVRIVPPAPTEVDY
5f2b352ec6f997007ee2dfc6,AREGSDRDDWYFDL
5f2b352ec6f997007ee2dfc7,ARSEAAAGCDY
5f2b352ec6f997007ee2dfc8,ALFGVVFY
5f2b352ec6f997007ee2dfc9,ARRTPTIAVAGTYNWFDP
5f2b352ec6f997007ee2dfca,AHSYDFWSGLRNYYYYYYGMDV
5f2b352ec6f997007ee2dfcb,TRRDYYDSSGNYGMDV
5f2b352ec6f997007ee2dfcc,ARTLYPVAAAGSFDY
5f2b352ec6f997007ee2dfcd,ARVPGSGVRGVSSQIDY
5f2b352ec6f997007ee2dfce,ASLGWLRDY
5f2b352ec6f997007ee2dfcf,ARDLRLWYPKYGMDV
5f2b352ec6f997007ee2dfd0,ARFFGVVSGGSGFDY
5f2b352ec6f997007ee2dfd1,ARMENYDFWSGYYLYYYGMDV
5f2b352ec6f997007ee2dfd2,ARRNWRYYYDP
5f2b352ec6f997007ee2dfd5,ARCYYDSSGYQPPGY
5f2b352ec6f997007ee2dfd6,ARHQIAAAGPFDP
5f2b352ec6f997007ee2dfd7,ARDVRPAIDVWGSYLLDAFDI
5f2b352ec6f997007ee2dfd8,ERSGRFLEWYPLLLLLRYGR
5f2b352ec6f997007ee2dfdd,ARQSADYYDSSGYWGNWFDP
5f2b352ec6f997007ee2dfe0,ARFYSNSIEY
5f2b352ec6f997007ee2dfe1,ARDLRSGYAEGYGMDV
5f2b352ec6f997007ee2dfe4,ARTVEMATIIDY
5f2b352ec6f997007ee2dfe5,ARDIGSAGRAYYDSSGNSDY
5f2b352ec6f997007ee2dfe6,AKAQGMHPKGIAARVHDYDYYGMDV
5f2b352ec6f997007ee2dfe7,ARCNIVVVPAAIRPSGAFDP
5f2b352ec6f997007ee2dfe8,VRDLLPLVAADNDDY
5f2b352ec6f997007ee2dfe9,ARGQGRPVTKIRMDV
5f2b352ec6f997007ee2dfea,ARGGRGAGYDP
5f2b352ec6f997007ee2dfed,ARGKAMRY
5f2b352ec6f997007ee2dfee,ARGKDTMVRGVIEEIDY
5f2b352ec6f997007ee2dff0,AREATWYGMDV
5f2b352ec6f997007ee2dff2,ARFPPPRSWLRPTFDY
5f2b352ec6f997007ee2dff5,AKNRIAARPAGLGY
5f2b352ec6f997007ee2dff6,ARGATSCSSCGSCYYWFDH
5f2b352ec6f997007ee2dff7,ARYWDYGVVDY
5f2b352ec6f997007ee2dff9,ARDEPSGWSSRGMDV
5f2b352ec6f997007ee2dffc,ARWFSMVRAPYALDI
5f2b352ec6f997007ee2dffd,ARGGAAAGTDFDY
5f2b352ec6f997007ee2dffe,AREIHKFGXXXVIRSGFDY
5f2b352ec6f997007ee2dfff,ATVGTSGSYLFDY
5f2b352ec6f997007ee2e000,AREGDPRTTSYYYYYAGMDV
5f2b352ec6f997007ee2e001,ASHGDHDYGDQV
5f2b352ec6f997007ee2e002,SRGVAGGNNDYSYYPSWFDP
5f2b352ec6f997007ee2e005,ARGPNWNY
5f2b352ec6f997007ee2e008,ARRATGPYGFDY
5f2b352ec6f997007ee2e009,AXVEXXAVXGXFDX
5f2b352ec6f997007ee2e00a,ARHEARPPGWLNYWYFDL
5f2b352ec6f997007ee2e00b,ARLIGGAVRVVAAVHYCFDY
5f2b352ec6f997007ee2e00c,ARDGDCSSTSCYAVDYYYYGMDV
5f2b352ec6f997007ee2e011,ARGAVVRGCYSFDF
5f2b352ec6f997007ee2e013,ATQKAWNFMFDP
5f2b352ec6f997007ee2e014,ARGLAAAERGDDY
5f2b352ec6f997007ee2e015,ARGAEMATIPYFDY
5f2b352ec6f997007ee2e016,ARDPTSYDFWSGYRFHTNWFDP
5f2b352ec6f997007ee2e018,ARDLDGGGDLN
5f2b352ec6f997007ee2e019,ARGVRSAGVAANKFDY
5f2b352ec6f997007ee2e01a,ARVSITGTEVPYAFDY
5f2b352ec6f997007ee2e01b,ARGDXXEAPADRWFDY
5f2b352ec6f997007ee2e01c,ARGATIFGVVRGLFDY
5f2b352ec6f997007ee2e01e,ARKGDFWSGYLAWYYYGMDV
5f2b352ec6f997007ee2e022,ARRKIVVVVAAFDAFDI
5f2b352ec6f997007ee2e023,ARGRGSGPGGWFDP
5f2b352ec6f997007ee2e025,ATPSRSGSPRGYYYGMDV
5f2b352ec6f997007ee2e027,ARGPGLFANYYYYGMDV
5f2b352ec6f997007ee2e02b,ARQSWLVRLVLDWFDP
5f2b352ec6f997007ee2e02c,TRNLNYYGSGRRFGMDV
5f2b352ec6f997007ee2e02e,ARGTTGIAAAGGSEYFQH
5f2b352ec6f997007ee2e030,ARGVKK
5f2b352ec6f997007ee2e032,ARILEYSRGSSLDY
5f2b352ec6f997007ee2e033,EYPRGLRFLEWLLYGL
5f2b352ec6f997007ee2e034,ARHLAPGPLNWFDP
5f2b352ec6f997007ee2e036,ARGAVGVGATKDLDY
5f2b352ec6f997007ee2e037,ARQWNGAMVGFDP
5f2b352ec6f997007ee2e038,ARSHSSGYCPDY
5f2b352ec6f997007ee2e03b,ARVLDGSYSDY
5f2b352ec6f997007ee2e03c,ARDKYSLNWFDP
5f2b352ec6f997007ee2e03d,ARDKYSLNWFDP
5f2b352ec6f997007ee2e03e,ARGENYNAFDI
5f2b352ec6f997007ee2e03f,ARRRGTGTTVFDY
5f2b352ec6f997007ee2e040,ARRDTAMANDY
5f2b352ec6f997007ee2e041,TTGRRT
5f2b352ec6f997007ee2e042,ARDSLFSGDRVYYYYGMDV
5f2b352ec6f997007ee2e043,ARGYYDFWSCYYAY
5f2b352ec6f997007ee2e045,ARMYSSSEDDALSSDGYFDL
5f2b352ec6f997007ee2e046,AINTKRWLQSPFDY
5f2b352ec6f997007ee2e047,ARPRYWNYYGMDV
5f2b352ec6f997007ee2e048,ARGKAAAGTDY
5f2b352ec6f997007ee2e049,RGSSSHTLDY
5f2b352ec6f997007ee2e04a,ARMLSDGYFFGAFDI
5f2b352ec6f997007ee2e04b,ARDLNWGTDY
5f2b352ec6f997007ee2e04c,SDTENIAVLL
5f2b352ec6f997007ee2e04d,ARVYGDYEYDYYGMDV
5f2b352ec6f997007ee2e04f,AREDCSSTSCYRWFDP
5f2b352ec6f997007ee2e051,ARGSMAAGTTHFDY
5f2b352ec6f997007ee2e052,ARGGRWGDGRYFDY
5f2b352ec6f997007ee2e053,AGQGYSYGYYYYGMDG
5f2b352ec6f997007ee2e054,AHTPSYDSSGYDAFDI
5f2b352ec6f997007ee2e055,ARVEAGPFDY
5f2b352ec6f997007ee2e056,ARDVDGYVLYFDY
5f2b352ec6f997007ee2e057,ATGPQQWELCPPIVH
5f2b352ec6f997007ee2e058,AKDPASSIAAPNWFDS
5f2b352ec6f997007ee2e05a,ARESSRYFDWLFNFDY
5f2b352ec6f997007ee2e05b,ARGRAGATFDY
5f2b352ec6f997007ee2e05c,AHRHITGTFEN
5f2b352ec6f997007ee2e05d,ARHPRNSNAFDI
5f2b352ec6f997007ee2e05e,ARKTRMDSLFDP
5f2b352ec6f997007ee2e061,ARETMQWLVQGDAFDI
5f2b352ec6f997007ee2e062,ARTTPEVFDP
5f2b352ec6f997007ee2e063,ARDKRISGSYGGNWFDY
5f2b352ec6f997007ee2e065,ARGSSWYSVGMDV
5f2b352ec6f997007ee2e066,ARHVDGSGSYFGNFDY
5f2b352ec6f997007ee2e068,SRSIRSSDDSSGYSGGIDY
5f2b352ec6f997007ee2e069,ARXTYSSSYCFDY
5f2b352ec6f997007ee2e06a,ARGGGAEAGSCYWFDY
5f2b352ec6f997007ee2e06b,ARHRWGSPWYFDL
5f2b352ec6f997007ee2e06c,ARGSGRIAVANFDAFDY
5f2b352ec6f997007ee2e06d,AREQGGVYDFWSGDNADYYYGMDV
5f2b352ec6f997007ee2e06f,ARSNDGGITGTGFDY
5f2b352ec6f997007ee2e071,ARASDYDFWSGAYYFDY
5f2b352ec6f997007ee2e072,ARHHSVAVLDAFDI
5f2b352ec6f997007ee2e074,ARLLQDVEWLYIDADY
5f2b352ec6f997007ee2e078,ARARVAADAFDI
5f2b352ec6f997007ee2e07a,ATMTIPARSRGLDV
5f2b352ec6f997007ee2e07b,ARAPYNDAFDI
5f2b352ec6f997007ee2e07c,ARSPGYSYGYIDY
5f2b352ec6f997007ee2e07e,ARIFFPPRAQRYGMDV
5f2b352ec6f997007ee2e07f,ARIFFPPRAQRYGMDV
5f2b352ec6f997007ee2e081,ATGLDYGDPNFNY
5f2b352ec6f997007ee2e082,RDSIRGTMFGVVIIPRPTTLTT
5f2b352ec6f997007ee2e083,ARQRDSSGRTGCGFDY
5f2b352ec6f997007ee2e086,ASLAYSSSWYGRYFQH
5f2b352ec6f997007ee2e088,ARDIGYGMDV
5f2b352ec6f997007ee2e089,ARGVDGVQNGFDY
5f2b352ec6f997007ee2e08c,ARGVDQLPYTQDYYYGMDV
5f2b352ec6f997007ee2e08e,AGRIVGADY
5f2b352ec6f997007ee2e08f,ATTMLASPYYFDY
5f2b352ec6f997007ee2e090,VHRRPGLWFDI
5f2b352ec6f997007ee2e091,ARNIEMDV
5f2b352ec6f997007ee2e092,ARGRFLERTLRFDP
5f2b352ec6f997007ee2e093,ARPYYDFWSGYFFDI
5f2b352ec6f997007ee2e094,ARSGYGYTRNGYYFDY
5f2b352ec6f997007ee2e095,ARGKGYSSNWHFDY
5f2b352ec6f997007ee2e096,SASAPTLFPLVSCENSPSDTSSVAVGCLAQDF
5f2b352ec6f997007ee2e097,ARDAEPVAYCGGGCYWSDY
5f2b352ec6f997007ee2e098,ARVRDYYDSSGYYSATSYWYFDL
5f2b352ec6f997007ee2e09c,VLRLVTGL
5f2b352ec6f997007ee2e09d,ARHAGIAVATISGFDY
5f2b352ec6f997007ee2e09e,AIQLGYCSSTSCYLDETEYYFDY
5f2b352ec6f997007ee2e09f,ARAGTXVTCGRVGNWFDY
5f2b352ec6f997007ee2e0a0,ARRGSGYDPLPFDY
5f2b352ec6f997007ee2e0a1,ARSYSGSYGY
5f2b352ec6f997007ee2e0a2,ARGPNWNY
5f2b352ec6f997007ee2e0a3,ARREGYCSSTSCYGNWFDP
5f2b352ec6f997007ee2e0a6,ARPVGLNWFDP
5f2b352ec6f997007ee2e0a7,ARGSFHHINWFDP
5f2b352ec6f997007ee2e0a8,ARAHGAWGLSFYVIDY
5f2b352ec6f997007ee2e0aa,ARDIVPAAIVHYGFDF
5f2b352ec6f997007ee2e0ad,ARGXVLAAAGKYYFDY
5f2b352ec6f997007ee2e0ae,ARGVVGAIDDAFDI
5f2b352ec6f997007ee2e0b0,TRDQFFMIRGVILRAGLDL
5f2b352ec6f997007ee2e0b1,AHSNITFGGVIAPPPRY
5f2b352ec6f997007ee2e0b4,ARGPNWNY
5f2b352ec6f997007ee2e0b5,ARXXYGXGXYSXXXXXDAFDI
5f2b352ec6f997007ee2e0b6,ARRYSSNWYVRYFDY
5f2b352ec6f997007ee2e0b7,AGAQLLSGPYYFDY
5f2b352ec6f997007ee2e0b8,ARGLGIAVAGKGTFDP
5f2b352ec6f997007ee2e0bb,AHRRAYGDYYFDY
5f2b352ec6f997007ee2e0bc,TRSGPTFWYFDL
5f2b352ec6f997007ee2e0bd,ARESSVAGHGVFDY
5f2b352ec6f997007ee2e0be,ASGRWQLVSF
5f2b352ec6f997007ee2e0bf,ARMAGTYDSANDPFDY
5f2b352ec6f997007ee2e0c0,ARDIAAAGTGNWFDP
5f2b352ec6f997007ee2e0c1,TTDWFEYYFDY
5f2b352ec6f997007ee2e0c3,ARGLIAAAAIGD
5f2b352ec6f997007ee2e0c5,ARAMVDNFDY
5f2b352ec6f997007ee2e0c6,ARGASGSYLPNFDY
5f2b352ec6f997007ee2e0ca,ASGGDGDYGDY
5f2b352ec6f997007ee2e0cb,AKDASVGAFDY
5f2b352ec6f997007ee2e0cc,ARDGRNGGNFDY
5f2b352ec6f997007ee2e0cf,ARGSRDGYNQLPRYFDL
5f2b352ec6f997007ee2e0d6,ARDEIVLMVYAETYGMDV
5f2b352ec6f997007ee2e0d8,ARDAGNXYGSSECTRDY
5f2b352ec6f997007ee2e0d9,ARDGAAAGYYFDY
5f2b352ec6f997007ee2e0da,ATHFGEDFDY
5f2b352ec6f997007ee2e0dc,AKDFLMVYVNYGMDV
5f2b352ec6f997007ee2e0de,ASASLEPGISWFDP
5f2b352ec6f997007ee2e0df,ARVAEDWLGGFDY
5f2b352ec6f997007ee2e0e0,ARHSAPGIAARSYFDY
5f2b352ec6f997007ee2e0e1,ARRTTGAQTYFDY
5f2b352ec6f997007ee2e0e2,ARGRSGYSSSQLFDY
5f2b352ec6f997007ee2e0e3,ASRFSGGSSALYYGMDV
5f2b352ec6f997007ee2e0e4,ARXQXSEGWNGHAGSFDY
5f2b352ec6f997007ee2e0e6,ARAXXRGSSCFDY
5f2b352ec6f997007ee2e0e8,ARDIPGDGVDY
5f2b352ec6f997007ee2e0e9,ARTXXXXXXXXDY
5f2b352ec6f997007ee2e0ea,ARGSSIRGMDY
5f2b352ec6f997007ee2e0eb,ARQGLIQEFDY
5f2b352ec6f997007ee2e0ec,ARFSSWGYVTDY
5f2b352ec6f997007ee2e0ed,ARYNWKDHRIDY
5f2b352ec6f997007ee2e0ef,ARVILGYQVSLGWAMDV
5f2b352ec6f997007ee2e0f1,AREGHSGWDY
5f2b352ec6f997007ee2e0f2,ARVAYYGSLIESHPYY
5f2b352ec6f997007ee2e0f4,ARGLKWDYTGDY
5f2b352ec6f997007ee2e0f5,ARGSGGSYLSPDY
5f2b352ec6f997007ee2e0f6,PLVSCENSPSDTSSVAVGCLAQDF
5f2b352ec6f997007ee2e0f7,AREGLGGIRVDY
5f2b352ec6f997007ee2e0f8,AREEDGIRVDY
5f2b352ec6f997007ee2e0fa,ARGEPGSSSCYCCFDY
5f2b352ec6f997007ee2e0fc,ARXYYSDSSGRSCYYFDY
5f2b352ec6f997007ee2e0fe,ARDLLGXFYYGMDD
5f2b352ec6f997007ee2e0ff,ARXRGAAAXTXXNYFDY
5f2b352ec6f997007ee2e100,ARHGSGSYYDLDY
5f2b352ec6f997007ee2e101,ARKSRRGGWYGVCFDY
5f2b352ec6f997007ee2e102,ARRPDSSGWYEAGGDFDY
5f2b352ec6f997007ee2e104,ARDLGQLLHWPEEGG
5f2b352ec6f997007ee2e105,ARDLGQLRPEEGG
5f2b352ec6f997007ee2e106,ARAAIFGRQGGYDC
5f2b352ec6f997007ee2e109,ARPIVPDGYNDAFDI
5f2b352ec6f997007ee2e10a,ASPYCSSTSCLYGMDV
5f2b352ec6f997007ee2e10c,ASPSY
5f2b352ec6f997007ee2e10d,ARDESGANDAFDI
5f2b352ec6f997007ee2e10e,AHRAGVGANTFDY
5f2b352ec6f997007ee2e10f,SASAPTLFPLVSCENSPSDTSSVAVGCLAQDF
5f2b352ec6f997007ee2e110,ARDLDYGLWYFDL
5f2b352ec6f997007ee2e112,ARVITRVGGPSGAFDY
5f2b352ec6f997007ee2e114,ASGGDGDYGDY
5f2b352ec6f997007ee2e115,ARDSSGYYFRGSYYFDY
5f2b352ec6f997007ee2e117,ARGLKWDYTGDY
5f2b352ec6f997007ee2e118,ERPTVWSGYREGPRPPPVRP
5f2b352ec6f997007ee2e119,ARGSGSYFWYFDV
5f2b352ec6f997007ee2e11a,ARAWADCSSTSCYTSDI
5f2b352ec6f997007ee2e11b,ARGETGDY
5f2b352ec6f997007ee2e11e,ARGGVVPAAILDY
5f2b352ec6f997007ee2e120,GVRFGWYLNAFDI
5f2b352ec6f997007ee2e123,AGRDKPRERPHSNCSSTSCYERGGLDY
5f2b352ec6f997007ee2e125,ARGRFWSGYGWFDP
5f2b352ec6f997007ee2e12a,AHRLGDYVWGSYRYTAGFDY
5f2b352ec6f997007ee2e12b,ARVRKDGYNLVY
5f2b352ec6f997007ee2e12d,ARGVYYYDSSGYDY
5f2b352ec6f997007ee2e132,HWIPAAPVGVAFDI
5f2b352ec6f997007ee2e133,ARDKRPVRGVSWSYGFDY
5f2b352ec6f997007ee2e134,ARAGLGSSWYGGNYYFDY
5f2b352ec6f997007ee2e136,ARGQPYSTTPGY
5f2b352ec6f997007ee2e137,ARGQPYSTTPGY
5f2b352ec6f997007ee2e139,ARAXXCWSNWNCFDY
5f2b352ec6f997007ee2e13a,ARRYCTNGVCYRSAFDI
5f2b352ec6f997007ee2e13f,ASGGRLGGAATRAAFDF
5f2b352ec6f997007ee2e141,ARRTWCWNSSCCYAPYGFDF
5f2b352ec6f997007ee2e142,VRLAKSLPPV
5f2b352ec6f997007ee2e146,ARDQKLRWLNYCYFDY
5f2b352ec6f997007ee2e148,ARIILYVEQQPGYWFDY
5f2b352ec6f997007ee2e149,ARIILYVEQQPGYWFDY
5f2b352ec6f997007ee2e14c,ARDLRMSSRALGY
5f2b352ec6f997007ee2e14e,ALETGVSGLDY
5f2b352ec6f997007ee2e150,GSKHYVGAFDI
5f2b352ec6f997007ee2e153,ARRTPTIAVAGTYNWFDP
5f2b352ec6f997007ee2e155,ARGGYSRSYYGIYYAFDY
5f2b352ec6f997007ee2e156,AREDHDESGWYLDDAFDI
5f2b352ec6f997007ee2e157,ARGPNWNY
5f2b352ec6f997007ee2e15a,ATGHATNGADY
5f2b352ec6f997007ee2e15b,ARGPNWNY
5f2b352ec6f997007ee2e15d,AHRREYYFDY
5f2b352ec6f997007ee2e15e,ARCPLEDSSGGDHFDY
5f2b352ec6f997007ee2e15f,ARCPLEDSSGGDDY
5f2b352ec6f997007ee2e163,ARPRGGYSTYYFDY
5f2b352ec6f997007ee2e164,ARPRGGYSTYYFDY
5f2b352ec6f997007ee2e165,ARGYYDFWSGYYYYYYGMDV
5f2b352ec6f997007ee2e166,ARGYYDFWSGYYYYYYGMDV
5f2b352ec6f997007ee2e168,ARGKGRRRAPMDY
5f2b352ec6f997007ee2e169,ARGRSVEATFLRYYYVDV
5f2b352ec6f997007ee2e16c,ARVKVGYWYFDL
5f2b352ec6f997007ee2e16d,VRLAKSLPPV
5f2b352ec6f997007ee2e16e,ARKEVKAVPAAHRWFDP
5f2b352ec6f997007ee2e16f,ARGVRIAARLFDY
5f2b352ec6f997007ee2e170,ARRGGWLQPDYYYGMDV
5f2b352ec6f997007ee2e171,ASLDRGYGLDV
5f2b352ec6f997007ee2e172,ATYTGYCSSTSCYTKGGFDY
5f2b352ec6f997007ee2e173,ATYTGYCSSTSCYTKGGFDY
5f2b352ec6f997007ee2e174,ARLANYDFWSGYLDY
5f2b352ec6f997007ee2e177,ARPGTRLDAFDI
5f2b352ec6f997007ee2e178,ARDQRFGELLYY
5f2b352ec6f997007ee2e179,ARDQGGLQDYPYYDFWSGPSDRHWYFDL
5f2b352ec6f997007ee2e17a,ARSHGGSYKAYYLDY
5f2b352ec6f997007ee2e17b,ARGLLDSYFDY
5f2b352ec6f997007ee2e17c,ARTGIMGIGGVRADRDGFDY
5f2b352ec6f997007ee2e17d,ARGKRAAAGPDY
5f2b352ec6f997007ee2e17e,ARHDVHAGESSDCFYYF
5f2b352ec6f997007ee2e17f,ASAPTLFPLVSCENSPSDTSSVAVGCLAQDFD
5f2b352ec6f997007ee2e182,ARGSGSYLDY
5f2b352ec6f997007ee2e183,ARGRGWISLDAFDI
5f2b352ec6f997007ee2e184,AKDRWETPEAAFDI
5f2b352ec6f997007ee2e186,ARYTGVGIAARHDY
5f2b352ec6f997007ee2e187,ARQLFGETTVYFGY
5f2b352ec6f997007ee2e188,ARDGTHGGAENWFDP
5f2b352ec6f997007ee2e189,AREYCTNGVCDENWFDP
5f2b352ec6f997007ee2e18b,ARLGESPVGGWFDP
5f2b352ec6f997007ee2e18c,ARDDSSGYYYNWFDP
5f2b352ec6f997007ee2e18d,ARVDSSGYLDAFDI
5f2b352ec6f997007ee2e18f,ARGKAQGSTVLMVYAVGGPFDY
5f2b352ec6f997007ee2e190,ARASLGSSWYGGNYYFDY
5f2b352ec6f997007ee2e191,ARGHRKVYYYYYGMDV
5f2b352ec6f997007ee2e192,ANSRIFGVVKD
5f2b352ec6f997007ee2e193,ARGADDYSNYHWFDP
5f2b352ec6f997007ee2e195,AKPMDTSSWSSPVDY
5f2b352ec6f997007ee2e196,ARGAEIAVAGHYYYGMDV
5f2b352ec6f997007ee2e198,ARGRGQGGGYCFDY
5f2b352ec6f997007ee2e199,AKGNYYGSGSYLDAFDI
5f2b352ec6f997007ee2e19a,RVKVAVAVA
5f2b352ec6f997007ee2e19b,ARGHLHYYYYYGMDV
5f2b352ec6f997007ee2e19e,ARGWPSRGGVDY
5f2b352ec6f997007ee2e19f,ARGLTAVAGTSYYFDY
5f2b352ec6f997007ee2e1a2,ARAWLGYSSSWLWDY
5f2b352ec6f997007ee2e1a3,TRSKGAGDY
5f2b352ec6f997007ee2e1a4,VIEVDGDDAFDI
5f2b352ec6f997007ee2e1a6,ARGHSYVYFDY
5f2b352ec6f997007ee2e1a7,ARHQGYSSSWYSY
5f2b352ec6f997007ee2e1a8,ARARCSGAVATNGFDY
5f2b352ec6f997007ee2e1ab,ARATGIAVAADCFDY
5f2b352ec6f997007ee2e1ac,ARAPNWNY
5f2b352ec6f997007ee2e1ae,ARHRSSSPLTIYNWFDP
5f2b352ec6f997007ee2e1b0,ARGRGYIAVAGVDY
5f2b352ec6f997007ee2e1b3,ARVIEEYCSGGSCENFDY
5f2b352ec6f997007ee2e1b5,ARIPGLGDYYYYGMDV
5f2b352ec6f997007ee2e1b8,ARGVRWTNFDY
5f2b352ec6f997007ee2e1bb,GFRY
5f2b352ec6f997007ee2e1bd,ARDPGWPGTFDY
5f2b352ec6f997007ee2e1be,AHSLPIVVVPAAIRSWFDP
5f2b352ec6f997007ee2e1bf,ARILTGYFYFDY
5f2b352ec6f997007ee2e1c0,ATLRLGEFFR
5f2b352ec6f997007ee2e1c6,ARPRYWNYYGMDV
5f2b352ec6f997007ee2e1c8,ARGAAGYYYYGMDV
5f2b352ec6f997007ee2e1ca,ARAGLGSSWYGGNYYFDY
5f2b352ec6f997007ee2e1cb,ARANYHLDRALDY
5f2b352ec6f997007ee2e1cc,ARTILWNYQMDV
5f2b352ec6f997007ee2e1cd,ASAKWELRLRRWVDP
5f2b352ec6f997007ee2e1d0,ARTMATSV
5f2b352ec6f997007ee2e1d1,ERDLTSGSRLA
5f2b352ec6f997007ee2e1d2,ASAPTLFPLVSCENSPSDTSSVAVGCLAQDFD
5f2b352ec6f997007ee2e1d3,ARVRGSSSGQRIDY
5f2b352ec6f997007ee2e1d6,ARVPPPNLANFDH
5f2b352ec6f997007ee2e1d7,ARHQDTAMVDY
5f2b352ec6f997007ee2e1dc,ARDLLAYSSSSGGYNWFDP
5f2b352ec6f997007ee2e1dd,ARDRRFLEWFYPPLDYYYGMDV
5f2b352ec6f997007ee2e1de,ARXCGGWYRRTWIDY
5f2b352ec6f997007ee2e1df,ARGPNWNY
5f2b352ec6f997007ee2e1e0,ARDGSXSGWYXILFDY
5f2b352ec6f997007ee2e1e1,ARGVYYYDSSGYDY
5f2b352ec6f997007ee2e1e2,ARGDLSNFDY
5f2b352ec6f997007ee2e1e3,ATTGPTRGY
5f2b352ec6f997007ee2e1e4,ARLDRGWLQFD
5f2b352ec6f997007ee2e1e6,ARDQSIDNWFDP
5f2b352ec6f997007ee2e1e7,ARGPPGALFPGY
5f2b352ec6f997007ee2e1e8,ARFRQNGAFDI
5f2b352ec6f997007ee2e1e9,ARRATRFGDAGY
5f2b352ec6f997007ee2e1ea,ARADHCSSTSCYFY
5f2b352ec6f997007ee2e1ed,LGSSSSGTDYGMDV
5f2b352ec6f997007ee2e1ef,ARGGRYSYGYGYYYGMDV
5f2b352ec6f997007ee2e1f0,AREGPITGSGRNLKHFDY
5f2b352ec6f997007ee2e1f1,AKDLTVITGTSTFDY
5f2b352ec6f997007ee2e1f6,ARGSPIVVAEVSLCADY
5f2b352ec6f997007ee2e1f7,ARRVAIQRYFDWLPISDAFDI
5f2b352ec6f997007ee2e1f9,ARRGQVAARFWFDP
5f2b352ec6f997007ee2e1fa,ARDVEGIVGATFGEYYFDY
5f2b352ec6f997007ee2e1fc,ARHLGDSGSWNDYFDY
5f2b352ec6f997007ee2e1fd,ARGENYNAFDI
5f2b352ec6f997007ee2e1ff,ARGPNWNY
5f2b352ec6f997007ee2e200,ARGSIYYQYGMDV
5f2b352ec6f997007ee2e201,ARGGSGSRRYFDY
5f2b352ec6f997007ee2e202,ARLPVAMVYGMDV
5f2b352ec6f997007ee2e205,ARDLGIQLDY
5f2b352ec6f997007ee2e207,ARDRNGY
5f2b352ec6f997007ee2e209,AKGFVGSGIAAAGTSGY
5f2b352ec6f997007ee2e20b,ARDPPVTTSPHG
5f2b352ec6f997007ee2e20c,ARHARVAAAAYCFDY
5f2b352ec6f997007ee2e20d,ARASWGAYQLLGGPLYYYYGMDV
5f2b352ec6f997007ee2e212,ARENPTRYCSGGSCLWGGGYFDY
5f2b352ec6f997007ee2e216,ARGPNWNY
5f2b352ec6f997007ee2e218,ASARSSGWYYYYGMDV
5f2b352ec6f997007ee2e219,ARGWYGGSGYTGWFDY
5f2b352ec6f997007ee2e21a,ARDTSDFVTPRFDY
5f2b352ec6f997007ee2e21c,TRRDYYDSSGNYGMDV
5f2b352ec6f997007ee2e21e,ARGAKVFGGMVXXGXWFDY
5f2b352ec6f997007ee2e21f,ARQPEI
5f2b352ec6f997007ee2e220,ARGRSSSWYRNLDY
5f2b352ec6f997007ee2e221,ATIREELLIGMDV
5f2b352ec6f997007ee2e223,ARGLCPEIYEEGTSCYIGYYYGMDV
5f2b352ec6f997007ee2e225,ARLANYDFWSGYLGY
5f2b352ec6f997007ee2e226,AKDRGSAAAPEYYGMDV
5f2b352ec6f997007ee2e227,ARDRRWRGDY
5f2b352ec6f997007ee2e229,ARGPAATTIDY
5f2b352ec6f997007ee2e22a,ARDVCSSTSCYTGSWYYYGMDV
5f2b352ec6f997007ee2e22c,ARESSAGVHDAFDI
5f2b352ec6f997007ee2e22d,ARDQLSGARPFDY
5f2b352ec6f997007ee2e22e,ARESDY
5f2b352ec6f997007ee2e22f,ARVGGSGYDGGDY
5f2b352ec6f997007ee2e230,GTLTLLLWFVSTERILPA
5f2b352ec6f997007ee2e231,MAGSGYDY
5f2b352ec6f997007ee2e232,ARAFLWGGSYLRGRYFDL
5f2b352ec6f997007ee2e233,ARGVAAAILTVDY
5f2b352ec6f997007ee2e236,ARFXRGAAIAAMYGLDY
5f2b352ec6f997007ee2e237,ARDNGGPGYDYAVY
5f2b352ec6f997007ee2e238,ARDNGGPGYDYAVY
5f2b352ec6f997007ee2e239,ARSSGDAFDI
5f2b352ec6f997007ee2e23c,ASLRNAFDI
5f2b352ec6f997007ee2e23d,ARGFSMVRAPYAFDI
5f2b352ec6f997007ee2e23f,AGGAPGERFLEWLPVDPVRYYYYGMDV
5f2b352ec6f997007ee2e240,ARGFSMVRAPYAFDI
5f2b352ec6f997007ee2e241,ARAALSPMDV
5f2b352ec6f997007ee2e242,ARQEYSYGIDY
5f2b352ec6f997007ee2e244,ARGSFVVVAATSTGFDY
5f2b352ec6f997007ee2e247,ARGRELGMEDY
5f2b352ec6f997007ee2e248,ARGGGYYAGGCWFDY
5f2b352ec6f997007ee2e24c,ARGVRGVPPRFDP
5f2b352ec6f997007ee2e24d,ARGGSWEYPPNWFDP
5f2b352ec6f997007ee2e251,ARESSDDVNCDY
5f2b352ec6f997007ee2e252,ARGLGYCSGGSCYGWDY
5f2b352ec6f997007ee2e253,ARGGHSGNCEAWAGTFDY
5f2b352ec6f997007ee2e255,ARTYGGCNYAFDY
5f2b352ec6f997007ee2e257,ARDGTRGYCSSTSCYRGGLFDY
5f2b352ec6f997007ee2e259,TRHGFIGSYGPFDY
5f2b352ec6f997007ee2e25a,APEGYQLLNNWFDP
5f2b352ec6f997007ee2e25b,ARDRXDYDXWSGYYRYYYYGMDV
5f2b352ec6f997007ee2e25c,ARRVSSSWFTNWFVP
5f2b352ec6f997007ee2e25d,ARRDGYNHAYYGMDV
5f2b352ec6f997007ee2e260,ARNRWGYSSGYYGMDV
5f2b352ec6f997007ee2e261,ARETSGSFYYFDY
5f2b352ec6f997007ee2e263,ARSGYCSGGSCLNWFDP
5f2b352ec6f997007ee2e266,ARRYSSSWYFDY
5f2b352ec6f997007ee2e267,ARGISGLGAGHDAFDY
5f2b352ec6f997007ee2e269,ARTVVTPPGETFDP
5f2b352ec6f997007ee2e26c,ASLNFCSGDICLGREN
5f2b352ec6f997007ee2e26e,ARAYSRRAAAGGGPG
5f2b352ec6f997007ee2e270,ARXXAXEQWLLGKDGFDY
5f2b352ec6f997007ee2e272,ASRDYSNYHPGY
5f2b352ec6f997007ee2e275,ASSTTSGDTAMGLDY
5f2b352ec6f997007ee2e276,ARGYSSSWYRY
5f2b352ec6f997007ee2e278,ARILGNSNRDGAWFDS
5f2b352ec6f997007ee2e279,ARGGWLQWL
5f2b352ec6f997007ee2e27a,ARAYYGDNWYFDL
5f2b352ec6f997007ee2e280,ARDLDIGSYIDY
5f2b352ec6f997007ee2e283,ARGTPNYYDSSGLGHYDAFDI
5f2b352ec6f997007ee2e284,ARPQARTPDPGIQLWFSLGY
5f2b352ec6f997007ee2e285,ARTVDIVVVPAAKGVNWFDP
5f2b352ec6f997007ee2e286,AHIYLDVDTAMGGTGERIFDY
5f2b352ec6f997007ee2e287,ARDLNVWGSYRYSL
5f2b352ec6f997007ee2e289,ASMSSGLQYSFDY
5f2b352ec6f997007ee2e28a,ARDRRYYDFWSGYYEAIDY
5f2b352ec6f997007ee2e28c,ARDQRGSGWSVHYNWFDP
5f2b352ec6f997007ee2e28e,ARGIFGGYPPSGN
5f2b352ec6f997007ee2e291,ARSGRHAIVAVPAAILDP
5f2b352ec6f997007ee2e295,AAPVKWLVLSPDAFDI
5f2b352ec6f997007ee2e297,ATDLQWLVGGSDS
5f2b352ec6f997007ee2e298,ARGKIVVVNPDAFDI
5f2b352ec6f997007ee2e29d,SRDRAIVVVPADPSWFDP
5f2b352ec6f997007ee2e29e,ARPLGSELAVAGPNWFDP
5f2b352ec6f997007ee2e29f,ASSLSTGDYNYYYGMDV
5f2b352ec6f997007ee2e2a1,ARVPPPNLANFDH
5f2b352ec6f997007ee2e2a3,ARKGYGDYDY
5f2b352ec6f997007ee2e2a4,ASQGEGDY
5f2b352ec6f997007ee2e2a6,ARVLVGATLDY
5f2b352ec6f997007ee2e2a7,ARGRRVPAASH
5f2b352ec6f997007ee2e2a8,ARVFDLGGKVPAAISP
5f2b352ec6f997007ee2e2aa,ARGVTGSSSYGLPXSFDY
5f2b352ec6f997007ee2e2ac,ASQKDVLWFGELLNAFDI
5f2b352ec6f997007ee2e2ad,ETYSGYDEKLRYGR
5f2b352ec6f997007ee2e2ae,ARDEPPKMYSGSYYSPFFDY
5f2b352ec6f997007ee2e2af,ARAAVGAKAPLGAFDI
5f2b352ec6f997007ee2e2b2,AIREDCTNGVCSFDY
5f2b352ec6f997007ee2e2b3,ARLPKYYFDERAFDI
5f2b352ec6f997007ee2e2b6,ARGQGSVVPAAMGLHGFDP
5f2b352ec6f997007ee2e2b7,AKDSGGVVGVVIVPYYGMDV
5f2b352ec6f997007ee2e2b8,ARESLTNYHFDP
5f2b352ec6f997007ee2e2ba,ARIEYSYGPNYYYYDGMDV
5f2b352ec6f997007ee2e2bc,AGSTYYDILTGYDQPLSPDY
5f2b352ec6f997007ee2e2bd,ARVVSSSWYYFDY
5f2b352ec6f997007ee2e2bf,ARWGNIVVVPAAGNYYYGMDV
5f2b352ec6f997007ee2e2c2,AHSTDFWSGYYAPFDY
5f2b352ec6f997007ee2e2c4,ARGXRGDCSNGVCYFDY
5f2b352ec6f997007ee2e2c6,ARVVQLERHLAFDI
5f2b352ec6f997007ee2e2c7,ARSRVVFVH
5f2b352ec6f997007ee2e2c8,ARRGSGYDP
5f2b352ec6f997007ee2e2c9,ARQEGDSSGWRYYFDY
5f2b352ec6f997007ee2e2cc,AREDSSAGFDP
5f2b352ec6f997007ee2e2cd,ARSHTVSRGYFDY
5f2b352ec6f997007ee2e2ce,ARDRRGGYCGTAMDY
5f2b352ec6f997007ee2e2cf,ARNRRD
5f2b352ec6f997007ee2e2d0,ARHAEYSSSSPGD
5f2b352ec6f997007ee2e2d1,ARHLRTRFYYYYGMDV
5f2b352ec6f997007ee2e2d2,ARNWAKAAAADY
5f2b352ec6f997007ee2e2d3,ARSYNFWNSDAFDI
5f2b352ec6f997007ee2e2d5,ASPARRGAAAANQFDY
5f2b352ec6f997007ee2e2d7,ARGGWLQWL
5f2b352ec6f997007ee2e2d8,AKDKGDFGVADY
5f2b352ec6f997007ee2e2d9,ARLLIRGTPCFDY
5f2b352ec6f997007ee2e2da,AGDWGSGWQLDY
5f2b352ec6f997007ee2e2db,ARHQVAAAGPFDL
5f2b352ec6f997007ee2e2dc,ARHQIAAAGPFDP
5f2b352ec6f997007ee2e2df,AHRRGYGSGSPLRAPFDY
5f2b352ec6f997007ee2e2e1,ARDRRGYARASYFDY
5f2b352ec6f997007ee2e2e2,ARDLRGYSYGYYGMDV
5f2b352ec6f997007ee2e2e4,AREGPEYCTNGVCYTLWYFDL
5f2b352ec6f997007ee2e2e5,ARDGGLLGYSYGDY
5f2b352ec6f997007ee2e2e6,AADRYSSSWYSDYGMDV
5f2b352ec6f997007ee2e2e8,VLGRGRWAFDI
5f2b352ec6f997007ee2e2e9,AGITVGHYFDY
5f2b352ec6f997007ee2e2ea,ARRGGSSGWRYFDL
5f2b352ec6f997007ee2e2ec,ARESHQIGRNWFDP
5f2b352ec6f997007ee2e2ed,ASRDTYSGSSDY
5f2b352ec6f997007ee2e2f0,ASALVEMATIDPPFDY
5f2b352ec6f997007ee2e2f1,ARXSSGRYYFDY
5f2b352ec6f997007ee2e2f2,ANDDGH
5f2b352ec6f997007ee2e2f4,ARLHDYVWGSYLDY
5f2b352ec6f997007ee2e2f8,ARGFEGGASDY
5f2b352ec6f997007ee2e2fa,ARRVLYCGSSCYGDFDY
5f2b352ec6f997007ee2e2fb,ARRRSSGWYNIQSEFDY
5f2b352ec6f997007ee2e2fd,ARVAVVVAATPQLFDY
5f2b352ec6f997007ee2e2fe,ARDXPESAXXRVHFDY
5f2b352ec6f997007ee2e300,AGGVAGKGVANWFDP
5f2b352ec6f997007ee2e301,ARGPNWNY
5f2b352ec6f997007ee2e302,AREAGDTSYLDL
5f2b352ec6f997007ee2e303,ARVPRFLLDHARSYWYFDL
5f2b352ec6f997007ee2e304,ARDLGNDFWSGYSRFYYGMDV
5f2b352ec6f997007ee2e306,AHTRRIAAAGTNFDY
5f2b352ec6f997007ee2e307,ARSSGDAFDI
5f2b352ec6f997007ee2e309,ARGRGMMYAIFYRYGMDV
5f2b352ec6f997007ee2e30a,ARVAPPRFLEWLPYYYYGMDV
5f2b352ec6f997007ee2e30b,ARGEAEQQLVLLDY
5f2b352ec6f997007ee2e30c,ARAGLGSSWYGGNYYFDY
5f2b352ec6f997007ee2e310,ARAGLGSSWYGGNYYFDY
5f2b352ec6f997007ee2e311,ARRRVPSLHYYYGMDV
5f2b352ec6f997007ee2e312,ASLSVDI
5f2b352ec6f997007ee2e315,ARGSRYYDYY
5f2b352ec6f997007ee2e316,ARGRSSSWYRNLDY
5f2b352ec6f997007ee2e318,ASTLGAYDFWSGYYTDY
5f2b352ec6f997007ee2e31a,ARSNGGQGSYFDY
5f2b352ec6f997007ee2e31b,ARGPGAAGGEDY
5f2b352ec6f997007ee2e31c,ARDESDCSGSCRYRFDY
5f2b352ec6f997007ee2e31e,ARMPTPSTVVTPFFAFDI
5f2b352ec6f997007ee2e31f,ARQKDXXRGDGYQGLDY
5f2b352ec6f997007ee2e320,REQLRTGTTKRVSGSTP
5f2b352ec6f997007ee2e321,ARKGGGWFDAFDI
5f2b352ec6f997007ee2e323,AKDRGAYDSSGYYPASFDP
5f2b352ec6f997007ee2e324,ARDLSGVDFDY
5f2b352ec6f997007ee2e326,ARHGSDYVWGSYRYYFDY
5f2b352ec6f997007ee2e328,AADSD
5f2b352ec6f997007ee2e329,ARGQLTTVVTRGPLLGY
5f2b352ec6f997007ee2e32a,VASWLYGSERFDY
5f2b352ec6f997007ee2e32b,AKASAVAGNCLDY
5f2b352ec6f997007ee2e32c,ARRGRIQLSH
5f2b352ec6f997007ee2e32e,ARGSRRDGYYGYGFDY
5f2b352ec6f997007ee2e32f,AREGAVAGGLRGDAFDI
5f2b352ec6f997007ee2e330,ARDDAGGYCNCXFDY
5f2b352ec6f997007ee2e331,ARVPRILWWLEVAFDI
5f2b352ec6f997007ee2e332,ARRGSNSSPFDL
5f2b352ec6f997007ee2e333,ARQESRWLQPCPFDY
5f2b352ec6f997007ee2e334,AXXSSGGYXSDY
5f2b352ec6f997007ee2e335,ARGREHYGDRAEYFQH
5f2b352ec6f997007ee2e336,VRDRYGYGGDAFDV
5f2b352ec6f997007ee2e337,AREQPEGDNWFDL
5f2b352ec6f997007ee2e339,ARGQPRIAMTXXXSYXSYGMDY
5f2b352ec6f997007ee2e33b,ARGXTSCSCXPQDYYFDY
5f2b352ec6f997007ee2e33c,ARPWGGTVVTPFAFDI
5f2b352ec6f997007ee2e33e,ARGLWELLSSYFDY
5f2b352ec6f997007ee2e344,ARVGTVLLGYAIPYNWFDP
5f2b352ec6f997007ee2e345,AVPGIAVAGDDY
5f2b352ec6f997007ee2e347,ASSDY
5f2b352ec6f997007ee2e348,ARALRTTIFGVVTALDAFDI
5f2b352ec6f997007ee2e349,AREPGAGSSCYYCFDY
5f2b352ec6f997007ee2e34a,ASHRAGAVGVTSPFAY
5f2b352ec6f997007ee2e34c,ARAPYNDAFDI
5f2b352ec6f997007ee2e34d,AREGGTVTVNYYYYGMDV
5f2b352ec6f997007ee2e34e,ARAYSSSSGRFDP
5f2b352ec6f997007ee2e34f,ARRRSVEATFLRYYYVDV
5f2b352ec6f997007ee2e351,ARGASGSYLPNFDY
5f2b352ec6f997007ee2e354,ARGENYNAFDI
5f2b352ec6f997007ee2e356,ARHLAPGPLNWFDP
5f2b352ec6f997007ee2e357,ASRVIGSGNAFDI
5f2b352ec6f997007ee2e359,ARMKSSSSRCGCWFDP
5f2b352ec6f997007ee2e35d,ARDHWKNYFDY
5f2b352ec6f997007ee2e35f,ARGDFYGWMVRGAYFDY
5f2b352ec6f997007ee2e360,ALCGGGVQEL
5f2b352ec6f997007ee2e361,ARVQMTSRVYGTPIDAFDI
5f2b352ec6f997007ee2e363,ARSPLLGYSSQDAFDI
5f2b352ec6f997007ee2e364,ARRAGYSYGIDY
5f2b352ec6f997007ee2e367,ARAYYYDSSGYLPEGYGMDV
5f2b352ec6f997007ee2e36d,ARGATDCSSTSCYKDDDWYFDL
5f2b352ec6f997007ee2e36f,SRGRHALDY
5f2b352ec6f997007ee2e371,ARVMGPPPTSEGGGTVDY
5f2b352ec6f997007ee2e372,ARSCSSTSCPFDY
5f2b352ec6f997007ee2e375,ARAVSGSYHDY
5f2b352ec6f997007ee2e376,ARVRKTNGWYFDL
5f2b352ec6f997007ee2e377,ARGRLVRVGNWFDP
5f2b352ec6f997007ee2e378,ARGGSYSSSWYWFDY
5f2b352ec6f997007ee2e379,ARGGSYSSSWYWFDP
5f2b352ec6f997007ee2e37a,ASTAAGIDY
5f2b352ec6f997007ee2e37b,ARGXSGXRGGDYFDY
5f2b352ec6f997007ee2e37c,AREGPRATHFDY
5f2b352ec6f997007ee2e37d,ARHERGIAMVGKPHNWFDP
5f2b352ec6f997007ee2e37e,AHSPYYYDSSGYYYGMDV
5f2b352ec6f997007ee2e37f,ARNRRD
5f2b352ec6f997007ee2e380,VRYSSSREDWFDP
5f2b352ec6f997007ee2e382,ARDGEMSVIRGYLDY
5f2b352ec6f997007ee2e383,AKGTFCSYGFGRGGSVDY
5f2b352ec6f997007ee2e385,ARXRSCRGGSCYXTXGXFYAFDY
5f2b352ec6f997007ee2e387,AREYDFWSGYSFFYYGMDV
5f2b352ec6f997007ee2e388,ARDGDDYRVEAGYYNWFDY
5f2b352ec6f997007ee2e389,ARGQGRPVTKIRMDV
5f2b352ec6f997007ee2e38a,ARDQGDGYNYGY
5f2b352ec6f997007ee2e38b,ARFENV
5f2b352ec6f997007ee2e38c,ARDRVGFLPIR
5f2b352ec6f997007ee2e38d,ARVGVIHSIAARPLGHFDY
5f2b352ec6f997007ee2e38f,ARESSDDVNCDY
5f2b352ec6f997007ee2e393,ARHTQIMYAFDI
5f2b352ec6f997007ee2e394,ARVANGGNYYFDY
5f2b352ec6f997007ee2e396,AREMDDWFDP
5f2b352ec6f997007ee2e397,ARRYGYYYDSSGPTWYFDL
5f2b352ec6f997007ee2e399,ARGGERSGYYDALDI
5f2b352ec6f997007ee2e39d,AKCLGKWELADAFDI
5f2b352ec6f997007ee2e39e,ASHFDAFDI
5f2b352ec6f997007ee2e39f,ASTGYSSSH
5f2b352ec6f997007ee2e3a0,ARHLGYCSSTSCSFFDY
5f2b352ec6f997007ee2e3a2,ASSLRFLEWLSIGSDAFDI
5f2b352ec6f997007ee2e3a3,ARDRPGSGWYTDYFDY
5f2b352ec6f997007ee2e3a4,ARDKVFTNYYGSGSIPHDAFDI
5f2b352ec6f997007ee2e3a7,ASARSSGWYYYYGMDV
5f2b352ec6f997007ee2e3a8,ARVVWGRGWYGYGFDY
5f2b352ec6f997007ee2e3a9,ARVVWGSGWYWGFDY
5f2b352ec6f997007ee2e3ab,VKGGLIYYGMDV
5f2b352ec6f997007ee2e3ac,ASGLRSSRYYYYGMDV
5f2b352ec6f997007ee2e3ad,ARHPGSMAVADNYFDY
5f2b352ec6f997007ee2e3ae,AGQFCRGTTCYFDF
5f2b352ec6f997007ee2e3b1,ARDPPVTTSPHG
5f2b352ec6f997007ee2e3b2,ARGMHDPSSY
5f2b352ec6f997007ee2e3b3,ARVIAAAGSVSGRPYYFDY
5f2b352ec6f997007ee2e3b5,ARVIAAAGSVSGRPYYFDY
5f2b352ec6f997007ee2e3b6,ARVAGVRPAATPYYYGIDF
5f2b352ec6f997007ee2e3b7,AREYSNYVGY
5f2b352ec6f997007ee2e3b8,AKDPQYEEWELSYYFDY
5f2b352ec6f997007ee2e3b9,ARWQGGELHKENTIYYGMDV
5f2b352ec6f997007ee2e3ba,AGGSSSYYYGSGSYLVFDY
5f2b352ec6f997007ee2e3bc,ARERYSSSSWYKALDWFDP
5f2b352ec6f997007ee2e3bd,AGGITIFGVVGVPFDY
5f2b352ec6f997007ee2e3be,AKVPLDRDDYFWGSYSNDY
5f2b352ec6f997007ee2e3c2,ARGRSRGGFDY
5f2b352ec6f997007ee2e3c3,TTEGGVGATLDY
5f2b352ec6f997007ee2e3c6,ARGLADSCDYFDY
5f2b352ec6f997007ee2e3c8,ARGSXGXSSSYWYGFDY
5f2b352ec6f997007ee2e3c9,REAGRTSCYRTGSTP
5f2b352ec6f997007ee2e3cd,ARDQPSWSLQTY
5f2b352ec6f997007ee2e3ce,ARGTGPQNWFDP
5f2b352ec6f997007ee2e3d0,ARHNGDGYNYSFDY
5f2b352ec6f997007ee2e3d1,ARGQGGSNRRLDY
5f2b352ec6f997007ee2e3d2,ARQGAAADPVVYYYYGMDV
5f2b352ec6f997007ee2e3d3,ARGVDY
5f2b352ec6f997007ee2e3d4,APQKACNYMFDP
5f2b352ec6f997007ee2e3d5,ARRRRGGLFDY
5f2b352ec6f997007ee2e3d7,AKVWDSPGDSSGSSRPDAFDI
5f2b352ec6f997007ee2e3da,ARHRIQTCPLRGYSYGSFDY
5f2b352ec6f997007ee2e3dd,ARGRELGMEDY
5f2b352ec6f997007ee2e3e1,ARKDELGGWREDDAFAI
5f2b352ec6f997007ee2e3e2,ARGAAAAIRSFDY
5f2b352ec6f997007ee2e3e3,ARGAAAAIRSFDY
5f2b352ec6f997007ee2e3e4,ARDLDDFSTDY
5f2b352ec6f997007ee2e3e5,ARDSAEILEWFHISQYFDY
5f2b352ec6f997007ee2e3e6,ASGLGSCGDCYPAEYFQH
5f2b352ec6f997007ee2e3e7,ARRATLFGDAGY
5f2b352ec6f997007ee2e3e9,ARVDAXYGGGYFDY
5f2b352ec6f997007ee2e3ea,ARHVISSSSLGVYAFDI
5f2b352ec6f997007ee2e3eb,ARGTVVVVIFDY
5f2b352ec6f997007ee2e3ec,ASAPTLFPLVSCENSPSDTSSVAVGCLAQDF
5f2b352ec6f997007ee2e3ee,ATEWSHIDY
5f2b352ec6f997007ee2e3ef,ARGQEP
5f2b352ec6f997007ee2e3f1,ARVYDFWSATEDI
5f2b352ec6f997007ee2e3f2,ARGFIAARLCWFDP
5f2b352ec6f997007ee2e3f9,ARGQAGASFDY
5f2b352ec6f997007ee2e3fc,ARDPGGGSYPANYFDY
5f2b352ec6f997007ee2e3fe,ARYYYDSSGYFDY
5f2b352ec6f997007ee2e400,ATQDLYYYGSGSTPFDY
5f2b352ec6f997007ee2e401,ARDLAPIAARPVGY
5f2b352ec6f997007ee2e404,ARDLFDFWSGRPAYYYYGMDV
5f2b352ec6f997007ee2e406,RDSMATPVAGIQKATTTTVWTS
5f2b352ec6f997007ee2e409,ARGVVPAADDYFDY
5f2b352ec6f997007ee2e40b,AHTRLNRITMVRGVNHFDY
5f2b352ec6f997007ee2e40d,ARGQMQKNQFSSYGMDV
5f2b352ec6f997007ee2e40e,ASPSSGGFDC
5f2b352ec6f997007ee2e40f,ASHAPPYYDFWSGYQTSFDY
5f2b352ec6f997007ee2e410,VRVLKRARVYKPMDV
5f2b352ec6f997007ee2e411,ARYWDYGVVDY
5f2b352ec6f997007ee2e414,AXVXXXWLXAGAFDX
5f2b352ec6f997007ee2e415,ARDRHFGSGTLAPFDP
5f2b352ec6f997007ee2e418,AKDQVVLIYGMDV
5f2b352ec6f997007ee2e419,ARGXGIHGPYDY
5f2b352ec6f997007ee2e41a,ARGKAAAGTDY
5f2b352ec6f997007ee2e41b,ARGKAAAGTDY
5f2b352ec6f997007ee2e41d,ARGGIAAECFDY
5f2b352ec6f997007ee2e41f,ARAPYYDFWSGYYPFDI
5f2b352ec6f997007ee2e421,ARCPLEDSSGGDDY
5f2b352ec6f997007ee2e423,ARRRDRGTSFYYFDY
5f2b352ec6f997007ee2e424,ARSTGTSSFDP
5f2b352ec6f997007ee2e428,ARWGMAARRAWDY
5f2b352ec6f997007ee2e429,ARAXQTTXGAAGXYDXHXYFDY
5f2b352ec6f997007ee2e42a,ARVGDSSSSFWPSWFDP
5f2b352ec6f997007ee2e42b,ASGGDGDYYGDY
5f2b352ec6f997007ee2e42d,ARGXHGSSGYWTVGXCDH
5f2b352ec6f997007ee2e42f,ARAGASSGSRLTGWFDP
5f2b352ec6f997007ee2e431,ARQEQWLGGGTDY
5f2b352ec6f997007ee2e432,ARHGGDCCGWLDGFDY
5f2b352ec6f997007ee2e433,APQKAWNYMFDP
5f2b352ec6f997007ee2e434,TTSLTMIVVVNHFDY
5f2b352ec6f997007ee2e435,ARHLGIVGATTYDAFDI
5f2b352ec6f997007ee2e437,ARLIRKSWLVLEYFDY
5f2b352ec6f997007ee2e43a,ARGGSRNDIVVVVAIVT
5f2b352ec6f997007ee2e43c,AREDSLEYYFDY
5f2b352ec6f997007ee2e43d,ARPGYWNYYGMDV
5f2b352ec6f997007ee2e440,ARASDYDFWSGAYYFDY
5f2b352ec6f997007ee2e441,AGQFCRGTTCYFDF
5f2b352ec6f997007ee2e442,ARARGVVQFDY
5f2b352ec6f997007ee2e443,ARLRIAAAAGGMDY
5f2b352ec6f997007ee2e445,AKDHQALRFLEWGEYYYYAMDV
5f2b352ec6f997007ee2e449,ARSGGSSDLARFDY
5f2b352ec6f997007ee2e44b,ARHGYGSGWYPCYFDY
5f2b352ec6f997007ee2e44d,ARSRSDWYFDL
5f2b352ec6f997007ee2e451,ASGTFNDDVWGSYRPFDV
5f2b352ec6f997007ee2e453,ARTGGWSGYSYNWFDP
5f2b352ec6f997007ee2e454,ARFRQNGAFDI
5f2b352ec6f997007ee2e455,AKNHCGGDCYWSPKPDY
5f2b352ec6f997007ee2e456,AREVTRSSSSDS
5f2b352ec6f997007ee2e457,AXXGVRXXNXYYXXDP
5f2b352ec6f997007ee2e458,ARPLGSELAVAGPNWFDP
5f2b352ec6f997007ee2e459,ARPLGSELAVAGPNWFDP
5f2b352ec6f997007ee2e45a,ARLQPTARGYCRY
5f2b352ec6f997007ee2e45b,ARGDILTGPIDY
5f2b352ec6f997007ee2e45c,ARGNNYSGSXWXYYFDY
5f2b352ec6f997007ee2e45e,ARVPPYYDSSGFDY
5f2b352ec6f997007ee2e460,ARXRCLADEYCFDY
5f2b352ec6f997007ee2e462,ARLTYSGSYYVDY
5f2b352ec6f997007ee2e464,ARXVFGXGAGRKWIDY
5f2b352ec6f997007ee2e465,ARGRRRYGMDV
5f2b352ec6f997007ee2e466,ARDENYYDSSGYYYRYFEH
5f2b352ec6f997007ee2e467,ARDLGSSPFPVDY
5f2b352ec6f997007ee2e468,AKAPAADTVAEFDY
5f2b352ec6f997007ee2e46b,ARGLSRYSSSWYFDY
5f2b352ec6f997007ee2e46c,ARGGGIAVADGRNWFDP
5f2b352ec6f997007ee2e46f,ARVRPLLLMTTGWYFDL
5f2b352ec6f997007ee2e470,ARHPGAFDM
5f2b352ec6f997007ee2e471,ARGAAGYYYYGMDV
5f2b352ec6f997007ee2e472,ARASVVPAAIENYYYGMDV
5f2b352ec6f997007ee2e473,ARGQVWEWLLHWFDS
5f2b352ec6f997007ee2e474,ARVGYYLDY
5f2b352ec6f997007ee2e475,ARASNEGFSAYYFDY
5f2b352ec6f997007ee2e476,ARGQRCSGGSCYLEGLHKDY
5f2b352ec6f997007ee2e477,ASHFDAFDI
5f2b352ec6f997007ee2e479,LGSSSSGTDYGMDV
5f2b352ec6f997007ee2e47a,ARGLRGRFDP
5f2b352ec6f997007ee2e47b,ARDRRWRGDY
5f2b352ec6f997007ee2e47c,AHSLGDRGV
5f2b352ec6f997007ee2e47e,ASGLGSGLVDV
5f2b352ec6f997007ee2e47f,ARDGSSWYERDYYYGMDV
5f2b352ec6f997007ee2e480,ARAPTMFGVVIHWYNWFDP
5f2b352ec6f997007ee2e481,AAVTMVRGVIGGDY
5f2b352ec6f997007ee2e482,ARGRGVTTVTRYFDY
5f2b352ec6f997007ee2e483,ASSGESSGYPLDP
5f2b352ec6f997007ee2e485,ARPYSSFYWYFDL
5f2b352ec6f997007ee2e486,ARGSGXGYDYSNYDRFDY
5f2b352ec6f997007ee2e487,ARGLGMVRGVTWRPRAFDI
5f2b352ec6f997007ee2e488,ARGGGLGDIVVVPAAITFDY
5f2b352ec6f997007ee2e489,ARGGIAVAGTPDY
5f2b352ec6f997007ee2e48d,ARETLEYTPEADWFDP
5f2b352ec6f997007ee2e490,ARLQILTGYFYGGFDY
5f2b352ec6f997007ee2e491,ARPPQPDSSGYQGAFDI
5f2b352ec6f997007ee2e492,ARLGLELLR
5f2b352ec6f997007ee2e493,ARGASGSYLPNFDY
5f2b352ec6f997007ee2e494,ARGSRPHSSFGHLDS
5f2b352ec6f997007ee2e495,AKASGDSSGYWVTAFDI
5f2b352ec6f997007ee2e498,ARDRITGSSSWYEGGMDV
5f2b352ec6f997007ee2e499,ARDRITGSSSWYEGGMDV
5f2b352ec6f997007ee2e49a,ASTVPAARYYGMDV
5f2b352ec6f997007ee2e49b,ARSHSFDY
5f2b352ec6f997007ee2e49c,AREGAYNWNYGFYAY
5f2b352ec6f997007ee2e4a0,REGGFLTSTIFGVVPMMVLIS
5f2b352ec6f997007ee2e4a1,ARDRVVPAAILGY
5f2b352ec6f997007ee2e4a2,ARGQRRVRYFDWLLWDYFDY
5f2b352ec6f997007ee2e4a3,AREQGGVYDFWSGDNADYYYGMDV
5f2b352ec6f997007ee2e4a4,ARHSLGGRVAAGGYWFDP
5f2b352ec6f997007ee2e4a6,SRWVYVLRFLEVGY
5f2b352ec6f997007ee2e4a7,ARHVSSGWQYYYGLDV
5f2b352ec6f997007ee2e4a8,TRHRDYYGSGRPFHP
5f2b352ec6f997007ee2e4a9,ARGRGVAYVYYFDY
5f2b352ec6f997007ee2e4aa,ARDGVPVRLASNYYYYYGMDV
5f2b352ec6f997007ee2e4ab,ARGNERYYFDY
5f2b352ec6f997007ee2e4ac,ARERGYGGDFDY
5f2b352ec6f997007ee2e4ae,ARGSSSDY
5f2b352ec6f997007ee2e4af,ASAPTLFPLVSCENSPSDTSSVAVGCLAQDF
5f2b352ec6f997007ee2e4b0,ARDGTHGGAENWFDP
5f2b352ec6f997007ee2e4b1,ARTKLHYSGGWFDP
5f2b352ec6f997007ee2e4b2,ARHGGLNSSSWYEGFDY
5f2b352ec6f997007ee2e4b4,ARVPPSATHSSSYNWFDP
5f2b352ec6f997007ee2e4b6,AREVVAIIAAAGHYGMDV
5f2b352ec6f997007ee2e4b7,ARAGVQLWLRSYYGMDV
5f2b352ec6f997007ee2e4b9,ARDVDGYVLYLDY
5f2b352ec6f997007ee2e4bb,ARGGEMATIDY
5f2b352ec6f997007ee2e4bd,ARGRHLYYFGTLSYFDY
5f2b352ec6f997007ee2e4be,ARRARGLTTVVITNWYFDL
5f2b352ec6f997007ee2e4c2,ARGTKVAAGTFGFDY
5f2b352ec6f997007ee2e4c5,ARDTRTGHIDY
5f2b352ec6f997007ee2e4c6,ARRATRFLGHAFDI
5f2b352ec6f997007ee2e4cb,ASSNSSGWPNLLRTGGISYYYGMDV
5f2b352ec6f997007ee2e4cc,ARHRGNYYFDY
5f2b352ec6f997007ee2e4ce,ARSEAMVRIYWYFDL
5f2b352ec6f997007ee2e4cf,ARELRYCDGSGR
5f2b352ec6f997007ee2e4d0,AHKLQYSSSGMN
5f2b352ec6f997007ee2e4d1,TTGGVDY
5f2b352ec6f997007ee2e4d3,ARDRGSGYYPPAHYYYYGMDV
5f2b352ec6f997007ee2e4d4,AHQLRFLEWAQSFDY
5f2b352ec6f997007ee2e4d5,AKDRPGWNDAFDI
5f2b352ec6f997007ee2e4d8,ARLVVRDDAFDI
5f2b352ec6f997007ee2e4da,AKDRGYSSSSGFDY
5f2b352ec6f997007ee2e4dc,ARGVVVVPAASPKAYWFDY
5f2b352ec6f997007ee2e4dd,AIIAARLDY
5f2b352ec6f997007ee2e4de,ARGXXXXCLGVPXDY
5f2b352ec6f997007ee2e4e0,ARPHRKAMVSGYFDY
5f2b352ec6f997007ee2e4e2,ARGGXRGGYQFDY
5f2b352ec6f997007ee2e4e3,ARRIVNHFDY
5f2b352ec6f997007ee2e4e4,AHNDILTGYSPFDY
5f2b352ec6f997007ee2e4e5,ARGQVNYYDSSGYYL
5f2b352ec6f997007ee2e4e6,AREQYGGFDY
5f2b352ec6f997007ee2e4e8,ARGPNWNY
5f2b352ec6f997007ee2e4e9,ARGAGYCSGGSCLPAHAFDI
5f2b352ec6f997007ee2e4ec,ASRWNDGY
5f2b352ec6f997007ee2e4ed,GREVPNQLAVDS
5f2b352ec6f997007ee2e4ef,ARRPFQYQLLYYYYGMDV
5f2b352ec6f997007ee2e4f1,AREARAGIQLWLLAH
5f2b352ec6f997007ee2e4f4,ARRPDDYGDYFDY
5f2b352ec6f997007ee2e4f5,ARDVSIGGGGPPYAPFDY
5f2b352ec6f997007ee2e4f6,ARLAGKDYGDSV
5f2b352ec6f997007ee2e4f9,ARLSISYSSLNYFDY
5f2b352ec6f997007ee2e4fc,AREVGWFDP
5f2b352ec6f997007ee2e4fd,AKGSRGAATGANFDY
5f2b352ec6f997007ee2e4ff,ARGMSDGSSSPNFDY
5f2b352ec6f997007ee2e502,ARGVYDDSCSCIYYYGFDF
5f2b352ec6f997007ee2e503,ARQVXYGSSWHXFDY
5f2b352ec6f997007ee2e504,AHQPGYCSGGSCAVNWFDP
5f2b352ec6f997007ee2e505,ARSYYDFSGDAFDI
5f2b352ec6f997007ee2e506,ARGHSRGCGKGDFDY
5f2b352ec6f997007ee2e508,ARQLFGETTVYFDY
5f2b352ec6f997007ee2e509,ARDCSSTSCYFDP
5f2b352ec6f997007ee2e50b,ATSHDGSGSYFHY
5f2b352ec6f997007ee2e510,ARDGGHENDYGAQEDY
5f2b352ec6f997007ee2e511,ASSFRDWFDP
5f2b352ec6f997007ee2e512,ARAMVDNFDY
5f2b352ec6f997007ee2e513,ASAPTLFPLVSCANSPSDTSSVAVGCLAQDFD
5f2b352ec6f997007ee2e515,AYGTLGRSAFDI
5f2b352ec6f997007ee2e516,ARGGGTQGCSAFDY
5f2b352ec6f997007ee2e519,ARRDSGYEPSRLPFDY
5f2b352ec6f997007ee2e51a,ARDSYRSSGXDXSCFDY
5f2b352ec6f997007ee2e51c,ARGQVNYYDSSGYYL
5f2b352ec6f997007ee2e520,ARARIAARPDPY
5f2b352ec6f997007ee2e521,ARSGLAVAGPLDY
5f2b352ec6f997007ee2e522,ARGYCSSTSCSNWFDP
5f2b352ec6f997007ee2e523,ARAPYCSSTSCYPYWYVDL
5f2b352ec6f997007ee2e525,ARGRGENGVGSGTQGFARDWFDP
5f2b352ec6f997007ee2e527,ARIPGRLVGATHFDAHHFDY
5f2b352ec6f997007ee2e528,ARLGYCTNGVCHSFDN
5f2b352ec6f997007ee2e52a,ARHPYREGIFGVVTYNWFDP
5f2b352ec6f997007ee2e52b,ARVRKGQWFVDAFDI
5f2b352ec6f997007ee2e52e,ARAAVGAKAPLGAFDI
5f2b352ec6f997007ee2e52f,ASRQFGAIQNYYYYGMDV
5f2b352ec6f997007ee2e531,ARDHGVVAIVTXDY
5f2b352ec6f997007ee2e532,ARHDVHAGESSDYFYYF
5f2b352ec6f997007ee2e533,ARRSGAGFXWYFDY
5f2b352ec6f997007ee2e534,ARHRGGYDLG
5f2b352ec6f997007ee2e535,AAEPQQLGKDAFDI
5f2b352ec6f997007ee2e537,ARGLRGMDV
5f2b352ec6f997007ee2e538,ARGLRGMDV
5f2b352ec6f997007ee2e53a,ARISLSSSAFDP
5f2b352ec6f997007ee2e53b,ASDRHYYYDSTLRKYYFDY
5f2b352ec6f997007ee2e53d,ARRSGRGSYLQS
5f2b352ec6f997007ee2e53e,AIDWLPPPRSPSYYGMDV
5f2b352ec6f997007ee2e541,ARNTANWFDP
5f2b352ec6f997007ee2e544,ARAAVDQLLFDY
5f2b352ec6f997007ee2e547,ARESGIAARPRAFDY
5f2b352ec6f997007ee2e548,AHRREYYFDY
5f2b352ec6f997007ee2e549,ARPRYWNYYGMDV
5f2b352ec6f997007ee2e54b,AHIGAGRRYNDY
5f2b352ec6f997007ee2e54c,ATERVSGVNWFDP
5f2b352ec6f997007ee2e550,AREGTAMGGYFDD
5f2b352ec6f997007ee2e552,ARGHGGNCRRGASRWFDP
5f2b352ec6f997007ee2e553,ATGIVEMKDY
5f2b352ec6f997007ee2e555,AHLPEYCSSTSCYTRNWFDP
5f2b352ec6f997007ee2e558,ATWELGTSPC
5f2b352ec6f997007ee2e55a,ARLWHSTQYTDAFDI
5f2b352ec6f997007ee2e55b,ASQGEGDY
5f2b352ec6f997007ee2e55c,ATGLSVTLSFDY
5f2b352ec6f997007ee2e55e,ARVSSVAGLYYQYGMDV
5f2b352ec6f997007ee2e55f,AHSLVVPANWFDP
5f2b352ec6f997007ee2e560,AREPQQLGDSEDY
5f2b352ec6f997007ee2e561,ARANPNCSSTSCYPPGWFDP
5f2b352ec6f997007ee2e562,ARFENV
5f2b352ec6f997007ee2e564,ASSFLDIVVVPAAIDPYYYGMDV
5f2b352ec6f997007ee2e565,ARGREGSRNCRPGKYYFDY
5f2b352ec6f997007ee2e569,ARVGEEQQLAPNDY
5f2b352ec6f997007ee2e56a,ARGGYSCYLGGAYYFDY
5f2b352ec6f997007ee2e56b,ASSPDY
5f2b352ec6f997007ee2e56e,ARDQGNYAAGTDY
5f2b352ec6f997007ee2e56f,AREAYGMDV
5f2b352ec6f997007ee2e570,ARHIGGMPF
5f2b352ec6f997007ee2e572,ARHRGVGEYSSSSGWFDP
5f2b352ec6f997007ee2e573,ARSHGGSYKAYYFDY
5f2b352ec6f997007ee2e574,ARVPPYYDSNGFDY
5f2b352ec6f997007ee2e576,ARGLVDPPPLSGNWFDP
5f2b352ec6f997007ee2e579,ARDVDGELKAFDI
5f2b352ec6f997007ee2e57a,ARRGGSSGWRYFDL
5f2b352ec6f997007ee2e57c,AKESRDGYNYQS
5f2b352ec6f997007ee2e57f,ARHGVVPAAMLTGDY
5f2b352ec6f997007ee2e580,ARDRNGY
5f2b352ec6f997007ee2e581,ARDPTSYDFWSGYRFHTNWFDP
5f2b352ec6f997007ee2e582,ARADSSTDAFDI
5f2b352ec6f997007ee2e583,ARGRYDSSSCYGDCFDY
5f2b352ec6f997007ee2e584,AKDFLEWLQSFDY
5f2b352ec6f997007ee2e587,AHSLQPIFGVVPYFDY
5f2b352ec6f997007ee2e588,ARGGGSAAIDY
5f2b352ec6f997007ee2e589,ARADHCSSTSCYFY
5f2b352ec6f997007ee2e58d,AGRGYSYGYPGFDP
5f2b352ec6f997007ee2e592,ARAYQLRDYYYYGMDV
5f2b352ec6f997007ee2e597,ARQLVGVISFDP
5f2b352ec6f997007ee2e598,ARDFLGYCSSTSCPDV
5f2b352ec6f997007ee2e59c,ARGPSYYYDSSGYYVA
5f2b352ec6f997007ee2e59f,ARKHAMPSTWFDP
5f2b352ec6f997007ee2e5a0,ARGGNYYGSGGYYFDY
5f2b352ec6f997007ee2e5a1,AREAXVVGAXGVVPAYFDY
5f2b352ec6f997007ee2e5a2,ARQLFGETTVYFGY
5f2b352ec6f997007ee2e5a3,ARAALSPMDV
5f2b352ec6f997007ee2e5a4,ERRGVCSSTSCYSDPLRYGR
5f2b352ec6f997007ee2e5a7,ARGENYNAFDI
5f2b352ec6f997007ee2e5a8,ARGENYNAAFDI
5f2b352ec6f997007ee2e5aa,ARAYYGDNWYFDL
5f2b352ec6f997007ee2e5ab,AAEPQQLGKDAFDI
5f2b352ec6f997007ee2e5b0,ARAPLGARPGAIDY
5f2b352ec6f997007ee2e5b3,ARVYYDFGSGYSPGDDYYGMDV
5f2b352ec6f997007ee2e5b4,ARGTVVGATKGNYYFDY
5f2b352ec6f997007ee2e5b5,ARSRDLTTGSSVWFDP
5f2b352ec6f997007ee2e5b6,ARGRDLTTGSSVWFDP
5f2b352ec6f997007ee2e5b7,GLGIRGVRGTNWFDP
5f2b352ec6f997007ee2e5b9,AAALYDFWSSPGY
5f2b352ec6f997007ee2e5ba,AAALYDFWSSPGY
5f2b352ec6f997007ee2e5bc,ARGGDDYGDSYNWFDP
5f2b352ec6f997007ee2e5be,ASHRAGAVGVTSPFAY
5f2b352ec6f997007ee2e5c1,ARGWAAPIKGWFDP
5f2b352ec6f997007ee2e5c3,ARFKSFSMADY
5f2b352ec6f997007ee2e5c5,ARDLRSYNGVDY
5f2b352ec6f997007ee2e5c6,ARGRYYDSSGYPQFDY
5f2b352ec6f997007ee2e5c7,ARGFIAARLCWFDP
5f2b352ec6f997007ee2e5cc,ARHYKDYRRGIDP
5f2b352ec6f997007ee2e5cd,AHGGLNYDILTGWRDDAFDI
5f2b352ec6f997007ee2e5ce,ARERSFDAFDI
5f2b352ec6f997007ee2e5cf,ARDGCTSCQDPHLFDY
5f2b352ec6f997007ee2e5d1,AREVGIFGVVLTNWFDP
5f2b352ec6f997007ee2e5d2,ARLPFRLRFLDGMDV
5f2b352ec6f997007ee2e5d3,ARXLGTGCRMDP
5f2b352ec6f997007ee2e5d4,ALRDWFDP
5f2b352ec6f997007ee2e5d5,SITGEDSDFDY
5f2b352ec6f997007ee2e5d6,ARGGYSGGSSCYPXWFDH
5f2b352ec6f997007ee2e5d7,ARSWVYSSSSGSFDY
5f2b352ec6f997007ee2e5da,ARVRGGSMLDAFDI
5f2b352ec6f997007ee2e5dc,AHSPCSSTSCYYFDY
5f2b352ec6f997007ee2e5e2,ARPMARQDSGLYYFDS
5f2b352ec6f997007ee2e5e3,AQSNGPLKSVAGSWMGIPFDP
5f2b352ec6f997007ee2e5e5,ARGXRIKIXGAGIRVFDY
5f2b352ec6f997007ee2e5e7,ARGLGGVPMVGRDYFDY
5f2b352ec6f997007ee2e5e8,ARGRNGTGSYYTGQKYFDY
5f2b352ec6f997007ee2e5e9,ARGRELIDY
5f2b352ec6f997007ee2e5ea,ARHIKWGFGGWSGLDH
5f2b352ec6f997007ee2e5eb,ARDVDGGLKAFDI
5f2b352ec6f997007ee2e5ec,ARSHSHRPGCMLCRRLFDY
5f2b352ec6f997007ee2e5ed,ARDGYNYYYYYGMDV
5f2b352ec6f997007ee2e5ee,AREPPGTSNTDY
5f2b352ec6f997007ee2e5ef,ARALSLTIDY
5f2b352ec6f997007ee2e5f0,ARGXHWEWPIDYFDY
5f2b352ec6f997007ee2e5f1,ARGLSWRSLYWYFDH
5f2b352ec6f997007ee2e5f3,ARDLGSGALDI
5f2b352ec6f997007ee2e5f6,ARDPTGSDAFDI
5f2b352ec6f997007ee2e5f7,ARDPTGSDAXFDY
5f2b352ec6f997007ee2e5f8,ARAVVPAAIVRAPLDY
5f2b352ec6f997007ee2e5f9,ASGVVAGRTNYYYYYGMDV
5f2b352ec6f997007ee2e5fd,ARVRKLVKPYDAFDI
5f2b352ec6f997007ee2e5fe,ATHFGEDFDY
5f2b352ec6f997007ee2e600,ARRPDDYGDYFDY
5f2b352ec6f997007ee2e601,ALAPTRYYFDY
5f2b352ec6f997007ee2e602,AGPGYPGDQQ
5f2b352ec6f997007ee2e604,ARGLIAVAGWFDP
5f2b352ec6f997007ee2e607,ARESTFGGVIARFDY
5f2b352ec6f997007ee2e60a,ARVEPSGSFHFDS
5f2b352ec6f997007ee2e60b,ARVFRGEAAANNVLDH
5f2b352ec6f997007ee2e60c,ARLSIPSDSGYEDYYYGMDV
5f2b352ec6f997007ee2e611,AREFSGSYPPYYFDY
5f2b352ec6f997007ee2e612,ARVPRGGSYSALFDY
5f2b352ec6f997007ee2e614,ASGLGSCGDCYPAEYFQH
5f2b352ec6f997007ee2e617,ARDSSGWPRPGGESVPGATNLDY
5f2b352ec6f997007ee2e619,AXXXEXDYYGLDV
5f2b352ec6f997007ee2e61a,ARHIGGMPF
5f2b352ec6f997007ee2e61b,ARGAGSSWFDY
5f2b352ec6f997007ee2e61c,AHSRPGIAAADP
5f2b352ec6f997007ee2e61f,AKDPTAAGTGDAFDI
5f2b352ec6f997007ee2e620,ARLRHRSEGCYFDY
5f2b352ec6f997007ee2e621,ARDTVEQLVGCVGY
5f2b352ec6f997007ee2e622,ARWGEWELLDY
5f2b352ec6f997007ee2e623,ARGLNYGLGSPINWFDP
5f2b352ec6f997007ee2e624,AHSIGSDYGDYGMDV
5f2b352ec6f997007ee2e625,ARDQDFATVTHWYFDL
5f2b352ec6f997007ee2e626,ARDQDFATVTHWYFDL
5f2b352ec6f997007ee2e629,ASYSGRLDY
5f2b352ec6f997007ee2e62a,ARRTIVDTAMVWGGGFDY
5f2b352ec6f997007ee2e62d,AKIVGATLDWYFDL
5f2b352ec6f997007ee2e62e,ARHEYQLPSWFDP
5f2b352ec6f997007ee2e62f,APSGPFSSGYKYNWFDP
5f2b352ec6f997007ee2e631,ARGSGYYDSSGYSDY
5f2b352ec6f997007ee2e635,ARXEYSDGGCYIMVFDY
5f2b352ec6f997007ee2e638,ARDPGSGSFYGGGLDY
5f2b352ec6f997007ee2e63a,ARGPPTLSGYYPRSLDY
5f2b352ec6f997007ee2e63b,ARDSYCSSTSCLSPFDY
5f2b352ec6f997007ee2e63c,ARXRRSGWGGCSWYFDY
5f2b352ec6f997007ee2e63d,ARDLSGEGGPKGYYYYGMDV
5f2b352ec6f997007ee2e63e,ARYNWKDHRIDY
5f2b352ec6f997007ee2e63f,ASLHILPSQA
5f2b352ec6f997007ee2e640,ARRIAVSRAARVYYYYGMDV
5f2b352ec6f997007ee2e642,ATQRGRFLEWLSNDY
5f2b352ec6f997007ee2e643,ASRFGDSSYFDN
5f2b352ec6f997007ee2e644,AIDWLPPPRSPSYYGMDV
5f2b352ec6f997007ee2e645,ARSGGSSWYDY
5f2b352ec6f997007ee2e647,ARNRRD
5f2b352ec6f997007ee2e64a,ARGRRQGSGWYFDL
5f2b352ec6f997007ee2e64c,AADDLSVGY
5f2b352ec6f997007ee2e64d,ARSQGGEYFQH
5f2b352ec6f997007ee2e64f,ARGRRWLQGNNWFDP
5f2b352ec6f997007ee2e651,ARGRSMDY
5f2b352ec6f997007ee2e654,ASARFGVVIGYGY
5f2b352ec6f997007ee2e658,ARAGLGSSWYGGNYYFDY
5f2b352ec6f997007ee2e65a,ASAPTLFPLVSCENSPSDTSSVAVGCLAQDF
5f2b352ec6f997007ee2e65b,ARESDYYDSSGISDY
5f2b352ec6f997007ee2e65d,ARGKAVVVPAANYGMDV
5f2b352ec6f997007ee2e65e,ARVSSSWYYYYYGMDV
5f2b352ec6f997007ee2e660,ARSESITMVRGDPLSLDY
5f2b352ec6f997007ee2e662,AKDGGVVGATLVY
5f2b352ec6f997007ee2e663,ARAKYSSRGVIDY
5f2b352ec6f997007ee2e664,TYRRSGGSYWAS
5f2b352ec6f997007ee2e665,AGGSGSSWFDP
5f2b352ec6f997007ee2e667,ARIPRAARSGWFDP
5f2b352ec6f997007ee2e668,ATLRLGEFLR
5f2b352ec6f997007ee2e66b,ARGLIGAVAGWFDY
5f2b352ec6f997007ee2e66c,ARGYYDFWSGYYDY
5f2b352ec6f997007ee2e66f,ARSHSSGYCPDY
5f2b352ec6f997007ee2e672,AREQYGGFDY
5f2b352ec6f997007ee2e67a,ARGRSSSWYGGNWFDP
5f2b352ec6f997007ee2e67b,ARDSKEGXNAFDY
5f2b352ec6f997007ee2e67d,ARQPRDIVVVPGGMDV
5f2b352ec6f997007ee2e67f,ARGDWYSSGWYEL
5f2b352ec6f997007ee2e680,ARGSGVGDY
5f2b352ec6f997007ee2e681,AXPLGGAAAGRGGYWYFDL
5f2b352ec6f997007ee2e682,ARHAXVVAAXGGNDFGSDF
5f2b352ec6f997007ee2e683,ASAIGWQLYYFDY
5f2b352ec6f997007ee2e684,ARGFSMVRAPYAFDI
5f2b352ec6f997007ee2e685,ARGEGESQLLFRSLVGVLDN
5f2b352ec6f997007ee2e686,ARGPGYPHYFDY
5f2b352ec6f997007ee2e687,AREDRGVEEQWLVTHFDY
5f2b352ec6f997007ee2e688,AREEDYYDSSGYSQH
5f2b352ec6f997007ee2e689,ARDPTSYDFWSGYRFHTNWFDP
5f2b352ec6f997007ee2e68a,ARSPGYSYGYIDY
5f2b352ec6f997007ee2e68b,AREDCTNGVCYHSEYFQH
5f2b352ec6f997007ee2e68c,ARVDPRSGDYYYYYGMDV
5f2b352ec6f997007ee2e68d,ARLRRTHPDYGMDV
5f2b352ec6f997007ee2e68e,ARHVGKWGFDY
5f2b352ec6f997007ee2e68f,ATGIAVAGVDY
5f2b352ec6f997007ee2e690,ARVYVGAPWAFDY
5f2b352ec6f997007ee2e694,ARVFVGYNYGGVDY
5f2b352ec6f997007ee2e695,TRVAARLLIYYGMDV
5f2b352ec6f997007ee2e696,ARDIGVVARTXGFDY
5f2b352ec6f997007ee2e697,ARLAYYDFWSGYLGGHNWFDP
5f2b352ec6f997007ee2e698,ARSYYDFWSGQVDY
5f2b352ec6f997007ee2e699,ARVRKLVKPYDAFDI
5f2b352ec6f997007ee2e69b,ARVRPAARPLSITGTTSDY
5f2b352ec6f997007ee2e69c,ARDLRGSWFDP
5f2b352ec6f997007ee2e69e,ARDRNGY
5f2b352ec6f997007ee2e69f,ARLWHIAVAGAANCDY
5f2b352ec6f997007ee2e6a1,ARQNLYCSGGSCNNWFDP
5f2b352ec6f997007ee2e6a3,ARGERSSSWYLGY
5f2b352ec6f997007ee2e6a4,ARGERSSSWYLGY
5f2b352ec6f997007ee2e6a6,ARGRGRLVAARPITWFDY
5f2b352ec6f997007ee2e6a8,ARGSYSKGDH
5f2b352ec6f997007ee2e6aa,ARGYLDNSSGSAHPFDY
5f2b352ec6f997007ee2e6ac,ARDRTGSYSLEY
5f2b352ec6f997007ee2e6ae,AREKGGHIVVVTANRGAFDI
5f2b352ec6f997007ee2e6af,ARATRHKLLSEK
5f2b352ec6f997007ee2e6b3,AVEMTTPCDS
5f2b352ec6f997007ee2e6b5,ARDGPGGVLTMPGWFDP
5f2b352ec6f997007ee2e6b9,ARDKRYCSSTSCYKVDYHYGMDV
5f2b352ec6f997007ee2e6ba,AGTTEDYDFWSGSSDAFDI
5f2b352ec6f997007ee2e6bc,ARIGPPTVTTRGWFDP
5f2b352ec6f997007ee2e6bd,ARLYSSGWSFVAGSDF
5f2b352ec6f997007ee2e6be,ALCGGGVQELY
5f2b352ec6f997007ee2e6bf,ARCVLGHYFDY
5f2b352ec6f997007ee2e6c1,ARGRIAVAGPSGRRYFDL
5f2b352ec6f997007ee2e6c2,ARRRSGKNSGWDQGDFEN
5f2b352ec6f997007ee2e6c3,ARTCGGDCYPYNWFDP
5f2b352ec6f997007ee2e6c6,ASHGAWGLSFYVINY
5f2b352ec6f997007ee2e6ca,ARRSLEKVQLWSYDY
5f2b352ec6f997007ee2e6cb,ARESPKGFGELEARD
5f2b352ec6f997007ee2e6cc,ATDLAAADAFDI
5f2b352ec6f997007ee2e6cd,ARGSSSDSAFHY
5f2b352ec6f997007ee2e6cf,ARQRVWGSPIDY
5f2b352ec6f997007ee2e6d0,ASAPTLFPLVSCENSPSDTSSVAVGCLAQDFD
5f2b352ec6f997007ee2e6d3,AHSPCSSTSCYYFDY
5f2b352ec6f997007ee2e6d4,AHRREYYVDY
5f2b352ec6f997007ee2e6d6,ARGGHGDYDWFDP
5f2b352ec6f997007ee2e6d8,ARRYSSSWYFDY
5f2b352ec6f997007ee2e6d9,ARGLHFGVVIPTPLPFDY
5f2b352ec6f997007ee2e6dc,ARVTMIVAGRVMPVDY
5f2b352ec6f997007ee2e6dd,ARGRIGGNSDYYYYGMDV
5f2b352ec6f997007ee2e6de,ARHPIVYGMDV
5f2b352ec6f997007ee2e6e1,AREQHYFYGMDV
5f2b352ec6f997007ee2e6e2,ASSWLFGPHWNLTPFDY
5f2b352ec6f997007ee2e6e3,ARFSSEEQLVLGRAFDY
5f2b352ec6f997007ee2e6e5,REPGTS
5f2b352ec6f997007ee2e6e6,ARRERGLRFLEWFDP
5f2b352ec6f997007ee2e6e9,ASLRGGGYSQSSY
5f2b352ec6f997007ee2e6ea,ARAFDSDGYWFIDY
5f2b352ec6f997007ee2e6ec,ASRTAMVQIGAFDI
5f2b352ec6f997007ee2e6f0,ARGVRKKYDFDY
5f2b352ec6f997007ee2e6f1,ARIPGLGDYYYYGMDV
5f2b352ec6f997007ee2e6f3,ERRLDWNLVL
5f2b352ec6f997007ee2e6f5,ARSNGGQGSYFDY
5f2b352ec6f997007ee2e6f6,VHLVYGSGNYNWFDS
5f2b352ec6f997007ee2e6f8,ARTGVVVVAATD
5f2b352ec6f997007ee2e6fa,ARQVISSSSLGVYAFDI
5f2b352ec6f997007ee2e6fc,ARGRGWISLDAFDI
5f2b352ec6f997007ee2e6fe,ARGIRGSWFDP
5f2b352ec6f997007ee2e6ff,ARIQAVDFWSGYYERPPEYYYYGMDV
5f2b352ec6f997007ee2e700,ARGFSMVRAPYAFDI
5f2b352ec6f997007ee2e702,ARERGYCSSTSCYTYYFDY
5f2b352ec6f997007ee2e705,ARGGAVAPAYGMDV
5f2b352ec6f997007ee2e707,ARGGAVAPAYGMDV
5f2b352ec6f997007ee2e708,ARAGTALDAFDI
5f2b352ec6f997007ee2e709,ARGRWCSSSWYLFDY
5f2b352ec6f997007ee2e70a,ARIVGATVDY
5f2b352ec6f997007ee2e70b,ARGIAVAGTRDY
5f2b352ec6f997007ee2e70c,ARDHGDDILTGYYSVFDY
5f2b352ec6f997007ee2e70f,ARGKREQXLRPADAFDI
5f2b352ec6f997007ee2e712,AHRYYYDSSSYFGGYDI
5f2b352ec6f997007ee2e713,ARDTRGGYCGSNYYYGMDV
5f2b352ec6f997007ee2e714,ARVSYDSSGSPMTGAGDFDY
5f2b352ec6f997007ee2e717,ASIVVVPEDGMDV
5f2b352ec6f997007ee2e719,AREKGIVGATFDY
5f2b352ec6f997007ee2e71b,ARVSPFQLGESPYYYYYGMDY
5f2b352ec6f997007ee2e71d,ARIRGYSYGYDY
5f2b352ec6f997007ee2e71f,ARGAEYGXRGYYFDY
5f2b352ec6f997007ee2e720,ARIPYDFWSGYSVGFDP
5f2b352ec6f997007ee2e721,ARGNFYCSSTSCYYFDY
5f2b352ec6f997007ee2e722,ASPSGSYWGLDY
5f2b352ec6f997007ee2e725,ARDRGVVIPLFDY
5f2b352ec6f997007ee2e726,ASGVVAGRTNYYYYYGMDV
5f2b352ec6f997007ee2e727,GSAAHSSGWYAYY
5f2b352ec6f997007ee2e72b,ARGREVXGFDH
5f2b352ec6f997007ee2e72c,ARGPISGARSKWFDP
5f2b352ec6f997007ee2e72d,ARISLSSSAFDP
5f2b352ec6f997007ee2e72e,AHMVTADWYFDL
5f2b352ec6f997007ee2e730,ATGYGSGSYSV
5f2b352ec6f997007ee2e732,ARGDDSSGTRHRWFDI
5f2b352ec6f997007ee2e734,AKDRGAYDSSGYYPASFDP
5f2b352ec6f997007ee2e736,ARVSITGTEVPYAFDY
5f2b352ec6f997007ee2e738,ARHCCVTYYYGMDV
5f2b352ec6f997007ee2e73b,ASSLRSGSYYFDY
5f2b352ec6f997007ee2e73e,ARGRKPMWFGDS
5f2b352ec6f997007ee2e740,ARLSALYGGNSGAVDY
5f2b352ec6f997007ee2e741,CASWFGELILDY
5f2b352ec6f997007ee2e743,ARGTPQRRWNYFDY
5f2b352ec6f997007ee2e747,ARDVWLQSRDDAFDI
5f2b352ec6f997007ee2e748,ARGYHGXGSPHYDYFDY
5f2b352ec6f997007ee2e74a,ASLRGGGYSQFDY
5f2b352ec6f997007ee2e74c,AGLPSGYDYIRVFRWFDP
5f2b352ec6f997007ee2e74d,VRTPILYEGCMPKGVLVRP
5f2b352ec6f997007ee2e74e,ARVAPPSHSSYSSGWLDY
5f2b352ec6f997007ee2e752,ARGXXWGTFGMFDY
5f2b352ec6f997007ee2e753,AKGQVRGGATGANFDY
5f2b352ec6f997007ee2e754,ARAGLGSSWYGGNYYFDY
5f2b352ec6f997007ee2e756,ARDLRGYSYGYYGMDV
5f2b352ec6f997007ee2e75a,AREGVVVVPAEPMRTYYYYGMDV
5f2b352ec6f997007ee2e75b,ARGPYIVVAGDPFDY
5f2b352ec6f997007ee2e75c,AGSKAMVRIYWYFDL
5f2b352ec6f997007ee2e75d,ARDEPIVATSGYAFDI
5f2b352ec6f997007ee2e761,ASPGGPMGYGGNRYDY
5f2b352ec6f997007ee2e773,ARYFVVVPAAMEGEYNYYYYGMDV
5f2b352ec6f997007ee2e774,TRRMMSAMALDY
5f2b352ec6f997007ee2e777,ARGSEQIFGVVPIDY
5f2b352ec6f997007ee2e77b,ARGPRQQLVSPHFDY
5f2b352ec6f997007ee2e78a,ARXVWSGWYWDXDWFDY
5f2b352ec6f997007ee2e78f,XNGXDV
5f2b352ec6f997007ee2e791,ARLCWSGYPRPFWGYYYGMDV
5f2b352ec6f997007ee2e797,VRGPGRTAPEVNY
5f2b352ec6f997007ee2e7a3,ERWGWGYSSNL
5f2b352ec6f997007ee2e7a4,RXAKXQLVHTTLTT
5f2b352ec6f997007ee2e7a6,ARDLGGIAVTGTNYWAYNWFDP
5f2b352ec6f997007ee2e7b3,ARDAFPYYYDSSGYLRHPRRFDY
5f2b352ec6f997007ee2e7c2,STPRGLYSYGYGLVFDY
5f2b352ec6f997007ee2e7c3,ARVIGWAEACDI
5f2b352ec6f997007ee2e7d1,GPTPGSGMDV
5f2b352ec6f997007ee2e7d4,ARGRRRYGMDV
5f2b352ec6f997007ee2e7ed,RDVIGITMIVVDLPGTSIS
5f2b352ec6f997007ee2e7f2,DY
5f2b352ec6f997007ee2e7f9,ARLYSGYDT
5f2b352ec6f997007ee2e7fa,YFDY
5f2b352ec6f997007ee2e7fe,ARGRGXXXAGNFDY
5f2b352ec6f997007ee2e7ff,ARAAVGAKAPLGAFDI
5f2b352ec6f997007ee2e800,ASGISRGVMREGSDY
5f2b352ec6f997007ee2e802,ARXGGRXXMIXVVXFDY
5f2b352ec6f997007ee2e808,DGIXY
5f2b352ec6f997007ee2e80d,AXXXIRGTPXYGXDX
5f2b352ec6f997007ee2e811,ARFRQNGAFDI
5f2b352ec6f997007ee2e813,ARXXYGDNWYXDL
5f2b352ec6f997007ee2e816,XXGXGXVLLCEXXXTSXYXXAFDX
5f2b352ec6f997007ee2e819,AKGSXXGXXIVAVGTXDY
5f2b352ec6f997007ee2e823,ASETDIAVAGRCP
5f2b352ec6f997007ee2e825,AXGXPXDYYYYYGMDV
5f2b352ec6f997007ee2e844,RDXXMXXXXXXXXMLLIS
5f2b352ec6f997007ee2e846,ARSTVGGDATFDI
5f2b352ec6f997007ee2e85a,ARGGGFVVVPAATRTLYGMDV
5f2b352ec6f997007ee2e85f,XXXXXYXXDX
5f2b352ec6f997007ee2e861,ARDGRDTMIVVVNAFDI
5f2b352ec6f997007ee2e871,ERWALPALRYGR
5f2b352ec6f997007ee2e878,CAXXXVVRQXXXGGXFDP
5f2b352ec6f997007ee2e880,ARRNPGIEYSSSSDAFDI
5f2b352ec6f997007ee2e881,AKDPPRTMVGSTTDS
5f2b352ec6f997007ee2e885,ARERNLYYYGMDV
5f2b352ec6f997007ee2e88c,XXXXXMMXXXAXXLLIS
5f2b352ec6f997007ee2e892,ARGXAIAATTTVWDF
5f2b352ec6f997007ee2e893,AGGVVVPAAILYYYYGMDV
5f2b352ec6f997007ee2e895,ATDSKRELLYAFDI
5f2b352ec6f997007ee2e896,ARGRQLVSGWYVKYNWFDP
5f2b352ec6f997007ee2e89b,AXXRTVXXXPSXXXXX
5f2b352ec6f997007ee2e8a0,ARXAAGPFTYWFDP
5f2b352ec6f997007ee2e8a1,ARSMFSYDSSSFYFDPFFDY
5f2b352ec6f997007ee2e8a2,APIPPLAISFGY
5f2b352ec6f997007ee2e8a5,ARDYYEL
5f2b352ec6f997007ee2e8a6,ARGGGSSGDYYFDY
5f2b352ec6f997007ee2e8ad,AKDIWGREQQLELDY
5f2b352ec6f997007ee2e8b1,RAATFVVVPAAIRMARATTTVWTS
5f2b352ec6f997007ee2e8b5,ARXXYCXSCCDY
5f2b352ec6f997007ee2e8b8,KRHQXGYXXXGXTXLLXTTVWTS
5f2b352ec6f997007ee2e8c0,ARGXVETAXVDY
5f2b352ec6f997007ee2e8c7,RGGDIVATIMARTLTT
5f2b352ec6f997007ee2e8ca,XXXXXXXXVXXXXXAVXYCARFXXXXGMXV
5f2b352ec6f997007ee2e8cc,HRSGISSTSCYGGVRYGR
5f2b352ec6f997007ee2e8ce,RARRITMIVVVIQTTTTTVWTS
5f2b352ec6f997007ee2e8d5,ARPGRRVVAGLFDY
5f2b352ec6f997007ee2e8d8,ARIPGGHSPQYYFDY
5f2b352ec6f997007ee2e8d9,ARXGRTXXXDY
5f2b352ec6f997007ee2e8db,ETRVYGDYPRLFVPRGIRYGR
5f2b352ec6f997007ee2e8e3,AXXXGDXXAFXI
5f2b352ec6f997007ee2e8e8,AGGRGYGSRY
5f2b352ec6f997007ee2e8ea,ARXXXDGGNIDY
5f2b352ec6f997007ee2e8eb,AREYCXSTSCHYRWFDP
5f2b352ec6f997007ee2e8f2,ARGXDXAXVDY
5f2b352ec6f997007ee2e8f9,ARGLIVVVPAEIGGNYYYYSMDV
5f2b352ec6f997007ee2e8fa,XLGDYXXDX
5f2b352ec6f997007ee2e8fc,AXDXXXXGSGXXYXXGXDX
5f2b352ec6f997007ee2e8fd,ARGAYDSMGYLPGKEANWFDP
5f2b352ec6f997007ee2e900,RXXXXSGXXXXLLIS
5f2b352ec6f997007ee2e910,XXAXXGXXXXXXYXMDV
5f2b352ec6f997007ee2e917,ARDEGVSXYYDSSGGGYFDY
5f2b352ec6f997007ee2e919,ATRYSSSSKFDY
5f2b352ec6f997007ee2e91c,ARVQVRPAAIADY
5f2b352ec6f997007ee2e927,TXXXTAVYYCASLTRPAASLDY
5f2b352ec6f997007ee2e931,AGQVHSGKGDYQYGMGV
5f2b352ec6f997007ee2e933,RERGFTMVRGVKLPTLTT
5f2b352ec6f997007ee2e93b,GIFKWELLLVLRS
5f2b352ec6f997007ee2e944,XSGYXYY
5f2b352ec6f997007ee2e94f,AXXAVYYCAXXGXSSGYYXF
5f2b352ec6f997007ee2e950,XAXTAVYYCAXXXXXXXMXXGXXXXX
5f2b352ec6f997007ee2e952,VTAXDXAVXYCARVXXXXXXXXXXYLXX
5f2b352ec6f997007ee2e953,ARDPTSYDFWSGYRFHTNWFDP
5f2b352ec6f997007ee2e954,ESVVYRWSHIKVQLVRP
5f2b352ec6f997007ee2e955,XXXXXXXVXXXXXXXGMXX
5f2b352ec6f997007ee2e95b,TTAPTKAPDVFPIISGCRHPKDNSPVVLACLITGYHPTSVTVTWY
5f2b352ec6f997007ee2e963,XXXPXXXXYXXXXGYXGXFDI
5f2b352ec6f997007ee2e976,ARFPYGSGRESDY
5f2b352ec6f997007ee2e978,KXPXXXGXXLLLRYGR
5f2b352ec6f997007ee2e97c,ARLPRSYCSSTSCEGYYYYYGMDV
5f2b352ec6f997007ee2e97d,AXSYXXXTGYXXXXGYYYGMDV
5f2b352ec6f997007ee2e985,RAVAARPPSTTLTT
5f2b352ec6f997007ee2e989,AXXXXDCSSTSCYXAFDI
5f2b352ec6f997007ee2e990,ARXGXXXGTXDY
5f2b352ec6f997007ee2e993,XRRYWGGLLLRYGR
5f2b352ec6f997007ee2e999,AREXVVXEXYXYGDY
5f2b352ec6f997007ee2e99d,V
5f2b352ec6f997007ee2e9a3,ARRXTLFGDAGY
5f2b352ec6f997007ee2e9a4,TAAXTAVYYXARXXTLFGXAGY
5f2b352ec6f997007ee2e9a5,ARGVVPAATLFGEADYFDP
5f2b352ec6f997007ee2e9ac,RLYLQRNSWRAEDTAVYYCARDEMATHEGECFDY
5f2b352ec6f997007ee2e9b2,AKVVVVVIPNGGGYYFDY
5f2b352ec6f997007ee2e9b5,AAFLGNPTSLMYQLLYRDAFDI
5f2b352ec6f997007ee2e9bd,RALVVTVTIYLTT
5f2b352ec6f997007ee2e9be,ARVVXGAXNNCLDY
5f2b352ec6f997007ee2e9c7,REAICPRWTT
5f2b352ec6f997007ee2e9c9,XXXXXXRXRLCITXXXXWXXXRRXGGMXX
5f2b352ec6f997007ee2e9ce,ERSGXWXXXVLRLR
5f2b352ec6f997007ee2e9d2,ARDLRQAAAAYYFDY
5f2b352ec6f997007ee2e9d4,ARDLRQAAAAYYFDY
5f2b352ec6f997007ee2e9d5,XXDY
5f2b352ec6f997007ee2e9e6,LXXCXDX
5f2b352ec6f997007ee2e9e9,ARAKLAAARLRRQSHDAFDI
5f2b352ec6f997007ee2e9eb,ARDAGVYYSSSWXYDAFDF
5f2b352ec6f997007ee2e9ed,AKNSLDLQMNSLRAEDTAVDYCVRDVPRAIGDY
5f2b352ec6f997007ee2e9f1,AXXXSRXXXAXDY
5f2b352ec6f997007ee2e9f4,AXXYXXXXXGXXDY
5f2b352ec6f997007ee2e9fa,YGMDV
5f2b352ec6f997007ee2ea02,KKLPRICGR
5f2b352ec6f997007ee2ea0a,EXELFRP
5f2b352ec6f997007ee2ea11,GRITYEQPGIPLVLRS
5f2b352ec6f997007ee2ea25,ARDHYWDSASYDSSGYYPIY
5f2b352ec6f997007ee2ea26,EXXXGXXXXWXXIXLLAVWTS
5f2b352ec6f997007ee2ea31,AKDHQALRFFEWGEYYYYAMDV
5f2b352ec6f997007ee2ea37,AAALGAGDXCFDH
5f2b352ec6f997007ee2ea38,AREXMVVXAXXRYXYYYGMDV
5f2b352ec6f997007ee2ea39,AAHWGPGTFDY
5f2b352ec6f997007ee2ea3a,ARDGGDCSGGSCYPNWFDP
5f2b352ec6f997007ee2ea3c,ARTLHYYDSSGYYLYYFDS
5f2b352ec6f997007ee2ea52,ARVLSLIAAAGTLGY
5f2b352ec6f997007ee2ea53,AKDGGYGSGDYYFDY
5f2b352ec6f997007ee2ea59,ARXRXYXDSSGXTSLDV
5f2b352ec6f997007ee2ea5b,ARDXXXGXXXXYXFDY
5f2b352ec6f997007ee2ea60,ERPRWGYPKHPKSVLVRP
5f2b352ec6f997007ee2ea68,ARHXXRCALWELLEHFDY
5f2b352ec6f997007ee2ea69,ARHMPHLGARRASNAFDI
5f2b352ec6f997007ee2ea6a,ARHMPHLGARRASNAFDI
5f2b352ec6f997007ee2ea6c,ARDRDXYGFCDAFDI
5f2b352ec6f997007ee2ea6d,AKDXXXXAGXGXXWXDP
5f2b352ec6f997007ee2ea74,ERVAGXXESQXSLLLLRYGR
5f2b352ec6f997007ee2ea75,ATVRRNWNYAPTFDY
5f2b352ec6f997007ee2ea7a,TTYSYGGDYYYYGMDG
5f2b352ec6f997007ee2ea80,ARDHGSGWYGTDY
5f2b352ec6f997007ee2ea87,ETXXWXXXGVXL
5f2b352ec6f997007ee2ea89,ARDRXCXGNXRXXHXSXXIDV
5f2b352ec6f997007ee2ea8c,AVGGGSCWYVDY
5f2b352ec6f997007ee2ea8f,ARDHEQQLVRRYGGGMDV
5f2b352ec6f997007ee2ea96,ARGXXXXXXXXPSXXXXVTISVDTSKNQFSLKLSXVTAADTAVYYCASXXDSXGXXCYYXYYGMDV
5f2b352ec6f997007ee2ea98,XNQXXXXXXSXXXAXXXIXXXXRXLPFGSGXF
5f2b352ec6f997007ee2ea99,ARDPPIVVVPAANRLGNAFDI
5f2b352ec6f997007ee2ea9f,ARGXIVAAXXYCFDY
5f2b352ec6f997007ee2eaa2,ERGRIQLWLRLLLLRYGR
5f2b352ec6f997007ee2eaa5,EXXXXXWXXLVVRP
5f2b352ec6f997007ee2eaa7,AXQRXXRFLEXLLLGNWFDP
5f2b352ec6f997007ee2eaa9,XXRXCITXRXXXXGRXXSXXXXYXXXXXGXXQFDP
5f2b352ec6f997007ee2eaab,LEIYMIVAQGPRRATT
5f2b352ec6f997007ee2eab3,ARXKRQGSSGWYXXDX
5f2b352ec6f997007ee2eabe,AGQRPGVSGYEFWSGDKRRALDY
5f2b352ec6f997007ee2eac2,XXXRXXXGTEYYYYGMDV
5f2b352ec6f997007ee2eac4,XXGXXGGYXYGMDY
5f2b352ec6f997007ee2eac5,ARGRRRLDY
5f2b352ec6f997007ee2eacb,XXARGGAAXGTDXDY
5f2b352ec6f997007ee2ead5,ARXXXDXAXXGXDY
5f2b352ec6f997007ee2eadb,AYFDTAGWLRSFDY
5f2b352ec6f997007ee2eadd,LLCXTXPXXXAYSSGYXXXXAXWYFDL
5f2b352ec6f997007ee2eae1,RVWQEVDLTSTVWTS
5f2b352ec6f997007ee2eaec,ARTVRVALYSGXETVWFDP
5f2b352ec6f997007ee2eaf6,ASGXXNSDYDXRYYGMDD
5f2b352ec6f997007ee2eaf8,ATMTIPARSRGLDV
5f2b352ec6f997007ee2eafc,ARGLGYSSYLFDY
5f2b352ec6f997007ee2eb03,ARIKPLGALYYYYGMDV
5f2b352ec6f997007ee2eb05,KNXLYLQXNSLRAEDTAVYYCAREXYRSYYADAFDI
5f2b352ec6f997007ee2eb09,ERAAYREAAAGGL
5f2b352ec6f997007ee2eb0c,PNWXXP
5f2b352ec6f997007ee2eb14,TAAXTAVXYCARXXXDRXXXXVDX
5f2b352ec6f997007ee2eb1e,XATLRNRESDYYGSGRNWFDP
5f2b352ec6f997007ee2eb1f,ERAXXQXWXXLLXXGXXLXX
5f2b352ec6f997007ee2eb23,ARDGXREGDSGXYYPIDY
5f2b352ec6f997007ee2eb24,ARDRENWFDP
5f2b352ec6f997007ee2eb2f,EIGWFGELLYPSTQLLLLLRYGR
5f2b352ec6f997007ee2eb39,ARARXMAGCRXXTFDY
5f2b352ec6f997007ee2eb3b,ARVRYSGSYDALDY
5f2b352ec6f997007ee2eb41,AAEPQQLGKDAFDI
5f2b352ec6f997007ee2eb4a,ARDXXDGGGYXXFDY
5f2b352ec6f997007ee2eb4b,AXXXXXVAXXGPNWFDP
5f2b352ec6f997007ee2eb4e,TRGAREEWELLLHFDN
5f2b352ec6f997007ee2eb52,SRDHRTYYYDSSGYFGFDP
5f2b352ec6f997007ee2eb68,ARVSCSSISCYDA
5f2b352ec6f997007ee2eb6f,ARDLXRXXYXXXYYYGMDV
5f2b352ec6f997007ee2eb73,ARGTXASAGVSLRFDYV
5f2b352ec6f997007ee2eb74,ARGLSRYSSSWYFAY
5f2b352ec6f997007ee2eb7a,XXVLXCEXXXXXXXXXXXXYXGQGXXXXDY
5f2b352ec6f997007ee2eb95,ERPAAKASSSSLLLLRYGR
5f2b352ec6f997007ee2eb97,ARERGYSYDFDI
5f2b352ec6f997007ee2eb98,EXSXXXFWEXLXVVRP
5f2b352ec6f997007ee2eb9c,ERXXXSWKLXXRL
5f2b352ec6f997007ee2ebac,AXGLVVVVATIMRRTDAFDI
5f2b352ec6f997007ee2ebae,ARVSNGYYFDY
5f2b352ec6f997007ee2ebb3,ATPSRSGSPRGYYYGMDV
5f2b352ec6f997007ee2ebb8,ARAGLGSSWYGGNYYFDY
5f2b352ec6f997007ee2ebb9,ARDXLNGAGXXXXYYGMDY
5f2b352ec6f997007ee2ebbd,TRQQGPAAIYGMDV
5f2b352ec6f997007ee2ebbe,GKVWDSPVDSSGSSRPDACDI
5f2b352ec6f997007ee2ebc0,ARELELLAHYYYYXXXXXXXXXXXTAXXXXXXXXELXEXYYYYXGMXX
5f2b352ec6f997007ee2ebc2,TRSGPTFWDFDL
5f2b352ec6f997007ee2ebc6,ARLISRRLTMVRGVHYGMDV
5f2b352ec6f997007ee2ebc8,ARVYYEFWSGYS
5f2b352ec6f997007ee2ebcc,ARRNGEAFDI
5f2b352ec6f997007ee2ebcd,XKXXXXAXXXXXXRYGR
5f2b352ec6f997007ee2ebd5,ARHXVAXXXNYGMDX
5f2b352ec6f997007ee2ebe2,RXXXGSGSXPWXTT
5f2b352ec6f997007ee2ebe9,X
5f2b352ec6f997007ee2ebea,DL
5f2b352ec6f997007ee2ebeb,ETRLGTRP
5f2b352ec6f997007ee2ebee,EXVYXTXGVCYXGAYYYYGMDV
5f2b352ec6f997007ee2ebf2,ASGVRALGADY
5f2b352ec6f997007ee2ebfc,XDX
5f2b352ec6f997007ee2ebfe,AXXSXXGXGXQXGXXYGMDV
5f2b352ec6f997007ee2ec00,ARGKIQLWLRGYDAFDI
5f2b352ec6f997007ee2ec08,XYXXQXGXCGXSHIXLCTQXXGXXXXVAXXXXGXPFXP
5f2b352ec6f997007ee2ec09,AKSDCSSTSCHLYYYYGMDV
5f2b352ec6f997007ee2ec11,AXESXDEYYYYGMDV
5f2b352ec6f997007ee2ec1c,EXXXPXXXDYGLVLRS
5f2b352ec6f997007ee2ec25,AGFCGPLVCHGDDLDY
5f2b352ec6f997007ee2ec27,ARXXNDXGGXXXFDY
5f2b352ec6f997007ee2ec28,ARVSGLITHWFDP
5f2b352ec6f997007ee2ec2b,ARDYWGALDY
5f2b352ec6f997007ee2ec2c,AREYSSSLDY
5f2b352ec6f997007ee2ec34,ARXXXXDXWXXXFDX
5f2b352ec6f997007ee2ec36,ARXXAEXPAMVAGDYYFDY
5f2b352ec6f997007ee2ec38,ARGLVPAAXXXYYYGMDV
5f2b352ec6f997007ee2ec39,ARAPLDSWRYFQH
5f2b352ec6f997007ee2ec45,DX
5f2b352ec6f997007ee2ec46,ARGAXXXXXSXXXXXXRXXXGXXXXXXXXXXXXYXAXXXXXXXXXGXXXX
5f2b352ec6f997007ee2ec49,ATSVMIVVVNTFLR
5f2b352ec6f997007ee2ec55,ARSXSRGYEGYFDY
5f2b352ec6f997007ee2ec58,ARLFTIFGVVGVGMDV
5f2b352ec6f997007ee2ec5c,TQTXXXXXXXRXGLLGL
5f2b352ec6f997007ee2ec62,ARXXLGVAGAANYYYGMDV
5f2b352ec6f997007ee2ec65,XXXXXXXXXXXXXXXXSLXXXDTAVYYCARXXGXXGYAFDI
5f2b352ec6f997007ee2ec66,XXXXXXGXXXPXXXGXGXXXLXXXXXXXXXXXNXXYYGMDV
5f2b352ec6f997007ee2ec68,ARHWXGGXCYNCYFDY
5f2b352ec6f997007ee2ec6a,ARDRLAQVTTVVDV
5f2b352ec6f997007ee2ec6c,ARDMQQLDPRSYGMDV
5f2b352ec6f997007ee2ec6e,XRXXXXXGSXXLRYGR
5f2b352ec6f997007ee2ec72,AKDHNDFRSGYRQGYYGMDV
5f2b352ec6f997007ee2ec75,AREQIDY
5f2b352ec6f997007ee2ec79,ETWGQYSGSYAL
5f2b352ec6f997007ee2ec7b,ENLLPPPRTAIRYGR
5f2b352ec6f997007ee2ec7f,XXXXGXXCXLDY
5f2b352ec6f997007ee2ec96,ARVEPYYDFWSGYLPAWDNWFDP
5f2b352ec6f997007ee2ec97,ATTMLASPYYCDY
5f2b352ec6f997007ee2ec9b,XLHV
5f2b352ec6f997007ee2ec9e,AREVYYYFDY
5f2b352ec6f997007ee2eca1,REXXXXXXXPXTTTVWTS
5f2b352ec6f997007ee2eca2,AKGRNTVXTS
5f2b352ec6f997007ee2eca6,ARLQYSSGWYDAXXXYYYYGMDV
5f2b352ec6f997007ee2eca7,ARVXPCYGSGSCRYYWFDY
5f2b352ec6f997007ee2ecad,ARESGGDDYSDY
5f2b352ec6f997007ee2ecb5,ARDLAIVVVPAAGYYCYGMAV
5f2b352ec6f997007ee2ecb6,ARAAAGFGAVAVLFDY
5f2b352ec6f997007ee2ecb7,ARVPDPGPMTTVTMGGFDP
5f2b352ec6f997007ee2ecbb,ASNVILSSSGYYYFDY
5f2b352ec6f997007ee2eccf,XXXXXXXXXXXXXXXXTXXXXXXYYYYGMDV
5f2b352ec6f997007ee2ecd1,EXRGXXXXXXXLLLLRYGR
5f2b352ec6f997007ee2ecd8,ARDXXXXDY
5f2b352ec6f997007ee2ecd9,AKGLGDGHKFRFRYYYYNDAMDG
5f2b352ec6f997007ee2ecdb,ESDGSYGFCKLVRP
5f2b352ec6f997007ee2ecde,ARXXXLELLXXYYGMDV
5f2b352ec6f997007ee2ecdf,ARDGDYGDYVGFFDY
5f2b352ec6f997007ee2ece5,REXXXAAXXXXXTTTVWTS
5f2b352ec6f997007ee2ece9,ARRKAAASSXFDY
5f2b352ec6f997007ee2eced,ARXGGSXXGXWXYXFDY
5f2b352ec6f997007ee2ecef,ATHPYYGSGTSSRVAV
5f2b352ec6f997007ee2ecf0,ARDSGSWGLNAFDI
5f2b352ec6f997007ee2ecf7,ARGRLVRVGNWFDP
5f2b352ec6f997007ee2ecf8,AXXXVGAXXDX
5f2b352ec6f997007ee2ecfa,XXFDY
5f2b352ec6f997007ee2ecfc,ERXXSXRXXEWXXAXXLRYGR
5f2b352ec6f997007ee2ed01,REIKDSGTTTTTVWTS
5f2b352ec6f997007ee2ed0b,ACNALNYYYYGMDV
5f2b352ec6f997007ee2ed0c,ARRPGYSSGWFPSYWYFDL
5f2b352ec6f997007ee2ed0f,AKRADGVXYYDSSAYYLDY
5f2b352ec6f997007ee2ed10,ERXDXCSXPYLXVRL
5f2b352ec6f997007ee2ed16,QPEATNPPATTTAWTS
5f2b352ec6f997007ee2ed1b,XRXXXXXXXXXGLLXXYGR
5f2b352ec6f997007ee2ed1e,GRSWGSSLLLRYGR
5f2b352ec6f997007ee2ed20,RXIAPMVXXLTVWTS
5f2b352ec6f997007ee2ed31,ARXXXVXNWFDP
5f2b352ec6f997007ee2ed37,ARHRTGSYSLQY
5f2b352ec6f997007ee2ed39,STFTLGQSW
5f2b352ec6f997007ee2ed46,XXXXXXRXXXXXXXXXVXXXXNWXDP
5f2b352ec6f997007ee2ed4b,AGTIFVYEDAFDI
5f2b352ec6f997007ee2ed50,ARGAGDSSGYHLDY
5f2b352ec6f997007ee2ed52,ARGFEGGASDY
5f2b352ec6f997007ee2ed59,LKSLFMITFGGVIVMTHSTLTT
5f2b352ec6f997007ee2ed5d,ATDRATMVRGVILPY
5f2b352ec6f997007ee2ed60,RKGSLVVLLPAADTTTTMLWTS
5f2b352ec6f997007ee2ed64,AXXEGXXYDSXGFDN
5f2b352ec6f997007ee2ed66,ARAYCSSTSCYWGGVGYYYYGMDV
5f2b352ec6f997007ee2ed69,ARXXXXXXXRMXQXWXDX
5f2b352ec6f997007ee2ed7b,AXTAVYYCAXXXDXXGXWXXDX
5f2b352ec6f997007ee2ed86,ARLIKDSNDFWSGYYRDGDYFDY
5f2b352ec6f997007ee2ed8b,ARVGAATGWYFDL
5f2b352ec6f997007ee2ed8c,AREXADGGSVSGFDY
5f2b352ec6f997007ee2ed8e,ARSHYDSSGYYRPDAFDI
5f2b352ec6f997007ee2ed99,XRXXXYDSXXLXXXDI
5f2b352ec6f997007ee2ed9d,GFRY
5f2b352ec6f997007ee2eda2,AREVPPVLGPLYDCSSTSCPNSHSTINWFDP
5f2b352ec6f997007ee2eda5,ARXXXYXNGSSXXRXXFDP
5f2b352ec6f997007ee2edb3,H
5f2b352ec6f997007ee2edb4,ARXRXXXXYDAFDI
5f2b352ec6f997007ee2edb9,ARVFRGEAAANNVLDH
5f2b352ec6f997007ee2edbe,XXLXLXXXXLXXXDXALXYXXXXXGXXGXXXXXXXXXX
5f2b352ec6f997007ee2edc6,ARVLVPPEALKWLRIAAAPDAFDI
5f2b352ec6f997007ee2edd2,XAADTAXXYXAXXXXXCXXXXCXXWFDX
5f2b352ec6f997007ee2edd5,XX
5f2b352ec6f997007ee2eddd,DVGRLLRYGR
5f2b352ec6f997007ee2ede0,ARDLTGDILTGYYTGPGFDP
5f2b352ec6f997007ee2edeb,ATVPNYYDSSGYHWWRAGWYFDL
5f2b352ec6f997007ee2edee,ARRRPAVNPWYFDL
5f2b352ec6f997007ee2edf4,REXXXXXXXEQXLLXXTTTVWTS
5f2b352ec6f997007ee2edf5,ARXXPXXGSSFXXDX
5f2b352ec6f997007ee2ee02,ARETRNNRDGYNRAGY
5f2b352ec6f997007ee2ee04,TRVTQLPHGSGYYADAFDI
5f2b352ec6f997007ee2ee06,ARTSRSAANCTNGVCYWENWFDP
5f2b352ec6f997007ee2ee17,EXXEPSGWYKXGYX
5f2b352ec6f997007ee2ee1b,ERXXVXXGXLRVVRP
5f2b352ec6f997007ee2ee1e,ARGXLXXXVVXGTXWFDP
5f2b352ec6f997007ee2ee23,ESCRTTRFLEWLLVRLLLRYGR
5f2b352ec6f997007ee2ee25,ARRLRDSSGPVAVDI
5f2b352ec6f997007ee2ee2f,ARDHRAAAAGNYYYYGMDV
5f2b352ec6f997007ee2ee30,GXTVXDY
5f2b352ec6f997007ee2ee32,EDXXXXXXAXXXXXXXXXSCVNXYYYGMDV
5f2b352ec6f997007ee2ee33,REGVGYSSGWYVILTTTTTVWTS
5f2b352ec6f997007ee2ee47,ETXRXXXLLXLLRYGR
5f2b352ec6f997007ee2ee4a,ARGEGRFPYNWFDP
5f2b352ec6f997007ee2ee50,LDY
5f2b352ec6f997007ee2ee57,ARHPRNSNAFDI
5f2b352ec6f997007ee2ee6b,X
5f2b352ec6f997007ee2ee76,ARXRGXXXGXWVDY
5f2b352ec6f997007ee2ee7e,ARXXXXXXXDRGGYXDY
5f2b352ec6f997007ee2ee7f,ARARSRWELLGRHFDY
5f2b352ec6f997007ee2ee83,ARDVAEWGFDI
5f2b352ec6f997007ee2ee84,AREGAAAWDP
5f2b352ec6f997007ee2ee86,ARDQGVAANSPYYYGMDV
5f2b352ec6f997007ee2ee8d,ARVDRGDXSGCXXFDY
5f2b352ec6f997007ee2ee90,EGLKRYDFWSGRQGRRARVRYGR
5f2b352ec6f997007ee2ee91,Y
5f2b352ec6f997007ee2ee92,EDHSGSNYPSLLLLLRYGR
5f2b352ec6f997007ee2ee96,XXXXXXXXXXXXXXXAXXXEVXXXXXFDY
5f2b352ec6f997007ee2ee97,XXXXRXXITXXXXXXXXXXCXNXYYYYGMDV
5f2b352ec6f997007ee2eea1,ATLRNRESDYYGSGRNWFDP
5f2b352ec6f997007ee2eea6,ERGKLVSFGDLLVCGRPIQLVRP
5f2b352ec6f997007ee2eea8,ERXXXXXXYQRLXLLVXFXL
5f2b352ec6f997007ee2eeb5,TDVYGSGSYHNRP
5f2b352ec6f997007ee2eeb6,EXXXQXXXXL
5f2b352ec6f997007ee2eebf,ARXXGXXXXXXYRXGAFDI
5f2b352ec6f997007ee2eec5,DRSAAVGTQPPYCP
5f2b352ec6f997007ee2eecf,ARRACSSCYYGGYFDY
5f2b352ec6f997007ee2eed5,ARLPAEETGDEGL
5f2b352ec6f997007ee2eed7,ARDHSGYCSSTSCYGVDY
5f2b352ec6f997007ee2eed8,ASGFGRTGYNDY
5f2b352ec6f997007ee2eeda,ARFSTAMVPEVYYXXFDY
5f2b352ec6f997007ee2eedc,ARFSTAMVPEXXYFDY
5f2b352ec6f997007ee2eee5,ASSDXGARMDY
5f2b352ec6f997007ee2eee8,ARDGXXXXXSSGYYAFDY
5f2b352ec6f997007ee2eeea,AXDYGSSASCYYFDY
5f2b352ec6f997007ee2eeec,ATDYCSSTSCYYFDY
5f2b352ec6f997007ee2eeed,ARSRDYYDSSGHFDY
5f2b352ec6f997007ee2eeee,AREGDPRTTSYYYYYSGMDV
5f2b352ec6f997007ee2eef6,ARDPTSWGSYRYRVGPFDY
5f2b352ec6f997007ee2eefb,ARXFGSSRGSFDY
5f2b352ec6f997007ee2ef07,ARDLQRGYSGYGNFDY
5f2b352ec6f997007ee2ef09,ARDLCWGTNGVCYGLDDY
5f2b352ec6f997007ee2ef0c,ARASLGSSWYGGNYYFDY
5f2b352ec6f997007ee2ef11,ARXXGXGTNGVGYFDY
5f2b352ec6f997007ee2ef12,ERXXXXXXXYGR
5f2b352ec6f997007ee2ef14,ARGRVGSNYESYYYYGMDV
5f2b352ec6f997007ee2ef18,RDIRQRPRMIVVVSGTSIS
5f2b352ec6f997007ee2ef2a,TQLRFLEWFTQLLLLLLRYGR
5f2b352ec6f997007ee2ef30,ARRGGYSGYDYQYYFDY
5f2b352ec6f997007ee2ef3e,ARGLNIRSGVGGSLPGS
5f2b352ec6f997007ee2ef41,ARFPSCSGGSCYSYYYYGMDV
5f2b352ec6f997007ee2ef46,ARVMAAMVSVNWFDP
5f2b352ec6f997007ee2ef48,RGKHVEMATSPVGTTTVWTS
5f2b352ec6f997007ee2ef4b,AKDRGSAAAPEYYGMDV
5f2b352ec6f997007ee2ef55,ARAREXESSYKGDGMDV
5f2b352ec6f997007ee2ef57,ARDLSALGDYVWGSYRSEYYFDY
5f2b352ec6f997007ee2ef58,AXDDXGGDXYXXXXGFXX
5f2b352ec6f997007ee2ef64,TAAXTAXYYCARVXXGXXXXXY
5f2b352ec6f997007ee2ef6a,ARSRDYYDSSGHDY
5f2b352ec6f997007ee2ef6b,ESDIGIQSRRRLGYGR
5f2b352ec6f997007ee2ef89,ASIAVAAXLVSFDY
5f2b352ec6f997007ee2ef91,ARDRGRVVPAAITTIFGVSYYYYGMDV
5f2b352ec6f997007ee2ef92,ASGVGGXTQGFDY
5f2b352ec6f997007ee2ef96,ARSITPRTIVIGFGWFDP
5f2b352ec6f997007ee2ef9c,ATGPQQWELSPPIVH
5f2b352ec6f997007ee2efa3,ASSYCSSTSCYSNYFDY
5f2b352ec6f997007ee2efa6,ERAEQQLVPKLGL
5f2b352ec6f997007ee2efa9,XXRTRXXXTVRXXEXXXAXXTGXXDY
5f2b352ec6f997007ee2efaf,AKDRVGASYYDFWSGHPFDY
5f2b352ec6f997007ee2efb0,AAGKSDYYGFLDN
5f2b352ec6f997007ee2efb2,AKGRREGCGSRKLYYYYGMDV
5f2b352ec6f997007ee2efb7,XXXGXXXYXDX
5f2b352ec6f997007ee2efbe,XXXXVTXADTXXXXCXRDRXXGXXXXYEGGXDX
5f2b352ec6f997007ee2efc1,XQFSXXXXXXXAXXTXVYYCAXXXXXXGGXXXAVDY
5f2b352ec6f997007ee2efc4,ARDGPNSSYGYXTRWFDH
5f2b352ec6f997007ee2efc7,ARXXDAFDI
5f2b352ec6f997007ee2efd1,TXXXXXXXXDX
5f2b352ec6f997007ee2efdb,ARDXXYGNXGGXDY
5f2b352ec6f997007ee2efe2,ARAGLGSSWYGGNYYFDY
5f2b352ec6f997007ee2efe8,DG
5f2b352ec6f997007ee2efed,RAXYRFXXXXTTTTVWTS
5f2b352ec6f997007ee2eff0,EAYTPRNKDSSSWDNLLLRYGR
5f2b352ec6f997007ee2effa,XXLLXXXRXYXXXXXXXXGXXYYYGMDV
5f2b352ec6f997007ee2f000,ARXXXXXXXXXXXXXXXXXKXXXXXXXXXXXXXXTXXTXXXXXXXXXXXXNXXXXXXXYXYYGMDV
5f2b352ec6f997007ee2f004,ATRSITMIVVVIPLDAFDI
5f2b352ec6f997007ee2f005,ARVPXXXLRXTXXXXXXDY
5f2b352ec6f997007ee2f006,AHRHGSSGVVRVHNWVDP
5f2b352ec6f997007ee2f009,XVYYCAXXXRXXGXSXXYFXX
5f2b352ec6f997007ee2f00b,AGDSEVWFGELLWYGMDV
5f2b352ec6f997007ee2f00c,XXXAXXXXAXXXXXXXXXXXXYGMDV
5f2b352ec6f997007ee2f014,ESFRLRCLEWFSSRYGR
5f2b352ec6f997007ee2f01a,ARQRTVVAATGYYYGMDV
5f2b352ec6f997007ee2f023,XXXNXXFDY
5f2b352ec6f997007ee2f026,ARGAYSYGPLDY
5f2b352ec6f997007ee2f027,ARVQSAVAGNRDYYYYGMDV
5f2b352ec6f997007ee2f028,ARVQSAVAGNRDYYYYGMDV
5f2b352ec6f997007ee2f029,AKDMVRGDHYGMDV
5f2b352ec6f997007ee2f02f,ARHKKQRYYYDSSGYYLHYFDY
5f2b352ec6f997007ee2f034,SGQNLQLAYSYYGGLDV
5f2b352ec6f997007ee2f036,AGIQLRH
5f2b352ec6f997007ee2f037,ARQPPTSYIAVAGTKDY
5f2b352ec6f997007ee2f038,AHRRAAAGTRFDY
5f2b352ec6f997007ee2f03a,ATDRPPGIAAAPMDV
5f2b352ec6f997007ee2f03d,ATXXXXXXGYXYYYGMDV
5f2b352ec6f997007ee2f03e,ARAXXXVARHYYFDY
5f2b352ec6f997007ee2f03f,ARRPXXXRRGAXXGTTFDY
5f2b352ec6f997007ee2f045,ARVRRYNGNDSYGMDV
5f2b352ec6f997007ee2f047,ARVVEFFGPKDY
5f2b352ec6f997007ee2f049,SLSWEPPTTTLTT
5f2b352ec6f997007ee2f04a,ARXGXIYYDSSGXCFDY
5f2b352ec6f997007ee2f04c,ERXXPXXQXXGPLXXLLLRYGR
5f2b352ec6f997007ee2f04d,EXXXXXXLRRYPGR
5f2b352ec6f997007ee2f050,NWFDP
5f2b352ec6f997007ee2f053,ARDAGTGWLQLAFDI
5f2b352ec6f997007ee2f054,ARXXNGXXSYXXDY
5f2b352ec6f997007ee2f055,AXXXGSSGWYAGXFDY
5f2b352ec6f997007ee2f057,GIRAEYIWFGELPSSLLLLRYGR
5f2b352ec6f997007ee2f05e,AKDLLGGMDV
5f2b352ec6f997007ee2f061,AREEREVARTPNFDY
5f2b352ec6f997007ee2f067,ARQRSLWFGESTPFYYYGMDV
5f2b352ec6f997007ee2f069,AREKGGYIGVVTANRGAFDI
5f2b352ec6f997007ee2f06b,ATGQQQGELSPPIVH
5f2b352ec6f997007ee2f071,ESASCYRRVLLLRYGR
5f2b352ec6f997007ee2f07e,XXXXTAADTXVXXXARXXXSXYXXYYGMXX
5f2b352ec6f997007ee2f087,XXXXXXXXXXXXXXXXXXXXXXXXXXXXXXXGXRXTGAFXX
5f2b352ec6f997007ee2f08d,ARRRLIAARRDWYFDL
5f2b352ec6f997007ee2f090,ATGAYYETSPTFAFDV
5f2b352ec6f997007ee2f092,REXXXXXXSXWLLXARATTVWTS
5f2b352ec6f997007ee2f098,ERTACRQLVRP
5f2b352ec6f997007ee2f099,ARVDCSSTSCYTLRLDP
5f2b352ec6f997007ee2f09a,ENEDGTTAQLLLLLRYGR
5f2b352ec6f997007ee2f0a2,ARAQVTPRPATGKRWLQPNDY
5f2b352ec6f997007ee2f0ac,TREIGGSSCR
5f2b352ec6f997007ee2f0af,AREPRIAAAGDYYYYGMDV
5f2b352ec6f997007ee2f0b0,ATALSSTNCYTCGMDV
5f2b352ec6f997007ee2f0b3,ASLPPRGVIGYSYVPFPRNYYYYGMDV
5f2b352ec6f997007ee2f0b7,ARXXXSXXSXXPVWFDP
5f2b352ec6f997007ee2f0ba,RKTTRRYDFWSGENTTTTLWTS
5f2b352ec6f997007ee2f0bf,ARVPPNRLVGDY
5f2b352ec6f997007ee2f0c7,XXXGGGYXXAXL
5f2b352ec6f997007ee2f0cd,ARGXGGXGSSSWYRXDY
5f2b352ec6f997007ee2f0ce,EXSKRELVRP
5f2b352ec6f997007ee2f0cf,ARDXQQLDPRSYGMDV
5f2b352ec6f997007ee2f0d0,ARDMQQLDPRSYGMDV
5f2b352ec6f997007ee2f0db,ARGIRPGTPWPFDY
5f2b352ec6f997007ee2f0dc,XLCEXXXXRXXXXXSGYLXYYXXYGTDV
5f2b352ec6f997007ee2f0e0,XXXFDY
5f2b352ec6f997007ee2f0e4,ADSGGTGGIGL
5f2b352ec6f997007ee2f0e5,AXVRGXXNSSSSYFDY
5f2b352ec6f997007ee2f0e6,ARWDPRKVVKQLLLSPYYYYYGMDV
5f2b352ec6f997007ee2f0ec,AGGVHTAIDDAFDI
5f2b352ec6f997007ee2f0f9,ARDRREGELLASAPGAPGEGYGMDV
5f2b352ec6f997007ee2f10a,AKDGGVVVVPPXXCWYGFDY
5f2b352ec6f997007ee2f10e,EKVRAWELLTK
5f2b352ec6f997007ee2f116,REAXXVVVVXXTXPTGSTP
5f2b352ec6f997007ee2f117,AXXXXEVAGIALDY
5f2b352ec6f997007ee2f118,XXXXXXAXXXXXGXXXXXYGMDV
5f2b352ec6f997007ee2f11a,AXDLXXXXXXXXTGXXXXXXXXXXXXXXXXXXXVXXXXXXXXXXXXXRXXXXDY
5f2b352ec6f997007ee2f11c,VDTSXNXXXLKLSSVTAAXTAVYYCARGXSSGYYKGNXXY
5f2b352ec6f997007ee2f12b,ARXEGVXNYXXXXGGGXFDY
5f2b352ec6f997007ee2f12c,XAXDY
5f2b352ec6f997007ee2f133,FIAFDI
5f2b352ec6f997007ee2f137,XXXCAXXXGXXXXVVXXXXRXYGMDV
5f2b352ec6f997007ee2f13b,GSWWGLGY
5f2b352ec6f997007ee2f143,AREATWYGMDV
5f2b352ec6f997007ee2f144,DP
5f2b352ec6f997007ee2f146,AXXSXXGXXXXTXXYYYGMDV
5f2b352ec6f997007ee2f149,ARXXXSTGYVYYYYYYGMDV
5f2b352ec6f997007ee2f14d,ARDXXGXVXXAAXYYYYGMDV
5f2b352ec6f997007ee2f152,XXXXXGXXXXXMDV
5f2b352ec6f997007ee2f155,XXXGXXXXXXXXSTXXAYXXXXSLRXEDTAVYYCAXXAXGIDX
5f2b352ec6f997007ee2f159,ETALWGDYGLLWL
5f2b352ec6f997007ee2f15a,RXXXDXXXTTXWTT
5f2b352ec6f997007ee2f161,AXXXXXAXXX
5f2b352ec6f997007ee2f162,ARELDSYCGGDCSCFDY
5f2b352ec6f997007ee2f165,VKGGRTRIGLDY
5f2b352ec6f997007ee2f171,ARDRRLLEWLFDY
5f2b352ec6f997007ee2f179,Y
5f2b352ec6f997007ee2f187,ARKGAIEYSSSHYYYYGMDV
5f2b352ec6f997007ee2f18f,ARGSTVTTKYYFDY
5f2b352ec6f997007ee2f191,ERRLLWFGDSCVVRP
5f2b352ec6f997007ee2f194,ATWELGTSPC
5f2b352ec6f997007ee2f196,ARVRQLVSGWYVKYNWFDP
5f2b352ec6f997007ee2f19a,AXNQIDY
5f2b352ec6f997007ee2f1a0,AXXXGCXSSSWXXEXNDYYYYGMDV
5f2b352ec6f997007ee2f1a4,ARRNPEIEYSSSSDAFDI
5f2b352ec6f997007ee2f1a7,AKGASYYDADEASEWGFDY
5f2b352ec6f997007ee2f1aa,ARXXXGAIXAXYXXYFMDD
5f2b352ec6f997007ee2f1ad,ARDRYXDXXGDYLDAFXI
5f2b352ec6f997007ee2f1b1,DY
5f2b352ec6f997007ee2f1b2,REIGGGMVRGVIITLKGLSESTTTTVWTS
5f2b352ec6f997007ee2f1b7,GGIAVVVITPQPTTTTTVWTS
5f2b352ec6f997007ee2f1bd,REXXXGDXXXXXT
5f2b352ec6f997007ee2f1be,ARTVIPIYGGKAHDAFDI
5f2b352ec6f997007ee2f1c2,ARRXAXXMERFAFSFDY
5f2b352ec6f997007ee2f1c3,XFDY
5f2b352ec6f997007ee2f1cf,ARDVECSSTSCYAQSSDH
5f2b352ec6f997007ee2f1d2,ASXXXGGXRSGYYSXYYGMDV
5f2b352ec6f997007ee2f1d3,ARGLGGATPNTPSRYWFDP
5f2b352ec6f997007ee2f1d8,ARDLDGXSTDY
5f2b352ec6f997007ee2f1e0,CITXREAXXXXXXXXXXXATSXGXTXAXFDX
5f2b352ec6f997007ee2f1e1,XXAXTXXXYXAXXXXXXEXXXYYXXYYGMDV
5f2b352ec6f997007ee2f1ea,XDTAVYYXAXHEXXXTXXRXPXNWFDP
5f2b352ec6f997007ee2f1eb,XXXXAXXXXXXXYXYGXDD
5f2b352ec6f997007ee2f1ed,EAFDF
5f2b352ec6f997007ee2f1ef,ARDNGFRFSQFFDP
5f2b352ec6f997007ee2f1f1,ARDSAYSDFWSGLSY
5f2b352ec6f997007ee2f1f3,ERXXTGXSXTTXXLLVLRS
5f2b352ec6f997007ee2f1f5,ARGXGXXXXSLDY
5f2b352ec6f997007ee2f1f7,AKXXXXXXXXYXFDY
5f2b352ec6f997007ee2f204,ARDRXXXXXGDSXXDY
5f2b352ec6f997007ee2f205,TTAGTSGYLTY
5f2b352ec6f997007ee2f206,AREGVAGAVSFDY
5f2b352ec6f997007ee2f209,VRKGAIEYGSSNYYYYGMDV
5f2b352ec6f997007ee2f217,ARFKSFSMADY
5f2b352ec6f997007ee2f225,MDV
5f2b352ec6f997007ee2f22f,ERSHFCFXY
5f2b352ec6f997007ee2f23a,ATEGPAICMVWGGLDD
5f2b352ec6f997007ee2f241,ERAVRTVRCRGLRYGR
5f2b352ec6f997007ee2f24c,XYCARXXYGGNXGXGFDY
5f2b352ec6f997007ee2f24d,ARDLAVPGRPRGDYYYHGMDV
5f2b352ec6f997007ee2f250,ARDVGVGPYSYGYSLHYYGMDV
5f2b352ec6f997007ee2f25d,ATVPNYYDSSGYHWWRAGWYFDL
5f2b352ec6f997007ee2f260,ARDLDTMLTGRIIDY
5f2b352ec6f997007ee2f263,GSGTFNDDVWGRYRPFDG
5f2b352ec6f997007ee2f264,AKDNGYSYDTPSPFDY
5f2b352ec6f997007ee2f269,ARXRXGTXXYXVXPXXDY
5f2b352ec6f997007ee2f26e,ASRTGHY
5f2b352ec6f997007ee2f26f,XXXXGYYGXDX
5f2b352ec6f997007ee2f272,XXXXXDX
5f2b352ec6f997007ee2f274,RPXXXVRXXXXXXXXXYXXXX
5f2b352ec6f997007ee2f27c,EXSXXWLWLLLLRYGR
5f2b352ec6f997007ee2f28c,ARPPNDAYSSGYLGGIWYFDL
5f2b352ec6f997007ee2f299,ARXANSGXYYYFDY
5f2b352ec6f997007ee2f29b,AXDGSFNYDSSGXDY
5f2b352ec6f997007ee2f2a1,ATLFRG
5f2b352ec6f997007ee2f2ab,ARASRAHERRMNRYWFDP
5f2b352ec6f997007ee2f2ae,ARGRSSSAYTYFDY
5f2b352ec6f997007ee2f2b0,AKDEXVVRGVVPXXYGMDV
5f2b352ec6f997007ee2f2b1,ARXAXWDXXGSSCYGDY
5f2b352ec6f997007ee2f2b5,XXXPXGXXYXXXLLLLLRYGR
5f2b352ec6f997007ee2f2b7,EIPERRLLLLTTVWTS
5f2b352ec6f997007ee2f2b9,REVSKVVLVTT
5f2b352ec6f997007ee2f2bf,XXAYMXXXRLRSXDXAVYYCARXXXGXXXQH
5f2b352ec6f997007ee2f2c4,EHVADYSKLRYGR
5f2b352ec6f997007ee2f2cc,ERSASGSGSCYLQYGR
5f2b352ec6f997007ee2f2cd,ATGPQQWELSPPIVH
5f2b352ec6f997007ee2f2d0,LDX
5f2b352ec6f997007ee2f2d3,AREQLVPSGPYYYYGMDV
5f2b352ec6f997007ee2f2d7,XXXXXEXXAVXYCXXXXXXXVXVXXAXXYGAXDI
5f2b352ec6f997007ee2f2f3,ETNWGRSLLLRYGR
5f2b352ec6f997007ee2f2f4,ARDNPYGPAATYYYYGMDV
5f2b352ec6f997007ee2f2f6,ARGXGRGCGSSYYAVDY
5f2b352ec6f997007ee2f2f7,ARVVGDPDVVVPAAIDHGMDV
5f2b352ec6f997007ee2f2f8,ARDXXGSGRYSIDY
5f2b352ec6f997007ee2f2f9,ARGRIVVVPAAPIKTSLQAGYGMDV
5f2b352ec6f997007ee2f2ff,RLRWGALRFLEWWGKTTTTVWTS
5f2b352ec6f997007ee2f30f,ARXRYYYDXSGYYPIDY
5f2b352ec6f997007ee2f31c,Y
5f2b352ec6f997007ee2f321,DV
5f2b352ec6f997007ee2f328,ASPYCSSTSCLYGMDV
5f2b352ec6f997007ee2f32b,ATGHATNGADY
5f2b352ec6f997007ee2f336,AREXXYXGSSGXXRXCYFDY
5f2b352ec6f997007ee2f33e,XXLXXXXGXXXXXXXXXXXXXAXYFDX
5f2b352ec6f997007ee2f33f,XXFDX
5f2b352ec6f997007ee2f340,XXYXAXXXVPXXXXXXYYYYGMDV
5f2b352ec6f997007ee2f346,AGDNGGPGYDYAVY
5f2b352ec6f997007ee2f348,AREEREVARTPNFDY
5f2b352ec6f997007ee2f34f,EVLRYFDWLLFEEWGLPIRYGR
5f2b352ec6f997007ee2f351,EVLRYXDWLXFEEWGLLPLRYGR
5f2b352ec6f997007ee2f359,XGXDY
5f2b352ec6f997007ee2f368,RETTLIQLDTTGSTP
5f2b352ec6f997007ee2f36f,ARDGXAQDISGYKGRFGP
5f2b352ec6f997007ee2f386,ARGLRVYSSGWYGLVY
5f2b352ec6f997007ee2f38d,ARVIVVGPAAIVEQLIPYYDYGMDV
5f2b352ec6f997007ee2f390,ARHLGEDIVVVPAAIPHPHYYYGMDV
5f2b352ec6f997007ee2f393,XXXXXXXSSXXXXGXDYYYGMDV
5f2b352ec6f997007ee2f397,ARTDSSSWNYYYYGMDV
5f2b352ec6f997007ee2f39a,ARXXXXXXSSGWRQLDY
5f2b352ec6f997007ee2f39b,ATQNDPAMIPVSIYGMDV
5f2b352ec6f997007ee2f39c,AXDXTXGSYXDSFDX
5f2b352ec6f997007ee2f39d,ARAXXXYYSSGRPDYGFDY
5f2b352ec6f997007ee2f39e,RRLRLLLRYGR
5f2b352ec6f997007ee2f3ab,GGSYDYFCWSLL
5f2b352ec6f997007ee2f3b0,STIFGVVTPNWFDP
5f2b352ec6f997007ee2f3b1,ATGSWIPSLLEPYYFDY
5f2b352ec6f997007ee2f3b5,ARAVYDSSGVKVFDY
5f2b352ec6f997007ee2f3bb,ARAKRYYDILTGYAPGDFDY
5f2b352ec6f997007ee2f3c3,XTAVYXXAXXXXXXXPXXXRXGGXXYYYGMDV
5f2b352ec6f997007ee2f3c4,XXXXXXLCEXXXXXXRXXXXYLGYFXX
5f2b352ec6f997007ee2f3c6,ARSRGVATLPLY
5f2b352ec6f997007ee2f3c9,XXXXXXXXYDXWSGYXXGTXXXDX
5f2b352ec6f997007ee2f3cc,ARDGGXXXAVVDAFDI
5f2b352ec6f997007ee2f3d3,ARQPYTYYHDSGTYYYSGYFDY
5f2b352ec6f997007ee2f3d9,KGVRFGVLLLRYGR
5f2b352ec6f997007ee2f3dc,ARQGYVAWGWFDS
5f2b352ec6f997007ee2f3e2,ARVIFGDYESYYYYGMDV
5f2b352ec6f997007ee2f3e9,XNFGVXAAGMAY
5f2b352ec6f997007ee2f3ea,MXXDX
5f2b352ec6f997007ee2f3f4,XVTAAXTAVYYCAXVXTGPSSINXFDY
5f2b352ec6f997007ee2f40f,CXXXXXXXXXXXXXXXXYXXYGMDV
5f2b352ec6f997007ee2f410,NRASLFCRTGTTDELRYGR
5f2b352ec6f997007ee2f412,ARGRGCSQDFYYLDY
5f2b352ec6f997007ee2f413,ARXXYDXXGXXXXWFDS
5f2b352ec6f997007ee2f418,AKISSPIGTTWYFDY
5f2b352ec6f997007ee2f41b,RXSXXXXSXXSTTTVWTS
5f2b352ec6f997007ee2f423,AGDGIYGGNSERRERFGYYYYGMDV
5f2b352ec6f997007ee2f42d,AISAGGIAAAFDY
5f2b352ec6f997007ee2f436,AKDNNIYYSGWYDAGRYWYFDL
5f2b352ec6f997007ee2f43b,ARVXYSXGSGXGFDY
5f2b352ec6f997007ee2f446,ARGXGNXXGXXXSXXNAFDI
5f2b352ec6f997007ee2f44d,ESXXXSGCSVLLLRYGR
5f2b352ec6f997007ee2f452,ARDEMATHEGEFFDY
5f2b352ec6f997007ee2f45b,ERDYVWGSLGL
5f2b352ec6f997007ee2f467,ARDAYGSWSGYYVRWFDY
5f2b352ec6f997007ee2f468,ARVYDSSGYYLTWYYGMDV
5f2b352ec6f997007ee2f46a,ASRPQLYSGSQGGFDY
5f2b352ec6f997007ee2f46b,ARDRGGKVLRVLEWLLYSDY
5f2b352ec6f997007ee2f470,AIPGILEAGGLRYYYAMDV
5f2b352ec6f997007ee2f474,ASDRLVGAAAGLYYYYGMDV
5f2b352ec6f997007ee2f47a,AXXXGXXXXFDY
5f2b352ec6f997007ee2f47b,VRYSSSWRL
5f2b352ec6f997007ee2f47c,ATGYSGGYYYGMDV
5f2b352ec6f997007ee2f47d,ARTSEGYYDANWFDH
5f2b352ec6f997007ee2f47e,AKDCDCGGDCYYHRNDY
5f2b352ec6f997007ee2f48f,QISRRTTXFGVGRH
5f2b352ec6f997007ee2f49d,FDY
5f2b352ec6f997007ee2f49f,ARDKEELLGDYYYYYGMDV
5f2b352ec6f997007ee2f4ad,AHTEGFIVGATLVGEGFDY
5f2b352ec6f997007ee2f4b1,ARDPGDAGSYSGPYAFDI
5f2b352ec6f997007ee2f4b3,ATLREGTIVGATFFDY
5f2b352ec6f997007ee2f4b5,XVLXXXXXXXRXYXFWSGXXLXXDX
5f2b352ec6f997007ee2f4bc,ESPLLLLRYGR
5f2b352ec6f997007ee2f4c4,AREVEMATISHYYYYYGMDV
5f2b352ec6f997007ee2f4c7,ARQLWSLYYYYGMDV
5f2b352ec6f997007ee2f4ca,ARDRPFLEWFSPPLDYYCGMDV
5f2b352ec6f997007ee2f4d2,ENEWLLLLRGLLLLRYGR
5f2b352ec6f997007ee2f4da,ARDLARXXXXXXXXXXXYGMXX
5f2b352ec6f997007ee2f4dd,ERPKVALWFGEPVRLLLRYGR
5f2b352ec6f997007ee2f4e2,ARXDVTTLGRWGYXFIDY
5f2b352ec6f997007ee2f4e3,DV
5f2b352ec6f997007ee2f4e4,CAXGRRPPKXLVATPDPYYYYGMDV
5f2b352ec6f997007ee2f4ee,VRFVVVPAAES
5f2b352ec6f997007ee2f4f3,ARGGYSTLPDAFDI
5f2b352ec6f997007ee2f4f4,EXXXXSXXXLLXLXX
5f2b352ec6f997007ee2f502,ERSSTRRLRCLELVRP
5f2b352ec6f997007ee2f506,ARXXRGXEXXXXXSXFDY
5f2b352ec6f997007ee2f508,AREPYSSSGVLTXYYYGMDV
5f2b352ec6f997007ee2f50f,ARXLXDXWSGLXWFDP
5f2b352ec6f997007ee2f52d,XGRFXFXLDTXXXXXYLQINSLSPEDTAVYYCARASSGSPSAEY
5f2b352ec6f997007ee2f536,ARXXXGXSGXFDX
5f2b352ec6f997007ee2f537,ATXXGXXYSXGCYYWLDP
5f2b352ec6f997007ee2f53a,EVRGPWL
5f2b352ec6f997007ee2f53b,ARDVCCGGDSYYGMDV
5f2b352ec6f997007ee2f53c,AREVGGNSEGDY
5f2b352ec6f997007ee2f543,CXTXGGFDX
5f2b352ec6f997007ee2f547,ARWAEVEMATISDYGMDV
5f2b352ec6f997007ee2f54e,ARDRLVGAAAGLYYYYGMDV
5f2b352ec6f997007ee2f554,ERTWXQXLXWLRP
5f2b352ec6f997007ee2f559,ARVGLYSSSWNIESNYYGMDV
5f2b352ec6f997007ee2f55f,ARLVVPAAHFDY
5f2b352ec6f997007ee2f560,ARQPRDIVVVPGGMDV
5f2b352ec6f997007ee2f561,ARXXCCGDDSLYYGRDV
5f2b352ec6f997007ee2f564,ARXAGCDXSSGSYFDY
5f2b352ec6f997007ee2f566,AXXXYXLVQIXVVPAASGGFFDY
5f2b352ec6f997007ee2f567,RFTISXDNAKNSLYLQMNSLXDEDTAVYYCARDXXXGYXXLCXXDI
5f2b352ec6f997007ee2f571,ETSQDRLHQSWL
5f2b352ec6f997007ee2f574,AGDSRPYSSSCPDY
5f2b352ec6f997007ee2f576,AKDYWAIFGVVIGEPDY
5f2b352ec6f997007ee2f579,AGDWLPYYDVWSDILGAFDI
5f2b352ec6f997007ee2f57f,REGVGYSSGGYVILTTTTTVWTS
5f2b352ec6f997007ee2f580,XSXTXXDXXVYYXARLXXXXDAXDX
5f2b352ec6f997007ee2f581,AXXXXXGGXYXXNXAFDI
5f2b352ec6f997007ee2f583,ERXGXXXLXXLLXRYGR
5f2b352ec6f997007ee2f584,ARDXPGSSSWYYFDY
5f2b352ec6f997007ee2f586,ARXGFSGGSCCAFDY
5f2b352ec6f997007ee2f587,XXGMDV
5f2b352ec6f997007ee2f588,ERSWQRWGQAAVLLLLLRYGR
5f2b352ec6f997007ee2f59b,XXX
5f2b352ec6f997007ee2f5a1,ADTAVYYXAXXXXXXXWXXMVXXXXAFDI
5f2b352ec6f997007ee2f5a2,RDFPIVVVVAATPMLLIS
5f2b352ec6f997007ee2f5a6,ARGXGDXGGFXDY
5f2b352ec6f997007ee2f5b6,XXYXTXXTXXXXL
5f2b352ec6f997007ee2f5b7,REXXLVTCGEVWMS
5f2b352ec6f997007ee2f5b8,AXGSRXPGXGXXXXXYFDY
5f2b352ec6f997007ee2f5c5,AKDPNSSGWYPSWWFDP
5f2b352ec6f997007ee2f5cb,AREAAATVMDXYYFGDY
5f2b352ec6f997007ee2f5d7,ARESDGFGGWTDY
5f2b352ec6f997007ee2f5d8,XXXXXRXXXXXXXGXXXXXXXXXGXXDP
5f2b352ec6f997007ee2f5e0,DTAXYYCAXAXXGEXQLXXGXLXYYXGMDV
5f2b352ec6f997007ee2f5e5,XNXLDV
5f2b352ec6f997007ee2f5eb,AKELRFLEWLLDY
5f2b352ec6f997007ee2f5ec,ARDTRANWMHYYGMDV
5f2b352ec6f997007ee2f5ed,AREXGVVIPAGXXXDGFDY
5f2b352ec6f997007ee2f5ee,ARDTRANWMHYYGMDV
5f2b352ec6f997007ee2f5ef,AXXXXQLGKGXDAFDI
5f2b352ec6f997007ee2f5f0,ARGPGYPHYFDY
5f2b352ec6f997007ee2f5fa,CYGMDV
5f2b352ec6f997007ee2f5fd,ARXXGYYXXXXXXXDY
5f2b352ec6f997007ee2f602,ARXXXVXGATIXYFDY
5f2b352ec6f997007ee2f60e,ASLPGTVTTPVDY
5f2b352ec6f997007ee2f613,ERSAGFGESPLLLLRYGR
5f2b352ec6f997007ee2f61a,KXRSXXGXGXXXLLLRYGR
5f2b352ec6f997007ee2f620,AKGLTYTSSSSLDYFDY
5f2b352ec6f997007ee2f621,AKGSMAXXSSLDYFDY
5f2b352ec6f997007ee2f639,XAXTAVXXXXXXXXXXXXXXXCXXXFXX
5f2b352ec6f997007ee2f63d,ARASITMVRGALGTHNWFDP
5f2b352ec6f997007ee2f63e,REGMVRGVTILTLTT
5f2b352ec6f997007ee2f64a,XXAAXTAXXYCAXXXVXXAXXXTNXFXX
5f2b352ec6f997007ee2f64e,SSVTAADTAVYYCARCKAXXXXRDYYYYGMDV
5f2b352ec6f997007ee2f650,GRVLXXEXXGGGXXYPXXYFDY
5f2b352ec6f997007ee2f653,ARESIEVVPAAIAFDP
5f2b352ec6f997007ee2f654,EGRGYDGARILPA
5f2b352ec6f997007ee2f661,ENRKXXHWVLRYRS
5f2b352ec6f997007ee2f665,AXXLXXAXXXXY
5f2b352ec6f997007ee2f675,ARVYYDVWSYFDN
5f2b352ec6f997007ee2f676,REXGXXRXTXMLLIS
5f2b352ec6f997007ee2f678,XXXGXXGFDX
5f2b352ec6f997007ee2f683,ARDRGVVIPLFDY
5f2b352ec6f997007ee2f68c,XTAXXYXAXPGXXXXVXXXXAFDI
5f2b352ec6f997007ee2f690,ARDXLXXDNSXDYVIDY
5f2b352ec6f997007ee2f691,ARQLFGETTVYFDY
5f2b352ec6f997007ee2f692,XRXXTXLXXXRXXLXX
5f2b352ec6f997007ee2f693,AGEYYYDSSGYCSLYYYYGMDV
5f2b352ec6f997007ee2f696,ARDLVVPAAKYYYYGMDV
5f2b352ec6f997007ee2f698,ARYCSSTSCYVAED
5f2b352ec6f997007ee2f6a0,ERXXVGXXXL
5f2b352ec6f997007ee2f6a8,ARDGVAXXGYXDWXFDY
5f2b352ec6f997007ee2f6ab,ARAVGWSGPHTNGVDP
5f2b352ec6f997007ee2f6ac,ERXXXVXXXLAQLXL
5f2b352ec6f997007ee2f6b8,EXXXGXX
5f2b352ec6f997007ee2f6be,TAVYYCXGGRXLERTLRFDP
5f2b352ec6f997007ee2f6bf,REXXXXXXXRXXTTTTVWTS
5f2b352ec6f997007ee2f6c6,ARLIFGVVIMEGPANRVDGMDV
5f2b352ec6f997007ee2f6cc,ARGAEPLAYCGGDCYWSDY
5f2b352ec6f997007ee2f6d0,XXXXXXXXEDTXVXYXAXXLXXXTGTSTXDX
5f2b352ec6f997007ee2f6d6,TXXDY
5f2b352ec6f997007ee2f6e5,REXXXLXXXXXPPTTTVWTS
5f2b352ec6f997007ee2f6f2,ARDGNFDGWFDP
5f2b352ec6f997007ee2f6f4,ARERGYYDSSGYYYHDAFDI
5f2b352ec6f997007ee2f6fa,ARASIAVAGKYYYYGMDV
5f2b352ec6f997007ee2f6ff,AXSXXYXXXXXXXXXXXXXXXXXXXXXXXXXXXXXXXAXXXXXXGXGXXLLXEXXXXXWXPSXXYGMDV
5f2b352ec6f997007ee2f700,Y
5f2b352ec6f997007ee2f701,XRXPXAFDXXXXXXXXXXXXXXXXXXXXXXXXXXXXXNXXXXXXXXXXXXXTAXYXXARXXXAFDX
5f2b352ec6f997007ee2f703,ARALEQLGPTIFAFDI
5f2b352ec6f997007ee2f706,AXDXIAAGHXXXDX
5f2b352ec6f997007ee2f708,ARGPPDVLRFLEWSRIGDSPPFY
5f2b352ec6f997007ee2f709,ARMNAWLRLFYFDY
5f2b352ec6f997007ee2f70b,ETGPASGLSG
5f2b352ec6f997007ee2f70c,ETPRPKTTILLLRYGR
5f2b352ec6f997007ee2f70d,XXVTISVDTXKNQXXLKLSSVTAADTAVXYCAXAGP
5f2b352ec6f997007ee2f710,VXAAXTAXYYCAXQVGXYVXAXYXDY
5f2b352ec6f997007ee2f713,FDY
5f2b352ec6f997007ee2f71b,ATKGGYSYGYYYYGMDV
5f2b352ec6f997007ee2f71f,ARRGGPRLAFDP
5f2b352ec6f997007ee2f720,ARGXXXDGXGGYXDH
5f2b352ec6f997007ee2f724,EXXXXXXWXGXRLRYXTS
5f2b352ec6f997007ee2f727,XXAKXXLRL
5f2b352ec6f997007ee2f72f,TXTXXQXGGTXSXLVRX
5f2b352ec6f997007ee2f73b,XXXGXVLLXEXTXXYXXXXGXXKXDY
5f2b352ec6f997007ee2f743,XDV
5f2b352ec6f997007ee2f744,XSXYGMDV
5f2b352ec6f997007ee2f74c,ITXXEXXRITXXXVXYYYGMDV
5f2b352ec6f997007ee2f759,RDRYHRPALTT
5f2b352ec6f997007ee2f75e,ARGELRGVPGY
5f2b352ec6f997007ee2f766,EWWAWIQLWFRLLLLLRYGR
5f2b352ec6f997007ee2f769,TXVXYCARIXXPPRAQRYGMDV
5f2b352ec6f997007ee2f76b,GRPPTRELVLLIS
5f2b352ec6f997007ee2f76c,ERXXXXELWLLXRDGP
5f2b352ec6f997007ee2f775,Y
5f2b352ec6f997007ee2f776,XXXXVDX
5f2b352ec6f997007ee2f77c,AREEREVARTPNFDY
5f2b352ec6f997007ee2f789,RXEXXQXXXGVSPLXLTT
5f2b352ec6f997007ee2f795,ARXGXXXXYYDFDY
5f2b352ec6f997007ee2f797,AGDRPIVVVPAANRLGNAFDI
5f2b352ec6f997007ee2f79d,DP
5f2b352ec6f997007ee2f7a1,AKXXXXXSXGWXXXLDY
5f2b352ec6f997007ee2f7a6,AREGVEDTAMVGDYGMDV
5f2b352ec6f997007ee2f7ac,ARMPITGDRGHFDY
5f2b352ec6f997007ee2f7ca,XXXYXXRXCXDX
5f2b352ec6f997007ee2f7cb,REYVTTMIVVVITPQPPTGTSIA
5f2b352ec6f997007ee2f7cd,ARRDGDHGYWFDP
5f2b352ec6f997007ee2f7d1,ERXXPTTVQQXAGDXMVRP
5f2b352ec6f997007ee2f7d5,ARSPHYYEFWSGYYDY
5f2b352ec6f997007ee2f7da,ARDLRLWYPKYGMDV
5f2b352ec6f997007ee2f7db,QAGFDY
5f2b352ec6f997007ee2f7e4,LGFDY
5f2b352ec6f997007ee2f7e5,ARXXXQGXVTRFDY
5f2b352ec6f997007ee2f7e8,ARXXXXSXXXXXXWDAFDI
5f2b352ec6f997007ee2f7ea,ARDXYDSXGYFGY
5f2b352ec6f997007ee2f7fe,AREERVVXXGYYXXYGMDV
5f2b352ec6f997007ee2f801,ARXXXSSGYRXXXAFDI
5f2b352ec6f997007ee2f80a,TRDEWVGATPYEEYYFDY
5f2b352ec6f997007ee2f812,ARLHSQFWRFDP
5f2b352ec6f997007ee2f825,ARRVTPPYYYGMDV
5f2b352ec6f997007ee2f828,ARGGXTXXSSXYXNYYYYGMDV
5f2b352ec6f997007ee2f829,ARXXXXTXVAGXXYYGMDV
5f2b352ec6f997007ee2f830,XXXXXXXXDX
5f2b352ec6f997007ee2f837,XTXAXTAVYXCARVRGXXXGXRXDY
5f2b352ec6f997007ee2f83e,AXGXSGXXXYYGMDV
5f2b352ec6f997007ee2f840,AREPNNSLYSMDV
5f2b352ec6f997007ee2f841,ARDXGDYYDYAFDX
5f2b352ec6f997007ee2f848,XXXXXXXXXLXXXGXEXXAXXYCAXXAXXXXVXTXPEPXXY
5f2b352ec6f997007ee2f859,AKDRSEHTRPIGTEALDI
5f2b352ec6f997007ee2f861,ETVGRXXXGXEXLLLRYGR
5f2b352ec6f997007ee2f862,ARYGAHYYDSSGYYYGEFDY
5f2b352ec6f997007ee2f868,ARXXTGWXDY
5f2b352ec6f997007ee2f86e,XQXRFLEWFXXLLXLLLRYGR
5f2b352ec6f997007ee2f86f,ERSHGDYVLRYGR
5f2b352ec6f997007ee2f877,AREYYYDSSGYFSLYYYYGMDV
5f2b352ec6f997007ee2f87b,ARDQPSWSLQTY
5f2b352ec6f997007ee2f87f,ARLENPXDYYDSSGYYQTLFDY
5f2b352ec6f997007ee2f887,QGXVXXXXXTSXXXAXMXXXXXXXEXTAXXXCAXXXGGDSXXFDP
5f2b352ec6f997007ee2f88e,VKTAYWWCDP
5f2b352ec6f997007ee2f895,XXAXXYXXXXXLGAXXGXIDY
5f2b352ec6f997007ee2f8ac,TAXDTAVYYCAXXXXGIXGNAFDI
5f2b352ec6f997007ee2f8b2,ESXXPXXYXQQLXHYGFGR
5f2b352ec6f997007ee2f8b5,ARGVEGSIAAAGTKLGGPSFDY
5f2b352ec6f997007ee2f8be,XXXXTXSXXXXXXXLXLQMNSLXAEDTAVYYCAXXXXVVVXCLDX
5f2b352ec6f997007ee2f8c3,XGDXXSGYXFPXRYGR
5f2b352ec6f997007ee2f8c4,XXYXXXDX
5f2b352ec6f997007ee2f8c8,ARGRPYCSSTSCRYFDY
5f2b352ec6f997007ee2f8df,ERSLECCSGAATSKL
5f2b352ec6f997007ee2f8e3,XRXXXPXXXVXTVXXXXDY
5f2b352ec6f997007ee2f8eb,AGGVVLLAAAGSGPYNWFDP
5f2b352ec6f997007ee2f8ee,ARDGPTNGXCYYYYGMDV
5f2b352ec6f997007ee2f8f5,ARLWIRGGELSGVLEIFDY
5f2b352ec6f997007ee2f8f9,ARVFRGEAAANNVLDH
5f2b352ec6f997007ee2f8fd,TAAXTAVYYCAXGDXXXAXXXXXXDI
5f2b352ec6f997007ee2f901,ERPKFLEWLVLLRYGR
5f2b352ec6f997007ee2f902,EREGEWLLPPLRYGR
5f2b352ec6f997007ee2f903,AXXXXRGGSCXXFDY
5f2b352ec6f997007ee2f907,ERPGGRLLLLRYGR
5f2b352ec6f997007ee2f915,ARDQKQWLVDTSPDGMDV
5f2b352ec6f997007ee2f916,AGGGGYDSSGYFDY
5f2b352ec6f997007ee2f91b,XRXXXXGXXVXXXXXYXXDX
5f2b352ec6f997007ee2f91f,XXXXXAXXXAXYXXXRXXXXXXXRXXYNXAYYGMDV
5f2b352ec6f997007ee2f920,XXXXXXTXXXXAVYXXAXXXRXXSGXXXXXXX
5f2b352ec6f997007ee2f921,ARHRXXXGGTSGLYXXYFDY
5f2b352ec6f997007ee2f923,AVPPLVGSSTSCYRPREVQLVRP
5f2b352ec6f997007ee2f925,ATRPLHYDYVWGSYRSDAFDI
5f2b352ec6f997007ee2f92c,AXXAXXXYXXYYGMDV
5f2b352ec6f997007ee2f936,RXIWVTTVVQSMLLIS
5f2b352ec6f997007ee2f93c,ARVAAAXDVRXDY
5f2b352ec6f997007ee2f93f,ARDFGFRYYGSGIDGIMDV
5f2b352ec6f997007ee2f948,XXGXDX
5f2b352ec6f997007ee2f950,ASETDCSSTSCPPSFDP
5f2b352ec6f997007ee2f95c,XXXXXXVLXXXXYXXLLRYGR
5f2b352ec6f997007ee2f965,AKASTAQWLVRGGDFDY
5f2b352ec6f997007ee2f971,AKSHGRGIVGATPRLRGYFDL
5f2b352ec6f997007ee2f973,AKDSHDADDGGAFDI
5f2b352ec6f997007ee2f974,SRDPRQLGRVGAAEYYYYGMDV
5f2b352ec6f997007ee2f975,TRDTGSGPYYYYGMDV
5f2b352ec6f997007ee2f976,AXDXGXYXFDY
5f2b352ec6f997007ee2f986,ARLGGTVVGDWFDS
5f2b352ec6f997007ee2f98e,APSDYYGSGSYYNWVVRP
5f2b352ec6f997007ee2f98f,ARXPXXXXXXXXXY
5f2b352ec6f997007ee2f998,XTXVYYCARGPISGARSKWFDP
5f2b352ec6f997007ee2f99e,ARXRGEVXGGPDYGMDV
5f2b352ec6f997007ee2f9b1,ARYLNGVYSSASGAFDI
5f2b352ec6f997007ee2f9ba,ERXWXQLXRXLLLRYGR
5f2b352ec6f997007ee2f9c7,ARXXXXXXXVXGYFDY
5f2b352ec6f997007ee2f9ca,XX
5f2b352ec6f997007ee2f9d4,ARGVVHDC
5f2b352ec6f997007ee2f9d8,XXXXXXXXXXXXXXXXGXXX
5f2b352ec6f997007ee2f9de,XLCIXXRXXXXXXXXVXXGMDV
5f2b352ec6f997007ee2f9df,ARXXXXAXVPAXGLDY
5f2b352ec6f997007ee2f9e3,XTPXXDY
5f2b352ec6f997007ee2f9e4,AKDPKLGGDRFDY
5f2b352ec6f997007ee2f9e6,VAXXXXXDL
5f2b352ec6f997007ee2f9ec,ARAAAGPFTYWFDP
5f2b352ec6f997007ee2f9ef,ARDLRLWYPKYGMDV
5f2b352ec6f997007ee2f9f0,AXDXXXYRXXRWIDP
5f2b352ec6f997007ee2f9f2,ARSGEDTAMATHHFDY
5f2b352ec6f997007ee2f9f8,GXXLLXXXXIXXXWXXXXYYYYYGMDV
5f2b352ec6f997007ee2f9fa,ARQGAAADPVVYYYYGMDV
5f2b352ec6f997007ee2f9fb,ARGYXDVGXCXXWYYYGMDV
5f2b352ec6f997007ee2fa10,ARDLXMXSGRAXDYFDY
5f2b352ec6f997007ee2fa19,ARDLKEYVWGSYREAHAFDI
5f2b352ec6f997007ee2fa22,ENTIFGVVRRP
5f2b352ec6f997007ee2fa2c,REIXXWVXXTTTVWTS
5f2b352ec6f997007ee2fa3e,ARALMEGAFDI
5f2b352ec6f997007ee2fa3f,ASVNHLDTAMVWS
5f2b352ec6f997007ee2fa41,ERSWQRWEQAAVLLLLLRYGR
5f2b352ec6f997007ee2fa42,AGVGYYLDY
5f2b352ec6f997007ee2fa47,D
5f2b352ec6f997007ee2fa4c,ARRGERPNYVWGSFPFDY
5f2b352ec6f997007ee2fa4d,REAGSRLLVTITTTTTVWTS
5f2b352ec6f997007ee2fa50,DRSTLGGRVL
5f2b352ec6f997007ee2fa51,AHSRRGPTWYFDL
5f2b352ec6f997007ee2fa58,AKRGDCSVEGRFTVPVTSSRDLLFLQRNGLVAGVRAVYYCAKRGGCSGGSCYYPGPAGIFDY
5f2b352ec6f997007ee2fa59,ARDHXXXPXXPXGXNYYDSSXXXXDXFDI
5f2b352ec6f997007ee2fa60,ARXAIXIAVGITTVXGIDF
5f2b352ec6f997007ee2fa63,ARHSGASYGMDV
5f2b352ec6f997007ee2fa73,SRWVRIAAAGTIPLF
5f2b352ec6f997007ee2fa75,ERRRYRYGQLVRP
5f2b352ec6f997007ee2fa7e,AREXXGXGGCXXVDY
5f2b352ec6f997007ee2fa87,ARGGGLTYYYDSSGYYYPDY
5f2b352ec6f997007ee2fa8a,GXXX
5f2b352ec6f997007ee2fa8e,ARGQMLGRSDSYGNWFDY
5f2b352ec6f997007ee2fa8f,ARGQMLRRSDSYGNWFDP
5f2b352ec6f997007ee2fa98,ARDXDDSILGGFFDY
5f2b352ec6f997007ee2fa9b,RELGSWEWELLGPTDTTTTTVWTS
5f2b352ec6f997007ee2fa9f,AGGSPLSNRWLQCPDFDY
5f2b352ec6f997007ee2faa0,TRDEGGRVVALPDAFDI
5f2b352ec6f997007ee2faae,KDWYFDL
5f2b352ec6f997007ee2fab7,AADXXXXYXXSTXXAYXXWXGXXTDX
5f2b352ec6f997007ee2fab8,REPRTKVTGTTVWSTLTT
5f2b352ec6f997007ee2fab9,ARAXVGLRXXSFYGMDV
5f2b352ec6f997007ee2faba,ARTPLIYGSGSYDLDY
5f2b352ec6f997007ee2fabc,GMDV
5f2b352ec6f997007ee2fabf,ARVFRGEAAANNVLDH
5f2b352ec6f997007ee2fac4,ARDIVVVPAAIYNWFDP
5f2b352ec6f997007ee2fac7,ARGLRGDFDY
5f2b352ec6f997007ee2fac8,ARXAXSXGYFDY
5f2b352ec6f997007ee2fad7,AXXHPYGDYXLLPPXX
5f2b352ec6f997007ee2fadc,XXXXXTXXXXLXXXXSXXTAVXYCARVRPXARPXSXTGTXWTDX
5f2b352ec6f997007ee2fadd,XXLHGAXXXXXXXXGRVLLCEXGXXLRLGXLXSY
5f2b352ec6f997007ee2fae2,XXXXXXXXXXXXXXGXXXXVDX
5f2b352ec6f997007ee2fae4,ARDRGIDRYYYDSSGYYPDAFDI
5f2b352ec6f997007ee2faec,REPRSEPGSRITMVRGETGSTP
5f2b352ec6f997007ee2faee,KRXWXXLLLRYGR
5f2b352ec6f997007ee2fb01,XSXXXXXLXXXXXXAXXXXXXYXAXXXXXGXXXXXGXDX
5f2b352ec6f997007ee2fb05,ARLRXDCSSTSCSNWFDP
5f2b352ec6f997007ee2fb07,ATAQAGGYSSDNYGMDV
5f2b352ec6f997007ee2fb16,ENSGRGKRRYGR
5f2b352ec6f997007ee2fb17,ARXPXXXSCYXXGLDV
5f2b352ec6f997007ee2fb19,LGAGEREGDDWARVATPRFLEWLPYYYYGMDV
5f2b352ec6f997007ee2fb1a,XXXAXXTXXXXXAXXXXXXXWXXXPXXYYYGMDV
5f2b352ec6f997007ee2fb1e,RXXGXXXXXXAXGTTTTVWTS
5f2b352ec6f997007ee2fb1f,TTGDGSFDV
5f2b352ec6f997007ee2fb20,XYXARAXRTSIFGVVIRGFDP
5f2b352ec6f997007ee2fb24,VXYXDY
5f2b352ec6f997007ee2fb2d,ASKYSSSWYNYYYYGMDV
5f2b352ec6f997007ee2fb2e,ARXTEXLVGXXGY
5f2b352ec6f997007ee2fb2f,ARPASRDAVRHYDFWSGSGRWAFDI
5f2b352ec6f997007ee2fb34,AXXTXXGXAXFDY
5f2b352ec6f997007ee2fb3b,LDGNYDTTGRTD
5f2b352ec6f997007ee2fb44,ADXAXXXXXXGXXXIXXXRXXSXXXYFXY
5f2b352ec6f997007ee2fb46,ASGGDGDYGDY
5f2b352ec6f997007ee2fb47,AKGLATVTSLDY
5f2b352ec6f997007ee2fb4b,ENDILLLRYGR
5f2b352ec6f997007ee2fb4e,YYYGMDV
5f2b352ec6f997007ee2fb50,RDPAITLRVVARMLLMS
5f2b352ec6f997007ee2fb51,AREFSSSSLDP
5f2b352ec6f997007ee2fb52,ARRIQLWLNGGLYYYYGMDV
5f2b352ec6f997007ee2fb60,ARDLYGSSWYGPTTIGFDY
5f2b352ec6f997007ee2fb64,FDY
5f2b352ec6f997007ee2fb66,XTXDXSTXTAXXELXSLXSEDTAVYYCARVXXDGYXFDY
5f2b352ec6f997007ee2fb6b,AKEDLTTFH
5f2b352ec6f997007ee2fb6e,ARXXXXXXXXXXXXXXXXTXSXXXSXXXXXXXXXSLXAEXTAVYYCARXXXXESDSRDAFDI
5f2b352ec6f997007ee2fb72,WXDS
5f2b352ec6f997007ee2fb76,ARXXXSWXPXXXDLXXXXXXXGXXXRXRXXPCIXVXXXXVXXIPRXFDX
5f2b352ec6f997007ee2fb78,ARHYYYDSSGYYSGFDY
5f2b352ec6f997007ee2fb7d,AGGPGMTTVTDPWAYYYGMDV
5f2b352ec6f997007ee2fb84,ARXEWLRXXGXDXYYGMDV
5f2b352ec6f997007ee2fb87,GRADGSRYAIPLLLLRYGR
5f2b352ec6f997007ee2fb8c,ARGSYSSSSDY
5f2b352ec6f997007ee2fb94,ARXXXLXQLPXXYYGMDV
5f2b352ec6f997007ee2fb97,KRSPHPEASTSCTELLLLLRYGR
5f2b352ec6f997007ee2fb9b,XDX
5f2b352ec6f997007ee2fb9e,ATHAGAAVAGVDY
5f2b352ec6f997007ee2fba6,VRXLGNPPFDY
5f2b352ec6f997007ee2fbab,XXXSXXXXTXLTT
5f2b352ec6f997007ee2fbad,ARDPTPDPSGSGSYYNEYDMDY
5f2b352ec6f997007ee2fbae,QXXRTRXQFWFRCTTTTVWTS
5f2b352ec6f997007ee2fbb0,ARDKGTAXVEXYFDY
5f2b352ec6f997007ee2fbb1,ARDTAMVNYYYYGMDV
5f2b352ec6f997007ee2fbb3,YVGAIPPTLTT
5f2b352ec6f997007ee2fbb4,AREAGTGTVLGGCRLDP
5f2b352ec6f997007ee2fbb8,VLXXXXPXXXXXLVXXXXXYGMDV
5f2b352ec6f997007ee2fbc1,AREKFLRNDFWSGYSHTPGFDY
5f2b352ec6f997007ee2fbc4,TAAXTAVYYCARVGXXRVSYFDY
5f2b352ec6f997007ee2fbca,ARXXGGTRXXXXXXRWXYFDY
5f2b352ec6f997007ee2fbcb,EVRWLVRXLLVRL
5f2b352ec6f997007ee2fbcf,ARGSSIAARPNDY
5f2b352ec6f997007ee2fbd0,EGGSGTGG
5f2b352ec6f997007ee2fbd5,XXPWXPXXXRHICRXXAXRLXTLPXIXVREXGXXATXACGXDX
5f2b352ec6f997007ee2fbe1,RXRXCITXRXXGXXXXYXDAFDI
5f2b352ec6f997007ee2fbe8,AKPPELLILFFFHY
5f2b352ec6f997007ee2fbee,ARDLTGDILTGYYTGPGFDP
5f2b352ec6f997007ee2fbef,AXXXXXIXXXXXXXSXYYYGMDV
5f2b352ec6f997007ee2fbf0,ARDVECSSTSCYAHSSDH
5f2b352ec6f997007ee2fbf1,XYXXXXXXXXCSSXSXYXXXXWYFDL
5f2b352ec6f997007ee2fbf4,TTNRVRYCSSTSCLR
5f2b352ec6f997007ee2fbf5,WGXGXXXXYXXXDX
5f2b352ec6f997007ee2fbf6,ARMGGRYHDILTGPNYFDF
5f2b352ec6f997007ee2fbfa,ARXPGGSXXPXYFDY
5f2b352ec6f997007ee2fbfc,AKGKYYGSGSYLDAFDI
5f2b352ec6f997007ee2fbfd,YYSXGLDV
5f2b352ec6f997007ee2fc00,GPGIQLWLLLLRYGR
5f2b352ec6f997007ee2fc04,AREVVKQWLVDYYYGMDV
5f2b352ec6f997007ee2fc07,ATEGSSGYYWRKYNWFDP
5f2b352ec6f997007ee2fc11,GGTSPNMVRGPDPLRYGR
5f2b352ec6f997007ee2fc13,ARDRVHSSSPEVWFDP
5f2b352ec6f997007ee2fc1c,ARXVXGVTAGFDY
5f2b352ec6f997007ee2fc21,ETXXXXLXXXWLFSAXX
5f2b352ec6f997007ee2fc23,ERDPSTSCYGLLLRYGR
5f2b352ec6f997007ee2fc25,ARGGGFGELVDAFDI
5f2b352ec6f997007ee2fc27,ARGQGGSNRRLDY
5f2b352ec6f997007ee2fc30,YYXAXXXXXAXXXXXXXYYYYGMDV
5f2b352ec6f997007ee2fc33,ATDLGY
5f2b352ec6f997007ee2fc34,AXASMYYDFWSGYWFGYFDY
5f2b352ec6f997007ee2fc35,XXXXGXDX
5f2b352ec6f997007ee2fc36,VREVTYTVDY
5f2b352ec6f997007ee2fc3a,AREXKXXXXXXYYYYGMDV
5f2b352ec6f997007ee2fc3f,REGQGVGATYKA
5f2b352ec6f997007ee2fc46,ARXGVSXYXDFDY
5f2b352ec6f997007ee2fc48,VRVKRFLEWSESLHFDP
5f2b352ec6f997007ee2fc4a,ARGPRNDYYYYGMDV
5f2b352ec6f997007ee2fc4b,ERKYWKPVLLLRYGR
5f2b352ec6f997007ee2fc4d,XXAXXXGGIGVVAATGGSFGMDV
5f2b352ec6f997007ee2fc56,ARVHYLDSSGYYAADH
5f2b352ec6f997007ee2fc60,XXXKXXXFGXVQTRHYGMDV
5f2b352ec6f997007ee2fc62,ARGRGXXXXGXXXXXFXX
5f2b352ec6f997007ee2fc68,XXXMNXXRXXXXXLYXCAKXXXXXXXXVXXDX
5f2b352ec6f997007ee2fc69,DXAXXXXAXGXRXXGXXXXXXXLXKDY
5f2b352ec6f997007ee2fc6a,XXXXDTAVYXCARHXGXGXXXSFDY
5f2b352ec6f997007ee2fc6c,ARGRGYYYDSSGYWNEAFDI
5f2b352ec6f997007ee2fc7d,CARWFGELILDY
5f2b352ec6f997007ee2fc7f,AKGSQGGIILLTFDL
5f2b352ec6f997007ee2fc88,DV
5f2b352ec6f997007ee2fc8d,AKDKDRGDLLGYYGMDV
5f2b352ec6f997007ee2fc8f,AREVVRSGYYVRYFDY
5f2b352ec6f997007ee2fc94,DY
5f2b352ec6f997007ee2fc9c,ARVAXGVXXAXYYFDY
5f2b352ec6f997007ee2fca4,ATVPNYYGSSGYHWWRAGWYFDL
5f2b352ec6f997007ee2fca7,ARVMGSSGYYPPDY
5f2b352ec6f997007ee2fcb0,ARVLRXXGAFDY
5f2b352ec6f997007ee2fcb4,ARGGADDVWGGLSFDY
5f2b352ec6f997007ee2fcb6,AXDXGSRXXXAIXDY
5f2b352ec6f997007ee2fcb7,AAVTMVRGVIGGDY
5f2b352ec6f997007ee2fcbd,ARGTTLWAYFDY
5f2b352ec6f997007ee2fcc3,AKDLXLTVTTGLEXSY
5f2b352ec6f997007ee2fcc4,ECAGGCYTILLLRYGR
5f2b352ec6f997007ee2fcc5,ARXCGSSCYPFDY
5f2b352ec6f997007ee2fcc6,AGSGSSSPFDY
5f2b352ec6f997007ee2fccc,ERXQXXXXWXXXXXPXLVLXX
5f2b352ec6f997007ee2fcd1,ESWXXGXXXWXXXXPXVXL
5f2b352ec6f997007ee2fcd4,AXDGXAVAGLGYNWFDP
5f2b352ec6f997007ee2fcd6,ARVKGLEMATAAFDI
5f2b352ec6f997007ee2fcde,ERLKGDACWSGRQGRRARVRYGR
5f2b352ec6f997007ee2fce5,GDTLXTMIIVIIRDTAWTS
5f2b352ec6f997007ee2fced,XRRXXXVLLCEXXXXSXXFDX
5f2b352ec6f997007ee2fcef,I
5f2b352ec6f997007ee2fcf0,ATGYSGGYYYGMDV
5f2b352ec6f997007ee2fcf8,AREXCDTWSRGGYYFDY
5f2b352ec6f997007ee2fcfb,EXXCEXXXXYYXLLRYGR
5f2b352ec6f997007ee2fd07,ARAQWPLVVPAAIRIPNWFDP
5f2b352ec6f997007ee2fd08,KXXXSXKLXSXTAAXTAVYYCAXXXRXXGXXNWFDH
5f2b352ec6f997007ee2fd0f,ARGGVLLAAAGSGPYNWFDP
5f2b352ec6f997007ee2fd11,ERHLXADSGSWGLVRP
5f2b352ec6f997007ee2fd16,ARDXGYXCGXSRVDY
5f2b352ec6f997007ee2fd18,ARDLEYSSGGSCGGY
5f2b352ec6f997007ee2fd19,ARTWVGASHAFDI
5f2b352ec6f997007ee2fd30,EXXRXGXGEXXXLVRL
5f2b352ec6f997007ee2fd34,ARGGDCTNGVCYASEYYYYYYGMDV
5f2b352ec6f997007ee2fd38,ATGGLDSCDI
5f2b352ec6f997007ee2fd3d,ARDXXXXXKMXXLXXXETAXYYCARDXXXEARXXYYYDXXLDV
5f2b352ec6f997007ee2fd3f,EXXXXSPXXEWLXXXL
5f2b352ec6f997007ee2fd51,TTGRFWEWPYYYGMDV
5f2b352ec6f997007ee2fd57,XXXXXXXXXXXXXXXXXXXXXXXXXGXXXFXXXYXYYYYGMXV
5f2b352ec6f997007ee2fd59,AREGHSGWDY
5f2b352ec6f997007ee2fd5b,STXXXYMGLXSLXSEDTAVYYCARGYYDFWSGYYYYYYGMDV
5f2b352ec6f997007ee2fd5c,ARSPPPLLPDRWFDP
5f2b352ec6f997007ee2fd5d,XVTITGDKSXSTAYMELSSLRSEDTAVYYCARVXXAAXVGATXFDY
5f2b352ec6f997007ee2fd5e,GRFVVPLDTSVGTGYLQSSSLKAEDTAVYYCARYWDYGVVDY
5f2b352ec6f997007ee2fd5f,AADTAVYYCARFDILTGAPQFDY
5f2b352ec6f997007ee2fd62,ARFXILXGAPXFDY
5f2b352ec6f997007ee2fd68,ARAWGFDP
5f2b352ec6f997007ee2fd6a,AXXSXXDXGFDI
5f2b352ec6f997007ee2fd6b,EXXXXXXTXXXVVRXL
5f2b352ec6f997007ee2fd6d,ERFTMVRGGRGLLRYGR
5f2b352ec6f997007ee2fd6e,AGVASLAPFDP
5f2b352ec6f997007ee2fd70,ARGKRRNYDLWSGYRQLLY
5f2b352ec6f997007ee2fd72,ERLKRYDLWSGRQGRRARVRYGR
5f2b352ec6f997007ee2fd77,REXVSVIIMLRGVNLTT
5f2b352ec6f997007ee2fd80,EASIRPCDAFDI
5f2b352ec6f997007ee2fd8e,ARGDYDGSGYYLGHDXFDF
5f2b352ec6f997007ee2fd96,ARGSGRWLQFRGGFEDAFDI
5f2b352ec6f997007ee2fd98,ARVREYXSGXNXXDY
5f2b352ec6f997007ee2fd9a,AKADGGSRTTCYSFPDYYYGMDV
5f2b352ec6f997007ee2fd9f,DS
5f2b352ec6f997007ee2fda6,ARVFVYRSAIVVVPAAAPAGGWFDP
5f2b352ec6f997007ee2fdb2,TAVYYCARXXXXXXXXXXXXXSXYYXYGMDV
5f2b352ec6f997007ee2fdb3,ARAXXYYDXSGXYYXXFDX
5f2b352ec6f997007ee2fdb8,AREGDPRTTSYYYYYSGMDV
5f2b352ec6f997007ee2fdbd,ARGVGGDCYLGVGEYYYGMDV
5f2b352ec6f997007ee2fdbe,ASSVVVIAISRGVGEYYFDY
5f2b352ec6f997007ee2fdc3,ARXXXXLXAXXXAXNAFDI
5f2b352ec6f997007ee2fdd0,ARDRGLNVGFYDSSGNAFDI
5f2b352ec6f997007ee2fdd8,ATXXFDY
5f2b352ec6f997007ee2fdd9,AKXXXXYXNXRXXXFDY
5f2b352ec6f997007ee2fdde,ARDHVDTARHNWFDP
5f2b352ec6f997007ee2fde7,EKXRXXXXCWXWLLLLRYGR
5f2b352ec6f997007ee2fde8,ASGRSGDFWSGPPSDY
5f2b352ec6f997007ee2fdea,XHGXVLLCEXXVASSXWXDP
5f2b352ec6f997007ee2fdf5,RXXXXXXGXTXXTLXT
5f2b352ec6f997007ee2fdf7,AXXXXXXSGWGXXXGMDX
5f2b352ec6f997007ee2fdfa,ASDSGDGGSSSFSH
5f2b352ec6f997007ee2fdfe,ARALGSGRWLQRRAGAFDI
5f2b352ec6f997007ee2fdff,AKFSLASRAAAGTIWFYY
5f2b352ec6f997007ee2fe00,ASTGYYYDSSGYPPLSPGY
5f2b352ec6f997007ee2fe0a,RVXLXXXGGXXXYDSXXPXXXFDY
5f2b352ec6f997007ee2fe0f,ARGDYDYWRGQPDK
5f2b352ec6f997007ee2fe12,AGEDSVVVPAAINSFRYDGMDV
5f2b352ec6f997007ee2fe18,XXLRXXVGVLDN
5f2b352ec6f997007ee2fe1a,ARDRGYSSSSGWALFDP
5f2b352ec6f997007ee2fe1c,ARGGXXTGVIAAAY
5f2b352ec6f997007ee2fe20,TVYCSSTSCYPHADAFDI
5f2b352ec6f997007ee2fe26,ERGEDYDFWSGYQTLLLLRYGR
5f2b352ec6f997007ee2fe29,AKXXXXSXXSSGXXXAFDY
5f2b352ec6f997007ee2fe2c,ARGRDVGLVLPXGMDV
5f2b352ec6f997007ee2fe2d,XKDLTYYYDSXGPR
5f2b352ec6f997007ee2fe31,DV
5f2b352ec6f997007ee2fe38,MDV
5f2b352ec6f997007ee2fe51,ARVXXXXRXXXXXYXFDY
5f2b352ec6f997007ee2fe52,ERPPRRFLEWCLLLLRYGR
5f2b352ec6f997007ee2fe55,ASPVY
5f2b352ec6f997007ee2fe58,HRAGISSTSCYGGVRYGR
5f2b352ec6f997007ee2fe5a,DY
5f2b352ec6f997007ee2fe61,ARDSXXGWLLXAFDY
5f2b352ec6f997007ee2fe67,DY
5f2b352ec6f997007ee2fe68,XAAXTXXYXXAXGGXXXXXGRXXDYFDY
5f2b352ec6f997007ee2fe6c,AKDNNIYYSGWYDAGRYWYFDL
5f2b352ec6f997007ee2fe6d,AKDRXXXXDGGWCXYXFDY
5f2b352ec6f997007ee2fe6e,ETFGQWLALLLLRYGR
5f2b352ec6f997007ee2fe6f,ARXLVSGXXYYYYGMDV
5f2b352ec6f997007ee2fe71,ERLXXXLXYXXLXLLRDGR
5f2b352ec6f997007ee2fe73,ASDGVAQDISGYKGRFGP
5f2b352ec6f997007ee2fe75,ERSAGTSCLT
5f2b352ec6f997007ee2fe80,AREFYDSGDYYYGMDV
5f2b352ec6f997007ee2fe87,ERPRVLVRP
5f2b352ec6f997007ee2fe8f,ARGFDCTNGVCGAFDI
5f2b352ec6f997007ee2fe92,ASXARRGAAAGXQYDY
5f2b352ec6f997007ee2fe96,ARXXPXXVXVVVAXXXXFDY
5f2b352ec6f997007ee2fe98,AREGFTLAAAFWFDP
5f2b352ec6f997007ee2feab,QEDEADIVVVPAAIRAGTSIS
5f2b352ec6f997007ee2fead,EXXLXXXXXKWLWXLALXHGL
5f2b352ec6f997007ee2feb1,ARGERRYFDRYGMDV
5f2b352ec6f997007ee2feb2,XRAXXXXDAFDI
5f2b352ec6f997007ee2febb,ARXXXQXSSSWXEHXFDP
5f2b352ec6f997007ee2febe,ARHLILGRSFRRRLSPVSDAFDI
5f2b352ec6f997007ee2fec6,ARDAPRDXXXXXXXCXXXXXXXPXXXVVXPAAXRXGYYYYGMDV
5f2b352ec6f997007ee2fecb,ARWRSRGGFDY
5f2b352ec6f997007ee2fed8,ARAPAARSADY
5f2b352ec6f997007ee2fee0,AEIYGSAAVDY
5f2b352ec6f997007ee2fee9,ARXXCXILLGYYYGMDV
5f2b352ec6f997007ee2feea,TTDPYYDILTGYPYYYGMDV
5f2b352ec6f997007ee2feeb,ARGALTGSSYYYGIDY
5f2b352ec6f997007ee2fef0,AKEKQXXVVAAKDY
5f2b352ec6f997007ee2fef4,XYYCARVXXXRXFCSSTSXXXXSSIAARYFXX
5f2b352ec6f997007ee2fef7,ARGYASSAYPGY
5f2b352ec6f997007ee2fefe,RAPRLTYYDMLTAQGGSTP
5f2b352ec6f997007ee2ff00,ARXGGVVVXTAAXXGYGXDX
5f2b352ec6f997007ee2ff04,ARXXXAXXXAFDI
5f2b352ec6f997007ee2ff07,AXXXLXXGELYYGMDV
5f2b352ec6f997007ee2ff0d,ARXXXGSXVVXDAFDI
5f2b352ec6f997007ee2ff11,XTAVYYXXXXRXXXYXYYYYGMDV
5f2b352ec6f997007ee2ff1b,DD
5f2b352ec6f997007ee2ff21,ARETHTTKPHGSGSYGVFDY
5f2b352ec6f997007ee2ff25,XXLXAEXTAVYYCARXXXXXLXXVXTDDY
5f2b352ec6f997007ee2ff2a,XXXXXXXXXXXXXXXXXXXXXXXXXXLXSXXXXXTXVXXXAXXXXXXRXXXXXXAXDY
5f2b352ec6f997007ee2ff31,ARXGXXGXSXDGFDI
5f2b352ec6f997007ee2ff43,ARXXXWGSGXXXFDY
5f2b352ec6f997007ee2ff44,AVDYXAXXLGSXXAXXXPNWFDP
5f2b352ec6f997007ee2ff5a,XXXXXAAXTAVXYCAXXXTRXXXDAFDI
5f2b352ec6f997007ee2ff5d,AXXXXXXXSGSWYXXXDY
5f2b352ec6f997007ee2ff6c,QXSLXLXSXTAAXTAVYYCARAXXXGGTXXXXY
5f2b352ec6f997007ee2ff6d,XXXXXXXXXXXXXDXXXXXCAXXXXXYDSXXXXNWXXX
5f2b352ec6f997007ee2ff6f,ARASLGSSWYGGNYYFDY
5f2b352ec6f997007ee2ff73,ARDTAMVDY
5f2b352ec6f997007ee2ff77,ARDMGYCSSTSCSRCRFDP
5f2b352ec6f997007ee2ff7b,EXXXXEXLLLRXXX
5f2b352ec6f997007ee2ff81,GSHVGSYYVGL
5f2b352ec6f997007ee2ff89,ARGRKPMWFGDS
5f2b352ec6f997007ee2ff90,ARHHCGSTTCPGDY
5f2b352ec6f997007ee2ff9c,XXADTAXYYXXXXXXTXXXCXXXAFXI
5f2b352ec6f997007ee2ffa2,XXXXXXLXXXDTAVXYCTTARXRGSSDY
5f2b352ec6f997007ee2ffa8,ARGKTTPQSRNWFDP
5f2b352ec6f997007ee2ffb2,ARXPYXDFWXGYYDP
5f2b352ec6f997007ee2ffb4,ARVFGLDAFDI
5f2b352ec6f997007ee2ffb6,RXXXXVXXXXTT
5f2b352ec6f997007ee2ffb8,ARKRADSSDAFDI
5f2b352ec6f997007ee2ffbb,VTXAXXXVYXXAXGXXXTXVXRXPLLGY
5f2b352ec6f997007ee2ffbd,XYXXGIDD
5f2b352ec6f997007ee2ffc2,XXXDD
5f2b352ec6f997007ee2ffc6,WTNFDY
5f2b352ec6f997007ee2ffc8,ARGRGAYYYDSSDTTQNKNYYYYGMDV
5f2b352ec6f997007ee2ffcc,ARGRGAYYYDSRDTTQNKNYDYYGMDV
5f2b352ec6f997007ee2ffcd,ARGRGVWYRTGCYYYYGMDV
5f2b352ec6f997007ee2ffd5,EXXXXXXXXLGXLLRYGR
5f2b352ec6f997007ee2ffd7,ARGHYDSSGHDAFDI
5f2b352ec6f997007ee2ffd8,ARGSXSXSXXPXXFDY
5f2b352ec6f997007ee2ffdd,AKESVYDYVWGSYRYDPFYLDY
5f2b352ec6f997007ee2ffdf,ATRTGRITIFGPPSRARS
5f2b352ec6f997007ee2ffe3,ARXXXXXRXGYYXXPFDY
5f2b352ec6f997007ee2ffee,ATGITGTRRWDDAFDI
5f2b352ec6f997007ee2fff4,AGTWRSTGATTSWFDP
5f2b352ec6f997007ee2fff7,EXXXXGSXXGGDYXR
5f2b352ec6f997007ee2fff8,ARRAXVVRXSDDSXYGIDV
5f2b352ec6f997007ee2fffe,ARGXNYEXSGYAVFDY
5f2b352ec6f997007ee30008,AXXXXYCGSGXXXXYYYGMDV
5f2b352ec6f997007ee30013,AKDGETDYYDSTFDY
5f2b352ec6f997007ee30016,AXDXXXXXGXXXXFDY
5f2b352ec6f997007ee30018,AKCIFGVVTLDY
5f2b352ec6f997007ee30019,ARDSTSLYYYDSSGRAGLGGLDY
5f2b352ec6f997007ee3001a,ARDRRRDDFWSGRYGMDV
5f2b352ec6f997007ee3001e,ARGPRWSVVVPAAIVRGKYNWFDP
5f2b352ec6f997007ee3001f,XYXXXXXXXDSSSXXXXXGMDV
5f2b352ec6f997007ee30020,XTAXYYCATWSYLAGSWFDP
5f2b352ec6f997007ee30021,XVYYCAXXXXVXXXXRXXAFDI
5f2b352ec6f997007ee30028,ASWSTPAYNILTSYYGRDGFDI
5f2b352ec6f997007ee3002f,SFDY
5f2b352ec6f997007ee30032,DP
5f2b352ec6f997007ee3003b,AGCNIVVVPAAIRPSGAFDP
5f2b352ec6f997007ee3003d,ARDQKQWLVDTSPDGMDV
5f2b352ec6f997007ee3003e,AXXXXXGGDXXXXXXXX
5f2b352ec6f997007ee30051,RERETPALRATTTTIPVWTS
5f2b352ec6f997007ee30055,REAVHLQLTEQKTLTT
5f2b352ec6f997007ee3005e,ARDXVIRYQLLRSSSDY
5f2b352ec6f997007ee3005f,XAADTXVXYXARXXXXNXXXWGXQGFARDXXDX
5f2b352ec6f997007ee3006b,ARDPDCSRTNCYRGDYGVDV
5f2b352ec6f997007ee3006c,ARGXSTXASGYFDY
5f2b352ec6f997007ee3006d,ARGDYDILTGYYAGGF
5f2b352ec6f997007ee30078,TRDEVSGLYPDY
5f2b352ec6f997007ee3007c,AKDPQDIVVVPAAIDDY
5f2b352ec6f997007ee30087,XXITVREXRXVVXPDAXXXFDP
5f2b352ec6f997007ee30088,XXXXGNXXXXXXXXXXYYYYGMDV
5f2b352ec6f997007ee3008a,XRVQXWLXSX
5f2b352ec6f997007ee30092,ARIPLLLNIVVVPAAILDAFDI
5f2b352ec6f997007ee30095,ARGKKKTTTNTKFYAFDI
5f2b352ec6f997007ee300a4,ARXXGYXSGWLXX
5f2b352ec6f997007ee300a5,ARDRXXGXYXSYGMDX
5f2b352ec6f997007ee300a7,ARARRRLPFSDY
5f2b352ec6f997007ee300b1,ASGGGLRFLEWQHYYGMDV
5f2b352ec6f997007ee300b7,SSVTAADTAVYYCASASLEPGISWFDP
5f2b352ec6f997007ee300b8,TRSGPTFWYFDL
5f2b352ec6f997007ee300b9,TYGRSGGSYWAS
5f2b352ec6f997007ee300bd,ARDRCCRSTCCHAFDY
5f2b352ec6f997007ee300c1,ARAXXXXXXXNYYYYGMDV
5f2b352ec6f997007ee300c2,GIGVLRFLEWLLFPRRLLLRYGR
5f2b352ec6f997007ee300c4,ASLIVVAHIHAFDI
5f2b352ec6f997007ee300c7,AKVAWGPKSLIVVVPAATFDY
5f2b352ec6f997007ee300c8,AKDRGPLIGAAVSYYYGMDV
5f2b352ec6f997007ee300ce,YXCAKDXXPXXXYYYGMDV
5f2b352ec6f997007ee300cf,AADTAVYYCARXXXXSXXXXDX
5f2b352ec6f997007ee300d2,EREXXSGGLLLRYGL
5f2b352ec6f997007ee300d7,P
5f2b352ec6f997007ee300db,X
5f2b352ec6f997007ee300eb,ARVQQQLAHWYFDL
5f2b352ec6f997007ee300ed,ARGXGSSCSRNYYYGMDV
5f2b352ec6f997007ee300f4,AREYGGSDAFPAFDY
5f2b352ec6f997007ee30103,VDY
5f2b352ec6f997007ee3010e,GXXCVLXXXIXEXXVXXXXYXXYYYGMDV
5f2b352ec6f997007ee30110,AXXPXXXRXQRDGMDV
5f2b352ec6f997007ee30115,ARDPALSGGGESFDY
5f2b352ec6f997007ee3011e,REVQVEGPILEPMVRGVTLTT
5f2b352ec6f997007ee3011f,ARDQVDIVASGAFDI
5f2b352ec6f997007ee30120,XYYXXXDXXLXXMXGXYXXXXX
5f2b352ec6f997007ee30125,ARAXXXXADXVXYXXXXXXXXXXXXXXXXXXXXXXXXXXXXXXXXXXXDX
5f2b352ec6f997007ee30127,ASTSKDEGLGVPYFDY
5f2b352ec6f997007ee30133,AXXXXXXXLXAXPXGWFDP
5f2b352ec6f997007ee30134,AXAXXXXXXEXDY
5f2b352ec6f997007ee30136,AXDFRLSKRYFDWLVKPSIIWYFDL
5f2b352ec6f997007ee30138,RAATFVVVPAAIRMARATTTVWTS
5f2b352ec6f997007ee3013c,REXLXXLMLLIS
5f2b352ec6f997007ee3013d,RDXXXXXVWXS
5f2b352ec6f997007ee30144,ERSGRSGYEGLGL
5f2b352ec6f997007ee30156,ATDSFMVRGVYFDY
5f2b352ec6f997007ee30177,ERPMVLVRP
5f2b352ec6f997007ee3017b,ESRRAESIQLWLFNRGGLVRP
5f2b352ec6f997007ee3017e,TSTGYGDYSGAHDAFDI
5f2b352ec6f997007ee3018d,ARTLAYYFDY
5f2b352ec6f997007ee3018e,AGEPARVGVVITTVLGMDV
5f2b352ec6f997007ee3018f,AKSHGGGMVGXMPRLLGYXXXWGXXXXAXXXAXYYXAKXXXXXMVXAXXRLXGXXDL
5f2b352ec6f997007ee30195,Y
5f2b352ec6f997007ee30198,VRGFDY
5f2b352ec6f997007ee3019c,ARGIAWSDDNYFDY
5f2b352ec6f997007ee3019f,GXPXXP
5f2b352ec6f997007ee301a3,GMDX
5f2b352ec6f997007ee301a8,GGIRRPVYTYYDDSSGYYSAYYYGMDV
5f2b352ec6f997007ee301a9,AXGXVGXXXNXYYYGMDV
5f2b352ec6f997007ee301ab,ARGFSWYYHLDY
5f2b352ec6f997007ee301b8,XXXXXX
5f2b352ec6f997007ee301bb,ARGXXXAAGTXXFDY
5f2b352ec6f997007ee301c6,XXXXXXXXXXTAVXXCARXXXXXMVXXXXXAXDI
5f2b352ec6f997007ee301c9,RDPRWFGELLTGTSIS
5f2b352ec6f997007ee301d2,AGVAYYGSLIESHPYY
5f2b352ec6f997007ee301d7,XSYYYYGXDD
5f2b352ec6f997007ee301d9,AASSYSGSPLDY
5f2b352ec6f997007ee301da,ARGLGFSDYGDSRSPRWSPYFDL
5f2b352ec6f997007ee301db,REXXXXXXXXXXITXXXXVWTS
5f2b352ec6f997007ee301dd,XRLXITXRXGXXVXXXGGCXDX
5f2b352ec6f997007ee301de,AXXXXXDXDXYYGMDV
5f2b352ec6f997007ee301df,XIGXXXXXCXFXDI
5f2b352ec6f997007ee301e1,AXXXXXNRGFDY
5f2b352ec6f997007ee301e2,VYYCXXXXXXAARXXXXXAFXX
5f2b352ec6f997007ee301e9,AKXXXXXXYXXXDY
5f2b352ec6f997007ee301eb,XRXXITXRDXXXXXXXXDYYYGMDV
5f2b352ec6f997007ee301ec,ARXXVGELXXXDAFDI
5f2b352ec6f997007ee301f0,REXXXXGVAAGTTGTTVWTT
5f2b352ec6f997007ee301f1,RXXDVVVXXXXXXXXXT
5f2b352ec6f997007ee301f6,RXCHLDMVRGVAMIRLTT
5f2b352ec6f997007ee301ff,XDXXYXXDX
5f2b352ec6f997007ee30210,AREXXXXXXXWGNXFDX
5f2b352ec6f997007ee30215,REIXXXXTMIVVVTSTTTVWTS
5f2b352ec6f997007ee3021a,AKSQPGRAFDI
5f2b352ec6f997007ee30220,DTAVYYXAXIXTXSXXYGMDV
5f2b352ec6f997007ee30229,DY
5f2b352ec6f997007ee30236,ARXVXYDCSSRSYYSFDN
5f2b352ec6f997007ee30239,ESGYDFWSDKGLVRP
5f2b352ec6f997007ee30240,ETGVDTAMVPYGR
5f2b352ec6f997007ee30248,ARERDYDSRSDFGAY
5f2b352ec6f997007ee30251,ARDXGGGSDYKXXDY
5f2b352ec6f997007ee30252,XXDX
5f2b352ec6f997007ee30255,ARXPXIPGPGSGSHLGAFDI
5f2b352ec6f997007ee30267,XXXXXXXXTXXXXXDXXX
5f2b352ec6f997007ee3026a,ERGSMCRGVISPPLLRYGR
5f2b352ec6f997007ee3026d,RILQDSSSVLRYGR
5f2b352ec6f997007ee30270,ARDGWIQLWLTPKYYFDH
5f2b352ec6f997007ee30273,XXXXXXLXXGX
5f2b352ec6f997007ee3027b,Y
5f2b352ec6f997007ee3027e,ARYEPEYSSSAVAGTPDY
5f2b352ec6f997007ee30280,ARDWLDDYSNYVTLDAFDI
5f2b352ec6f997007ee30289,RGGGVGGITAGTSIS
5f2b352ec6f997007ee30290,XGXXLLXEXXXXGYXXYGMDV
5f2b352ec6f997007ee302a5,AREGGVAXTNSFDY
5f2b352ec6f997007ee302af,SRDWGASFLVVTSRPWDYGMDV
5f2b352ec6f997007ee302b0,XXLXXXXXXXXXXXXAVYYCAXXXXXXGXXXXYXXXXDX
5f2b352ec6f997007ee302bd,GRVCGDGYGVALPA
5f2b352ec6f997007ee302c1,EXXXXAAARLXXLVRP
5f2b352ec6f997007ee302c5,ARGXXXXXGQXXHFDY
5f2b352ec6f997007ee302c7,ARGSTVTTLYGMDV
5f2b352ec6f997007ee302c8,ARXXXXYDXCGGXXXDY
5f2b352ec6f997007ee302ca,YXARQXXVLXXXDXXYXXGXLDX
5f2b352ec6f997007ee302d9,XGXDX
5f2b352ec6f997007ee302db,ARGIDLDGADHHIMTTHYDYGMDV
5f2b352ec6f997007ee302dd,ARAAAGFGAVAVLFDY
5f2b352ec6f997007ee302e1,ARDSSRXXXGDXYYGMDV
5f2b352ec6f997007ee302e4,XXYXQIXXLKAEDXAXXYXAXXXXXVXPAXEXXGXXXX
5f2b352ec6f997007ee302e8,ARXXXXXXXTTXVCXXXXFDV
5f2b352ec6f997007ee302eb,RDMGESVVVVAATPSGPSTTTTVWTS
5f2b352ec6f997007ee302ef,XXXSXXXXXXXXADTAXYYCAXXCXSTSCYVISXYYGMDV
5f2b352ec6f997007ee302f7,ARGQGSGGWHGXFDY
5f2b352ec6f997007ee302fe,ARXXXXDXXNWXDY
5f2b352ec6f997007ee30300,AVEGRGYDGYDLWAFDY
5f2b352ec6f997007ee30302,ARALAPITIFGVVITSYYYYGMDV
5f2b352ec6f997007ee30306,ARQGRPYYDFWSDTAYYFDY
5f2b352ec6f997007ee30307,ARGXTSSRGCCFDY
5f2b352ec6f997007ee3030a,AXXEDGTGXYYXGGFDY
5f2b352ec6f997007ee3030d,ERHXXXXPPXXRYGR
5f2b352ec6f997007ee3030f,ARDGYDILTGYYSDRTFDY
5f2b352ec6f997007ee30311,EXXXEXXXRWPXXVLRS
5f2b352ec6f997007ee30312,ARVPDSSGYPNWFDP
5f2b352ec6f997007ee3031b,XXXXXDXWSGXHYXYGMDV
5f2b352ec6f997007ee3031f,XXDX
5f2b352ec6f997007ee30323,ATGRAVDIVGATFDY
5f2b352ec6f997007ee3032c,ARDTYYDSSDAFDI
5f2b352ec6f997007ee30331,XXXXXXXXSXXTXXRGXXXXX
5f2b352ec6f997007ee30334,ATTMVRGVMGGFDY
5f2b352ec6f997007ee30339,DY
5f2b352ec6f997007ee30345,ARXXGXFDY
5f2b352ec6f997007ee30348,XXXARXXXXXGIAVAXGXNWFDP
5f2b352ec6f997007ee30349,YFDX
5f2b352ec6f997007ee3034b,ARDWYQQQLLY
5f2b352ec6f997007ee3034c,ARDLYXSXXXGXFDY
5f2b352ec6f997007ee30354,ARSRPYCSSTSCSAGGWFDP
5f2b352ec6f997007ee30357,ARGRRGAGYNFSYYYYGMDV
5f2b352ec6f997007ee30358,ETSGWLRFG
5f2b352ec6f997007ee3036b,ARDXGDY
5f2b352ec6f997007ee30379,VGRGLLYELPTWKRGLRDRSTTTTVWTS
5f2b352ec6f997007ee30387,RETSSIAARRQPTRAT
5f2b352ec6f997007ee30388,ARXYSSPXXFEH
5f2b352ec6f997007ee30394,RGRGVTGTSGAVAMMLLIS
5f2b352ec6f997007ee30397,REPHGVSTSCSAAPSTTTTVWTS
5f2b352ec6f997007ee303a4,ARXXXPMVGVSVDY
5f2b352ec6f997007ee303b1,ANPGYGDYAY
5f2b352ec6f997007ee303b2,ARHSSLRSPFIN
5f2b352ec6f997007ee303b4,AKESVYDYVWGSYRYDPFYFDY
5f2b352ec6f997007ee303b5,ARESVCGYSWGPYDFDY
5f2b352ec6f997007ee303be,AKPQQGDGLYSSSWYTMGGDAFDI
5f2b352ec6f997007ee303bf,RALPSGDIVVVPAATPSTGTSIS
5f2b352ec6f997007ee303c5,ERXSXXLXXXLVRL
5f2b352ec6f997007ee303ca,ARXXXYSSXYXECFDY
5f2b352ec6f997007ee303d1,ARHSPYYYGSSVQNEYFQH
5f2b352ec6f997007ee303d3,ARHRVRIVPPAPTEVDY
5f2b352ec6f997007ee303d5,ARHVFFGYCSSTSCYHFDY
5f2b352ec6f997007ee303d6,RXXEXLXXXXWSHAXXXFDY
5f2b352ec6f997007ee303da,XXXRXXITXXESXRXXPAXXXY
5f2b352ec6f997007ee303e0,ARGRXXGSSSSGYYMDV
5f2b352ec6f997007ee303e1,AXSXGRGGDY
5f2b352ec6f997007ee303e9,ARAIPSDYYGSGRQPYYYYGMDV
5f2b352ec6f997007ee303ed,AKESRLNDI
5f2b352ec6f997007ee303ef,AGGVAGKRVANWFDP
5f2b352ec6f997007ee303f5,IXVRXGGXXXXXAGXYYYYYGMDV
5f2b352ec6f997007ee30406,ARKVXXDRGLLDLDY
5f2b352ec6f997007ee30408,ARXXWXSXRFGGLDY
5f2b352ec6f997007ee30415,VRMPYNWDLNKYYGMDV
5f2b352ec6f997007ee30416,LLQMNRLRAEDTAVYDCARDAVVGATSRGMDV
5f2b352ec6f997007ee30419,ARGGIVVVPAADYYYYYGMDV
5f2b352ec6f997007ee3041c,EXFDY
5f2b352ec6f997007ee30421,REGAGWIRWLSRIT
5f2b352ec6f997007ee30424,EDPDYDFWSGYYTLVLRS
5f2b352ec6f997007ee30428,TIXVXTXXNQFSXKLXXXTAADTAVYYCARXXXVVPAAKRXDX
5f2b352ec6f997007ee3042a,AXDSSGXNYXXFDY
5f2b352ec6f997007ee3042e,ARXRGXLRSPXXXFDY
5f2b352ec6f997007ee30436,ARGPRWLQLRDFDY
5f2b352ec6f997007ee3044c,ASGISRGVMREGSDY
5f2b352ec6f997007ee3044e,XXXDTAVYYXARXSXXXXXSSVQNEYFQH
5f2b352ec6f997007ee30452,TRSGPTFWYFDL
5f2b352ec6f997007ee30453,ARDTXPGXXGVDY
5f2b352ec6f997007ee3045d,XRXTXSVDTSKNQXSXKLXSVTAAXTXVYYCARCPDGWR
5f2b352ec6f997007ee3045e,TAVYYCARXXXGXXXYYYYGMDV
5f2b352ec6f997007ee3045f,ASLYYDFWSPYYYGMDV
5f2b352ec6f997007ee30462,AREGGYCSSTSCPKNDAFDI
5f2b352ec6f997007ee3046c,ARQVAPTINYYYGMDV
5f2b352ec6f997007ee30471,GXGCXXLCEXXXVKLLXLXXGXXXPXAXLT
5f2b352ec6f997007ee30478,XXRXXGXXXXXVXLDXXY
5f2b352ec6f997007ee30479,XRXXXXLPXXLXGX
5f2b352ec6f997007ee3047b,ARGXTVDXFDS
5f2b352ec6f997007ee3047c,ATXXXXAAGXQXFXX
5f2b352ec6f997007ee30482,AKDPYGGXXXGYGXYFDY
5f2b352ec6f997007ee30486,ASDYGDTYFDY
5f2b352ec6f997007ee3048a,ARXXXXXSSXXCYTXWXFDX
5f2b352ec6f997007ee30491,VKALYSSWSIDY
5f2b352ec6f997007ee304a2,ERHGGCSGYQLLLVCGL
5f2b352ec6f997007ee304a4,ARDXXXTNSGCYGXDY
5f2b352ec6f997007ee304a5,ARLFWSGYPRPFWGYYYGMDV
5f2b352ec6f997007ee304b5,EXEGMVVVXXLLLLRYGL
5f2b352ec6f997007ee304b9,EXFSPGAVAGK
5f2b352ec6f997007ee304bb,ARXPXSXGWXGXXXXFDY
5f2b352ec6f997007ee304c4,ARAGPYDTAMGLYFDY
5f2b352ec6f997007ee304c9,REXXXXXKRXSGXXAXLLLTT
5f2b352ec6f997007ee304ca,SVXAADTAVYXCARXXXGXXXXXXXYGXDX
5f2b352ec6f997007ee304d5,X
5f2b352ec6f997007ee304d7,ARXXTGYCSGGSCYLNYFDH
5f2b352ec6f997007ee304d8,ARXRIVVVXPDAFDI
5f2b352ec6f997007ee304e4,ARLDRGWLQFD
5f2b352ec6f997007ee304fc,ARDAGVEIVATTPEPFDY
5f2b352ec6f997007ee30500,ARGYDFWSGFDY
5f2b352ec6f997007ee30507,ARLGLTYCSSTSCLNWYFDR
5f2b352ec6f997007ee30510,ADTAVXYCARXXDSSGXXPXFDX
5f2b352ec6f997007ee30515,ATIREELLIGMDV
5f2b352ec6f997007ee30518,ARVDSSSSWSVXXYYYGMDV
5f2b352ec6f997007ee30520,RDTHLTYYDFWTPLSGSIS
5f2b352ec6f997007ee30521,AXVXXXXXXXXXXMDV
5f2b352ec6f997007ee30525,XXXXXXY
5f2b352ec6f997007ee30530,AVEGRMVVVGPYGMDV
5f2b352ec6f997007ee30534,FDP
5f2b352ec6f997007ee30535,XFDP
5f2b352ec6f997007ee30539,ARXXRXGAAAGPXYXYGMDV
5f2b352ec6f997007ee30554,ERSAPRLSPILLLRYGR
5f2b352ec6f997007ee30557,ARFGAATGWYFDL
5f2b352ec6f997007ee30559,AXSXXAXGXXTHFXX
5f2b352ec6f997007ee3055f,ARMVSDGYNFYYYYGMDV
5f2b352ec6f997007ee30561,AIRLGGSSLIY
5f2b352ec6f997007ee30563,ARPPGYSGAGTSGXIDY
5f2b352ec6f997007ee30567,PNGGDP
5f2b352ec6f997007ee3056a,XXAXTAAXXAXXYXAXXXXXXXTGXXFDY
5f2b352ec6f997007ee3056b,ARXXXXXXGXRDAFDI
5f2b352ec6f997007ee3056c,XXXXXXLXXXXXXXXXEXXXXVXRVGVAXXFDX
5f2b352ec6f997007ee3056d,XXTXAXTAVYYCARPXXXXRSSXXDXDGMDV
5f2b352ec6f997007ee30578,YXIDY
5f2b352ec6f997007ee3057b,ARVCSSSCLGDTDNIFDY
5f2b352ec6f997007ee30584,ERXXSGWYVXL
5f2b352ec6f997007ee30587,AKDPASSYYSSGFDY
5f2b352ec6f997007ee30589,ASVQV
5f2b352ec6f997007ee3058c,DV
5f2b352ec6f997007ee30592,H
5f2b352ec6f997007ee30598,NWXDP
5f2b352ec6f997007ee30599,TRAAKSGNPPS
5f2b352ec6f997007ee3059b,AKGGNEWELRDYFDY
5f2b352ec6f997007ee305a3,ARGVTDIAAQNADAFDI
5f2b352ec6f997007ee305a6,AKDXXXYSYYGMEWXDV
5f2b352ec6f997007ee305ab,RENFPPVAYYGSGNTTVWTS
5f2b352ec6f997007ee305b5,ARSSRRLSISPHYSYGMDV
5f2b352ec6f997007ee305b6,REXEAVXXTTLTT
5f2b352ec6f997007ee305b9,ERQKRATIFGVALLRYGR
5f2b352ec6f997007ee305be,GAWIQLWLPRVRP
5f2b352ec6f997007ee305d8,ENLLPPPRTAIRYGR
5f2b352ec6f997007ee305e1,ARVVGXXXXVVVVXEGDLGY
5f2b352ec6f997007ee305e2,ARVVGSLESVVVVAEGDLDY
5f2b352ec6f997007ee305e9,RGSRRVEDTAVDYGARDEPTSGSYYSYYYGMDV
5f2b352ec6f997007ee30600,XXXXXXXXXXXXXXXX
5f2b352ec6f997007ee30604,ARDXXYGSSXXXXYFDY
5f2b352ec6f997007ee30606,ARDQVDTSSYGAFDY
5f2b352ec6f997007ee30611,GMDV
5f2b3534c6f997007ee30618,EXGXXXRXTSCFXL
5f2b3534c6f997007ee3061c,RGXGCVLLCXXXXXXGXXXFDP
5f2b3534c6f997007ee3061d,ARXXXXGXYXSXXYXXXXGMDV
5f2b3534c6f997007ee3061e,TAVYYCARXGXSXXXXRYFXX
5f2b3534c6f997007ee30620,VDTSKKQFSLKVSSVTVTTNDS
5f2b3534c6f997007ee30622,DV
5f2b3534c6f997007ee30634,ARXXPPXXGIVVVPAAXXTGXWFDP
5f2b3534c6f997007ee3063d,ESRILPGL
5f2b3534c6f997007ee3064b,MAGSGYDY
5f2b3534c6f997007ee30665,YYYGMDV
5f2b3534c6f997007ee30672,ARXRGNYYFDY
5f2b3534c6f997007ee30676,ARLKRQGSSGWHLFDY
5f2b3534c6f997007ee30677,ARLLVPAAIRIYYYYGMDV
5f2b3534c6f997007ee3067e,AVXXXXXDXXXXTKXXXXTSXXWXTNYYGMDV
5f2b3534c6f997007ee30682,RXXRXXXTXRGVLLIS
5f2b3534c6f997007ee30683,ARLGYSSGWDDAFDI
5f2b3534c6f997007ee30687,ARDLGYTQWLVDYYYGMDV
5f2b3534c6f997007ee30689,AKETDDSWLIDY
5f2b3534c6f997007ee3068a,ERRQDLLRFLEWFEILPV
5f2b3534c6f997007ee3068f,REIGGERYYEFWSGYYIRTT
5f2b3534c6f997007ee30691,MXXXRXXSDDTAXXYXAXXXGXGXXY
5f2b3534c6f997007ee3069b,ARLDLTSYDAFDI
5f2b3534c6f997007ee306a3,ARHWARLEWINWFDP
5f2b3534c6f997007ee306a4,ERPXXXWXDSXGXLLLRYGR
5f2b3534c6f997007ee306a6,KXXVXXXVXXXXXXXXXKXXXVTAAXTAVYYCARNVDTAMINFDY
5f2b3534c6f997007ee306aa,ARGXIXXXNXDAXDI
5f2b3534c6f997007ee306ab,ARECCXYYXSSXTAGYFDH
5f2b3534c6f997007ee306ac,XXXRXGRXLXXEXRARITXFGVVXXRXDX
5f2b3534c6f997007ee306ad,ARAHCSSTSCYPNYYYYGMDV
5f2b3534c6f997007ee306b1,EVRWLVRELLVRL
5f2b3534c6f997007ee306b2,AXXXXXXVVVXRXERVQLDY
5f2b3534c6f997007ee306b9,XVREXXXGAXLXXXXXXRXGAXXX
5f2b3534c6f997007ee306ba,SVDTXKNQXSLXLSSVTAADTAVYYCAXQGEXDY
5f2b3534c6f997007ee306be,XXDY
5f2b3534c6f997007ee306c0,AREWXVXVVVAADXXYCYYGMDV
5f2b3534c6f997007ee306c5,ARGVDQLPYTQDYYYGMDV
5f2b3534c6f997007ee306cb,ERPWSGILLELRYGR
5f2b3534c6f997007ee306ce,DL
5f2b3534c6f997007ee306cf,RATITIFGVVIIFTTTTTVWTS
5f2b3534c6f997007ee306db,TXXXXXYXXXXXLXXXLRXGX
5f2b3534c6f997007ee306e1,GTWRL
5f2b3534c6f997007ee306f2,HGVITSGTLMLLIS
5f2b3534c6f997007ee306f3,ARDXGVGGWYVDY
5f2b3534c6f997007ee306f7,ETSTHPLLLLLRYGR
5f2b3534c6f997007ee306f9,ERXGSXXXXXGGLLLLRYGR
5f2b3534c6f997007ee306fb,ARXDRPXXLDY
5f2b3534c6f997007ee306fe,ARXXXXXXXSDXXXXDX
5f2b3534c6f997007ee30700,REDFRATXTVATTTTMLWTS
5f2b3534c6f997007ee30705,ARGVSSICWFDY
5f2b3534c6f997007ee30708,XDX
5f2b3534c6f997007ee3070a,AGAQLLSGPYYFDY
5f2b3534c6f997007ee3070d,ERPRGKWLWFGDPRVRSGLVRP
5f2b3534c6f997007ee30720,EXXXQXVXLRYGR
5f2b3534c6f997007ee30727,MDV
5f2b3534c6f997007ee3072a,ARDRXDSXXXYXXXYYYYGMDV
5f2b3534c6f997007ee3072d,X
5f2b3534c6f997007ee3072f,ARAAVKSGDHGRNYYGMDV
5f2b3534c6f997007ee30731,ATVPNYYDSSGYHWWRAGWYFDL
5f2b3534c6f997007ee3073b,RDGLGTLLRYGR
5f2b3534c6f997007ee30740,AHXXYGXGSXYNFXY
5f2b3534c6f997007ee30741,REWRITMFGVVIISTTTVWTS
5f2b3534c6f997007ee30742,AY
5f2b3534c6f997007ee30745,XXSVTXAXTAXXXCARGXXXTMVRRLFXX
5f2b3534c6f997007ee30747,EXRQQLVRL
5f2b3534c6f997007ee3074f,ARGAXGXSSSSGTSSDFDY
5f2b3534c6f997007ee30758,RRGAGTTFMLLIS
5f2b3534c6f997007ee30762,ARDRRRDDVWSGRYGMDV
5f2b3534c6f997007ee30768,ARDPTGGPFYDSSGYYDY
5f2b3534c6f997007ee3076c,ATSLGGVTIVGVVGKNYYYSMDV
5f2b3534c6f997007ee3076e,XXXXAXTXXYYXAXGXXSXXXXXX
5f2b3534c6f997007ee30773,GHSSSGEGQLLRYGR
5f2b3534c6f997007ee30775,ARDQDSSSTSCYTEGFDY
5f2b3534c6f997007ee3077a,AKDXXXXXGGATXGFDX
5f2b3534c6f997007ee3077b,EXGVVXGL
5f2b3534c6f997007ee30784,ARXXXWXXXXN
5f2b3534c6f997007ee30786,ARXXXVXGAYXXDFDY
5f2b3534c6f997007ee30788,ASIVVVPDDGMDV
5f2b3534c6f997007ee3078d,XAXXAVYYCAXXXXXXGYXXVXXSXXXXXXDAXDI
5f2b3534c6f997007ee30794,AKDPLSRGSGSYTHFDD
5f2b3534c6f997007ee3079c,ARXXXDXWXXSXXPXXYYGMDV
5f2b3534c6f997007ee3079e,ETKEYTIFGVVIIGKLVRP
5f2b3534c6f997007ee3079f,AGGKAAAGTDY
5f2b3534c6f997007ee307a7,ARVSPASSGWRYYFDY
5f2b3534c6f997007ee307ad,WRGDNHSYWTNGVCYPYYFDF
5f2b3534c6f997007ee307ba,ARXXXSSWXYYYYGMDV
5f2b3534c6f997007ee307bf,ARADCGGDCDIDF
5f2b3534c6f997007ee307c1,XXXPXXXFDP
5f2b3534c6f997007ee307cc,REXXXXXXATXXXXTT
5f2b3534c6f997007ee307d0,ARXIVVVAAAXGDWXDP
5f2b3534c6f997007ee307da,ASHHPFGVVTERGFDY
5f2b3534c6f997007ee307de,AGEYYFDY
5f2b3534c6f997007ee307e1,AXYYCAXVXXXXSXGATXDY
5f2b3534c6f997007ee307eb,ARVVGQREFWSGYLFDYYYGMDV
5f2b3534c6f997007ee307ed,ATXLXWLVGGSDS
5f2b3534c6f997007ee307f0,ASXXIGDCSSTSCYXWXXFDI
5f2b3534c6f997007ee307f3,AXSLIGDCSSTSCALWAFDI
5f2b3534c6f997007ee307f4,ARFRQNGAFDI
5f2b3534c6f997007ee307fb,XX
5f2b3534c6f997007ee30800,GRHSQYELSKSVTTVVRRGGFDY
5f2b3534c6f997007ee30801,ARGGHGDYDWFDP
5f2b3534c6f997007ee3080b,ARTCGGDCYPYNWFDP
5f2b3534c6f997007ee30810,RDAISLGNDLTHIGVVPAARNGGGLTT
5f2b3534c6f997007ee30819,ARXSWCSYCDY
5f2b3534c6f997007ee3081f,ARLFXL
5f2b3534c6f997007ee30828,ARXXXXXXDAFDI
5f2b3534c6f997007ee3082a,ARDXXXXXCXXXXXDX
5f2b3534c6f997007ee30831,KLSSVTAADTAVYYGARVIRYYVSY
5f2b3534c6f997007ee30843,TRLGTHQGAXSRDY
5f2b3534c6f997007ee30844,TTGVGADAFDI
5f2b3534c6f997007ee30845,TRLGTHQGAISRDY
5f2b3534c6f997007ee3084c,XYCARXXXXXXVXXXYYYYGMDV
5f2b3534c6f997007ee3084d,ARLEXQYXRSGCHRXLFDY
5f2b3534c6f997007ee3084e,ARLFGELSTGAFDI
5f2b3534c6f997007ee3084f,RXXXXQXVXATXXT
5f2b3534c6f997007ee30853,XXXXXXXFDX
5f2b3534c6f997007ee3085f,Y
5f2b3534c6f997007ee30866,ARDWGASFLVVTSRPWDYGMDV
5f2b3534c6f997007ee3086c,RATVTATGPAYRGLRGLGSDETAVDYCAREDSLEYYFDY
5f2b3534c6f997007ee3086e,ATGPQQWELSPPIVH
5f2b3534c6f997007ee3086f,I
5f2b3534c6f997007ee30871,DFAGGLYDCWSGGEKLLLRYGR
5f2b3534c6f997007ee30879,AKDHNDFWSGYRQGYYGMDV
5f2b3534c6f997007ee3087d,AGFRRPVYTYYYDSSGYYSAYYYGMDV
5f2b3534c6f997007ee3087f,ARXGRXXSXYXXXYYGMDV
5f2b3534c6f997007ee30881,XYGXDV
5f2b3534c6f997007ee30882,XXYLXMXXXXXEDTAVYYCXRXXEYSSSXXY
5f2b3534c6f997007ee30884,ARDNPVGATGGYYFDY
5f2b3534c6f997007ee30889,ARGVHTAIDDAVDI
5f2b3534c6f997007ee3088b,REITPLRFLECHTTTTVWTS
5f2b3534c6f997007ee3088e,XXXXRXXXLRYGR
5f2b3534c6f997007ee30890,RXXXVXXXLXXXTTVWTS
5f2b3534c6f997007ee30892,ARXAPTRYYFDY
5f2b3534c6f997007ee30895,AREPRYWLGNYYGMDV
5f2b3534c6f997007ee30897,ARVGQGYSYGNYFDY
5f2b3534c6f997007ee30899,ARTHPYGDYPTP
5f2b3534c6f997007ee308a5,ARHGRGRGLDFWRGYFQEDKYYFDY
5f2b3534c6f997007ee308af,ARSYGSGKQGWFDP
5f2b3534c6f997007ee308b1,XX
5f2b3534c6f997007ee308b9,ARXGVRGTGAYNWCIDL
5f2b3534c6f997007ee308bd,AKXXRIAGPGHFDY
5f2b3534c6f997007ee308bf,ARGPGMTTVTDTWAYYYGMDV
5f2b3534c6f997007ee308c0,ARXGIAAAXTXDY
5f2b3534c6f997007ee308c1,ARXXXXGXSRLLXXYGWFDP
5f2b3534c6f997007ee308cd,ARTKIAARRYFDY
5f2b3534c6f997007ee308d1,XYYXARXVGXXGRFYGMDV
5f2b3534c6f997007ee308d5,V
5f2b3534c6f997007ee308f4,XXXXXXAVYXXARGXXXSXXXXXXXXMDY
5f2b3534c6f997007ee308f6,XGAXXPXRLLRYGR
5f2b3534c6f997007ee308fd,AREPEATGRCQYYYYGLDF
5f2b3534c6f997007ee30900,REGKQQLTT
5f2b3534c6f997007ee30904,ARGWRWLQF
5f2b3534c6f997007ee30906,EXXWXXXXXDXX
5f2b3534c6f997007ee30913,RETIARAHILTT
5f2b3534c6f997007ee30917,ARTYCRGGSCYSGDAFDI
5f2b3534c6f997007ee3091f,LPDRGGESY
5f2b3534c6f997007ee30924,REGXAAAGXXFTALTT
5f2b3534c6f997007ee30938,ARVSLRYCSSTSCNGWFDP
5f2b3534c6f997007ee30940,AREHRADVCYTSAGWFDP
5f2b3534c6f997007ee30946,XXXXQLXXXXXX
5f2b3534c6f997007ee30949,ARXXGDYGSGGCDY
5f2b3534c6f997007ee3094a,ARGKVAATPSLSSLLRGYGMDV
5f2b3534c6f997007ee3094c,GNLRRLYCSSTSCQGVLVRP
5f2b3534c6f997007ee30952,RXXXXTVAXXXARXXPTTTTVWTS
5f2b3534c6f997007ee30968,ARGXGGDCDNYWFDY
5f2b3534c6f997007ee3096a,LWPPDY
5f2b3534c6f997007ee30971,Y
5f2b3534c6f997007ee30977,RXRRXVVLRFXEQLXXGSTT
5f2b3534c6f997007ee3097b,ARADHCSSTSCYFY
5f2b3534c6f997007ee3097f,AXWEXXXXLGNAFDY
5f2b3534c6f997007ee30981,AREYSXGYYIDY
5f2b3534c6f997007ee30982,ARQGAAADPVVYYYYGMDV
5f2b3534c6f997007ee30989,AKDRGAYDSSGYYPASFDP
5f2b3534c6f997007ee30994,ARHPPVTTEYYFDY
5f2b3534c6f997007ee3099a,ARDPXVGAGDYGXXDY
5f2b3534c6f997007ee3099b,ATRLCGGDCPHPVPRAFDI
5f2b3534c6f997007ee309a3,RLCXTXRXXXXXXXXXXSXXXFDY
5f2b3534c6f997007ee309a4,WGRTNYNPASRGRVRLSEATSSNWVSLKRGSVAAADTAVYYCARVRKTNGWYFDL
5f2b3534c6f997007ee309a5,ARXXAVRVVAVIXGMDY
5f2b3534c6f997007ee309a6,XXXXXXNXNPSXXXRVTISVDTSKXQFSLKLSSVTAXXTAVYYCASYSXGXXFDX
5f2b3534c6f997007ee309a7,XXXXXXXXXPSXXXXXXXXVXTSKXXXSLKLXSVTAADTAVYYCAXXXTGXAGXXLXDY
5f2b3534c6f997007ee309a8,ARGPVGVTVDY
5f2b3534c6f997007ee309b0,ARRRRSGDVRWIDP
5f2b3534c6f997007ee309b8,EKXTSCLLXL
5f2b3534c6f997007ee309bf,RGLVVADHTPTTTVWTS
5f2b3534c6f997007ee309c7,NRFFGGDLLLLLLRYGR
5f2b3534c6f997007ee309cd,XGXDX
5f2b3534c6f997007ee309d5,TXXYYCARXXGXIVXVXAXYNWFDP
5f2b3534c6f997007ee309d8,TREQPSVSDGEYVGGMDV
5f2b3534c6f997007ee309de,KXXXTTXXXXL
5f2b3534c6f997007ee309e4,ARGSRFISRGVIPSSDL
5f2b3534c6f997007ee309f1,YNLDS
5f2b3534c6f997007ee30a06,ATNIRAAAMWNWFDP
5f2b3534c6f997007ee30a10,ARGXYXYWXNGMDD
5f2b3534c6f997007ee30a13,ARREDGSGSFPDYYYYGMDV
5f2b3534c6f997007ee30a1a,ARXGXIVGAXXXFDAFDI
5f2b3534c6f997007ee30a1f,TSTGYGDYSGAHDAFDI
5f2b3534c6f997007ee30a33,ARAPVFCSSTSCYKGYDY
5f2b3534c6f997007ee30a45,AGYCRSTSCYPRSLADGGTDYYYGMDV
5f2b3534c6f997007ee30a48,EXXXXXXXXXXRYGR
5f2b3534c6f997007ee30a49,XXTXXCXXVRGXXXXXRXYXFDY
5f2b3534c6f997007ee30a4a,RELPRLVSGGHIAVAGPMLLIS
5f2b3534c6f997007ee30a4f,AKDMGEXXGDXYYYYGMDY
5f2b3534c6f997007ee30a50,TTEXIVXXAAXEXXDY
5f2b3534c6f997007ee30a57,AXXXGLXVXAXXHAFDI
5f2b3534c6f997007ee30a5a,ARLRVRLQYPSYYYYGMDV
5f2b3534c6f997007ee30a5e,AHRDVVGVATGFDY
5f2b3534c6f997007ee30a62,DV
5f2b3534c6f997007ee30a67,XTAVYYCARGXXGAXTKXXXDI
5f2b3534c6f997007ee30a6d,ARDPGKVKNWYFDL
5f2b3534c6f997007ee30a71,ARGMLRNCSSTSCYPPYGMDV
5f2b3534c6f997007ee30a8b,GTXDV
5f2b3534c6f997007ee30a93,LDY
5f2b3534c6f997007ee30a99,GRIRSGR
5f2b3534c6f997007ee30ab2,XXXCGXVVXPXXX
5f2b3534c6f997007ee30ab3,KRFAWXXXRXXLLLRYGR
5f2b3534c6f997007ee30ac5,XXXXXXXWXXXXXL
5f2b3534c6f997007ee30add,AVPGIAVAGDDY
5f2b3534c6f997007ee30ae5,ARVYYDFWSGYSPGDYYYGMDV
5f2b3534c6f997007ee30aeb,ARXXXXXXXXGXYXXTYXFDY
5f2b3534c6f997007ee30af3,ARXXXXXXDY
5f2b3534c6f997007ee30b01,YFDY
5f2b3534c6f997007ee30b03,ARXGXTXXXXSGXXXGFDX
5f2b3534c6f997007ee30b04,ARQSIQLLTLDPRAPSYYYYGMDV
5f2b3534c6f997007ee30b07,XVXLCXNXVXVXAXXXYYYGMDV
5f2b3534c6f997007ee30b0b,HRSLHPLLWFGPLRYGR
5f2b3534c6f997007ee30b0e,ARGXSGAXXXNXGXDX
5f2b3534c6f997007ee30b14,ARADYYDSSGYYQNSHFDY
5f2b3534c6f997007ee30b15,AAIAAXRVWNFDP
5f2b3534c6f997007ee30b1a,ARPNFGVVNGVYGMDV
5f2b3534c6f997007ee30b24,XXXXXRXXXX
5f2b3534c6f997007ee30b25,ESCRGLRPGVVRP
5f2b3534c6f997007ee30b28,AXDAXRGXXHWXDY
5f2b3534c6f997007ee30b29,ARXXRXCSSTSCXKXDAFDI
5f2b3534c6f997007ee30b2a,ARRGGPRLAFDP
5f2b3534c6f997007ee30b2b,RDIRVFEWLAHTLATTTVWTS
5f2b3534c6f997007ee30b33,ARTGRVXGRGGSDY
5f2b3534c6f997007ee30b37,GGRSCSSTSGTNADLLLLRYGR
5f2b3534c6f997007ee30b3a,ARVTAAGNNMEVDP
5f2b3534c6f997007ee30b40,ARXXXXXXXDY
5f2b3534c6f997007ee30b49,ARGPRTTIFGVVSYYFDY
5f2b3534c6f997007ee30b4d,AREDSLEYYFDY
5f2b3534c6f997007ee30b4e,Y
5f2b3534c6f997007ee30b51,ARAQQLLYAGIDRQVSGPNFDY
5f2b3534c6f997007ee30b52,QXMXNXSYXXXLT
5f2b3534c6f997007ee30b59,ARGDSSGNMGTAFDP
5f2b3534c6f997007ee30b5c,REXXXXAVAXETTXTVLTS
5f2b3534c6f997007ee30b60,DV
5f2b3534c6f997007ee30b64,CXXXXXXXXVVXXXAXHYYYYGMDV
5f2b3534c6f997007ee30b67,ARHSDVSSDY
5f2b3534c6f997007ee30b6a,ARGXXXGAGYAIDX
5f2b3534c6f997007ee30b6c,XXXTLGGASSWWVXRP
5f2b3534c6f997007ee30b6f,XXGXXLXGTXTVWTS
5f2b3534c6f997007ee30b74,RGXXXTXXVXXXLTT
5f2b3534c6f997007ee30b76,ARDQWXLEWFHYYYYGMDV
5f2b3534c6f997007ee30b81,EXXXGXXXGXXXL
5f2b3534c6f997007ee30b82,RGKPTAMVPAWTT
5f2b3534c6f997007ee30b8a,AXXXLXGAAAXPXXGMDX
5f2b3534c6f997007ee30b8d,QQILPRTAAGQRPGLLLIS
5f2b3534c6f997007ee30b91,XDX
5f2b3534c6f997007ee30b9a,DY
5f2b3534c6f997007ee30ba0,ARGGAXXDXWYYYGMDV
5f2b3534c6f997007ee30ba6,XRXCXTVRDXXXXDAFXI
5f2b3534c6f997007ee30bb2,AKSGPRPSYYYYGMDV
5f2b3534c6f997007ee30bb3,ARDXGLNYYYYGMDY
5f2b3534c6f997007ee30bb9,ARDWGIVVVPAATDYYYYYGMDV
5f2b3534c6f997007ee30bbb,ERLXXXXGXXLYEGVLRYGR
5f2b3534c6f997007ee30bbd,RXEKGAMVTT
5f2b3534c6f997007ee30bc3,ARSHDPSGSYSPPYFDY
5f2b3534c6f997007ee30bc4,RXXXXXXXGXXXXDYYYYGMDV
5f2b3534c6f997007ee30bc8,XLXXXXTXVYXXARXXXXXXXXXXDX
5f2b3534c6f997007ee30bca,XYXAXXXXXXCSSTSCXPXXFSXDX
5f2b3534c6f997007ee30bcd,VHWRRCPTWYFAR
5f2b3534c6f997007ee30bd7,EXXXXGXXXXXGL
5f2b3534c6f997007ee30bdc,ARKGPTPYCSSTSCYGPWDY
5f2b3534c6f997007ee30be4,ASSPDY
5f2b3534c6f997007ee30be6,ARVPAXXXPAVFDY
5f2b3534c6f997007ee30be7,XXXXXXXXXXXXDX
5f2b3534c6f997007ee30beb,CVLLCERXXRRXXVVTXXXVXAFDI
5f2b3534c6f997007ee30bed,AADDLSVGY
5f2b3534c6f997007ee30bef,ARXAGXSRCYYAFDI
5f2b3534c6f997007ee30bf0,ASSDKGARNY
5f2b3534c6f997007ee30bf1,ARHISSSVWFDP
5f2b3534c6f997007ee30bf2,AREQXGLXGPYYYYGMDV
5f2b3534c6f997007ee30bfd,ATVGTSGSYLFDY
5f2b3534c6f997007ee30bfe,ARRQGVYLGVVIPIIRSYGMDV
5f2b3534c6f997007ee30c0a,EARLNCRAGL
5f2b3534c6f997007ee30c0d,EILRPGHSGSYTPPQGVLRS
5f2b3534c6f997007ee30c0e,ARDLKGYLYYFDY
5f2b3534c6f997007ee30c17,ERSSGYSYGFILLLRYGR
5f2b3534c6f997007ee30c1d,REXLXLXXLTT
5f2b3534c6f997007ee30c1f,ARLGDQLLDP
5f2b3534c6f997007ee30c20,ARGXXHXXVVIPNDAFDI
5f2b3534c6f997007ee30c22,ARXVMXXPAXSRGVXNWFDP
5f2b3534c6f997007ee30c23,AGSRGSGSYYNWNYYYYGMDV
5f2b3534c6f997007ee30c2e,AXXXXXXXGXVIYYXDX
5f2b3534c6f997007ee30c31,ARDLVYGSGRRGIDY
5f2b3534c6f997007ee30c36,ARXXETXTXPXFDY
5f2b3534c6f997007ee30c3e,EGGGQQLEPQLVRP
5f2b3534c6f997007ee30c3f,GSQLKYKELCYGR
5f2b3534c6f997007ee30c44,ASLDTAMVTNSYY
5f2b3534c6f997007ee30c4f,ARXXXXLXXXYXYYGMDV
5f2b3534c6f997007ee30c51,ARETDCSSTSCPPSFDP
5f2b3534c6f997007ee30c53,ARDGXXDYSSSWYVVDY
5f2b3534c6f997007ee30c57,ARGRMAXDY
5f2b3534c6f997007ee30c65,EQYSSGYVLVRP
5f2b3534c6f997007ee30c69,GYCGGDCLHGKIDY
5f2b3534c6f997007ee30c6b,YXFDX
5f2b3534c6f997007ee30c71,ARDGXEYXXXGGYYYGMDY
5f2b3534c6f997007ee30c77,ERXXGXRXRXRXLPLRYGR
5f2b3534c6f997007ee30c7d,ARWWGGAVAGTYYXDY
5f2b3534c6f997007ee30c7e,ARWWGGAVAGTYYFDY
5f2b3534c6f997007ee30c7f,ARGXGXYXXGXXCYYGMDV
5f2b3534c6f997007ee30c80,AGDRWGAVRGPTF
5f2b3534c6f997007ee30c81,ARVGXXXYYDSSGYXXXFXX
5f2b3534c6f997007ee30c8b,KGRFTIXRXNAKNSLYLQMNSLRAEDTAVYYCARXXGXYSGYFDY
5f2b3534c6f997007ee30c8c,XXXXXXXXXXXXXXXXXXXXXXXAXVXXPRFLEWLPYYYYGMDV
5f2b3534c6f997007ee30c90,YYYYGMDV
5f2b3534c6f997007ee30c96,ARESIEVVPAAIAFDP
5f2b3534c6f997007ee30c9a,XXXXDX
5f2b3534c6f997007ee30c9d,AKVLGGDSSGFYHSPFDH
5f2b3534c6f997007ee30c9e,ARATLPSNWAQGN
5f2b3534c6f997007ee30ca4,YXAXLIXXVVPAXISGDXDLEEPPDI
5f2b3534c6f997007ee30ca8,ARXXXGDDXGYFDY
5f2b3534c6f997007ee30caa,ARDQPGPLSPPAAADY
5f2b3534c6f997007ee30cac,AXXXXXSRSXXXXYYYGMDV
5f2b3534c6f997007ee30cb2,ARGRTPLXTAXGSDYFDY
5f2b3534c6f997007ee30cba,RXRQLVRAVWTS
5f2b3534c6f997007ee30cc3,ARIVEMAAW
5f2b3534c6f997007ee30cce,ARAPVAGTNTFDY
5f2b3534c6f997007ee30cd0,EXXXGKWLWFGVSXLVRP
5f2b3534c6f997007ee30cd2,ARXXXTGXXXXXAFDI
5f2b3534c6f997007ee30cd7,DSXSWTELLRYGR
5f2b3534c6f997007ee30cde,AKDIRMGVGSSWYIAAFDI
5f2b3534c6f997007ee30cdf,ERRRYSSCRWAELVRP
5f2b3534c6f997007ee30ce4,AXXSXGXGXXXXDX
5f2b3534c6f997007ee30ce5,ARXWISSSGGGVDF
5f2b3534c6f997007ee30ceb,ARXXXXXVAAXXQFDY
5f2b3534c6f997007ee30ced,ATSYYDSSGYFGY
5f2b3534c6f997007ee30cf3,VLXCEXXXXSGGSCXXXAFDI
5f2b3534c6f997007ee30cf5,AREXQNSGKGYYDSSGYSPFDY
5f2b3534c6f997007ee30cf6,AREPQNSGKGYYDSSGHSPFDY
5f2b3534c6f997007ee30d02,GXLDX
5f2b3534c6f997007ee30d07,TAVXXXARXXXGAKAXXGAFDI
5f2b3534c6f997007ee30d09,XXRXRLXITVREAVVTMVXAAXFDY
5f2b3534c6f997007ee30d0a,ARHGGECSGGSCYPFRPLYYYYGMDV
5f2b3534c6f997007ee30d0c,TXXXYXARXXVXXEXXKXXXIAXAXTKXAFDI
5f2b3534c6f997007ee30d12,ASRKIAAAGTPPYYYYGMDV
5f2b3534c6f997007ee30d15,ARVNPGFRFLEWSHEGMDV
5f2b3534c6f997007ee30d19,TTAPTKAPDVFPIISGCRHPKDNSPVVLACLITGYHPTSVTVTWY
5f2b3534c6f997007ee30d1a,GRRGRDCWSLLRLLLRYGR
5f2b3534c6f997007ee30d26,AKDSLVGVVIGPMDV
5f2b3534c6f997007ee30d29,EMGPYSSSWYNPAF
5f2b3534c6f997007ee30d34,XXXXXXXYYCAXXRILLGYXYGMDV
5f2b3534c6f997007ee30d38,ARXXXXXXXXLKRYYYYGMDV
5f2b3534c6f997007ee30d42,EDCYGPLLRYGR
5f2b3534c6f997007ee30d4d,AXYSXYYXXDHGGYYYYGMDV
5f2b3534c6f997007ee30d4f,ARGSEHSSYYFDY
5f2b3534c6f997007ee30d5d,ARGRCAYYYESSDTTQNKNYYYYGMDV
5f2b3534c6f997007ee30d5e,ARGKPPIGTAFRDSSGFFDY
5f2b3534c6f997007ee30d63,ARVGXSYEFWSAFDF
5f2b3534c6f997007ee30d69,ARHVGIAARLTHFDY
5f2b3534c6f997007ee30d6a,ARGPPSVAGTSNNFDP
5f2b3534c6f997007ee30d6d,REINGVGATSVGAQAKGTTLTT
5f2b3534c6f997007ee30d6f,AKVVXXVGAAGXXGFDX
5f2b3534c6f997007ee30d72,AXXXXGXSSGLED
5f2b3534c6f997007ee30d7b,YSYGYPPPHGYYYYYYGMDV
5f2b3534c6f997007ee30d7c,XAXXXXXXTGXTXXXYYYYGMDV
5f2b3534c6f997007ee30d7d,ARGXAXSYSSSWGDCFDY
5f2b3534c6f997007ee30d82,ARRIQLWLNGGRYYYYGRDV
5f2b3534c6f997007ee30d88,ARDSEVWFGELLWYGMDV
5f2b3534c6f997007ee30d89,ARGPALVGATDY
5f2b3534c6f997007ee30d8f,EATGEGGILLLRYGR
5f2b3534c6f997007ee30d93,ARGRGYGSRYYFDY
5f2b3534c6f997007ee30d9b,ERPTVWSGYREGPRPPPVRP
5f2b3534c6f997007ee30d9f,AXHGYQWGYCSGGSCYPDWFDP
5f2b3534c6f997007ee30db0,XXXLXXNXXXXXDTAXXYCAXXXRXXDXXXXYXDX
5f2b3534c6f997007ee30db5,TSMLCGIAAAGIYGMDV
5f2b3534c6f997007ee30db7,ARDLRLWYPKYGMDV
5f2b3534c6f997007ee30db9,ARXSXXXGVVXXPGYNXXDY
5f2b3534c6f997007ee30dbf,GFDV
5f2b3534c6f997007ee30dc3,ASLGVLTGYDAFDI
5f2b3534c6f997007ee30dc5,ARTHSGSYYFPYYYYGMDV
5f2b3534c6f997007ee30dc8,ARGXRXXXXXXXGSSXXKGAXWYFDL
5f2b3534c6f997007ee30dd1,LGSLXSXDTAXYYCARXLXGXXDAFDY
5f2b3534c6f997007ee30dd2,ARASRAHERRMNRYWFDP
5f2b3534c6f997007ee30dd4,ARGGGLRXLEWQHYYGMDV
5f2b3534c6f997007ee30dd6,XXXRXLXSDDTAVYYCARERSFDAFDI
5f2b3534c6f997007ee30dd7,ARXPRVXTXPGGVXDY
5f2b3534c6f997007ee30df0,ARXXXXXGXGEGRAXGMDV
5f2b3534c6f997007ee30df2,ARXRGXTVVTLXAFDI
5f2b3534c6f997007ee30df7,ARDTXLGYYSGTGCYFDY
5f2b3534c6f997007ee30df9,AKAARPDITLIVVTXPFDY
5f2b3534c6f997007ee30e00,ARDQITYDFWSGYPPDY
5f2b3534c6f997007ee30e08,EXXXXXXXXFYLLLLRYGR
5f2b3534c6f997007ee30e0f,TXXYYXAXGXXXXXXLXSXGFDY
5f2b3534c6f997007ee30e12,XGRVXLCETCXXXLXXVXXXXXXX
5f2b3534c6f997007ee30e15,ARQIGSGGN
5f2b3534c6f997007ee30e26,ARXASXGTXXXDY
5f2b3534c6f997007ee30e28,ASAIGWQLYYFDY
5f2b3534c6f997007ee30e2c,ARDLAAASDAFDI
5f2b3534c6f997007ee30e2e,AKDIGREYCSGGSCYSEMAGAFDI
5f2b3534c6f997007ee30e39,LDY
5f2b3534c6f997007ee30e40,AXTAVYYCARXXXXXXXXXXRXXYYYGMDV
5f2b3534c6f997007ee30e44,AREXFYGGSCFDY
5f2b3534c6f997007ee30e4e,EGSGRSGYEGLGL
5f2b3534c6f997007ee30e55,ARLDRGWLQFD
5f2b3534c6f997007ee30e5c,AKXLLSFYYGMDV
5f2b3534c6f997007ee30e5e,XXXXXXXXXSXYXXXLLXXXAXXX
5f2b3534c6f997007ee30e61,PDV
5f2b3534c6f997007ee30e63,EXTFDY
5f2b3534c6f997007ee30e69,RAALPGAESDTAMFRSPVTTTTTVWTS
5f2b3534c6f997007ee30e6e,ADLXXLXXLXXDY
5f2b3534c6f997007ee30e77,VGNVMYSSSWSETQVGAFDI
5f2b3534c6f997007ee30e84,AXEGDPRTTSYYYYYSGMDV
5f2b3534c6f997007ee30e8f,ARAAYDYVWGSYRHEYFDH
5f2b3534c6f997007ee30e92,EKWGCPSTRCAKKEGVLLLRYGR
5f2b3534c6f997007ee30e93,ARSTVTTYASRENQPGYFDL
5f2b3534c6f997007ee30e96,REENRQSARLSEIVVVSLTT
5f2b3534c6f997007ee30e9a,DY
5f2b3534c6f997007ee30ea0,TTARRRGSSDY
5f2b3534c6f997007ee30ea1,ARHGTSTIFGVVTPYFDY
5f2b3534c6f997007ee30ea2,AGCNIGVVPAAIRPSGAFDP
5f2b3534c6f997007ee30ea3,REEANWGSAT
5f2b3534c6f997007ee30eae,FXX
5f2b3534c6f997007ee30eaf,XXXXXDTAVXYCARXXXXAAXXXYXXXDX
5f2b3534c6f997007ee30eb1,ARGGLGATRLDY
5f2b3534c6f997007ee30eb4,ARRYSEYSSSSDHGRDYYYGMDV
5f2b3534c6f997007ee30eb5,AXXXCARLXXXXGYXXAXXGXXX
5f2b3534c6f997007ee30ebc,ARVVVVPAASYAFDI
5f2b3534c6f997007ee30ebd,AXEGGVQXQPGXXDY
5f2b3534c6f997007ee30ebe,AKERXXXVVWAXXXXXDX
5f2b3534c6f997007ee30ec2,ARRGSGYDP
5f2b3534c6f997007ee30ec7,EIPRPGHSGSYTPPQGVLRS
5f2b3534c6f997007ee30ed8,V
5f2b3534c6f997007ee30ede,REGAMIVVVIPNTTTTVWTS
5f2b3534c6f997007ee30ee0,ARGLVVVVATLMRRTDAFDI
5f2b3534c6f997007ee30eec,ERSGCTXLRYGR
5f2b3534c6f997007ee30ef1,TSEVVVVPAAIPWFDP
5f2b3534c6f997007ee30ef6,XXXXXXXXXDV
5f2b3534c6f997007ee30f04,ARVRPRLLRTTGWYFDL
5f2b3534c6f997007ee30f05,AREXFXXGYETXXAXDI
5f2b3534c6f997007ee30f07,ARGGRGYCAFSSGCSQRDY
5f2b3534c6f997007ee30f0d,ARXXXXXXGXXDY
5f2b3534c6f997007ee30f10,EXGREXGGSISXXQXVRP
5f2b3534c6f997007ee30f16,TAXXYCAXXXXXCXYYYYGMDV
5f2b3534c6f997007ee30f17,ETGEQLVPVRP
5f2b3534c6f997007ee30f1d,ARXXGYCSGDPGYYYYGMDD
5f2b3534c6f997007ee30f25,AKDHRFPLLWFGEFSQGEGSPGRPLDY
5f2b3534c6f997007ee30f32,ARVXAGPFDY
5f2b3534c6f997007ee30f43,ARXXGXKYXYYYGMDV
5f2b3534c6f997007ee30f44,ENXXXXXSXXKLVRP
5f2b3534c6f997007ee30f45,AIDRDCSGGSCLYYYYYGMDV
5f2b3534c6f997007ee30f46,ARVFRGEAAANNVLDH
5f2b3534c6f997007ee30f47,XXXLCITVRDXXXXXGXYYXDX
5f2b3534c6f997007ee30f4e,AKENCLLRVTTTDY
5f2b3534c6f997007ee30f58,REAADVEMATXFDSNFLTTLTT
5f2b3534c6f997007ee30f5d,XXPXRXXXCIXXRXXTXCXXXXWXXXX
5f2b3534c6f997007ee30f66,ARFRGQEMMYAALTLDY
5f2b3534c6f997007ee30f69,DX
5f2b3534c6f997007ee30f6e,ARGXXSXXWXGGYYYYYXGMDV
5f2b3534c6f997007ee30f7c,RVGXLWFYTIFGVVITPSTLTT
5f2b3534c6f997007ee30f8f,AKDIRWLRGDYYYGMDV
5f2b3534c6f997007ee30f93,ADTAVYYCAXXXXGXVXXAYGMDV
5f2b3534c6f997007ee30f94,EIDSSGWAPEPPDSRILVLRS
5f2b3534c6f997007ee30fa3,ERSXRXXCCRVRP
5f2b3534c6f997007ee30fa7,ARDLTGGVVPAARTSYYYYGMDV
5f2b3534c6f997007ee30fa8,AXDHSGSWNRNIDY
5f2b3534c6f997007ee30fae,ARHLGIVGATTYDAFDI
5f2b3534c6f997007ee30fb2,ARDXXXXXPXNRFDY
5f2b3534c6f997007ee30fb5,AXXGTSRSXXFDY
5f2b3534c6f997007ee30fb8,EXXXAGMAVVSRGLLRP
5f2b3534c6f997007ee30fc0,ERGWATITPWGL
5f2b3534c6f997007ee30fc4,REXXXXITXIVVXVXXTXLTT
5f2b3534c6f997007ee30fc7,ARDRDIVVVPAAITMYGMDV
5f2b3534c6f997007ee30fca,ARRPEYYYDSSGYYYRY
5f2b3534c6f997007ee30fcc,XXXXXXDX
5f2b3534c6f997007ee30fce,ASVSIGVLR
5f2b3534c6f997007ee30fcf,AXXX
5f2b3534c6f997007ee30fe6,ARDXIAAAGNYYYYGMDV
5f2b3534c6f997007ee30feb,ARGREDIVVVPAANTYYYYGMDV
5f2b3534c6f997007ee30ff7,ERPSFWSGYPHPSPFRP
5f2b3534c6f997007ee30ffc,ERPKVDLWFGEPVRLLLRYGR
5f2b3534c6f997007ee31009,TRLSLCSSTSCYVNEGSSVFDY
5f2b3534c6f997007ee3100e,ARHVDGSGSYFGXFDY
5f2b3534c6f997007ee31010,ARHERGITMVRKPYNWFDP
5f2b3534c6f997007ee31014,AREGMTTVVTEQNAFDI
5f2b3534c6f997007ee31015,ARQPTNYYYGMDV
5f2b3534c6f997007ee31017,ARGQGXSXYFDY
5f2b3534c6f997007ee31018,XXXXXXXXXCXXXRXXXXXGXGNAXDI
5f2b3534c6f997007ee31022,RGIXXXERTGLTP
5f2b3534c6f997007ee3102a,XTXVXYCAXXXXXXXXXPXXYYYGMDV
5f2b3534c6f997007ee3102c,ARXXXGXSYYYDGMDV
5f2b3534c6f997007ee3102e,XXLXXXXYLLLXXXLXLRYGR
5f2b3534c6f997007ee3103c,ARDXXXXSYYFDGLDV
5f2b3534c6f997007ee3103d,XXGNXYXXDX
5f2b3534c6f997007ee3103e,KRCAVGPSGTSCYGGIRYGR
5f2b3534c6f997007ee31043,YMVCGSLRAEDLAVYYWATEMIADSTSEGWFDP
5f2b3534c6f997007ee31045,ARALGWSGPHTNWFDP
5f2b3534c6f997007ee31048,VTAXDTAXYYCAXXXXRTXTLXXXXXXX
5f2b3534c6f997007ee3104c,XXXXXXXX
5f2b3534c6f997007ee3104e,AREGDYCGSSSCYPNWFDY
5f2b3534c6f997007ee31051,ARHLAPGPLNWFDP
5f2b3534c6f997007ee31055,TTDRVLWFGELRFDY
5f2b3534c6f997007ee3105d,SXXXXGXXXXXXVXEPVXPXAELCDRXGHGCVLLCEXXXSXDXWSGYXXXYFDY
5f2b3534c6f997007ee31060,RDLPDWNDVEIRATLTT
5f2b3534c6f997007ee31065,LDSIRWTIFGVVIIPRPTTLTT
5f2b3534c6f997007ee3106e,AREQGXGCXSXXGY
5f2b3534c6f997007ee31070,REIXXAAXTXXXMLLIS
5f2b3534c6f997007ee31071,AGKRDQPHPDY
5f2b3534c6f997007ee31074,AGGGLGYYEFWRGFHVWVDP
5f2b3534c6f997007ee3107c,AREGLGKAFDI
5f2b3534c6f997007ee31088,ARGXIAVXTWFDY
5f2b3534c6f997007ee3108d,XYYCAXVXXXSXPXSXSGYYYYGMDV
5f2b3534c6f997007ee3108e,SKNQFSLKLSXVTAADTAVYYCAXXXNYDFWXGSDY
5f2b3534c6f997007ee31091,QSADTELYDGAVWGNIVVVPAAGNYYYGMDV
5f2b3534c6f997007ee3109d,ARGYYDFWSGYYDY
5f2b3534c6f997007ee310a4,ARSGGDCYWGFDY
5f2b3534c6f997007ee310ab,ARDLXDSSGXPDY
5f2b3534c6f997007ee310ac,ERXXRGXWLSXL
5f2b3534c6f997007ee310ae,AKGVLWSEYYYDAMDV
5f2b3534c6f997007ee310b4,AHKRDYDSSGYYYSFDY
5f2b3534c6f997007ee310b7,RRGNGVSCYSLPLNLLLTT
5f2b3534c6f997007ee310c2,MDV
5f2b3534c6f997007ee310cf,AXXXXXGXWFDH
5f2b3534c6f997007ee310d0,ARDDIVVVPAAEHGGWFDP
5f2b3534c6f997007ee310db,ARHDSTGYYYYGMDV
5f2b3534c6f997007ee310ef,XXGXXDY
5f2b3534c6f997007ee310f2,Y
5f2b3534c6f997007ee310f5,ARTGPFFKVRGVTVDAMDV
5f2b3534c6f997007ee310f8,ARDPGGNHGSGTTDY
5f2b3534c6f997007ee310fd,ARQXXYDSSGYWFDP
5f2b3534c6f997007ee31104,ARVGPLMATIILDAFDI
5f2b3534c6f997007ee3110b,ARDXYXSSGXFDY
5f2b3534c6f997007ee31110,AGDRRGNWFGP
5f2b3534c6f997007ee31112,ARXXXXGSXXXXXYYGMDV
5f2b3534c6f997007ee3111b,ETGKWDRCGL
5f2b3534c6f997007ee31126,RXXGXXXXKGXX
5f2b3534c6f997007ee3113c,ARXGRXQQXLXYYYYGMDV
5f2b3534c6f997007ee31143,REEETMGGITMIVVVITTVTCTSIS
5f2b3534c6f997007ee31146,XXYXAXGXXGXXXXXXXXYWXDP
5f2b3534c6f997007ee31147,AHTRGELGISHYYFDY
5f2b3534c6f997007ee3114b,AKLISRKIPGSGGDFDY
5f2b3534c6f997007ee31157,ARDRDTMFGVGNHGMDV
5f2b3534c6f997007ee3115a,ARAXXXXDXWSGXXYXXRVDY
5f2b3534c6f997007ee3115f,TNTVAGVRGFDY
5f2b3534c6f997007ee31167,AKDXXXXHDWGXIDY
5f2b3534c6f997007ee31169,TTXXXLDD
5f2b3534c6f997007ee31188,VRGPGRTAPEVNY
5f2b3534c6f997007ee31189,ARGFEGGASDY
5f2b3534c6f997007ee3118e,ARARYCRGGSCYTGVDYFDY
5f2b3534c6f997007ee31192,ESVLRFLESLLLRYGR
5f2b3534c6f997007ee31196,DRSAAVGTQPPYCP
5f2b3534c6f997007ee31199,ARDGDDYGYFDL
5f2b3534c6f997007ee3119b,ARELGSRSSSWYGMDV
5f2b3534c6f997007ee311a5,XYYCARXXXXGXXAXXDY
5f2b3534c6f997007ee311a6,AXXXWEWXXXXXXYXXXGXXV
5f2b3534c6f997007ee311ae,ASSSPYYDFWSGPYYFDY
5f2b3534c6f997007ee311b3,ATWRLYGDYLGNAFDI
5f2b3534c6f997007ee311b5,XYGMDX
5f2b3534c6f997007ee311b6,XXXRTRPCITXRXXXTGXVXXXYXYYGMDV
5f2b3534c6f997007ee311ba,XXXXXXXITXXXXXGXXXXXDAXDI
5f2b3534c6f997007ee311c2,AVANWNYRY
5f2b3534c6f997007ee311c3,DTAMVPILLLRYGR
5f2b3534c6f997007ee311cd,ARDXGSGAXDL
5f2b3534c6f997007ee311e2,ARXVTXAGTYYYYGMDV
5f2b3534c6f997007ee311e4,XXRTRXCIXVXXXXXXXXXXXXXDAFDI
5f2b3534c6f997007ee311ed,ARSSPYYDFWSGPYYFDY
5f2b3534c6f997007ee311f0,ARRSEGNWKVSGXXYFDY
5f2b3534c6f997007ee311f2,ATGPQQWELSPPIVH
5f2b3534c6f997007ee311f3,AVVLVPPEALKWLRIAAAPDAFDI
5f2b3534c6f997007ee311f8,AHLSGSTYYFDY
5f2b3534c6f997007ee31202,HXXDX
5f2b3534c6f997007ee3120e,ARGMAMMTTVTNVPLDY
5f2b3534c6f997007ee31215,CVLLXERXXXXXXLAXXNWFDP
5f2b3534c6f997007ee31216,ARTVVVPAATLLATSGRLDY
5f2b3534c6f997007ee3121b,ATDRLHGSGSYYNVPSTGYFDY
5f2b3534c6f997007ee31220,ARRGDLXWAPKNDAFDI
5f2b3534c6f997007ee31224,ERFVATRRELVRP
5f2b3534c6f997007ee31228,EXAXGXXXXLALLLLRYGR
5f2b3534c6f997007ee3122c,ARSYDSSGYHSFDY
5f2b3534c6f997007ee31233,XXXXVVDX
5f2b3534c6f997007ee31237,XAEXTAVYYCAXXXNVDYGXXXGXYFDL
5f2b3534c6f997007ee31243,ARGENYNAFDI
5f2b3534c6f997007ee31246,ETVYDFWRLRYGR
5f2b3534c6f997007ee3124d,XLCEXLXRXXXXSGXXPXGYGMDV
5f2b3534c6f997007ee31257,AXXXXXXXGXDY
5f2b3534c6f997007ee31258,ARDLAIVVVPAAGYYYYGMDV
5f2b3534c6f997007ee31266,GEGGSWVASDTAIILWWGLAGSYSCSRGSDYDMDV
5f2b3534c6f997007ee3126b,ARDGGHENDYGAQEDY
5f2b3534c6f997007ee31282,ARHYSALDH
5f2b3534c6f997007ee3128a,XRDXXXXXXXXXXXII
5f2b3534c6f997007ee3128c,GGDRWANY
5f2b3534c6f997007ee3128d,ARLYYGTGNY
5f2b3534c6f997007ee31292,ERXXXXXYCSSSGCXXXYVXL
5f2b3534c6f997007ee31294,DY
5f2b3534c6f997007ee31298,ARGXXXXXVTXXDCXDP
5f2b3534c6f997007ee3129c,KRLPAAIWERLLLLRYGR
5f2b3534c6f997007ee3129f,XEXXAXXXLIS
5f2b3534c6f997007ee312af,AGDWGRDGSGSYYNVEGVIREYYYYGMDV
5f2b3534c6f997007ee312b5,REXRXXXYXXXSGXXGXGSTP
5f2b3534c6f997007ee312b6,ARGDFYGWMVRGAYFDY
5f2b3534c6f997007ee312c1,ARGFSWYYHLDY
5f2b3534c6f997007ee312d5,ARGTGTPGY
5f2b3534c6f997007ee312d9,ERPRQWPGWVVRP
5f2b3534c6f997007ee312de,ARGXYDXSCDVDY
5f2b3534c6f997007ee312e0,REAXEXXXVLAXTXXTTVWTS
5f2b3534c6f997007ee312e1,ETAYKLLLRYGR
5f2b3534c6f997007ee312f4,ARAPYNDAFDI
5f2b3534c6f997007ee312f6,AGGRGLRIVVVPTMNYYYGMDV
5f2b3534c6f997007ee312f9,ARDEREVARTPNFDY
5f2b3534c6f997007ee312fe,ARDRHYYYDSSLRKYYFDY
5f2b3534c6f997007ee31304,ARDESGYDSLYYYGMDV
5f2b3534c6f997007ee3130f,ARVRKLVKPYDAFDI
5f2b3534c6f997007ee31310,DY
5f2b3534c6f997007ee31314,AGSEAMVRIYWYFDL
5f2b3534c6f997007ee31316,AKEPKYYYGMDV
5f2b3534c6f997007ee3131d,ARGSRLVRVDY
5f2b3534c6f997007ee3131f,EXSXXQXLXXXX
5f2b3534c6f997007ee31320,AKTTIFRGXXSFDY
5f2b3534c6f997007ee31321,XRXXXCRSXXXXXXVRYGR
5f2b3534c6f997007ee3132d,EXXXXXXXWXVXLLLRYGR
5f2b3534c6f997007ee3133f,ATSLGGFTIFGVVGKNYYYGMDV
5f2b3534c6f997007ee31347,ARSDGSGSYYIPLPNYYYYDGMDV
5f2b3534c6f997007ee3134c,ARSAPCSTTSCDQDGMDA
5f2b3534c6f997007ee31350,XXYXXXGXXXXXXGVXTXXYYYYGMDV
5f2b3534c6f997007ee31358,ARXGSITMRGDAFDI
5f2b3534c6f997007ee3136b,RXXXTTESTGXTP
5f2b3534c6f997007ee3136c,ERCARPFKRGSSRTLCL
5f2b3534c6f997007ee31372,RRXGCVLXCXTXXXXXXGXDY
5f2b3534c6f997007ee3137f,XTGXXXDX
5f2b3534c6f997007ee31380,KRXXXEWLLPWRL
5f2b3534c6f997007ee3138a,AXXXXXXXXYSYXMDV
5f2b3534c6f997007ee3138e,XDP
5f2b3534c6f997007ee31393,ALQWLEYYYYGMDV
5f2b3534c6f997007ee31394,XKXXXXXXXXXXXXXXXXXXXXXXXIXKXXXXXXXNSXXXXXTAXYYXAKXXXXXXXXXGXTXXYYYYGMDV
5f2b3534c6f997007ee3139d,DXXVYYCAXRTSXAAAGYYFDY
5f2b3534c6f997007ee3139e,EGVLRGQLVFRS
5f2b3534c6f997007ee313a1,EXPKXXXGXXXXPXXXXXTYYYYGMDX
5f2b3534c6f997007ee313ad,ARDKXRHWYGSSGXIDY
5f2b3534c6f997007ee313ae,XRXXXXXXXXDXXXV
5f2b3534c6f997007ee313b0,ARXXXGXGXXDY
5f2b3534c6f997007ee313bb,XDY
5f2b3534c6f997007ee313bc,ARARXRSGXLXYXDY
5f2b3534c6f997007ee313be,ARGIQVPETLPGTFDI
5f2b3534c6f997007ee313c1,AKDHSYYYDSSGYSDY
5f2b3534c6f997007ee313c3,ARHRYYYDSSGYFDY
5f2b3534c6f997007ee313ca,ARDXXXSGYXDY
5f2b3534c6f997007ee313cb,EGRPLRFLEWLGGL
5f2b3534c6f997007ee313cf,ARGSXSGTXGXDY
5f2b3534c6f997007ee313d4,ARTPIDGSGWSYYYYGMDV
5f2b3534c6f997007ee313db,XVXYCXXXXXXXWXXXXXXXXYFDY
5f2b3534c6f997007ee313dc,ARPASRDAVRHYDFWSGSGRWAFDI
5f2b3534c6f997007ee313df,XITVRGXVLVPVTTEPXWFDP
5f2b3534c6f997007ee313e0,ARXXXXXSXSWXAHXXXX
5f2b3534c6f997007ee313e3,ATSRPQAWFLA
5f2b3534c6f997007ee313f8,RELGSPFDWPRITTTTTVWTS
5f2b3534c6f997007ee313fc,ARXXYSXITVGTT
5f2b3534c6f997007ee31401,AXGRKQLRYDY
5f2b3534c6f997007ee31402,AREXXGDXYYYYGMDV
5f2b3534c6f997007ee3140e,ARXXXCRGXLXXGXDY
5f2b3534c6f997007ee31410,ARAGRSWGQWLRNGYYFDY
5f2b3534c6f997007ee31412,ARGGAAAGTDVDY
5f2b3534c6f997007ee31419,ARVXNWFDP
5f2b3534c6f997007ee31420,RKLAVAGTGWTGTSIS
5f2b3534c6f997007ee3142c,XXXXREXXXXRXXXWXXXXEXYXXYGMDV
5f2b3534c6f997007ee3142d,XCAXXXXXXXVVXAXXXSXRXXXXXXDP
5f2b3534c6f997007ee31433,XDHXXXX
5f2b3534c6f997007ee31434,AKXXXYXXTESXAFDI
5f2b3534c6f997007ee3143d,LDGHYDTTGRTD
5f2b3534c6f997007ee31442,DV
5f2b3534c6f997007ee31446,QKGRRIRQRRTLTT
5f2b3534c6f997007ee3144a,ARGGIVVVPAADYYYYYGMDV
5f2b3534c6f997007ee3144d,TRDLYDSSPGPPSGDY
5f2b3534c6f997007ee31450,ARXXXYYDSSGXXHYWXFDL
5f2b3534c6f997007ee3145e,ARXXXXXXXXXGVSGDXDY
5f2b3534c6f997007ee31466,ARGGYDXSSWYLIYYYYGMDV
5f2b3534c6f997007ee3146f,RLGFVTAAAPAVYYCARMGGRYHDILTGPNYFDF
5f2b3534c6f997007ee31473,RQMLSITMIVVVIHGPVGLLIS
5f2b3534c6f997007ee31475,AKPLVTGSRWYDWYFDL
5f2b3534c6f997007ee3147d,ARTPIIATSYYFDY
5f2b3534c6f997007ee31482,ERPWCTVLRS
5f2b3534c6f997007ee31486,ARVVGCSGGSCKYYSGMDV
5f2b3534c6f997007ee3148a,RDTWRESTTTLTT
5f2b3534c6f997007ee3148b,XXGXXX
5f2b3534c6f997007ee3148d,ATLGDYGEQCCQH
5f2b3534c6f997007ee3148e,ARHQXGVXWNNXYYGIDF
5f2b3534c6f997007ee3149d,ARXXXXSGYXXGXDX
5f2b3534c6f997007ee314a1,ARDXXQGQDXYGPXAMAYGMDV
5f2b3534c6f997007ee314a9,ARVVYSSSSFWPSWFDP
5f2b3534c6f997007ee314aa,AGRLRWYSDAWFFDL
5f2b3534c6f997007ee314ab,ARXXQGEXFSXWXDH
5f2b3534c6f997007ee314af,ARDQPGPLSPPAAADY
5f2b3534c6f997007ee314b0,ARGVAGGNNDYSNYPSWFDP
5f2b3534c6f997007ee314b1,ARDPTSWGSYRYRVVPFDY
5f2b3534c6f997007ee314b2,ARQVHSGKGDYQYGMGV
5f2b3534c6f997007ee314b5,ARDFGWNSSCGYGVDV
5f2b3534c6f997007ee314be,AKSDGRGIVGATPRLRGYFDL
5f2b3534c6f997007ee314c4,AIATPGRGSGWFDY
5f2b3534c6f997007ee314ce,ARDFTGSYPNWFDP
5f2b3534c6f997007ee314d1,ARERDYDSRSDFGAY
5f2b3534c6f997007ee314d4,AXXXTNXGXXXDX
5f2b3534c6f997007ee314d8,ARDSGVTGYSSGWYPDAFDI
5f2b3534c6f997007ee314ed,ARGAEIAVAGHYYYGMDV
5f2b3534c6f997007ee314f0,REVGXLWFGELLSFICTTLTT
5f2b3534c6f997007ee314f3,RXXXWXGXXYXXVVTTVWTS
5f2b3534c6f997007ee314f9,ARGDWYSSGWYEL
5f2b3534c6f997007ee314ff,AXXIAXXGTXXXFDX
5f2b3534c6f997007ee31500,ATSGGSFLFDY
5f2b3534c6f997007ee31503,AREAGTGTVLGGCRLDP
5f2b3534c6f997007ee31509,XLXXXXXXXXXXXXXXXSXGWXXP
5f2b3534c6f997007ee3150b,Y
5f2b3534c6f997007ee3150c,ATYKSANFDY
5f2b3534c6f997007ee3150e,ARVPPPNLANFDH
5f2b3534c6f997007ee31519,ARXXXXDDSCDNDAFDI
5f2b3534c6f997007ee3151b,AKAHNADYGGKGYFDL
5f2b3534c6f997007ee31521,EXXLXIQLLXRL
5f2b3534c6f997007ee31524,AXRGVRWLQPAACXFDI
5f2b3534c6f997007ee31526,ARLRRTHPDYGMDV
5f2b3534c6f997007ee31527,TEDTAVYYCTTGXAFXXXYYXXXXGXYXXAKLDY
5f2b3534c6f997007ee3152d,XXXXXXXXXXXTXXXXXXDLXXXPCXTXRVXXXXXAAXXXY
5f2b3534c6f997007ee31532,ARVVXXXXXXCTPFXX
5f2b3534c6f997007ee31536,GXXXVLLCXXGXXXXYXXXXYXFDY
5f2b3534c6f997007ee31537,XTXXLXXXXLLGEXXXLRYGR
5f2b3534c6f997007ee31538,ENWDDYEEVLRYGR
5f2b3534c6f997007ee31544,ESDIGIPSQPRLGYGR
5f2b3534c6f997007ee3154e,ASQDRKVVPAARGWFDP
5f2b3534c6f997007ee3154f,ARGLAARQRKNWFDS
5f2b3534c6f997007ee31551,ARGQYQLPNPGAFDI
5f2b3534c6f997007ee31555,ARDLGAALGWFDP
5f2b3534c6f997007ee31558,EMPPGNWL
5f2b3534c6f997007ee31559,XGXXXXWFDY
5f2b3534c6f997007ee3155a,AKRLLDYGDRGGDYYYYYGMDV
5f2b3534c6f997007ee31573,ERPEVGSXXXXLLLRYGR
5f2b3534c6f997007ee31575,ARGRFANSSGWYHKKDCFDY
5f2b3534c6f997007ee3157e,ARDRDTIFGVGNHGMDV
5f2b3534c6f997007ee3157f,ARXGXXXGYDSCGGXFDP
5f2b3534c6f997007ee31583,ARDIGGYDYSGYYYYYGMDV
5f2b3534c6f997007ee31584,RARLRRHGGTTTTTVWTS
5f2b3534c6f997007ee3158e,ARXXGXXRXSYYYYGMDV
5f2b3534c6f997007ee31595,AXXXAVYYXXXXXXXXXXIXXVIXIXXDAFDI
5f2b3534c6f997007ee31598,TTAGTSGYLTY
5f2b3534c6f997007ee3159f,AKDXDXNCXSXXGAFDY
5f2b3534c6f997007ee315a0,RVAGDIVVVVAAEVT
5f2b3534c6f997007ee315ab,ERXXYEXPGIVLVRXGP
5f2b3534c6f997007ee315ae,AGEGFENITMVRGVIGFDY
5f2b3534c6f997007ee315b3,ELEVLLWXGEPQDELVRP
5f2b3534c6f997007ee315b6,ATRPLHYDHVWGSYRSDAFDI
5f2b3534c6f997007ee315c8,ARPPLEGGYYYGMDV
5f2b3534c6f997007ee315c9,ARDRPPADYDFWNWFDP
5f2b3534c6f997007ee315ca,ARDAFPYYYDSSGYLRHPRRFDY
5f2b3534c6f997007ee315cf,ARXXSSXCGGYYFDY
5f2b3534c6f997007ee315d0,Y
5f2b3534c6f997007ee315d2,D
5f2b3534c6f997007ee315d4,ASFGNPSYGMDV
5f2b3534c6f997007ee315d8,AAAVKWLVLSPDAFDI
5f2b3534c6f997007ee315dc,ATILGYCSSTSCYPHWFDP
5f2b3534c6f997007ee315e5,RDGIQSIAARRTTGGTTTTVWTS
5f2b3534c6f997007ee315ea,ASGGDHDWLXELLYY
5f2b3534c6f997007ee315f1,AXDCGXGGXXXFDX
5f2b3534c6f997007ee315ff,GHGCVLLCXXXXXXXXXXGMDX
5f2b3534c6f997007ee31600,ASASLEPGISWFDP
5f2b3534c6f997007ee3160f,XXXVRXXXXXXXXXXXXDX
5f2b3534c6f997007ee31613,XXXXXXXXXXXXXXXXXXXXPXXXXXXXGLXXXXXXXDX
5f2b3534c6f997007ee31615,ARGYGDHYYYYGMDV
5f2b3534c6f997007ee31616,ARGWRFSSTSCYLGVLGIQNYYYYYGMDV
5f2b3534c6f997007ee3161f,ARAIVPGTDYYYYGMDV
5f2b3534c6f997007ee31622,XFXX
5f2b3534c6f997007ee31625,ARXXXXXCGGDYYYFDY
5f2b3534c6f997007ee31626,XTWWXWLQYSPLVRP
5f2b3534c6f997007ee31627,ARXGGDGYNTLHWFDP
5f2b3534c6f997007ee3162a,DY
5f2b3534c6f997007ee3162c,REITTWVRVGATLLLIS
5f2b3534c6f997007ee3162e,ETYSGYDEKLRYGR
5f2b3534c6f997007ee31632,AXXXXXSXXGSXSXYYYGMDV
5f2b3534c6f997007ee31634,ARGSRYYDYY
5f2b3534c6f997007ee3163f,LXXXXVXAAXTAVYYCAXXXXXXDI
5f2b3534c6f997007ee31643,XXXAXYXXXXXXXXXXXXXXXXYXXXYYGMDV
5f2b3534c6f997007ee31647,XXXXAVXXXXXVXXXXXPAADGGWFDP
5f2b3534c6f997007ee3164c,ARXXXXAXXXDY
5f2b3534c6f997007ee31650,ARXRXXXVVVXDAFDI
5f2b3534c6f997007ee31659,SXXXDY
5f2b3534c6f997007ee3165a,XXCXXXRXXXXXWXXXPFXX
5f2b3534c6f997007ee31660,ARGEGVVGATTLVDDAFDI
5f2b3534c6f997007ee31661,XDXXXXDV
5f2b3534c6f997007ee31666,ATTLKYHLDY
5f2b3534c6f997007ee31667,AXXXXXXXXYYXDY
5f2b3534c6f997007ee31669,RXXXGWQXLAATTXTTVWTS
5f2b3534c6f997007ee3166a,XDP
5f2b3534c6f997007ee3166b,FDP
5f2b3534c6f997007ee3166d,ARDGDYGDYVGFFDY
5f2b3534c6f997007ee3166e,XXXXXXX
5f2b3534c6f997007ee31679,RXXXXXXXAXXXXYYYGMDV
5f2b3534c6f997007ee3168b,ARDLGSSPFPVDY
5f2b3534c6f997007ee3168d,EXXGWXGX
5f2b3534c6f997007ee31690,ERXXXXXLVRP
5f2b3534c6f997007ee31691,RDGPNYIVATITIPTTTVWTS
5f2b3534c6f997007ee31694,ARGEGGGNPVRY
5f2b3534c6f997007ee316a3,AADPTSSPGIGYCSGGSCYSP
5f2b3534c6f997007ee316a6,AGDRGRITIFGVIYVGMDV
5f2b3534c6f997007ee316a7,AAGGFHPAYYGSGSYYY
5f2b3534c6f997007ee316ad,REXGMVXRGXIXXSTTVWTS
5f2b3534c6f997007ee316b1,ARGPVGVTVDY
5f2b3534c6f997007ee316b3,XITXRXXXXXXXXXXXXXXXXDY
5f2b3534c6f997007ee316b4,ESXXXXXSTSCXLLLRYGR
5f2b3534c6f997007ee316b6,RETSLPKLEGGSTP
5f2b3534c6f997007ee316b7,ARXXXISXCLXXXXXDP
5f2b3534c6f997007ee316b9,AREXLGVKWELLCWIDP
5f2b3534c6f997007ee316bd,ARDELELHYFDY
5f2b3534c6f997007ee316ca,EILYPDRTWYGR
5f2b3534c6f997007ee316cb,ARDXXGXYCYCYYYYGMDV
5f2b3534c6f997007ee316cc,ARVRDYYDRSGYYSATSYWYFDL
5f2b3534c6f997007ee316ce,ARAAAGPFTYWFDP
5f2b3534c6f997007ee316d4,ARXXRGXXYXYCFDY
5f2b3534c6f997007ee316d8,ARVDXSXXXAFDI
5f2b3534c6f997007ee316dd,ARXXXWVXXXXXXXYXXXXXXXXXXXXXXXXXXXXXXXXXXXXXXXXXXXXX
5f2b3534c6f997007ee316e6,AXXPSXXXXXYGMDV
5f2b3534c6f997007ee316e7,EGXPDYXXXXX
5f2b3534c6f997007ee316e8,VGGYSYGYAAA
5f2b3534c6f997007ee316ed,ARDXXFEVAATVAVFDY
5f2b3534c6f997007ee316f1,XXYGFDY
5f2b3534c6f997007ee316f3,ARLPYCSGGSCYSHAFDI
5f2b3534c6f997007ee316f8,VNPEGSSLGVVRP
5f2b3534c6f997007ee316fd,XMDX
5f2b3534c6f997007ee31702,ERTGL
5f2b3534c6f997007ee31703,ETDRGGLVRP
5f2b3534c6f997007ee31705,REXXXXXGATXXXLTT
5f2b3534c6f997007ee31707,GSFCLPLRHCSSTSCRLCRGLVRP
5f2b3534c6f997007ee31708,AKDIVSCSSTSCYLGYGMDV
5f2b3534c6f997007ee3170a,ERNSSGCALRYGR
5f2b3534c6f997007ee31712,NKARMGLTIFGVVIILTTLTT
5f2b3534c6f997007ee31713,HGXWAMXVVPXPARLLIS
5f2b3534c6f997007ee31715,ARHGGEGSGSYYKGQYXYYGMDV
5f2b3534c6f997007ee3171f,AKKAGLWFGELEVPYYYGMDV
5f2b3534c6f997007ee31723,AGEAGMCSSTSGTTPFDY
5f2b3534c6f997007ee31724,AXXXXPXXLLXYFQH
5f2b3534c6f997007ee31729,ESVIGSSTSCGWGLVRP
5f2b3534c6f997007ee3172b,TTEYYYDSRDAFDI
5f2b3534c6f997007ee3172c,GVRLGWYLNAFDI
5f2b3534c6f997007ee3172f,FDX
5f2b3534c6f997007ee3173d,ARDLAVPGRPRGDYYYHGMDV
5f2b3534c6f997007ee31740,ASTVVTPGHYFDY
5f2b3534c6f997007ee31744,HGXXGXSHXLLCXQXXTXXXSXXXXXRXXYYYGMDX
5f2b3534c6f997007ee31745,RGHGGTVAGTVRPKTT
5f2b3534c6f997007ee3175a,GLCCLRLGHCSSTSCRPGRGLVRP
5f2b3534c6f997007ee31761,ETTYSSSCGGYGR
5f2b3534c6f997007ee3176a,ARGGPVLRLDMYYFDY
5f2b3534c6f997007ee3176b,ARGXPXLRLDMXYFDY
5f2b3534c6f997007ee31770,ARGEGESQLLFRSLVGVLDN
5f2b3534c6f997007ee31778,ARDVAVAGTSGANDY
5f2b3534c6f997007ee31779,ARHGTPPIAVAAIDY
5f2b3534c6f997007ee31784,ARXXXXYGNGGXXXXFDY
5f2b3534c6f997007ee31785,ARDKRYSYLSYFDY
5f2b3534c6f997007ee31793,EXXXAXGMDP
5f2b3534c6f997007ee31794,ARXTXXXGXGXPPPXXX
5f2b3534c6f997007ee31795,ARNTAMVTRWYFDL
5f2b3534c6f997007ee31797,ARMLEEWRSDY
5f2b3534c6f997007ee3179e,ARDLQDSSSWYTYYGMDV
5f2b3534c6f997007ee317a0,AXXXXAXXXXXDYYYGMDV
5f2b3534c6f997007ee317a4,ARDRMGDRNWYFDL
5f2b3534c6f997007ee317a7,ARXXXWXXVQRDXXYFDY
5f2b3534c6f997007ee317ab,ARDHGSGWYGTDY
5f2b3534c6f997007ee317b0,TAPPDDYSPPGWFGP
5f2b3534c6f997007ee317b3,XXXX
5f2b3534c6f997007ee317bb,XXFXX
5f2b3534c6f997007ee317bf,EXPXXQLVXXXXXLXRYGR
5f2b3534c6f997007ee317c1,ARRHTWINXGAMDI
5f2b3534c6f997007ee317c4,AXXXKXXYXXDXWGXGTXVTVXSAPTKXPXXXXXXXXXXXXXXXXXXXXXXXXXXXXXXXXYGXDX
5f2b3534c6f997007ee317c8,AKVPLDRDDYVWGSYSNDP
5f2b3534c6f997007ee317ca,ARGPYYXXXXGLYFGY
5f2b3534c6f997007ee317e0,ATQRAYFVELELRMNYGMDV
5f2b3534c6f997007ee317f5,ERXXXXRXXLXXGR
5f2b3534c6f997007ee317f6,XXGXXYXXYGMDV
5f2b3534c6f997007ee31800,DV
5f2b3534c6f997007ee31802,ARHQPFCSSTSCYYLYYYGMDV
5f2b3534c6f997007ee31804,TRDQGIWSQSHHDGMDT
5f2b3534c6f997007ee31805,TXDQGIWTXTXHDGFDT
5f2b3534c6f997007ee31807,RFAFGTAAETSVYYCARERGDCSSTSCYTYYFDY
5f2b3534c6f997007ee3180a,ARSHPSSWLDY
5f2b3534c6f997007ee3180c,XXXXDX
5f2b3534c6f997007ee3181a,AKDSGYSSGYYLNWFDP
5f2b3534c6f997007ee3181b,RCERGGGGVISLGLLQLRYGS
5f2b3534c6f997007ee31822,REMIYGSGSYRTVWTS
5f2b3534c6f997007ee31826,AREXGDLEWLLLRWMDL
5f2b3534c6f997007ee31829,ARITPXDXSCWGCFDP
5f2b3534c6f997007ee31830,ARGSXXSSSDY
5f2b3534c6f997007ee31837,XEXXXXXXXSPLTTTVWTS
5f2b3534c6f997007ee3183f,ARGLPPVFPGIAAAGPNDWFDP
5f2b3534c6f997007ee3184e,ARGXRXYSYWYSXGWYDL
5f2b3534c6f997007ee31851,XXGXXX
5f2b3534c6f997007ee31855,IXVRXXXXXDXXXVRGXXCXXGGXXXDX
5f2b3534c6f997007ee3185d,XGMDV
5f2b3534c6f997007ee3185f,ARGYYDFWNHPFDY
5f2b3534c6f997007ee31864,ARRKGGANDYYFDY
5f2b3534c6f997007ee3186c,ERQNLCSSTSCYTTFLLLLRYGR
5f2b3534c6f997007ee31870,AKVRTEGYEDYGLGSLKGGAFDI
5f2b3534c6f997007ee31873,FDY
5f2b3534c6f997007ee3187a,EXVEGCGYYXLPXL
5f2b3534c6f997007ee31885,AREAVAGTGGRWSAFDI
5f2b3534c6f997007ee3189e,ARSMAGDYGGDWYYY
5f2b3534c6f997007ee318a0,ARGYSYGYGDPISFDY
5f2b3534c6f997007ee318a9,ARDIXXXXXXGXXXXXDY
5f2b3534c6f997007ee318ae,ARGTPSGPVAGLDDY
5f2b3534c6f997007ee318af,ARENPEKYSSSFEYYYYGMDV
5f2b3534c6f997007ee318b7,ARRVEPYYYGMDV
5f2b3534c6f997007ee318c7,XRXLXXDDXAVXXCARDMEQLVGCVGY
5f2b3534c6f997007ee318c8,ARFRAATSTYYYYYYGMDV
5f2b3534c6f997007ee318cf,XXXXXXXXGXXXXTADESTXXAYMELXSLXSEXTAVYYCARXFXPRIATARFDP
5f2b3534c6f997007ee318d4,EXXXRXL
5f2b3534c6f997007ee318d8,ESPQGRPSGTSCYRSPLLLLRYGR
5f2b3534c6f997007ee318ea,RXXXWXXXLTT
5f2b3534c6f997007ee318ee,AREXYGXGGLQLWYFDY
5f2b3534c6f997007ee318f2,ARDVCCGGDSYYGMDV
5f2b3534c6f997007ee318f3,AXXXXXXWSGXYDX
5f2b3534c6f997007ee318fa,ARRGDNCGSXNYFDY
5f2b3534c6f997007ee31912,ERRRGSSLRYGR
5f2b3534c6f997007ee31916,ARARYCSGGSCYTGVGYFDY
5f2b3534c6f997007ee3191b,ARQGAAADPVVYYYYGMDV
5f2b3534c6f997007ee3191d,AREGAYNWNYGLYAY
5f2b3534c6f997007ee31925,ESENLCSSTSCYTTFLLLLRYGR
5f2b3534c6f997007ee3192c,ARGFSGGWREGNYFDY
5f2b3534c6f997007ee3192d,VYXXAXHXXXXVTXIVVVXXXGXXXX
5f2b3534c6f997007ee31932,ARGAAGKWLDY
5f2b3534c6f997007ee31938,XXXXXXXXXXXVXXPXXXXYYYGMDV
5f2b3534c6f997007ee3193f,ARVGEEQQLAPNDY
5f2b3534c6f997007ee31940,ASRRGAAAGTNY
5f2b3534c6f997007ee31941,XMDV
5f2b3534c6f997007ee31943,TTDRDDFWSGYYHGHFSHWQH
5f2b3534c6f997007ee31945,AKAYERRDPILDAFDI
5f2b3534c6f997007ee31948,XXXX
5f2b3534c6f997007ee3194c,ARDRTIFGVEPQRYFDY
5f2b3534c6f997007ee3194d,XHGRVLLCEXXXEXXXXXXXYYYGMDV
5f2b3534c6f997007ee31958,ARHGEEVTIFGVVIVGPVVGFDY
5f2b3534c6f997007ee3195c,ARERXYDXMGLXXDY
5f2b3534c6f997007ee3195d,ERSXRRXDXLLLXXRYGR
5f2b3534c6f997007ee3196c,EXXXRXSXSWXXXL
5f2b3534c6f997007ee31978,ARHXSSGGYGGRGDFDY
5f2b3534c6f997007ee31982,ARXXPGXXXXFDY
5f2b3534c6f997007ee31983,ARDXXWSGXYYYXGMDV
5f2b3534c6f997007ee31989,ARVXPSLVVAADYYYYGMDV
5f2b3534c6f997007ee3198b,ARGLFTGYKF
5f2b3534c6f997007ee3198c,AXXDFXSGNLXXFDX
5f2b3534c6f997007ee3199e,ARDVCCGGDSYYGMDV
5f2b3534c6f997007ee3199f,AXDVCCGGDSYYGMDV
5f2b3534c6f997007ee319a0,ARLGRNAFDI
5f2b3534c6f997007ee319a3,AREELNYYYGMDV
5f2b3534c6f997007ee319a4,ARDXSXXAGXAFDY
5f2b3534c6f997007ee319aa,SRDVVPVRLASNYYYYYGMDV
5f2b3534c6f997007ee319ae,ATGSRNGNSVWYFDL
5f2b3534c6f997007ee319b1,TFDY
5f2b3534c6f997007ee319b5,RXXXXILLLVPATXTTVWTS
5f2b3534c6f997007ee319b6,XXXXXXXXDX
5f2b3534c6f997007ee319b8,AXXXXXXYSXYXXDX
5f2b3534c6f997007ee319bb,ARVRAATSTYYYYYYGMDV
5f2b3534c6f997007ee319c0,ARSIDDIHRGLVTPKYYYYYYGMDV
5f2b3534c6f997007ee319c1,ARDFNSVGYSYGLSDY
5f2b3534c6f997007ee319c8,AYMXXXXLXXEDTAVYYCXTXXAXXDAFDI
5f2b3534c6f997007ee319d5,AKDRKGVGYYDSSGIAEYFQH
5f2b3534c6f997007ee319eb,EEYRNGR
5f2b3534c6f997007ee319f9,AXDRXWALXXDY
5f2b3534c6f997007ee31a02,ARDLRNSDAFDI
5f2b3534c6f997007ee31a11,SXXXSXNQXSLKLXSVTAADTAVYYCARLRDAFDI
5f2b3534c6f997007ee31a14,ARDVEWSSTSCYAHSRDH
5f2b3534c6f997007ee31a17,ARIRASLLNY
5f2b3534c6f997007ee31a19,AGEGGRGIVVDNWFDP
5f2b3534c6f997007ee31a1b,AXXGXGGXXDY
5f2b3534c6f997007ee31a1c,ARPRYWNYYGMDV
5f2b3534c6f997007ee31a23,ERSRGYSSDWYKLLGVQLVRP
5f2b3534c6f997007ee31a24,ARXXXXGTXXNWFDP
5f2b3534c6f997007ee31a25,AVYYCARGXXTIVXXXXTXXFDY
5f2b3534c6f997007ee31a28,XDXXVYYCARXXXXXXXVVXXXXRSYXXXX
5f2b3534c6f997007ee31a30,ARERITMIVYYGMDV
5f2b3534c6f997007ee31a32,AKXXXXAXAGAXFDY
5f2b3534c6f997007ee31a34,ARGPFAGAAAGTPYYYYGMDV
5f2b3534c6f997007ee31a42,TXXXTAVYYCAXPVKWLVLXXXXXXX
5f2b3534c6f997007ee31a4f,ARVTATGTPYFDY
5f2b3534c6f997007ee31a54,ARGEGESQLLFRSLVGVLDN
5f2b3534c6f997007ee31a55,DTSKNXXXLXXXXXTAADTAVYYCAXXXGXSDXXYXXXGWFDP
5f2b3534c6f997007ee31a64,ARDNGFRFSQFFDP
5f2b3534c6f997007ee31a69,ARXXXXXAGXRLVYFDY
5f2b3534c6f997007ee31a6b,AXRRGSSWLTHNXFDP
5f2b3534c6f997007ee31a74,ARERAIVVVPAPGSNAFDI
5f2b3534c6f997007ee31a88,ERXGXXXQWRLSXPXXRL
5f2b3534c6f997007ee31a89,AGEPARGGVVITSVLGMDV
5f2b3534c6f997007ee31a8a,ARXRXFWSGYSCXYVDY
5f2b3534c6f997007ee31a8b,ARGLGYCSGYXWFDY
5f2b3534c6f997007ee31a99,ARKHELGGWREGDAFDI
5f2b3534c6f997007ee31aa2,ARDGSQLLLTRYYYYGMDV
5f2b3534c6f997007ee31aa3,ARARXXXYXGWYYYGMDV
5f2b3534c6f997007ee31aa6,ETGPLRCLPPFQLVRP
5f2b3534c6f997007ee31aab,RXXXWXXAAXXGXTTGSTP
5f2b3534c6f997007ee31aad,ATIRVEMATIEDNWYFDL
5f2b3534c6f997007ee31ab0,XAVYYXARKLGSGYDSAAL
5f2b3534c6f997007ee31ab5,ARXXXXXXXFMVPYYFDY
5f2b3534c6f997007ee31ab8,ASEAATTWGDYYYYGMDV
5f2b3534c6f997007ee31ab9,TSALGSFSDL
5f2b3534c6f997007ee31aba,AREYSSSYRAFDI
5f2b3534c6f997007ee31abe,AKEAGNYYDSSGADGAFDI
5f2b3534c6f997007ee31ac0,ARQAGTTGPXGGFDY
5f2b3534c6f997007ee31ac9,ARGGLGYYDFWSGFHDWFDP
5f2b3534c6f997007ee31acc,ARDRAIVVVPADPSWFDP
5f2b3534c6f997007ee31ad0,AKDRGSAAAPEYYSMDV
5f2b3534c6f997007ee31ad7,AXXXLXSLRSEDTAVYYCASXSXYYXSXXYGMDV
5f2b3534c6f997007ee31ad9,XXAXMXXXXXXXDXTAVYYCARXXXXXXEPXXXX
5f2b3534c6f997007ee31add,XXXXXXXXGXXTXFDX
5f2b3534c6f997007ee31ae2,EGALLWFGEGEVVLLLRYGR
5f2b3534c6f997007ee31aeb,ERSQEMATN
5f2b3534c6f997007ee31af3,TRPRGYVGYDYPAYENWFDP
5f2b3534c6f997007ee31af5,AXDPYYFDNGGSYSLPQYFQY
5f2b3534c6f997007ee31af9,ARAVDEGFVVVPAANYGAFDI
5f2b3534c6f997007ee31b00,REAGIAPDRMLLIS
5f2b3534c6f997007ee31b05,ATGNYGDKGDHDY
5f2b3534c6f997007ee31b07,ARDYAFTIFGVSYYYYGMDV
5f2b3534c6f997007ee31b14,ARXXXRRXXGXXXXYYYYGMDV
5f2b3534c6f997007ee31b17,ARGWGDFWSGIHCYYYYGMDV
5f2b3534c6f997007ee31b1a,XXXYAIDY
5f2b3534c6f997007ee31b20,ARREPTAMAYDY
5f2b3534c6f997007ee31b21,ARDLNGVYSSASGAFDI
5f2b3534c6f997007ee31b22,ARGPDCSGGYCSIGSYYFDY
5f2b3534c6f997007ee31b24,AREXXGSNXTXXFDY
5f2b3534c6f997007ee31b2b,ARDLESGAKRHIAVAPSVGP
5f2b3534c6f997007ee31b30,AXXLGDRGV
5f2b3534c6f997007ee31b31,ARGTGNSWFDWFDP
5f2b3534c6f997007ee31b39,ARAGRFKXVXXYXGAFDX
5f2b3534c6f997007ee31b4d,AXTVXX
5f2b3534c6f997007ee31b50,AXGEYRVAAAAN
5f2b3534c6f997007ee31b52,ARGPRNDYYYYGMDV
5f2b3534c6f997007ee31b56,ARGXXRXAXXAAXGYYYXGMDV
5f2b3534c6f997007ee31b57,XXXXRFDX
5f2b3534c6f997007ee31b5a,VRLRRTGNNVRGWFGP
5f2b3534c6f997007ee31b62,XXXXGMXX
5f2b3534c6f997007ee31b64,ARASSGCDY
5f2b3534c6f997007ee31b70,ARAKLAAARRRRQSHDAVDI
5f2b3534c6f997007ee31b74,ARNRGTGTTEGHYYYYGMDV
5f2b3534c6f997007ee31b75,ARLGLTYCSSTSCLNWYFDL
5f2b3534c6f997007ee31b7b,ARDRDIVVVPAAITMYGMDV
5f2b3534c6f997007ee31b80,XXXXXXXXXXGXXXXXXTXXXTGXXXXDY
5f2b3534c6f997007ee31b81,ARDLGTAIVPTAILQFGTFDI
5f2b3534c6f997007ee31b83,ASARFGVVIGYGY
5f2b3534c6f997007ee31b84,ASCGPRAGGYYYYGMDV
5f2b3534c6f997007ee31b85,ARGGDYXGSSGYCYXDY
5f2b3534c6f997007ee31b87,AKGLPSRYFDSWGQXXXXXXXXXXXXXXXGRXXXXXXXXKXXLXLXMNSLGAEDTGVYYCAKGLPSRYFDS
5f2b3534c6f997007ee31b88,ARGVKIRSGVGGSLPGS
5f2b3534c6f997007ee31b9b,ARKXYYXDSSGYSYDY
5f2b3534c6f997007ee31b9e,AKDXGXXSTGWYDGFDL
5f2b3534c6f997007ee31ba1,DX
5f2b3534c6f997007ee31bb0,ARRRSSVGGYFDL
5f2b3534c6f997007ee31bbb,ARGLHVLWCGELWGGY
5f2b3534c6f997007ee31bc0,EXXEXSXSWYGX
5f2b3534c6f997007ee31bc5,ERXXPRIQLWCGL
5f2b3534c6f997007ee31bc8,ARXRXXXTTXAVXCQXWFDP
5f2b3534c6f997007ee31bd1,ARGXRQRMLXRDY
5f2b3534c6f997007ee31bd3,ARDTSSIAARRRDYYGMDV
5f2b3534c6f997007ee31bd7,ERXTMXXFWSGYGPVRP
5f2b3534c6f997007ee31bd8,ATGSRNGNSLWYGLDL
5f2b3534c6f997007ee31bda,ATGSRNGNSVWYFDL
5f2b3534c6f997007ee31bdb,ARXXXXGAAGXYYYYGMDV
5f2b3534c6f997007ee31be3,AKXXXSXXXXXXAFDI
5f2b3534c6f997007ee31be6,ETHQWXXL
5f2b3534c6f997007ee31be7,XXXXXXMDX
5f2b3534c6f997007ee31be8,ARDHRVAAAGNYYYYGMDV
5f2b3534c6f997007ee31bf1,XXXXXXXXLXYXX
5f2b3534c6f997007ee31bf2,AXRGSSWYYFDY
5f2b3534c6f997007ee31bfa,ARSSREAPNWFDP
5f2b3534c6f997007ee31bfc,ARDYPSSGWALRG
5f2b3534c6f997007ee31c06,ARDDIVVVPAAEHGGWFDP
5f2b3534c6f997007ee31c0b,RGVEXXXQLXXSTT
5f2b3534c6f997007ee31c10,AIGYYDFWSDYYPLDY
5f2b3534c6f997007ee31c15,XAXXTAVYYCAXAHYYGSGRVKWYYYYGMDV
5f2b3534c6f997007ee31c16,ARXXNXTRXVLVXXYWYFDL
5f2b3534c6f997007ee31c1c,ERSSRCGPSTVLVLRS
5f2b3534c6f997007ee31c1d,AILRGYYSY
5f2b3534c6f997007ee31c21,TRAFIAVAAPSYYYYYGMDV
5f2b3534c6f997007ee31c28,ERSPIVLWFGESVLLRYGR
5f2b3534c6f997007ee31c32,ARECGSSGSYCSRYCDY
5f2b3534c6f997007ee31c34,ARAIMITFGGVIARDWYFDL
5f2b3534c6f997007ee31c3e,EFPRESRGGVRP
5f2b3534c6f997007ee31c43,AKDGADSPGGWYFDL
5f2b3534c6f997007ee31c44,AKDTLPSSGWGWYYGMDV
5f2b3534c6f997007ee31c49,XXXXXXXXTVRXXXXXXPPXXXAFDI
5f2b3534c6f997007ee31c5d,ESELELRGGVGL
5f2b3534c6f997007ee31c63,LSSLGLGETAGYYCSRYPTLLVRNRETAGPTPTPYYYYGMDV
5f2b3534c6f997007ee31c64,XXXAXYXCARDFLXXXXXXXCXXGXGXXXXXXMDV
5f2b3534c6f997007ee31c65,XXSXXXXXTAVYYCAXXLXXXXXXXXWXGXXXAFDI
5f2b3534c6f997007ee31c68,ARAXREGGFDF
5f2b3534c6f997007ee31c6d,XGXXXXXXXGMXX
5f2b3534c6f997007ee31c72,AKEQYHYGAGSSDY
5f2b3534c6f997007ee31c79,ARGPQSTGYYSGDY
5f2b3534c6f997007ee31c80,AKERGYSYGSGGMDV
5f2b3534c6f997007ee31c84,ERXVXVXVXGXXXXXXRYGR
5f2b3534c6f997007ee31c90,LDY
5f2b3534c6f997007ee31c92,ARDRFSYGSFFDY
5f2b3534c6f997007ee31c97,EHRRAAAGTRFDY
5f2b3534c6f997007ee31c98,ARQVDTAMVGDY
5f2b3534c6f997007ee31c9d,GARISRGPA
5f2b3534c6f997007ee31ca0,VKARSRWELRHFDY
5f2b3534c6f997007ee31ca1,AXXRGGNXXSGTTIDY
5f2b3534c6f997007ee31ca2,AKDPGLDIDIGHWAGAFDI
5f2b3534c6f997007ee31cab,AKDKISGAYCTNGVCLGGGYYGMDV
5f2b3534c6f997007ee31cae,ARXXTXRYYDGSXXXXXXYFDY
5f2b3534c6f997007ee31cb0,ETTIKPGELVRP
5f2b3534c6f997007ee31cb1,GRGVGGSGSYYNG
5f2b3534c6f997007ee31cb4,ARXXXIXMIVVVPGXWXYGMDV
5f2b3534c6f997007ee31cb5,ARVTATGTPYFDY
5f2b3534c6f997007ee31cb6,ARAWGNSGWYSSAQDY
5f2b3534c6f997007ee31cb7,ARAWGNSGWYSSAQDY
5f2b3534c6f997007ee31cbd,EIGWFGELLYPSTQLLLLLRYGR
5f2b3534c6f997007ee31cd1,EHVADYSKLRYGR
5f2b3534c6f997007ee31cd4,AREFRLSKRSCDWLVKPSIIWYFDL
5f2b3534c6f997007ee31cd5,DY
5f2b3534c6f997007ee31cd6,RGSSSHTLDY
5f2b3534c6f997007ee31cd8,ARXLXXXAYXXXYYXXXX
5f2b3534c6f997007ee31cd9,AKVVCGGSCPGGYFDY
5f2b3534c6f997007ee31cdb,ARDQGXYWXSTXXYXXTXYYYGMDV
5f2b3534c6f997007ee31cde,ARSHDPSGSYSPPYFDY
5f2b3534c6f997007ee31ce4,ARDPTGGWFDP
5f2b3534c6f997007ee31ce6,ARXVXWVLQWWSFDY
5f2b3534c6f997007ee31ce7,ARGXIXXAAVAHXFDY
5f2b3534c6f997007ee31cec,ARGXXXTXLXVAVTYFDY
5f2b3534c6f997007ee31cee,ATALSSTNCYTCGMDV
5f2b3534c6f997007ee31cef,ASTAARERDYYYGMDV
5f2b3534c6f997007ee31cf0,GN
5f2b3534c6f997007ee31cf7,ARVEPSGSFHFDS
5f2b3534c6f997007ee31d00,ARDRXXGSCXDYFDY
5f2b3534c6f997007ee31d0b,RGGLMGVVVAATLLAT
5f2b3534c6f997007ee31d14,GGPYNWNSRDYYYGMDV
5f2b3534c6f997007ee31d16,RXXKXXXAT
5f2b3534c6f997007ee31d19,RDLVVVAPTTTTVWTS
5f2b3534c6f997007ee31d1b,VLLCXNXXXSSTSCSXWFDP
5f2b3534c6f997007ee31d1c,ESVVYRWSHIKVQLVRP
5f2b3534c6f997007ee31d28,AREGSSWTYYYGMDV
5f2b3534c6f997007ee31d2b,ARDGSTSCYGNRGYFDY
5f2b3534c6f997007ee31d2c,ARDGGXASYYDSSGPXFDY
5f2b3534c6f997007ee31d30,ARGGVRIAAAGTYSYNWFDP
5f2b3534c6f997007ee31d3f,CXXRXXGRVXLXXXXXXXGXXXX
5f2b3534c6f997007ee31d44,LXXXSVTAADTAVYYCARGEXXDAXXI
5f2b3534c6f997007ee31d45,ARXXDSTNXVYYYGMDV
5f2b3534c6f997007ee31d47,ERFGERVLECQYYGTPPRRL
5f2b3534c6f997007ee31d49,ERQQLVQCRYGR
5f2b3534c6f997007ee31d50,XXXXXQMXXLXXEXTXVYYCXXXXXXDXVXXXX
5f2b3534c6f997007ee31d52,ARGXXNEXXSSGXFDY
5f2b3534c6f997007ee31d54,AKXXLXRXXXXXFDX
5f2b3534c6f997007ee31d55,TRDGDPGYSSGWYGCDY
5f2b3534c6f997007ee31d56,AKDPQARYESYYFDY
5f2b3534c6f997007ee31d5a,DTAVYYCAXXXAGAXXGXXEYAXXX
5f2b3534c6f997007ee31d5f,ARHISSSVWFDP
5f2b3534c6f997007ee31d64,NSKNXXXXQXNSLRXXDTAVYYCAVXXXXYRX
5f2b3534c6f997007ee31d6c,LCITVXXXXXXGXXXGXXXKAGXXGYXGMDV
5f2b3534c6f997007ee31d70,AXAXXXAXXYYPXXXXLDY
5f2b3534c6f997007ee31d71,ERSREWLLVLLXLRP
5f2b3534c6f997007ee31d75,EXXXXGXXRXGXQLXXLLLLRYGR
5f2b3534c6f997007ee31d7b,ASNQLKRGGFDI
5f2b3534c6f997007ee31d7f,ETSGRLPWSGYPDYTFLRYGR
5f2b3534c6f997007ee31d82,ARVRSLRLGGSADHSQNAFDI
5f2b3534c6f997007ee31d84,ARDVGVGPYSYGYSLHYYGMDV
5f2b3534c6f997007ee31d99,TXVYXCAXXMGXPPTSEGGGTVDY
5f2b3534c6f997007ee31d9a,ARDPIGRLAHPMDV
5f2b3534c6f997007ee31d9f,ARGVGAXVGSTYDAFDY
5f2b3534c6f997007ee31da0,P
5f2b3534c6f997007ee31da1,ARGPVGVTVDY
5f2b3534c6f997007ee31da5,ARGKAARLTHDY
5f2b3534c6f997007ee31da8,AAIAARRVWNFDP
5f2b3534c6f997007ee31daa,ESXQXRXLEXXRLXXXXL
5f2b3534c6f997007ee31dad,ARAPYNDAFDI
5f2b3534c6f997007ee31dae,ARGDSVVVAAGTRXNFDY
5f2b3534c6f997007ee31dbe,X
5f2b3534c6f997007ee31dc6,AREXXGSDGDFDY
5f2b3534c6f997007ee31dc8,AKPRLDSGSYFDY
5f2b3534c6f997007ee31dcc,AREVEMATISHYYYYYGMDV
5f2b3534c6f997007ee31dd2,HATRGPSTVTTLITTTTTVWTS
5f2b3534c6f997007ee31ddf,RDMGESVVVVAATPAGPSTTTTVWTS
5f2b3534c6f997007ee31de3,ATDQLLLFDY
5f2b3534c6f997007ee31de9,ARMYSSSEDDALSSDGYFDL
5f2b3534c6f997007ee31ded,ARGATDCSSTSCYKDDDWYFDL
5f2b3534c6f997007ee31df0,ATIREELLIGMDV
5f2b3534c6f997007ee31df2,ARQGAAADPVVYYYYGMDV
5f2b3534c6f997007ee31e01,XXRLXXTVRXXVXXAXXXSXGXXXY
5f2b3534c6f997007ee31e07,ARHPPTSFDP
5f2b3534c6f997007ee31e0c,XX
5f2b3534c6f997007ee31e10,ETQLLSSRGWIQLWLPPPTRLLLLLLRYGR
5f2b3534c6f997007ee31e16,EDTAXYYXAXXXXXAXXXXFDX
5f2b3534c6f997007ee31e17,ERSLGRGSGTYL
5f2b3534c6f997007ee31e18,ERCKRCGGFWRWWILLLLRYGR
5f2b3534c6f997007ee31e19,AXXXSVFVAAAGNNWFDP
5f2b3534c6f997007ee31e1a,ARERYDSSGYYYFDY
5f2b3534c6f997007ee31e1b,EXRXGXXLXXL
5f2b3534c6f997007ee31e1f,ARDFSASYSRGHAFDI
5f2b3534c6f997007ee31e21,ASVQV
5f2b3534c6f997007ee31e22,AKXXXXXGGXXXYYFDF
5f2b3534c6f997007ee31e2b,ARQGAAADPVVYYYYGMDV
5f2b3534c6f997007ee31e30,ERRGTLELPQLVRP
5f2b3534c6f997007ee31e31,THPHCSSTSCPKLVRP
5f2b3534c6f997007ee31e36,ATDQRD
5f2b3534c6f997007ee31e39,AKEVSGSYYGDYYYGMDV
5f2b3534c6f997007ee31e40,ARSLAYGSGSYYGFDY
5f2b3534c6f997007ee31e42,ARDLTPYYDSSGYPA
5f2b3534c6f997007ee31e43,ARGLHVLWFGELWGGY
5f2b3534c6f997007ee31e49,ARATXWGVAGNYFDY
5f2b3534c6f997007ee31e4a,ARGXVIRITIFGVVPDYYFDY
5f2b3534c6f997007ee31e4f,ARXVVGATSXXXXXXXXXXXXXXXXTXXXXXXXXLXXVXXAXXAXXXXAXLVVGATSTKYYFDY
5f2b3534c6f997007ee31e57,ARDLNGVYSSASGAFDI
5f2b3534c6f997007ee31e5d,DV
5f2b3534c6f997007ee31e65,VRLGITMIVVDATGAFDI
5f2b3534c6f997007ee31e67,ARYYEYRTIFGVAYYYYGMDV
5f2b3534c6f997007ee31e6c,ARHSRRALVAVAGPAYYFDY
5f2b3534c6f997007ee31e7d,SSHKLLGNRRPSGVDAFDI
5f2b3534c6f997007ee31e7e,AREYXNGYSHXFDY
5f2b3534c6f997007ee31e8c,ARGGGVRRRRDYGMDV
5f2b3534c6f997007ee31e8d,ARXXILPXXEGDDYFDY
5f2b3534c6f997007ee31e8f,ARGVEGSIAAAGTKLGGPSFDY
5f2b3534c6f997007ee31e92,YGMDV
5f2b3534c6f997007ee31e94,ARGSRFISRGVIPSSDL
5f2b3534c6f997007ee31e9c,ARDVECSSTSCYAHSSDH
5f2b3534c6f997007ee31e9f,Y
5f2b3534c6f997007ee31ea0,XKXXXXXXXAXXXXTXPCXXXRXXVXXLXXXXXXXYAXDV
5f2b3534c6f997007ee31ea9,ARRGRKNWFDP
5f2b3534c6f997007ee31eab,GDY
5f2b3534c6f997007ee31ebd,ARXXXXXSXXXGIDV
5f2b3534c6f997007ee31ec1,AGDVEWSSTSCYAHSSDH
5f2b3534c6f997007ee31ecd,FDP
5f2b3534c6f997007ee31ed1,XXXAVYYXVIEVDGDDAFDI
5f2b3534c6f997007ee31ed2,ARPXXXSSXXXXXLXXXXXXXXXXXXXXXXXXXXXQXXXXXXXXXPEXXXXGXXLLXETXAGXQXXXLSXXXXX
5f2b3534c6f997007ee31ed5,XDY
5f2b3534c6f997007ee31ee6,XXXXXXXXXXXXTAXXXCXRXXXXGXTVLXXYXVGXXFDY
5f2b3534c6f997007ee31ee8,AVYYCAXGXXXGAXNSXYYFDY
5f2b3534c6f997007ee31ee9,EVPPPDTHCPLLLVLRS
5f2b3534c6f997007ee31eec,XXXRXXXTMXXGXXSNWFDP
5f2b3534c6f997007ee31eed,XXVLLCEXXXXXTXXXVXGXHTXFDX
5f2b3534c6f997007ee31ef9,PRWTFYDYVWGS
5f2b3534c6f997007ee31efc,ARAGGPYSGSYWDASDI
5f2b3534c6f997007ee31f01,XXDX
5f2b3534c6f997007ee31f03,ARRDSGYEPSRLPFDY
5f2b3534c6f997007ee31f0a,AXXXXXXDSSGWYXTXXYWFDP
5f2b3534c6f997007ee31f0c,LXSXTAADTAVXYCARGAXXXDXWXXXGXXDY
5f2b3534c6f997007ee31f0d,RELWIQLWLVGPLTT
5f2b3534c6f997007ee31f0e,ARGLGGIGVVAATGGSFGMDV
5f2b3534c6f997007ee31f13,AXSSXXXVTALVCFDX
5f2b3534c6f997007ee31f14,SCYYFDY
5f2b3534c6f997007ee31f1c,AKGASYYDADEASEWGFDY
5f2b3534c6f997007ee31f1e,AKGASYYDADEASEWGFDY
5f2b3534c6f997007ee31f20,AXAASYYGXGEASEWGXDY
5f2b3534c6f997007ee31f28,AREGIAVAVYWFDP
5f2b3534c6f997007ee31f2b,ARGXPNSGGXPXAFDI
5f2b3534c6f997007ee31f2c,ITVRDXXXXIXVXXXLXPXXREYWYFDL
5f2b3534c6f997007ee31f31,XXXXXXXXXXXXXXXXXXXXXXAXXXXXXXCITVXEGXXXGXTXXXFDX
5f2b3534c6f997007ee31f34,ARDLXECTCCXCGVDY
5f2b3534c6f997007ee31f37,RQPSVVPTAIRAVWTS
5f2b3534c6f997007ee31f38,ENEDGTTAQLLLLLRYGR
5f2b3534c6f997007ee31f3e,ARDPMGYCSSTSCQPTDFSIDY
5f2b3534c6f997007ee31f3f,ARVGREPFESPSGSYWGGAFDI
5f2b3534c6f997007ee31f40,ATDRLHGSGSYYNVPSTGYFDY
5f2b3534c6f997007ee31f4f,RGSIPEWQQLVGVRG
5f2b3534c6f997007ee31f55,EPXDSXKXIYDILTGPYYYYGMDV
5f2b3534c6f997007ee31f57,RGNYSLRLATMLLIS
5f2b3534c6f997007ee31f69,ARCGVPMGYDSSGGWFDP
5f2b3534c6f997007ee31f6c,RDVREFTLEWLSRLYVPTVWTS
5f2b3534c6f997007ee31f7a,XXXXXXXXXXXXXXLVLRS
5f2b3534c6f997007ee31f87,AHGGLNHDILTGWRDDAFDI
5f2b3534c6f997007ee31f8b,ARAASSNWFDP
5f2b3534c6f997007ee31f92,I
5f2b3534c6f997007ee31f94,ERLLVRGLRYGR
5f2b3534c6f997007ee31f98,ARDREWITCYYFYYGMDV
5f2b3534c6f997007ee31f9c,AXSVSGLRFLEWFGHNMDV
5f2b3534c6f997007ee31f9d,ARPEGYGSCSSYYDGFDV
5f2b3534c6f997007ee31f9e,XPXXRXCITVRVLXXRXXDY
5f2b3534c6f997007ee31f9f,REIXMXXGXXGGST
5f2b3534c6f997007ee31fa5,ARINGRQLLSEYEV
5f2b3534c6f997007ee31fac,EXXXXXXRXLLRYGR
5f2b3534c6f997007ee31fad,EXAXXXYXXXLXXRP
5f2b3534c6f997007ee31fb1,XXXXXSAGP
5f2b3534c6f997007ee31fb2,ARVIFGDYESYYYYGMDV
5f2b3534c6f997007ee31fb3,ARHLDVSSPFDY
5f2b3534c6f997007ee31fb5,ARGRXXXXRGXAXXYYLDY
5f2b3534c6f997007ee31fbe,ARGAGSSWFDY
5f2b3534c6f997007ee31fc7,AREGDPRTTSYYYYYSGMDV
5f2b3534c6f997007ee31fc8,AXTXXXXXDX
5f2b3534c6f997007ee31fcf,ARAGYCSSTSCYRLGLEYYFDY
5f2b3534c6f997007ee31fda,NSLRXEXTAVYYXAKPVAAXNXDX
5f2b3534c6f997007ee31fe5,ATHTDADYYVPLDN
5f2b3534c6f997007ee31fe8,MDV
5f2b3534c6f997007ee31ff1,REAPIWRRDQLPPGSTP
5f2b3534c6f997007ee31ff5,XXKXXXXXXADTAVYXCAXXXXXGXMXEGSDY
5f2b3534c6f997007ee31ff8,AYSSSGYFDY
5f2b3534c6f997007ee31ffb,ARPVGLNWVDP
5f2b3534c6f997007ee31ffc,AGQFCRGTTCYFDF
5f2b3534c6f997007ee32004,TAVYYCARXVGIAAXLXXFDY
5f2b3534c6f997007ee3200e,AKRLLDYGDRGGDYYYYYGMDV
5f2b3534c6f997007ee32010,AKDRGSTNWYGGIDY
5f2b3534c6f997007ee32017,ARWSRPANDFWGGYYIPPGSSSWYLDY
5f2b3534c6f997007ee32027,EXXXXXQXXCGXXXXLRYGR
5f2b3534c6f997007ee32028,VRDFPRAIGDY
5f2b3534c6f997007ee32032,ARVXGXXXYFDY
5f2b3534c6f997007ee32033,XRXRXXITVRXXXXXVAGXXXXYXXXX
5f2b3534c6f997007ee3203a,XXGXDV
5f2b3534c6f997007ee3203b,ARDKRISSSYGGNWFDY
5f2b3534c6f997007ee3203d,KSYWYGGEQLVRL
5f2b3534c6f997007ee32048,ERXXGXGXWXYLLLLRYGR
5f2b3534c6f997007ee3204c,AXGGGYCSGGSCYLDY
5f2b3534c6f997007ee3204d,ARTAGEYQLPYYYYGMDV
5f2b3534c6f997007ee3204f,ARXXEXQXATRXDY
5f2b3534c6f997007ee32051,QI
5f2b3534c6f997007ee32059,TTARRRGSSDY
5f2b3534c6f997007ee3205e,AKGATPTRDLIDY
5f2b3534c6f997007ee32060,AKGATPTRDLIDY
5f2b3534c6f997007ee32062,AKDXXXXATTGVXLDY
5f2b3534c6f997007ee32066,DX
5f2b3534c6f997007ee32067,XXXXXXXXXXXXXXKXXXXXXXXXXDX
5f2b3534c6f997007ee32070,ARVDCSSTSCYGEPNWFDS
5f2b3534c6f997007ee32071,ARVDCSSTSCYGEPNWFDP
5f2b3534c6f997007ee32075,ASLTLRYFDWSGD
5f2b3534c6f997007ee32078,AGRYCSSTSCYMAYSSGWGGFDY
5f2b3534c6f997007ee32083,AKXXXXXPVXXVXXXXXYYYYGMDV
5f2b3534c6f997007ee3208e,ATGPRGGKGSGDSSPFDY
5f2b3534c6f997007ee3209d,ARVTATGTPYFDY
5f2b3534c6f997007ee3209f,ERRVRAAAEKVQLRYGR
5f2b3534c6f997007ee320a2,ARDXGDSSGYXXELDY
5f2b3534c6f997007ee320b4,AAXXAVXYXAXXGSYSRDFDY
5f2b3534c6f997007ee320b5,TRVTQLPHGSGYYADAFDI
5f2b3534c6f997007ee320b9,ARDRVVPAAILXYWGQGTLXXVXXXXXXXXXXXXGXVXXTXXTXXSTAYMXLSSLRSEDTAVYYCARDRVVPAAILGY
5f2b3534c6f997007ee320bd,YYYYGMDV
5f2b3534c6f997007ee320d1,YGXDY
5f2b3534c6f997007ee320d4,ARXXGIVAAXXXYDY
5f2b3534c6f997007ee320db,ANLETSAFDV
5f2b3534c6f997007ee320dd,ARDLTGGVVPAARTSYYYYGMDV
5f2b3534c6f997007ee320e1,AXTAXYYXARGRGRTGEFDY
5f2b3534c6f997007ee320e6,ARXXXGXXYYDYXXXX
5f2b3534c6f997007ee320ea,XLXTRPXITXXXXXXLXXFDWSGD
5f2b3534c6f997007ee320eb,XXTAVXXXARXXAXXGXYXRWFDP
5f2b3534c6f997007ee320f0,ARVGATRAHYRDSSCYYNGVDY
5f2b3534c6f997007ee320f4,ARXXXXSXXXXXYYYYYGMDV
5f2b3534c6f997007ee320f5,ARERVGTAMVGMLFGXDY
5f2b3534c6f997007ee320f7,XRDXXXGXXXYYYYGMDV
5f2b3534c6f997007ee320f9,ARVHQRKNWFDP
5f2b3534c6f997007ee320fb,REMYLRT
5f2b3534c6f997007ee320fc,Y
5f2b3534c6f997007ee320fe,ARVPYCSSTSCRWADV
5f2b3534c6f997007ee32102,ARVGYGGSTSCQYALDV
5f2b3534c6f997007ee32107,XXY
5f2b3534c6f997007ee3210a,ETCXVXXXGSVRL
5f2b3534c6f997007ee3210f,ARDPTSYDFWSGYRFHTNWFDP
5f2b3534c6f997007ee32115,ARDRGSITIFGVIYVGMDV
5f2b3534c6f997007ee32116,ARSPTKGGNWFDP
5f2b3534c6f997007ee3211f,ESTXVLRXLEWLQLRYGR
5f2b3534c6f997007ee32137,ARMHRGXHYGIDF
5f2b3534c6f997007ee32144,ARGSGWPYYFDY
5f2b3534c6f997007ee3214d,ERAYSSSWYGRQ
5f2b3534c6f997007ee3214e,AXGTSDPHAFDI
5f2b3534c6f997007ee3214f,XXXXXGXXXGLVMDV
5f2b3534c6f997007ee32152,ERGEDYDFWSGYQTLLLLRYGR
5f2b3534c6f997007ee3215b,ERXXLVWXXLPXL
5f2b3534c6f997007ee3215f,TXADTAVYYCARXXXDGNYGXY
5f2b3534c6f997007ee32162,ERXRELWPGRL
5f2b3534c6f997007ee32166,XXXXXXXXXXXXXXXXXXXXXXDXXXXXXIXVXXXAXXXXXXXXPXXFDX
5f2b3534c6f997007ee3216f,ARDCRLSKRYFDGLVKPSIIWYFDL
5f2b3534c6f997007ee32179,ARRTTGARTYFDY
5f2b3534c6f997007ee32181,ARDSTIFGSGSEDYFDY
5f2b3534c6f997007ee32191,ATLAVSG
5f2b3534c6f997007ee32195,XXXXXDY
5f2b3534c6f997007ee32197,RRGSVVVPAASRTTCTSIS
5f2b3534c6f997007ee3219f,AYSSSSYSDY
5f2b3534c6f997007ee321a1,XXXXXXXCXXXXXXXXXXXXGXXXXAXXFDI
5f2b3534c6f997007ee321aa,ARGSGPARLYYYDSSGYRDDAFDI
5f2b3534c6f997007ee321ab,ARGLRVVRAAANWFDH
5f2b3534c6f997007ee321b8,ERSVPQRL
5f2b3534c6f997007ee321c1,ARAXXXXDWXGXXGXXNWFDP
5f2b3534c6f997007ee321c9,ARERFGFGVVTKEYYGMDV
5f2b3534c6f997007ee321d4,ARVPPKTLVVPAATWAYYYGMDV
5f2b3534c6f997007ee321d6,ARDWLPYYDFWSDILGAFDI
5f2b3534c6f997007ee321d9,ARDXXHGYYNSSGYLDY
5f2b3534c6f997007ee321dd,ARHEGYYDFWSGPKASYGMDV
5f2b3534c6f997007ee321de,AGPGYPGDQQ
5f2b3534c6f997007ee321e3,ARVRRYNWNYSYGMDV
5f2b3534c6f997007ee321e5,XXXXXXXXXXXXXXXAXXXPXWFDP
5f2b3534c6f997007ee321e7,ARDPGHQTKYCSSTSCPWPTNYYGMDV
5f2b3534c6f997007ee321e9,GXXXDY
5f2b3534c6f997007ee321eb,XXXYYXXMXX
5f2b3534c6f997007ee321f9,ARGRDYXXCSGXYXXYGMDV
5f2b3534c6f997007ee321fa,ARLLGSDALDI
5f2b3534c6f997007ee321fc,AREGFWSGYPQHYYYYYGMDV
5f2b3534c6f997007ee32215,TAXXXAXYYCAXXXTXXDAFDI
5f2b3534c6f997007ee3221d,AXGDNPPDYYDSTDDAFDI
5f2b3534c6f997007ee32221,ASTPINVLRYFDRSGWFDP
5f2b3534c6f997007ee32222,ARGXXQLQCGDDAFDI
5f2b3534c6f997007ee32232,XEVXXXDY
5f2b3534c6f997007ee32236,ARDGNWNPTGRPFFDY
5f2b3534c6f997007ee3223b,ARDDSSCGNDGWFDY
5f2b3534c6f997007ee32244,AXXSXXVGXTXDY
5f2b3534c6f997007ee32245,AXXXVRXXTXXXYGMDV
5f2b3534c6f997007ee3224b,XXSKNXXXXKLSSVTAADTAVXYCARXXXWXVXY
5f2b3534c6f997007ee3224d,ASFDYPSGY
5f2b3534c6f997007ee32253,ARYQAVRATERYNAFDI
5f2b3534c6f997007ee32255,ARTKLHYSGGWFDP
5f2b3534c6f997007ee3225b,XXXHVXXTXXQLVRP
5f2b3534c6f997007ee32264,XTAVXYCXXXXXGXXTXFDY
5f2b3534c6f997007ee32266,ERGXXXXXLLLRYGR
5f2b3534c6f997007ee32267,ERVCWKRYSSSWYFRL
5f2b3534c6f997007ee32268,ERSLAWL
5f2b3534c6f997007ee32273,ARXXXXSSSYHNTXYFDY
5f2b3534c6f997007ee32279,XXXXXXXXXGXDX
5f2b3534c6f997007ee3227e,ARAEXRSYGSGDYYYGMDV
5f2b3534c6f997007ee32286,ARRRVRITMVRGVIGYFDY
5f2b3534c6f997007ee32298,YXXXGXDX
5f2b3534c6f997007ee322ad,XXXXXXXXXXXXXXXXXXDX
5f2b3534c6f997007ee322b7,RXTXVXXRLTT
5f2b3534c6f997007ee322bd,ARXXXXVAGTTXYYYYGMDV
5f2b3534c6f997007ee322c5,ARAKGDYDFWSGYLSSDY
5f2b3534c6f997007ee322cb,NAKNTVYLQMNSLRAEDTAVYYCASRLGY
5f2b3534c6f997007ee322cf,AGAEGGCSSTSCYRYNWFDP
5f2b3534c6f997007ee322dd,ARGVVVIDPVRVNWFDP
5f2b3534c6f997007ee322e1,ARGAGSSWFDYWGXXXXXXXXXXXXXXAXXXAXYXXXXGAGSSWFDY
5f2b3534c6f997007ee322e2,XXXXXXXCXXXXGXXXXXXPXXXYYYGMDV
5f2b3534c6f997007ee322e3,RVERGGGGVISLGLLLLRYGR
5f2b3534c6f997007ee322e8,ARRSRGTWPFDY
5f2b3534c6f997007ee322ed,ETDKPKLARVCLVLVRP
5f2b3534c6f997007ee322f3,ARSEDSSSWYWAFDI
5f2b3534c6f997007ee322ff,AXXXRPCGGXLDY
5f2b3534c6f997007ee32302,ENLRRLYCSSTSCQGVLVRP
5f2b3534c6f997007ee32303,XXXXXLXXRPXXXVRP
5f2b3534c6f997007ee3230a,AREQHTMIVAKPRGAFDI
5f2b3534c6f997007ee3230e,YFDX
5f2b3534c6f997007ee32318,AXGXXWCXXXYXFDX
5f2b3534c6f997007ee32321,ARGRGIKADYDFWSADAFDI
5f2b3534c6f997007ee32322,TTDPVSSSHWKDAFDI
5f2b3534c6f997007ee32325,FDX
5f2b3534c6f997007ee3232f,AXLVXXQGXXV
5f2b3534c6f997007ee32335,ARXXXXXXXXXXXXXXXXXXXXXXXXXKXXXXLQMXXXXXXXXXXXYXARGXXXSXXXXXXXPXXXXXXXXX
5f2b3534c6f997007ee3233f,AREGGGATKFLHAFDI
5f2b3534c6f997007ee32340,ARDXLGRVALPXXCFDY
5f2b3534c6f997007ee32341,GGGGGIALMLLIS
5f2b3534c6f997007ee32342,XXXXPXTRPCITVXXXRGGXXGWRYFXX
5f2b3534c6f997007ee32349,ARXEVYSXSXGXFDY
5f2b3534c6f997007ee3234b,ARRTNWNDEGGENWFDP
5f2b3534c6f997007ee3234d,RENXXXVAXXXSXTTTVWTS
5f2b3534c6f997007ee32353,ARSPLLGYSSQDAFDI
5f2b3534c6f997007ee32356,ARGXXXXXEGDYFDY
5f2b3534c6f997007ee3235e,REVGTPITIFGVVITLTT
5f2b3534c6f997007ee32365,ARYCSSTSCYNYYYYYGMDV
5f2b3534c6f997007ee3236e,AXXXXXXXXXVGATVXXDY
5f2b3534c6f997007ee32370,AXXXGGXXACCYYYYGMDV
5f2b3534c6f997007ee32373,ERRSVSGYSSPLRYGR
5f2b3534c6f997007ee32374,ARXXXXXAXTGXDY
5f2b3534c6f997007ee32379,REIPIGWGSGSYYFRSSGKTGSTP
5f2b3534c6f997007ee32388,AKDRDRVYGDYFPLFDY
5f2b3534c6f997007ee3238a,ARDKRYCSSTSCYKVDYYYGMXXXAXXXXXXXXXXDXXXCSSTSXXKVDYYYGMDV
5f2b3534c6f997007ee3238c,ARDXXGXCXYYYYYGMDV
5f2b3534c6f997007ee32391,XTXXXXXXXXXXL
5f2b3534c6f997007ee32392,AKVPHYNDGSGLHXFDX
5f2b3534c6f997007ee32398,XRDXXXXTXXGVVIPXIXXXXXDX
5f2b3534c6f997007ee3239b,ARXGGXGXXXXXXXYYGMDV
5f2b3534c6f997007ee3239c,ARGXXXXXXXXXYYFDY
5f2b3534c6f997007ee3239d,AAXXAVYXXAXRXXQLWXXRXXXNXWGFDP
5f2b3534c6f997007ee323a7,ARGRPRIAARRGMDV
5f2b3534c6f997007ee323a9,ARGSEESYGWRDY
5f2b3534c6f997007ee323aa,ATTMLASPYYFDY
5f2b3534c6f997007ee323c1,AKVDCSGGSCSSPFDY
5f2b3534c6f997007ee323cf,ARAYXXCXXXXXNXXXDSXKGRFTISRXNSKNTLYLQMNSLRAEDTAVYYCARDHDGSSGGKYFDY
5f2b3534c6f997007ee323d4,ERSPGSCKGQGPSV
5f2b3534c6f997007ee323d7,XXXXXXXAADTAXYXXARAYYGDNWYFDL
5f2b3534c6f997007ee323df,ARDXXYSSXDDXFDY
5f2b3534c6f997007ee323e3,XXXXXXXGX
5f2b3534c6f997007ee323f5,AXXTAXXXCARXLXXGDXPXXXDY
5f2b3534c6f997007ee323f7,ASVGDGYPPFDY
5f2b3534c6f997007ee323ff,LXXXRSXDTAVYXXAXXXXGXWXSPXY
5f2b3534c6f997007ee32401,ATGFIDYDFWSGYHYYYGMDV
5f2b3534c6f997007ee32409,RSPXAIVLMVYATVWTS
5f2b3534c6f997007ee32410,ASRYCSGGSCYVNAFDI
5f2b3534c6f997007ee32415,YGMDV
5f2b3534c6f997007ee32417,AXXXAXXXYYFDY
5f2b3534c6f997007ee3241a,ARGGVEYDPAREYYYGGMDV
5f2b3534c6f997007ee3242d,ARVSNGYYFDY
5f2b3534c6f997007ee32432,ARASGELYYYYGMDV
5f2b3534c6f997007ee3243a,AGRIVGASGLGHWFFDL
5f2b3534c6f997007ee3243c,ARAPRMCSSTSCYTGGRGFDY
5f2b3534c6f997007ee3243f,ARDLHPHSATRNWFDH
5f2b3534c6f997007ee32440,ARGPVAQXXEXTAGAGYFDY
5f2b3534c6f997007ee32448,ARDHSSSWYLYYYYGMDV
5f2b3534c6f997007ee3244a,ARAGLGSSWYGGNYYFDY
5f2b3534c6f997007ee32451,AKERTMIVVALDY
5f2b3534c6f997007ee32452,XYXXDX
5f2b3534c6f997007ee3245a,XXRXXXRALXLLRYGR
5f2b3534c6f997007ee3245f,XXGXXHXXQXQXQEXAVXANEQPESXGHGCVLLCEXXAXXSSXGAYYFDY
5f2b3534c6f997007ee32466,ERQSLRDDLYDFWTLQLVRP
5f2b3534c6f997007ee3246d,ARVLLLWFGEPRALDY
5f2b3534c6f997007ee32470,ERATRSRL
5f2b3534c6f997007ee32474,ARGRSYQLLSNWFDP
5f2b3534c6f997007ee32477,ARDRGGMGYDYVWGSYRYTGDAFDI
5f2b3534c6f997007ee32478,ARXGEYYGGGSYDCFDY
5f2b3534c6f997007ee32479,ARXRAGGLRXRYSXDAFDI
5f2b3534c6f997007ee32480,HFVQTNGGCFLRYGR
5f2b3534c6f997007ee32481,TTDLKDYDFWSGYYTGITDTDAFDI
5f2b3534c6f997007ee32490,ARXPXDIVVVPAAIXIPXGMDA
5f2b3534c6f997007ee3249c,CIXXRXXXXXGXSXXXYGMDV
5f2b3534c6f997007ee324a2,ARENHSSSWYGTIVEFDY
5f2b3534c6f997007ee324a4,RXXLWWXLXGXXXAXXVXTS
5f2b3534c6f997007ee324a9,AREYCSSTSCLHYWYFDL
5f2b3534c6f997007ee324ac,EXXXXVXLVRP
5f2b3534c6f997007ee324b7,ARVRDRSAGNYXYHGIDY
5f2b3534c6f997007ee324c1,ERQLMAAAXYVFRX
5f2b3534c6f997007ee324df,ARXXXVGTXXDY
5f2b3534c6f997007ee324e6,SGSKSFAMADN
5f2b3534c6f997007ee324e8,GXDY
5f2b3534c6f997007ee324e9,ARVQRVFALS
5f2b3534c6f997007ee324ed,ARVSHDSSGYPLXGAFDI
5f2b3534c6f997007ee32506,AXAXEILDSCGLXPDY
5f2b3534c6f997007ee32509,ARVGDGSWYGDYYYGMDV
5f2b3534c6f997007ee3250c,ARDYPSSGWALRG
5f2b3534c6f997007ee32516,XTXXXIGXXIWX
5f2b3534c6f997007ee32519,XXXXXGXSYQLVRP
5f2b3534c6f997007ee32527,AAGESGDY
5f2b3534c6f997007ee32537,ARLRRITIFGVVSYYCDY
5f2b3534c6f997007ee32539,CITVRETXXVXIXXXXTXYGMDV
5f2b3534c6f997007ee32543,ARXXGYRSYGTGYYFDY
5f2b3534c6f997007ee32545,ATYKSANFDY
5f2b3534c6f997007ee3254a,ARDRYYYYYGMDV
5f2b3534c6f997007ee3254e,ARGRLXLXSSGYXXDY
5f2b3534c6f997007ee32556,ERXXRXXWXRGLLLLRYGR
5f2b3534c6f997007ee32559,AXVVVRXDAFDI
5f2b3534c6f997007ee3255a,ARNWGGPNTYYDFWSGYSSFDY
5f2b3534c6f997007ee32565,RETTSTCIAARPTTVWTS
5f2b3534c6f997007ee32566,ATXXGXXXXXPXDX
5f2b3534c6f997007ee32569,ARESCSSTSCFNWFDP
5f2b3534c6f997007ee32575,AKDPASGWYGTYGMDV
5f2b3534c6f997007ee32578,ERGTYCSGGTLRYGR
5f2b3534c6f997007ee32586,ARHPGSMAVADNXXXXXGGLXTAADTAVYYCAXXPGSMAVADNYFDY
5f2b3534c6f997007ee32588,ATTVGARRGQEYRVGAKYYFDY
5f2b3534c6f997007ee32589,ARSAGGGDYCSSTSCLIHYYGMDV
5f2b3534c6f997007ee3258e,AKVLRSWDSSGMGYDLDY
5f2b3534c6f997007ee32590,GXDX
5f2b3534c6f997007ee32592,EXSXXLLRVVXXXL
5f2b3534c6f997007ee32594,ARGAXXYYYYGMDV
5f2b3534c6f997007ee32595,ARXXSTTSWYGNSFDF
5f2b3534c6f997007ee32596,ITXRXXXXXXXXXPXXGXXXXDX
5f2b3534c6f997007ee32599,ARXXTGDDAFDX
5f2b3534c6f997007ee3259c,ARXXXGXTXXXXXXDX
5f2b3534c6f997007ee325ab,ERWGWGYSSSL
5f2b3534c6f997007ee325ae,ARDNQQWMSHDV
5f2b3534c6f997007ee325b0,XXXXXTXXXYCXXXXXXXXXXXXXTXXSXYYGMDV
5f2b3534c6f997007ee325b8,XXANPNXXXXXXXXXXXXXXXXXXXXXXXXSTXXXXXXXXDX
5f2b3534c6f997007ee325bd,ARGFDCTNGVCGAFDI
5f2b3534c6f997007ee325c4,AXEXVXCXSXXXFDY
5f2b3534c6f997007ee325cd,ARSXLVPWSGYYKAPFDY
5f2b3534c6f997007ee325d1,XDY
5f2b3534c6f997007ee325d6,XRPRYWNYYGMDVWGQGTTVTVSXXXXXXXXXXXGRXTMTRXXXXXXAXMELSRLXSDXTAXYYXARPXYWNYYGMDV
5f2b3534c6f997007ee325dd,AKEVXRYGSSXYYLDY
5f2b3534c6f997007ee325de,ARXXXCSSSXXXYGMDV
5f2b3534c6f997007ee325e3,LALETDPMTIFGVPTMTKRPPLSSSIS
5f2b3534c6f997007ee325e7,AXRGXXXXXGDAFDI
5f2b3534c6f997007ee325e8,ARPVVPAAIGYFQH
5f2b3534c6f997007ee325ed,ARVPPKTVVVPAATWAYYYGMDV
5f2b3534c6f997007ee325ef,VDKATYYCAHTRRIAAAGTNFDY
5f2b3534c6f997007ee325f1,XGXPXXXXXXLAYYYGMDV
5f2b3534c6f997007ee325f3,ASWSTPAYNILTSYYGRDGFDI
5f2b3534c6f997007ee325f6,ARDRDCSGGSCLYYYYYGMDV
5f2b3534c6f997007ee32608,LLPGTNGMDV
5f2b3534c6f997007ee3260d,ERYGWLRLLGLLLLLRYGR
5f2b3534c6f997007ee3260f,AXYCSSTSCYNYYYYYGMDV
5f2b3534c6f997007ee32610,ARGXTMTXVXTXXXXWFDP
5f2b3534c6f997007ee3261e,XRXXPXXXXVXXXXXYGMDV
5f2b3534c6f997007ee32627,ARDFPGDSSXXGFDY
5f2b3534c6f997007ee32628,ARCPTDSSGYYYMGSAMGV
5f2b3534c6f997007ee3262c,ARERDYDSRSDFGAY
5f2b3534c6f997007ee3262e,ASLTPRGGIGYSYVPFLRNYYYYGMDV
5f2b3534c6f997007ee3262f,ARXXYSRSXYFCYYYWIDP
5f2b3534c6f997007ee32630,ARDRGSITIFGVIYVGMDV
5f2b3534c6f997007ee32631,ARDRRDVELLASAPGAPGEGYGMDV
5f2b3534c6f997007ee32633,V
5f2b3534c6f997007ee32637,ARVTATGTPYFDY
5f2b3534c6f997007ee32639,ARAIMITFGGVIARDWYFDL
5f2b3534c6f997007ee3263c,ARSSRRLSISPHYSYGMDV
5f2b3534c6f997007ee3264e,AREYFDIVATIIRGYYFDY
5f2b3534c6f997007ee3264f,ARDREGPPASFFDY
5f2b3534c6f997007ee32651,ARDXRXWLXXXFDP
5f2b3534c6f997007ee3265d,ARGENYNAFDI
5f2b3534c6f997007ee32669,ARXXXXXXXWXGYGMDV
5f2b3534c6f997007ee32672,AXGXXRXDSXDAFDI
5f2b3534c6f997007ee32675,ARRXDSXGXSPDY
5f2b3534c6f997007ee32677,ARVGTVLMVYAIPYNWFDP
5f2b3534c6f997007ee3267a,AKDVRIQXLWLGWFDP
5f2b3534c6f997007ee3267c,ARELVVPAAVVFDY
5f2b3534c6f997007ee32680,ARDAYSSGYPRPLDY
5f2b3534c6f997007ee32698,DY
5f2b3534c6f997007ee3269a,ARARIWFGEGYYYYGMDV
5f2b3534c6f997007ee3269c,RLCITVRXXXRXGSXXXAFDI
5f2b3534c6f997007ee326ab,EIXXXXDGPXLXRP
5f2b3534c6f997007ee326ad,ETXPPGVISRVVRP
5f2b3534c6f997007ee326b0,ARDKGRYWEWLLLDYYYGMGV
5f2b3534c6f997007ee326b1,ARRTTGAQTYFDY
5f2b3534c6f997007ee326b4,KIRSNLLVLRS
5f2b3534c6f997007ee326d2,XTXXXXXXX
5f2b3534c6f997007ee326d4,ARDSIVEPSETNPFDY
5f2b3534c6f997007ee326d8,ARXXXXYXSSXYWXDY
5f2b3534c6f997007ee326da,ARALLAAAGPPFGY
5f2b3534c6f997007ee326dc,ARRDXXVAAATTFDY
5f2b3534c6f997007ee326e1,ARLRIFGGVTHYYGMDV
5f2b3534c6f997007ee326e6,ARDVCLIKWGLLIXYFDY
5f2b3534c6f997007ee326ef,ARXXXYXGGXSYWXXFDL
5f2b3534c6f997007ee326f0,ARRPGYSSGWFPSYWYFDL
5f2b3534c6f997007ee326f3,DYYFDY
5f2b3534c6f997007ee326fb,AHRGWLGFDY
5f2b3534c6f997007ee32705,ARGLDYYDSSGEGNY
5f2b3534c6f997007ee32706,ARVXXGEDSSXXFDY
5f2b3534c6f997007ee32707,AREKTYDSGTFDY
5f2b3534c6f997007ee32709,ARVPQY
5f2b3534c6f997007ee32719,ARRKAGVGAPIDY
5f2b3534c6f997007ee3271c,RXXXXXXXXXXLXGXXIS
5f2b3534c6f997007ee3271e,TVREXXXXVVVPAAXGXXXNWFDX
5f2b3534c6f997007ee32720,ARXXXXLXXTXFGP
5f2b3534c6f997007ee32721,ARDISHLIAVAAYARWYFDL
5f2b3534c6f997007ee32722,ARARIDGYGSGGTWFDY
5f2b3534c6f997007ee32724,ARXXXGLXXXYYYGMDV
5f2b3534c6f997007ee32725,AKAHGRGXXXXSGSYTXXXXXDY
5f2b3534c6f997007ee32726,ARDXXXXXXXAFDX
5f2b3534c6f997007ee3272c,RDSRGITMIVVVITTGTTATVWTS
5f2b3534c6f997007ee32731,ATDSKRELLYAFDI
5f2b3534c6f997007ee32735,ARVTATGTPYFDY
5f2b3534c6f997007ee32736,ARGYYDFWSGYYYYYYGMDV
5f2b3534c6f997007ee32737,ARFHSSSWYDLFDY
5f2b3534c6f997007ee32739,ESYQIPR
5f2b3534c6f997007ee3273a,XXXXXVXAXXXTTXYGMXV
5f2b3534c6f997007ee32741,RDVSDDTLVGATRRVLLIS
5f2b3534c6f997007ee32744,ARXXXGSGXGSDWFDY
5f2b3534c6f997007ee3274d,ARXXYDSSCXYXXGY
5f2b3534c6f997007ee32750,ARGAPGERVVEWLPVDPVRYYYYGMDV
5f2b3534c6f997007ee32751,AREREEDTAMPYNWFDP
5f2b3534c6f997007ee32754,ARGDYYGDSSGSAFDY
5f2b3534c6f997007ee32757,KSYWYGGEQLVRP
5f2b3534c6f997007ee3275d,ARXXXXXGXNWXDY
5f2b3534c6f997007ee32765,IXXXXXVXDY
5f2b3534c6f997007ee32766,RDCIRGTIFGVVIIPRPTTLTT
5f2b3534c6f997007ee3276c,VXXXARXXXGXXVAXXYYYYGMDV
5f2b3534c6f997007ee32772,ERLKRYDFWSGRQGRRARVRYGR
5f2b3534c6f997007ee32779,TAISTAYMELSRLRSDDTAVYYCASESSSGCR
5f2b3534c6f997007ee3277b,MDX
5f2b3534c6f997007ee3277c,AGXXXVVGVDYXXXX
5f2b3534c6f997007ee32784,ARDRVYGMDV
5f2b3534c6f997007ee32785,ETXXGXYSSWXXRL
5f2b3534c6f997007ee32789,ARXXXXGXWWSGXGAXXFDY
5f2b3534c6f997007ee3278a,ARSRRYFDY
5f2b3534c6f997007ee32796,AIVVVTAIGLAGYGMDV
5f2b3534c6f997007ee327a1,ARPMARHDSGLYYFDS
5f2b3534c6f997007ee327a3,AKDEQLPDYDFWSGYYNY
5f2b3534c6f997007ee327a8,ESYQIRR
5f2b3534c6f997007ee327a9,ARDLRLWYPKYGMDV
5f2b3534c6f997007ee327be,ARSTVTTYASRENQPGYFDL
5f2b3534c6f997007ee327c5,XSXXXXXXXLLLLRYGR
5f2b3534c6f997007ee327cd,XXSGRXXXXXLLLLRYGR
5f2b3534c6f997007ee327d3,ASRVIWGSGNAFDI
5f2b3534c6f997007ee327d7,REAVRRFLEGLERGGGSTP
5f2b3534c6f997007ee327e2,EIKGDKGQLVRP
5f2b3534c6f997007ee327f7,GWFDP
5f2b3534c6f997007ee327f9,ETCGVPSCWRFPL
5f2b3534c6f997007ee327fe,LAPATVTTRGLMMLLIA
5f2b3534c6f997007ee32800,ARXXXXXXXXXXXXXXXGXXXXXTXXXXXXXXXGPXXGYXDY
5f2b3534c6f997007ee32803,ARELRLWYPKYGMDV
5f2b3534c6f997007ee32806,AKALTIPEGIAAAGIQSADLSSGWPIDY
5f2b3534c6f997007ee3280e,GGDVGVGPYSYGYSLHYYGMDV
5f2b3534c6f997007ee32810,XXXXXYXXXXXXXXXXXXXYYXAXXXXXXXFXVVXDAPDY
5f2b3534c6f997007ee3281f,YGXXFDD
5f2b3534c6f997007ee32822,ARDRQSTGGFDY
5f2b3534c6f997007ee32824,ARDSSLVVAAWGYYFDY
5f2b3534c6f997007ee3282d,XXXAEXXXXXYXAXXXWXXXXXDAFDI
5f2b3534c6f997007ee32832,TVRXXXXXVVXXXXXKXYYYGMDV
5f2b3534c6f997007ee32838,ARDDVVVPAAPPLGDY
5f2b3534c6f997007ee3283a,XXQXXLXVXXVXAADTAIYYCARXLPRGSGSF
5f2b3534c6f997007ee3283d,ARDSDCDSRRNGNYFDY
5f2b3534c6f997007ee32840,ARQRPEIVVVVAALGLTGETGNLDY
5f2b3534c6f997007ee32845,VKGSRSPILTDNWFDP
5f2b3534c6f997007ee3284b,AXXTAVYYXAXXXXXXXGVXXXXPDX
5f2b3534c6f997007ee3284d,AKDNNIYYSGWYDAGRYWYFDL
5f2b3534c6f997007ee3284e,WFDP
5f2b3534c6f997007ee3284f,VXYCARVXXXAXYGXXXXXYYYGMDV
5f2b3534c6f997007ee32850,AXXAXYYCAXSXXXXVGIDAFDI
5f2b3534c6f997007ee32854,AXGXRGVAXVFDY
5f2b3534c6f997007ee32857,AREGTHSITIFGVVDY
5f2b3534c6f997007ee32864,AIPPRDGSGNSLNRFDY
5f2b3534c6f997007ee32865,XTAVYYCARVRVXXXXXXDAFDI
5f2b3534c6f997007ee32873,ARDGGIQLWLTPKYYFDH
5f2b3534c6f997007ee32878,ARXXRAXVAGPHCFDY
5f2b3534c6f997007ee3287d,ARVGREPFDAPSGSYWGGAFDI
5f2b3534c6f997007ee32881,RVRVLFTMIVVVIIIRYTTLTT
5f2b3534c6f997007ee32882,AREENIAAAHMDV
5f2b3534c6f997007ee32883,AKELRFLEWLLDY
5f2b3534c6f997007ee32887,ARGXXAYCFDPP
5f2b3534c6f997007ee3288b,REXXXVLXXTTTVWTS
5f2b3534c6f997007ee32892,ARXXXXXXXFDL
5f2b3534c6f997007ee32894,ARESLGGKWFGELLSPYYGMDV
5f2b3534c6f997007ee32898,ARGAXSGRXXDX
5f2b3534c6f997007ee3289e,ARDPRHITGTKYWYFDL
5f2b3534c6f997007ee328a6,ARFKAFAMADY
5f2b3534c6f997007ee328a9,AXXXXXSSGYQXXXY
5f2b3534c6f997007ee328b3,ERSFVVN
5f2b3534c6f997007ee328b7,TRQQGPAAIYGMDV
5f2b3534c6f997007ee328bd,RDTSPTVVILTT
5f2b3534c6f997007ee328bf,NRFGIFSCSSTSCQVLLLRYGR
5f2b3534c6f997007ee328c4,XXXXXXTAXYXXARHGPGSXXXXXX
5f2b3534c6f997007ee328c7,ARETHTTKPHGSGSYGVFDY
5f2b3534c6f997007ee328ca,ENRVLRFLEWLLSFRFVLVRP
5f2b3534c6f997007ee328de,P
5f2b3534c6f997007ee328df,RXIEEVLRFLESSMSVWTS
5f2b3534c6f997007ee328e1,ARGRXXXVAARPDGYFDX
5f2b3534c6f997007ee328e4,SXXXXXLXLSSVTAADTAVYYCAXAXXXPXXNYFDY
5f2b3534c6f997007ee328e9,DV
5f2b3534c6f997007ee328ea,AKGGDALPFDY
5f2b3534c6f997007ee328ee,ASARFGVVIGYGY
5f2b3534c6f997007ee328ef,ARDAAAGTPFGDY
5f2b3534c6f997007ee328f1,XSXXXXSXKLSSVTAADTXVYYCAXXXTXXX
5f2b3534c6f997007ee328f4,ERRGRDCWSLLLLLLRYGR
5f2b3534c6f997007ee328fc,XTSPPEGDSSGYYIY
5f2b3534c6f997007ee32917,AREASVLRFLEWLPKELEGGMDV
5f2b3534c6f997007ee3291b,ARXXFYCSYGXLDV
5f2b3534c6f997007ee3291d,ARQNLYCSGGSCNNWFDP
5f2b3534c6f997007ee32923,VAGTXWFDP
5f2b3534c6f997007ee32926,ARGSSGEWLFRWYYGMDV
5f2b3534c6f997007ee3292b,ARMGGRYHDILTGPNYFDF
5f2b3534c6f997007ee32930,ESETSCYMGLLLRYGR
5f2b3534c6f997007ee32933,ARVGRGNIYGYGDY
5f2b3534c6f997007ee32942,ARDQYLMVRGKNPEGY
5f2b3534c6f997007ee32946,AXXXXLXXXX
5f2b3534c6f997007ee3294a,AKDFGILNYYSGMDV
5f2b3534c6f997007ee3294b,YYLDY
5f2b3534c6f997007ee32952,ERPYSSGWLVRP
5f2b3534c6f997007ee32953,GXGCVLLCESXXXXXXXXXXGXXPGXXX
5f2b3534c6f997007ee32954,ARYSYCSSTSCLSPFDY
5f2b3534c6f997007ee3295f,RDSLITMIVVVLLTT
5f2b3534c6f997007ee32964,HTAGLELIIGPTT
5f2b3534c6f997007ee32969,ARXXAXAVVTXXGFDY
5f2b3534c6f997007ee3296a,ARGIAARQNYFGELYGMDV
5f2b3534c6f997007ee3296c,ARQGAAADPVVYYYYGMDV
5f2b3534c6f997007ee3296d,REGGAAAGTTTGSTP
5f2b3534c6f997007ee32986,ARGDYYASETTGR
5f2b3534c6f997007ee32987,ARDPRGGSXXXFDY
5f2b3534c6f997007ee3298e,ARDRGXYGRSWYGGTFDY
5f2b3534c6f997007ee3298f,DX
5f2b3534c6f997007ee32994,XDX
5f2b3534c6f997007ee3299d,ERTACRQLVRP
5f2b3534c6f997007ee329a6,ARDPRIAAAGTP
5f2b3534c6f997007ee329a8,ARXRXXXYYYYYGMDV
5f2b3534c6f997007ee329a9,ARDHRTYYYGSSGYFGFDH
5f2b3534c6f997007ee329b6,AXHPRXXXXFDX
5f2b3534c6f997007ee329c0,ASWSTPAYNMLTSYYGRDGVDI
5f2b3534c6f997007ee329c7,ARSHXDSSGYYRPDAFDI
5f2b3534c6f997007ee329ca,XXPXRTRXXITVREXXAXXVXXLXV
5f2b3534c6f997007ee329cc,ARXEXRGCXFXSDY
5f2b3534c6f997007ee329cd,ARGGXSYGYYGIDD
5f2b3534c6f997007ee329d1,DP
5f2b3534c6f997007ee329d5,ARVFRGEAAANNVLDH
5f2b3534c6f997007ee329e1,ARGRQRITIFGVVTGYYYGMDV
5f2b3534c6f997007ee329e2,ATIKTYYDRSGYYLQLNGMDV
5f2b3534c6f997007ee329ed,YSSAVGY
5f2b3534c6f997007ee329f1,SXTAAXXAXYYCAXXXXXXXXXX
5f2b3534c6f997007ee329fa,TTELLIYNSESGYLTGFDY
5f2b3534c6f997007ee329fc,ETLLGTRP
5f2b3534c6f997007ee32a04,XXXXXAXGXXXVVXXXXTXXLYGMDV
5f2b3534c6f997007ee32a0f,ARGGYSTLPDAFDI
5f2b3534c6f997007ee32a14,ARXXXXXXVWXXNXXGY
5f2b3534c6f997007ee32a17,ARDSRHVPAGSYGMDV
5f2b3534c6f997007ee32a1a,ARXXXXXXXGRDYDYGMDV
5f2b3534c6f997007ee32a25,GXDY
5f2b3534c6f997007ee32a2e,ARGAVXXXVAATXXDY
5f2b3534c6f997007ee32a35,ARDVYSSSWYWFDP
5f2b3534c6f997007ee32a3b,ARSDPRKYDSSGYLYYYFYYGMDV
5f2b3534c6f997007ee32a44,XAAXXXVXYCAXSXXXXXXXXXY
5f2b3534c6f997007ee32a49,ASAPKDALVVPAAIGPPYYYYGMDV
5f2b3534c6f997007ee32a4d,AREDCSSGTSCYXXYFDY
5f2b3534c6f997007ee32a50,AGGQKQWLVGQSPDGMDV
5f2b3534c6f997007ee32a5a,ARVSSSWYYYYYGMDV
5f2b3534c6f997007ee32a5b,ARVSSSWXYYYYGMDV
5f2b3534c6f997007ee32a5d,TXXX
5f2b3534c6f997007ee32a63,ARGGGSSWNHNWFDP
5f2b3534c6f997007ee32a68,TTDIPLSLRRRQWELLNLGVSVDWFDP
5f2b3534c6f997007ee32a6b,EXPXWFDLLRYGR
5f2b3534c6f997007ee32a6c,ERQQLVQCRYGR
5f2b3534c6f997007ee32a73,VRGPGRTAPEVNY
5f2b3534c6f997007ee32a74,EIDSSGWAPEPPDSRILVLRS
5f2b3534c6f997007ee32a7a,GEIRITLITVVPIACLNTSNT
5f2b3534c6f997007ee32a7b,ARGXGNYFDL
5f2b3534c6f997007ee32a7c,ARXDEXXXXXXXDY
5f2b3534c6f997007ee32a7e,ARGNYFDP
5f2b3534c6f997007ee32a80,ASLFADSSGLLDY
5f2b3534c6f997007ee32a84,RELPRLVAGGHIAVAGPMLLIS
5f2b3534c6f997007ee32a9e,AKXXDIVVVPAAXGDY
5f2b3534c6f997007ee32aa4,REMYWRT
5f2b3534c6f997007ee32aa5,ARRTPTIAVAGTYNWVDP
5f2b3534c6f997007ee32aaf,RDKGDIVVVVAATHIGSTP
5f2b3534c6f997007ee32ab4,ARDXRDFWSGRYYYYGMDV
5f2b3534c6f997007ee32ab9,ERTQLSGSWLVLLLLRYGR
5f2b3534c6f997007ee32abb,XXXXIXGXXXWLQLVRL
5f2b3534c6f997007ee32abe,EXXXSXLQCLXL
5f2b3534c6f997007ee32ac2,ARESSKXVGTPDY
5f2b3534c6f997007ee32ad0,ARVGLYSSGWYDAYYFDY
5f2b3534c6f997007ee32af4,AREVGYGSLSGYFDY
5f2b3534c6f997007ee32af5,ARGVSYDILTGYSF
5f2b3534c6f997007ee32afa,RAGGLIVXVXAAIMLLIS
5f2b3534c6f997007ee32b01,ARGIRVTIFGVVIDYYYYYGMDV
5f2b3534c6f997007ee32b02,XXXXXXXXXGXXXXXXXXXXXXXXXXXXXXYXYYGMDV
5f2b3534c6f997007ee32b03,ARDPTSYXXXGXXRXHTXXXDX
5f2b3534c6f997007ee32b0e,ARVDGTMIVVS
5f2b3534c6f997007ee32b12,ARDASSGYSNNWFDP
5f2b3534c6f997007ee32b15,GXXDY
5f2b3534c6f997007ee32b20,ARVVVPAASYGMDV
5f2b3534c6f997007ee32b2c,ATDTSXFDAYDR
5f2b3534c6f997007ee32b2d,GTLVYGDYSPRYYYYGMDV
5f2b3534c6f997007ee32b30,ARTXXXRXXGNYYYYGMDV
5f2b3534c6f997007ee32b36,ARVSPDSYDYVCGSYRPNWFDP
5f2b3534c6f997007ee32b38,ERSAAGYGGTGVLRS
5f2b3534c6f997007ee32b3b,ARDXXXGGYSGYDF
5f2b3534c6f997007ee32b3f,ARLGTGYYYGMDV
5f2b3534c6f997007ee32b46,RXXXXXXXAGTXX
5f2b3534c6f997007ee32b4b,ASGVCSSTGCLENYWYFDL
5f2b3534c6f997007ee32b54,TRESEDFTIFGYGMDV
5f2b3534c6f997007ee32b56,DV
5f2b3534c6f997007ee32b57,ERCPDSGYDELXPRGL
5f2b3534c6f997007ee32b73,V
5f2b3534c6f997007ee32b76,REVXVGATGXXLLIS
5f2b3534c6f997007ee32b86,SIVATMGEGYYGMDV
5f2b3534c6f997007ee32b88,RRXXXXXXXXXXLTT
5f2b3534c6f997007ee32b89,ARXXGXGXXXXXXXXYYYGMDV
5f2b3534c6f997007ee32b8a,AREVGIVVVPAAIHYYYGMDV
5f2b3534c6f997007ee32b8c,ARDPKGAFDI
5f2b3534c6f997007ee32b97,ETHAVRP
5f2b3534c6f997007ee32ba2,ARGGQLGIGY
5f2b3534c6f997007ee32ba3,ARRPGYCSSISCPPYYHSGMDV
5f2b3534c6f997007ee32ba4,ARDHFGILAYCGGDCYSRGDY
5f2b3534c6f997007ee32ba9,TRSGPTFWYFDL
5f2b3534c6f997007ee32bab,ARGRDSGYGMDV
5f2b3534c6f997007ee32bad,AREAESRAIADGWYLDY
5f2b3534c6f997007ee32bae,AGETRNNRDGYNRAGY
5f2b3534c6f997007ee32baf,ATDGLEGSGNYYYYGMDV
5f2b3534c6f997007ee32bb1,AREAESRYSSGWYPDY
5f2b3534c6f997007ee32bb5,ARGWGRSDPXITGFDY
5f2b3534c6f997007ee32bb9,RRPPVPVWTS
5f2b3534c6f997007ee32bba,I
5f2b3534c6f997007ee32bbb,AGVGLGGVGATRSHRYYYYYGMDV
5f2b3534c6f997007ee32bbe,ARENSDGXGSGSYYSNGIDF
5f2b3534c6f997007ee32bde,ARGRMDIAVGXXXDY
5f2b3534c6f997007ee32bfb,DX
5f2b3534c6f997007ee32c04,YXCXRXXXXWDYXGXDX
5f2b3534c6f997007ee32c05,TAVXXCXRXXAVSXAXRVYYYYGMDV
5f2b3534c6f997007ee32c0a,REIYYSTVWTS
5f2b3534c6f997007ee32c1c,ARDTPRPKSRSGSYPNDPESEYFQH
5f2b3534c6f997007ee32c1f,AREWGRDGSGSDYNVEGVIREYYYYGMDV
5f2b3534c6f997007ee32c20,ARXLXVPAVMDGFDY
5f2b3534c6f997007ee32c2b,V
5f2b3534c6f997007ee32c33,ARAGXAKTYYDSSGFDH
5f2b3534c6f997007ee32c45,P
5f2b3534c6f997007ee32c46,ETQRGYSYGCWV
5f2b3534c6f997007ee32c47,ARHDYYDSSGYYYEGDFDY
5f2b3534c6f997007ee32c48,ARDQMAAAGTCFDY
5f2b3534c6f997007ee32c52,ASEPRYWTNGVCQREFWFDP
5f2b3534c6f997007ee32c59,ERXXXXWXXXL
5f2b3534c6f997007ee32c5e,RGSVAARLSTP
5f2b3534c6f997007ee32c61,ERLRDCFIRLWPRLVWL
5f2b3534c6f997007ee32c67,HRVHGCYTLLLLRYGR
5f2b3534c6f997007ee32c6b,ATIKTYYDSSGYYLQLNGMDV
5f2b3534c6f997007ee32c73,DGLPLVGSSTGCYRPREVQLVRP
5f2b3534c6f997007ee32c74,EADAYHSSGWYLQLVRP
5f2b3534c6f997007ee32c77,TAVYYXARTXGWGSGYGPGVY
5f2b3534c6f997007ee32c7b,ARDRFGXXTSITDFDY
5f2b3534c6f997007ee32c7f,ARXXGXXRXXXXXFDI
5f2b3534c6f997007ee32c82,ARVVXLAATLXAXXDY
5f2b3534c6f997007ee32c8a,ARTCTNGVCYPYHYYGMDV
5f2b3534c6f997007ee32c8c,ARDFSPPYWYFDL
5f2b3534c6f997007ee32c98,ARGXXDGSSXXXXGXDX
5f2b3534c6f997007ee32c99,DTAXYYXVRFVVVPAAES
5f2b3534c6f997007ee32c9a,XCEXXXXXXXXGXXXXXYYGMDV
5f2b3534c6f997007ee32ca7,V
5f2b3534c6f997007ee32cac,XXXXXXDTAXYYCARGXXXXAXDX
5f2b3534c6f997007ee32cad,CITVRXXFTIFGVVXXGMDV
5f2b3534c6f997007ee32cb2,XXXXXYXXSXXARXDQXVRX
5f2b3534c6f997007ee32cb3,AXGGXXXGVGXXYGMDV
5f2b3534c6f997007ee32cb6,EXGAEYGGSCRY
5f2b3534c6f997007ee32cbc,ARTTXGXXXXSSYFDH
5f2b3534c6f997007ee32cbf,ARESXGGLWIDYDYGTDV
5f2b3534c6f997007ee32cc5,ATDLGKAYNWFDP
5f2b3534c6f997007ee32cc8,XSXTAAXTAVXYCARXXPXQXXLV
5f2b3534c6f997007ee32ccd,ERXGXXXXXPXXQXLLRYGR
5f2b3534c6f997007ee32ccf,SITGEDSDFDY
5f2b3534c6f997007ee32cd4,XXXYY
5f2b3534c6f997007ee32cd6,XXXXXSXXXXXXXXXS
5f2b3534c6f997007ee32cdd,GGFDX
5f2b3534c6f997007ee32cdf,XXXXXXXX
5f2b3534c6f997007ee32ce6,ARVGSGKRPKGYFDY
5f2b3534c6f997007ee32ce8,ARDPGDSXGWYGFDY
5f2b3534c6f997007ee32cea,ARXXXXTVVXXXAXXYYYYGMDV
5f2b3534c6f997007ee32ceb,HRTAH
5f2b3534c6f997007ee32cec,DY
5f2b3534c6f997007ee32cf1,XXTXXXXCARXXXVXXEYYFDX
5f2b3534c6f997007ee32cf9,ARQXPPXGGXXCFDY
5f2b3534c6f997007ee32d00,ARELVAAAGIWLPPNWFDP
5f2b3534c6f997007ee32d06,REDIVVVPDAMGFVVPTSMLLIS
5f2b3534c6f997007ee32d09,XXRXXXEXXXXPRXXLLLRYGR
5f2b3534c6f997007ee32d0a,ARAAXIGREGXYRFDX
5f2b3534c6f997007ee32d10,MDV
5f2b3534c6f997007ee32d11,XXTSCXXXXXXXX
5f2b3534c6f997007ee32d18,ARVXGXCSSTSYYYYYGMDV
5f2b3538c6f997007ee32d27,YFDY
5f2b3538c6f997007ee32d2a,ERGGCNWYPHSPGGL
5f2b3538c6f997007ee32d31,ARGAGRLAYCGGDCYWSDY
5f2b3538c6f997007ee32d33,XXXXXXY
5f2b3538c6f997007ee32d35,EGYSPESMVELLLLRYGR
5f2b3538c6f997007ee32d46,DCGXYGIDY
5f2b3538c6f997007ee32d4c,ARDACRRGAGRGFNCFDY
5f2b3538c6f997007ee32d50,AXXRGXXXXDY
5f2b3538c6f997007ee32d54,ARRRVRITMVRGVIGYFDY
5f2b3538c6f997007ee32d5b,AREASVLRFSEWLPKELEGGMDV
5f2b3538c6f997007ee32d5e,ETFGETAMGYYYYYYGMDG
5f2b3538c6f997007ee32d5f,ARDGASGKYYYDSSGYHGGYYFDY
5f2b3538c6f997007ee32d65,VGHLYY
5f2b3538c6f997007ee32d76,AKNYDSGYCSSTSCRRSKPDY
5f2b3538c6f997007ee32d78,REVXXGXXGTTGSTP
5f2b3538c6f997007ee32d88,REIXXXXWRXXXXXXLXXTVWTS
5f2b3538c6f997007ee32d8c,KRRWPQQQLALLLLRYGR
5f2b3538c6f997007ee32d93,RPIHFGARWT
5f2b3538c6f997007ee32d95,XXXX
5f2b3538c6f997007ee32d96,ASGGVRGANPYWFDP
5f2b3538c6f997007ee32d9c,AKALQGYYYGRDV
5f2b3538c6f997007ee32d9d,ARDSPVAGDY
5f2b3538c6f997007ee32d9e,AREDRGVEEQWLVTHFDY
5f2b3538c6f997007ee32d9f,CXXXGHGXVLLCEXXXXXDXWXGYXXX
5f2b3538c6f997007ee32da0,XSXVLLYXXXXXXXXXXXXXTPDY
5f2b3538c6f997007ee32da3,QPVVTLMLLIS
5f2b3538c6f997007ee32da4,ERPRQWPGWVVRP
5f2b3538c6f997007ee32da5,ARXXGDRXYYGMDV
5f2b3538c6f997007ee32da6,ARHRGGSYYFDY
5f2b3538c6f997007ee32da8,AXXVXRXXWXXFDY
5f2b3538c6f997007ee32db6,AXTAVXYCAXXPXXXXXXXXXXYXXYGMDV
5f2b3538c6f997007ee32dc6,AREGALQSSTGLDY
5f2b3538c6f997007ee32dcd,ARXGXYGCXXXLAPNXWGXGTMVTVSSAPXXXXXXXXXXXXXVXXXXXXXXXXXXXRXXXTXXXIXYXXGXDX
5f2b3538c6f997007ee32dd4,VYYCAXXXXXXXVGXXXXGXXXPXXYYYYYYGMDV
5f2b3538c6f997007ee32de4,ESGKWELPRLWV
5f2b3538c6f997007ee32de5,ARDRFRMEGHDAFDI
5f2b3538c6f997007ee32de6,VTVDPPPSVVNVAS
5f2b3538c6f997007ee32deb,ATHFTDFXXGXXXXXAXXXXVXGRXXXSXXNTKXILFAQMHSLRSDXTAVYYCATHFTDFSFDF
5f2b3538c6f997007ee32df4,RDXXTSCAMVTVWTS
5f2b3538c6f997007ee32df6,ARDXXVAAGTLDY
5f2b3538c6f997007ee32df7,ASPSIVVVPAVYGIDY
5f2b3538c6f997007ee32df9,ARGYYDFWSGYYDY
5f2b3538c6f997007ee32dfc,ARVIGWAEAFDI
5f2b3538c6f997007ee32e00,ARDKRXXXXRXXXXMXXXXAXXTAVYYCXXXQXGXRCXXXXXXXFDY
5f2b3538c6f997007ee32e06,ARELAARLLXXDY
5f2b3538c6f997007ee32e07,XXXAVYYXAXXXXXXXSTXCFDRXXWYFDL
5f2b3538c6f997007ee32e09,AREXWXRXGXXYXYYGFDX
5f2b3538c6f997007ee32e0a,ARXXALXDYGSPTGYYYYGMDV
5f2b3538c6f997007ee32e0b,ASLKVVAATFYAFDI
5f2b3538c6f997007ee32e0c,AXXXLGGVLGXX
5f2b3538c6f997007ee32e16,ARXXXXVVXGXXDAFDI
5f2b3538c6f997007ee32e1a,ARLGLSGGYDSVFDY
5f2b3538c6f997007ee32e23,ARXXXXXGCGSYLDH
5f2b3538c6f997007ee32e25,ARDRXGGSXRXYFDY
5f2b3538c6f997007ee32e34,ARSAGGGDYCSSTSCLIHYYGMDV
5f2b3538c6f997007ee32e39,ASSKRMISYFDY
5f2b3538c6f997007ee32e3b,ARVVVPAANQPERQLEDTYLRYYYYGMDV
5f2b3538c6f997007ee32e40,ARDPTGGPFYDSSGYYDY
5f2b3538c6f997007ee32e4f,ARDESGANDAFDI
5f2b3538c6f997007ee32e51,XTXXDP
5f2b3538c6f997007ee32e57,ARGXGYGXXXXXGDY
5f2b3538c6f997007ee32e72,XXXXXSVTAAXTXXXYCXRXXXXXXRXXXDX
5f2b3538c6f997007ee32e76,ARXXXXXYCSGGSXXXXXXYFDY
5f2b3538c6f997007ee32e7e,VQLRYGR
5f2b3538c6f997007ee32e7f,TRLGGGNYLFGFDI
5f2b3538c6f997007ee32e86,ARGHHSGAFDI
5f2b3538c6f997007ee32e88,ARETGNYCSSTSCPIHYYYYGMDV
5f2b3538c6f997007ee32e89,AXXXXXDSXGYXGXFDY
5f2b3538c6f997007ee32e9c,ARLSQTDPRAFDI
5f2b3538c6f997007ee32e9d,AXXPXGXGXXXLXXYXDX
5f2b3538c6f997007ee32e9e,AXEXXAXDYYGMDV
5f2b3538c6f997007ee32e9f,YYCACSYGXGNDYRHYYGMDV
5f2b3538c6f997007ee32ea7,REGLRRWLRRGTSST
5f2b3538c6f997007ee32eaf,ERXXXXXXLLRL
5f2b3538c6f997007ee32eb0,APLFPYYYDNSNLIFDY
5f2b3538c6f997007ee32eb7,ARRIEGPSGYWGY
5f2b3538c6f997007ee32eba,ARGEITGFWSGYYRDY
5f2b3538c6f997007ee32ebd,VYYXARGLVXXXGXXRFDP
5f2b3538c6f997007ee32ec6,ASLTPRGGIGYSYVPFPRNYYYYGMDV
5f2b3538c6f997007ee32ed0,MDV
5f2b3538c6f997007ee32ed3,ARAGXQVVVATTGDYGFDY
5f2b3538c6f997007ee32ed8,ARXVGTVSSSFDY
5f2b3538c6f997007ee32ee6,EXXVXQXXXXXXX
5f2b3538c6f997007ee32eeb,ARDERGDCSSTSCKFDP
5f2b3538c6f997007ee32eef,AWEDSSAVY
5f2b3538c6f997007ee32ef6,PXTXLCITVRXXXXXXXXXXPAXXFQH
5f2b3538c6f997007ee32ef7,ARDXXXXGXXSXGMDV
5f2b3538c6f997007ee32ef9,ARXVXDTVGVTTXXDY
5f2b3538c6f997007ee32efd,ARXXXXXGXXXSSWXTXXGDAFDI
5f2b3538c6f997007ee32f05,REXXASTSXXXTTTTTVWTS
5f2b3538c6f997007ee32f07,ARDYYYYSSGPALDD
5f2b3538c6f997007ee32f09,ANSVLLISFGLDD
5f2b3538c6f997007ee32f0f,ARSPYDYGGNSLYWYFDL
5f2b3538c6f997007ee32f14,REGMIVLRFLEWPEATTGSTP
5f2b3538c6f997007ee32f22,AXXRXWDALDI
5f2b3538c6f997007ee32f23,ARGFGIALYSYGRGSSGY
5f2b3538c6f997007ee32f24,ARGFGIALYSYGRGSSGY
5f2b3538c6f997007ee32f2a,ERGRSAAIYPRLLLRYGR
5f2b3538c6f997007ee32f2e,ARDXGXDGSYDCXDY
5f2b3538c6f997007ee32f36,TMVRXXXXDD
5f2b3538c6f997007ee32f3c,ARGLVYSSGWTDGLGRQNDY
5f2b3538c6f997007ee32f3d,AKVAWGPKSLIVVVPAATFDY
5f2b3538c6f997007ee32f3e,AREDTVVVGATGLDY
5f2b3538c6f997007ee32f4a,ARXYCSXSCYXGRYFDY
5f2b3538c6f997007ee32f60,ARERTGYTSSPADN
5f2b3538c6f997007ee32f75,XXXXXXXYDSSGXXXXYFDY
5f2b3538c6f997007ee32f7d,ARGXGXXXXXXFDY
5f2b3538c6f997007ee32f80,GXGXXXXY
5f2b3538c6f997007ee32f81,AXGXXVAYVYYXXY
5f2b3538c6f997007ee32f83,REMXVEXLXLLIS
5f2b3538c6f997007ee32f8d,YYGMDV
5f2b3538c6f997007ee32f8f,ARGGGVRRRRDYGMDV
5f2b3538c6f997007ee32f95,DY
5f2b3538c6f997007ee32f99,ARVTSLDYYGSGSYYNPFDY
5f2b3538c6f997007ee32f9d,ERXXXXL
5f2b3538c6f997007ee32f9f,XVXIXVDXSXNQXSXKLSSVTAAXTAVYYCARXXXXGXXSAXGAFDI
5f2b3538c6f997007ee32fa1,TXXXXXSXNXXSRXXSSXTAAXTAVYYXAXXXSXSXXYYGMDV
5f2b3538c6f997007ee32fa6,ARSTTVAFDY
5f2b3538c6f997007ee32fa8,XTAXXXCXXXXSPXLXXWXYXDS
5f2b3538c6f997007ee32fc2,ETRALLLWFGESNGVGRYGR
5f2b3538c6f997007ee32fc6,AVDRPAGLRPSGYCSGGSCYLDY
5f2b3538c6f997007ee32fc7,AKRGTXAMVNAFDX
5f2b3538c6f997007ee32fd2,ERXSRLLLLRYGR
5f2b3538c6f997007ee32fd6,XVXYCXXGXXXVXXXXXXGNXFDP
5f2b3538c6f997007ee32fd7,ARXREYYYDSSGSGAFDI
5f2b3538c6f997007ee32fd9,ARDXXRGGSXXRVGXFDY
5f2b3538c6f997007ee32fda,VTXAXTAXXXCAXXXIAAAXXXXXFXX
5f2b3538c6f997007ee32fdc,AXDXXXXXXXMGAXFDY
5f2b3538c6f997007ee32fde,ARGEQQLSYYGMDV
5f2b3538c6f997007ee32fe3,ARRNYYDTTGRRRTYFLDY
5f2b3538c6f997007ee32fea,ARGGDYDSGSGYGGFDL
5f2b3538c6f997007ee32ff0,VQADNTDWDFAN
5f2b3538c6f997007ee32ff1,ATGPQQWELSPPIVH
5f2b3538c6f997007ee32ff2,AKDEGSLYPYSYYYGLDD
5f2b3538c6f997007ee32ff6,ARAGVGSSWYGGNYYFDY
5f2b3538c6f997007ee32ff7,ARXLXSGGSXCYYYDMDY
5f2b3538c6f997007ee32ffa,RXXDXXTXTVWTS
5f2b3538c6f997007ee33003,EXSGWYSSNKLVRP
5f2b3538c6f997007ee33006,AKXGNGSGSXYRGVIWDAFDI
5f2b3538c6f997007ee3300e,REXXTVVXRXAXXXGSTP
5f2b3538c6f997007ee33015,ASTKDGSGSYYTGQKYFQH
5f2b3538c6f997007ee33017,ARGXGXIIAVVTSGXAFGMDV
5f2b3538c6f997007ee33024,AREGAAFXSGXPVDY
5f2b3538c6f997007ee33025,ETSFFGWGVLRS
5f2b3538c6f997007ee33026,ARXXXRXGCXXXXYXFDY
5f2b3538c6f997007ee3302a,XEFDIVVVIAISGTLTT
5f2b3538c6f997007ee33035,XYLDY
5f2b3538c6f997007ee33036,REEGLWVRGVTLGTS
5f2b3538c6f997007ee33041,AXXXXLXXXXXXFDY
5f2b3538c6f997007ee3304b,GQAFES
5f2b3538c6f997007ee3304c,RNACCLSLRSVTSADTTVYYCARGHRCSGGSCYLEGLHKDY
5f2b3538c6f997007ee3304d,XXXXXXXXXXXXXLXXXXXAXXAVYFCAXGXXXXXXXXXXXFDY
5f2b3538c6f997007ee3305d,AXTPYTXXXXY
5f2b3538c6f997007ee33060,ARAGPNITYCGGDCYPWRGNFDY
5f2b3538c6f997007ee33061,ARGKRXADYXXGGMDV
5f2b3538c6f997007ee33062,ARDRXXXWLXTVXIDY
5f2b3538c6f997007ee33068,REMXIAAAAXXLLTT
5f2b3538c6f997007ee3306b,ARIQLWLSDLFPRGMDV
5f2b3538c6f997007ee3306d,ARAXXYRWFSSSNDFDY
5f2b3538c6f997007ee33075,AKVVHYYDSSANAFDI
5f2b3538c6f997007ee33078,XXTXTXXXXXXXAXXXXSRLXSDXTAVYYXARVRKLVKPYDAFDI
5f2b3538c6f997007ee3307c,ARGADRAFINSYYFDY
5f2b3538c6f997007ee3307d,RGVRGYSYGYQTGSTP
5f2b3538c6f997007ee33082,ESCRGLRPGVVRP
5f2b3538c6f997007ee33085,XXYXXDV
5f2b3538c6f997007ee33087,ARDXVWXXXXLXXXRXXLXAEDTAVYYCARXXWXXXGXXNXSGIDY
5f2b3538c6f997007ee3308a,GMDV
5f2b3538c6f997007ee3308c,AXVYGSGSYRNFDS
5f2b3538c6f997007ee33090,ERRFHPLPKLLRYGR
5f2b3538c6f997007ee33097,RERPPDLSRGVGATLTTLSLNTSST
5f2b3538c6f997007ee3309b,RLXITVREXXXXXXXXXWXPXSDAFDI
5f2b3538c6f997007ee3309d,ARRVRFLEWLLPTLKFYGMDV
5f2b3538c6f997007ee3309e,ERVGYNWNGARLVRL
5f2b3538c6f997007ee330a2,ERPRGKWLWFGDPRVRSGLVRP
5f2b3538c6f997007ee330aa,AREGRTMIVGGSFDY
5f2b3538c6f997007ee330bb,ETXAXVVVAAXXGXLVRP
5f2b3538c6f997007ee330bf,ARSCGYSYGCGNPYGMDV
5f2b3538c6f997007ee330c1,ARRGSRYSGSYYVF
5f2b3538c6f997007ee330cb,ARXVGRRXFWXGYXFDRXXGMDV
5f2b3538c6f997007ee330d2,RKTVVVTFGGVIVXRTS
5f2b3538c6f997007ee330d3,ARDGDYGDYVGFFDY
5f2b3538c6f997007ee330d5,XAXXXXXVEXXXXXXWFDP
5f2b3538c6f997007ee330dc,AGEVGSRITIFGVALNWFDP
5f2b3538c6f997007ee330dd,ARDGYKHYGMDV
5f2b3538c6f997007ee330de,VGTSKKQVSLKLSSVTAEETAGYCGASGTFNEDVWGSYRPFDV
5f2b3538c6f997007ee330e2,ARGEKAVASYYFDY
5f2b3538c6f997007ee330e9,XXXXXXXXXXXXXXXX
5f2b3538c6f997007ee330ea,PXXXXQXQXQXXTVSANEXPEXXGXGCVLLCERXXIXXXPAAXXXYXYGSAV
5f2b3538c6f997007ee330ee,XXXXXXXXXXXGXXLXCXXXXXXXXXXXXXFDY
5f2b3538c6f997007ee330ef,RXXWXLXXXXXXLTT
5f2b3538c6f997007ee330ff,RKIWGQWLDRLMLLIS
5f2b3538c6f997007ee33103,XXXXXXXXXXXXXXXYYXYGMDV
5f2b3538c6f997007ee3310a,ERRSITMVRGVIIRIELVRP
5f2b3538c6f997007ee3310c,ASGDVCSSTSCYKDGTGYYYGMDV
5f2b3538c6f997007ee33113,ARDAAAGTPFGDY
5f2b3538c6f997007ee33125,REXXGGXXXXTTTTVWTS
5f2b3538c6f997007ee33127,ARELWFGELSPRDS
5f2b3538c6f997007ee3312f,ARDPGLATGYSSGWYPYYGMDV
5f2b3538c6f997007ee33142,ARYVTAAGTIYYGMDV
5f2b3538c6f997007ee33148,RGSQQLVPSST
5f2b3538c6f997007ee33150,AXXXLXVXGGXXSVDY
5f2b3538c6f997007ee33157,ARDPRLKTGVYFDY
5f2b3538c6f997007ee3315b,ARDQLGTIFGVVIQYYYGMDV
5f2b3538c6f997007ee3315c,ARHSPYYYGSSVQNEYFQH
5f2b3538c6f997007ee33160,ARAPAARSADY
5f2b3538c6f997007ee33164,ARAALHDYYYYGMDV
5f2b3538c6f997007ee33165,ARGSXXYYGXGSGRFDY
5f2b3538c6f997007ee33166,ERXXVXFWGCXGVVQLLRP
5f2b3538c6f997007ee3316a,ARDYRRGQHLDY
5f2b3538c6f997007ee3316c,ARLPRAYCSSASCEGYYYYYGMDV
5f2b3538c6f997007ee3316f,ARRQGVYLGVVIPIIRSYGMDV
5f2b3538c6f997007ee33174,EREWELLCLLVRP
5f2b3538c6f997007ee33177,XSXLXWLFLLLLRYGR
5f2b3538c6f997007ee3317a,AXXXXXXXXXXXXXXXXXVWXXXXXXXXXXXXXXQXXXXX
5f2b3538c6f997007ee3317e,ASTRSWAVAIFDY
5f2b3538c6f997007ee33180,TRDDYGGKGHAFDI
5f2b3538c6f997007ee33186,ARGRMTDY
5f2b3538c6f997007ee33187,AXXDXXYGPAAXYYYYGMDV
5f2b3538c6f997007ee3318c,RXXXXXLLXERXXGXTSXXXXXXWFDP
5f2b3538c6f997007ee3318e,AKDGAAGYDSSGYYLTYSLDY
5f2b3538c6f997007ee33190,ATGQYDSSGYYLGY
5f2b3538c6f997007ee33192,ARXRXXXY
5f2b3538c6f997007ee33193,XXXXXXXXXXAXXAXXXXXXXXXXXXXXXXDY
5f2b3538c6f997007ee3319c,AXGXGGXXXXXXXXWFDP
5f2b3538c6f997007ee331a0,GRLAWGLRFLEWLSKILLLLRYGR
5f2b3538c6f997007ee331a1,ARGVLRFLEWLADSFDY
5f2b3538c6f997007ee331a5,HRKAAAVGLXLRYGR
5f2b3538c6f997007ee331aa,ARGGDPNYDFWSGYHPDY
5f2b3538c6f997007ee331b4,ARDRWSDIVVVPAAIHWFDP
5f2b3538c6f997007ee331bf,ASHHDGSGWYNNWFDP
5f2b3538c6f997007ee331c9,ATGGYSGSSRFRTQNWFDP
5f2b3538c6f997007ee331ce,TXRXGXXXXXIVVVXAAXXYYYGMDV
5f2b3538c6f997007ee331d3,XTXXXITXRXXXXRXXEVVPXAXPXXXYXXGXDV
5f2b3538c6f997007ee331d6,Y
5f2b3538c6f997007ee331da,AXVAXXXXXSGYYXXXXXWFDP
5f2b3538c6f997007ee331db,XYYXXRNRWGYSSGYYGMDV
5f2b3538c6f997007ee331e2,EXRXXWWVLLRYGR
5f2b3538c6f997007ee331e5,XGXXAXXX
5f2b3538c6f997007ee331f2,ARGXDSSGTRHRWFDI
5f2b3538c6f997007ee331f4,AKXYGYTGRXPNWFDY
5f2b3538c6f997007ee331fa,XXAXXTAVXXCAXXGXXSXXXXXPFDY
5f2b3538c6f997007ee3320a,ARGVVAXIXXEFDY
5f2b3538c6f997007ee33213,XTXXXXXXXXXXXXSXXXYTXXYGMDV
5f2b3538c6f997007ee33215,XXPXXXXXXX
5f2b3538c6f997007ee33219,ERSWIYGTGLVRP
5f2b3538c6f997007ee33226,AKGGTAAADNNWFDP
5f2b3538c6f997007ee33228,EXXXXXXGLVLRS
5f2b3538c6f997007ee3322d,AREGGSITGTTNQLTFDP
5f2b3538c6f997007ee3322f,XXXXXCXTXRXXXXVXXAXXXXXYXXXXX
5f2b3538c6f997007ee33231,REIIXXVXXRXGXXGSTP
5f2b3538c6f997007ee33236,AXAXGDXYXXSSGYPXDY
5f2b3538c6f997007ee33238,AREGGSYGSGSGYCYFDY
5f2b3538c6f997007ee3323a,ASVYYGRFDY
5f2b3538c6f997007ee3323c,SYYDXWSGYYRDYYYYGMDV
5f2b3538c6f997007ee3323e,XYGLDX
5f2b3538c6f997007ee33242,ARATSITMVRGVYYYYYGMDV
5f2b3538c6f997007ee33247,ARXFRWGIAAAGTLSNFDY
5f2b3538c6f997007ee33248,AGXPMVRGVIRWRTY
5f2b3538c6f997007ee3324c,ARGRELYYYGMDV
5f2b3538c6f997007ee3324f,TTGVGADAFDI
5f2b3538c6f997007ee3325f,ATWEPSYFSGNAFDI
5f2b3538c6f997007ee33264,YYFDY
5f2b3538c6f997007ee33269,ARXRXXXXVSXFDY
5f2b3538c6f997007ee3326a,ASARFGVVIGYGY
5f2b3538c6f997007ee33271,AKDRKGVGYYGSSGIAEYVQH
5f2b3538c6f997007ee33279,S
5f2b3538c6f997007ee33284,YCAXXVLXPXXYGGXSGAXDX
5f2b3538c6f997007ee33291,ARRRLPDGPDYYYYYGMDV
5f2b3538c6f997007ee3329a,GRARGKWLWFGDPRVRSGLVRP
5f2b3538c6f997007ee3329c,PYGXDX
5f2b3538c6f997007ee332a3,XXXXXXXXXXXLLRYGR
5f2b3538c6f997007ee332a7,GRRKGAYNWNYDSLWVWAGR
5f2b3538c6f997007ee332ad,RGKWRVLLTT
5f2b3538c6f997007ee332b1,ARAAEDYYDSSGYHDY
5f2b3538c6f997007ee332b3,ARGXGXRXSFDY
5f2b3538c6f997007ee332b4,ARYGWRDGASDI
5f2b3538c6f997007ee332bd,ARDAGEYQRAYYYYGMDV
5f2b3538c6f997007ee332c7,AKDINVDYYYYGMDV
5f2b3538c6f997007ee332c9,ARETDCSSTSCPPSFDP
5f2b3538c6f997007ee332ca,AXXXXYXGSGXXSXYCYYGMDV
5f2b3538c6f997007ee332d3,XGTSDY
5f2b3538c6f997007ee332d5,ARLDLTSYDAFDI
5f2b3538c6f997007ee332d8,REKRYLMMLLIS
5f2b3538c6f997007ee332d9,RXXXXVVXXXXLTT
5f2b3538c6f997007ee332e0,TSRIGDPYVRTFDY
5f2b3538c6f997007ee332e4,ARVPPNRLVGDY
5f2b3538c6f997007ee332eb,XXXDX
5f2b3538c6f997007ee332ec,AGMGGRYHDSVTGPNYFDF
5f2b3538c6f997007ee332ed,ARAXXXXSXSXXGGWFDY
5f2b3538c6f997007ee332f3,ARRQPTIAVAGTXDWFDP
5f2b3538c6f997007ee332fa,VYYCARAXSDXXXXXSXXDY
5f2b3538c6f997007ee3330e,ARDEPPPGVLEYSSSLHYYYYGMDV
5f2b3538c6f997007ee3331a,XXXXXXVLXXXXXXXGXXXLXXXXXXXY
5f2b3538c6f997007ee3331c,ARXXXXXGXGDWYXXX
5f2b3538c6f997007ee33320,TRNLNYYGSGRRFGMDV
5f2b3538c6f997007ee33321,ERCGXLXXXLXLRL
5f2b3538c6f997007ee33324,RRXFDY
5f2b3538c6f997007ee33327,ARNNYGLLWFGELFSGAFDI
5f2b3538c6f997007ee3332b,ERXXDLXLXXXXL
5f2b3538c6f997007ee3332d,AXRXSLEMANPDAFDI
5f2b3538c6f997007ee33330,RESDGITGTTATVWTS
5f2b3538c6f997007ee33333,DV
5f2b3538c6f997007ee33346,AKVTKGSMAACHGVKDY
5f2b3538c6f997007ee33347,ARGWSRPVVPAAILPKKEDAFDI
5f2b3538c6f997007ee3334a,AREGDPRTTSYYYYYSGMDV
5f2b3538c6f997007ee33362,ARGRAVGATAIFNY
5f2b3538c6f997007ee33364,PPPRY
5f2b3538c6f997007ee33366,AGVYVSSGYYLTWYYGMDV
5f2b3538c6f997007ee3336b,ARVDDYVWGSYRFDP
5f2b3538c6f997007ee3336c,RDRDLITMIVVVIMTT
5f2b3538c6f997007ee33376,EYKRGFNTSCCLLLLLLRYGR
5f2b3538c6f997007ee3337a,ARDGMDFYDRTGYYPHDC
5f2b3538c6f997007ee3337b,XXXXXXXGXLDX
5f2b3538c6f997007ee33385,ARHRRIDYTKVGY
